customer_id,LCLid,tariff_id,status,region
CUST000001,MAC000002,STD,ACTIVE,LONDON
CUST000002,MAC000003,STD,ACTIVE,LONDON
CUST000003,MAC000004,STD,ACTIVE,LONDON
CUST000004,MAC000006,STD,ACTIVE,LONDON
CUST000005,MAC000007,STD,ACTIVE,LONDON
CUST000006,MAC000008,STD,ACTIVE,LONDON
CUST000007,MAC000009,STD,ACTIVE,LONDON
CUST000008,MAC000010,STD,ACTIVE,LONDON
CUST000009,MAC000011,STD,ACTIVE,LONDON
CUST000010,MAC000012,STD,ACTIVE,LONDON
CUST000011,MAC000013,STD,ACTIVE,LONDON
CUST000012,MAC000016,STD,ACTIVE,LONDON
CUST000013,MAC000018,STD,ACTIVE,LONDON
CUST000014,MAC000019,STD,ACTIVE,LONDON
CUST000015,MAC000020,STD,ACTIVE,LONDON
CUST000016,MAC000021,STD,ACTIVE,LONDON
CUST000017,MAC000022,STD,ACTIVE,LONDON
CUST000018,MAC000023,STD,ACTIVE,LONDON
CUST000019,MAC000024,STD,ACTIVE,LONDON
CUST000020,MAC000025,STD,ACTIVE,LONDON
CUST000021,MAC000026,STD,ACTIVE,LONDON
CUST000022,MAC000027,STD,ACTIVE,LONDON
CUST000023,MAC000028,STD,ACTIVE,LONDON
CUST000024,MAC000029,STD,ACTIVE,LONDON
CUST000025,MAC000030,STD,ACTIVE,LONDON
CUST000026,MAC000032,STD,ACTIVE,LONDON
CUST000027,MAC000033,STD,ACTIVE,LONDON
CUST000028,MAC000034,STD,ACTIVE,LONDON
CUST000029,MAC000035,STD,ACTIVE,LONDON
CUST000030,MAC000036,STD,ACTIVE,LONDON
CUST000031,MAC000037,STD,ACTIVE,LONDON
CUST000032,MAC000038,STD,ACTIVE,LONDON
CUST000033,MAC000039,STD,ACTIVE,LONDON
CUST000034,MAC000040,STD,ACTIVE,LONDON
CUST000035,MAC000041,STD,ACTIVE,LONDON
CUST000036,MAC000042,STD,ACTIVE,LONDON
CUST000037,MAC000043,STD,ACTIVE,LONDON
CUST000038,MAC000045,STD,ACTIVE,LONDON
CUST000039,MAC000047,STD,ACTIVE,LONDON
CUST000040,MAC000049,STD,ACTIVE,LONDON
CUST000041,MAC000050,STD,ACTIVE,LONDON
CUST000042,MAC000053,STD,ACTIVE,LONDON
CUST000043,MAC000054,STD,ACTIVE,LONDON
CUST000044,MAC000055,STD,ACTIVE,LONDON
CUST000045,MAC000056,STD,ACTIVE,LONDON
CUST000046,MAC000057,STD,ACTIVE,LONDON
CUST000047,MAC000058,STD,ACTIVE,LONDON
CUST000048,MAC000059,STD,ACTIVE,LONDON
CUST000049,MAC000060,STD,ACTIVE,LONDON
CUST000050,MAC000061,STD,ACTIVE,LONDON
CUST000051,MAC000062,STD,ACTIVE,LONDON
CUST000052,MAC000063,STD,ACTIVE,LONDON
CUST000053,MAC000066,STD,ACTIVE,LONDON
CUST000054,MAC000067,STD,ACTIVE,LONDON
CUST000055,MAC000068,STD,ACTIVE,LONDON
CUST000056,MAC000069,STD,ACTIVE,LONDON
CUST000057,MAC000326,STD,ACTIVE,LONDON
CUST000058,MAC000327,STD,ACTIVE,LONDON
CUST000059,MAC000329,STD,ACTIVE,LONDON
CUST000060,MAC000330,STD,ACTIVE,LONDON
CUST000061,MAC000331,STD,ACTIVE,LONDON
CUST000062,MAC000332,STD,ACTIVE,LONDON
CUST000063,MAC000333,STD,ACTIVE,LONDON
CUST000064,MAC000334,STD,ACTIVE,LONDON
CUST000065,MAC000335,STD,ACTIVE,LONDON
CUST000066,MAC000337,STD,ACTIVE,LONDON
CUST000067,MAC000338,STD,ACTIVE,LONDON
CUST000068,MAC000340,STD,ACTIVE,LONDON
CUST000069,MAC000341,STD,ACTIVE,LONDON
CUST000070,MAC000343,STD,ACTIVE,LONDON
CUST000071,MAC000345,STD,ACTIVE,LONDON
CUST000072,MAC000346,STD,ACTIVE,LONDON
CUST000073,MAC000347,STD,ACTIVE,LONDON
CUST000074,MAC000348,STD,ACTIVE,LONDON
CUST000075,MAC000349,STD,ACTIVE,LONDON
CUST000076,MAC000350,STD,ACTIVE,LONDON
CUST000077,MAC000351,STD,ACTIVE,LONDON
CUST000078,MAC000353,STD,ACTIVE,LONDON
CUST000079,MAC000355,STD,ACTIVE,LONDON
CUST000080,MAC000356,STD,ACTIVE,LONDON
CUST000081,MAC000357,STD,ACTIVE,LONDON
CUST000082,MAC000358,STD,ACTIVE,LONDON
CUST000083,MAC000359,STD,ACTIVE,LONDON
CUST000084,MAC000360,STD,ACTIVE,LONDON
CUST000085,MAC000361,STD,ACTIVE,LONDON
CUST000086,MAC000362,STD,ACTIVE,LONDON
CUST000087,MAC000363,STD,ACTIVE,LONDON
CUST000088,MAC004268,STD,ACTIVE,LONDON
CUST000089,MAC004269,STD,ACTIVE,LONDON
CUST000090,MAC004271,STD,ACTIVE,LONDON
CUST000091,MAC004272,STD,ACTIVE,LONDON
CUST000092,MAC004273,STD,ACTIVE,LONDON
CUST000093,MAC004274,STD,ACTIVE,LONDON
CUST000094,MAC004275,STD,ACTIVE,LONDON
CUST000095,MAC004276,STD,ACTIVE,LONDON
CUST000096,MAC004277,STD,ACTIVE,LONDON
CUST000097,MAC004278,STD,ACTIVE,LONDON
CUST000098,MAC004279,STD,ACTIVE,LONDON
CUST000099,MAC004280,STD,ACTIVE,LONDON
CUST000100,MAC004281,STD,ACTIVE,LONDON
CUST000101,MAC004282,STD,ACTIVE,LONDON
CUST000102,MAC004284,STD,ACTIVE,LONDON
CUST000103,MAC004285,STD,ACTIVE,LONDON
CUST000104,MAC004286,STD,ACTIVE,LONDON
CUST000105,MAC004287,STD,ACTIVE,LONDON
CUST000106,MAC004288,STD,ACTIVE,LONDON
CUST000107,MAC004289,STD,ACTIVE,LONDON
CUST000108,MAC004290,STD,ACTIVE,LONDON
CUST000109,MAC004291,STD,ACTIVE,LONDON
CUST000110,MAC004292,STD,ACTIVE,LONDON
CUST000111,MAC004293,STD,ACTIVE,LONDON
CUST000112,MAC004294,STD,ACTIVE,LONDON
CUST000113,MAC004295,STD,ACTIVE,LONDON
CUST000114,MAC004296,STD,ACTIVE,LONDON
CUST000115,MAC004297,STD,ACTIVE,LONDON
CUST000116,MAC004298,STD,ACTIVE,LONDON
CUST000117,MAC004299,STD,ACTIVE,LONDON
CUST000118,MAC004300,STD,ACTIVE,LONDON
CUST000119,MAC004301,STD,ACTIVE,LONDON
CUST000120,MAC004302,STD,ACTIVE,LONDON
CUST000121,MAC004304,STD,ACTIVE,LONDON
CUST000122,MAC004305,STD,ACTIVE,LONDON
CUST000123,MAC004306,STD,ACTIVE,LONDON
CUST000124,MAC004308,STD,ACTIVE,LONDON
CUST000125,MAC004310,STD,ACTIVE,LONDON
CUST000126,MAC004311,STD,ACTIVE,LONDON
CUST000127,MAC004312,STD,ACTIVE,LONDON
CUST000128,MAC004313,STD,ACTIVE,LONDON
CUST000129,MAC004314,STD,ACTIVE,LONDON
CUST000130,MAC004316,STD,ACTIVE,LONDON
CUST000131,MAC004317,STD,ACTIVE,LONDON
CUST000132,MAC004319,STD,ACTIVE,LONDON
CUST000133,MAC004321,STD,ACTIVE,LONDON
CUST000134,MAC004322,STD,ACTIVE,LONDON
CUST000135,MAC004324,STD,ACTIVE,LONDON
CUST000136,MAC004325,STD,ACTIVE,LONDON
CUST000137,MAC004326,STD,ACTIVE,LONDON
CUST000138,MAC004327,STD,ACTIVE,LONDON
CUST000139,MAC004328,STD,ACTIVE,LONDON
CUST000140,MAC004329,STD,ACTIVE,LONDON
CUST000141,MAC004330,STD,ACTIVE,LONDON
CUST000142,MAC004332,STD,ACTIVE,LONDON
CUST000143,MAC004333,STD,ACTIVE,LONDON
CUST000144,MAC004335,STD,ACTIVE,LONDON
CUST000145,MAC004336,STD,ACTIVE,LONDON
CUST000146,MAC004337,STD,ACTIVE,LONDON
CUST000147,MAC004338,STD,ACTIVE,LONDON
CUST000148,MAC004339,STD,ACTIVE,LONDON
CUST000149,MAC004340,STD,ACTIVE,LONDON
CUST000150,MAC004341,STD,ACTIVE,LONDON
CUST000151,MAC004342,STD,ACTIVE,LONDON
CUST000152,MAC004343,STD,ACTIVE,LONDON
CUST000153,MAC004344,STD,ACTIVE,LONDON
CUST000154,MAC004345,STD,ACTIVE,LONDON
CUST000155,MAC004348,STD,ACTIVE,LONDON
CUST000156,MAC004349,STD,ACTIVE,LONDON
CUST000157,MAC004351,STD,ACTIVE,LONDON
CUST000158,MAC004352,STD,ACTIVE,LONDON
CUST000159,MAC004353,STD,ACTIVE,LONDON
CUST000160,MAC004355,STD,ACTIVE,LONDON
CUST000161,MAC004356,STD,ACTIVE,LONDON
CUST000162,MAC004357,STD,ACTIVE,LONDON
CUST000163,MAC004358,STD,ACTIVE,LONDON
CUST000164,MAC004359,STD,ACTIVE,LONDON
CUST000165,MAC004360,STD,ACTIVE,LONDON
CUST000166,MAC004364,STD,ACTIVE,LONDON
CUST000167,MAC004365,STD,ACTIVE,LONDON
CUST000168,MAC004367,STD,ACTIVE,LONDON
CUST000169,MAC004368,STD,ACTIVE,LONDON
CUST000170,MAC004369,STD,ACTIVE,LONDON
CUST000171,MAC004370,STD,ACTIVE,LONDON
CUST000172,MAC004371,STD,ACTIVE,LONDON
CUST000173,MAC004372,STD,ACTIVE,LONDON
CUST000174,MAC004373,STD,ACTIVE,LONDON
CUST000175,MAC004375,STD,ACTIVE,LONDON
CUST000176,MAC004376,STD,ACTIVE,LONDON
CUST000177,MAC004377,STD,ACTIVE,LONDON
CUST000178,MAC004378,STD,ACTIVE,LONDON
CUST000179,MAC004379,STD,ACTIVE,LONDON
CUST000180,MAC004380,STD,ACTIVE,LONDON
CUST000181,MAC004382,STD,ACTIVE,LONDON
CUST000182,MAC004383,STD,ACTIVE,LONDON
CUST000183,MAC004384,STD,ACTIVE,LONDON
CUST000184,MAC004385,STD,ACTIVE,LONDON
CUST000185,MAC004386,STD,ACTIVE,LONDON
CUST000186,MAC004387,STD,ACTIVE,LONDON
CUST000187,MAC004388,STD,ACTIVE,LONDON
CUST000188,MAC004389,STD,ACTIVE,LONDON
CUST000189,MAC004390,STD,ACTIVE,LONDON
CUST000190,MAC004391,STD,ACTIVE,LONDON
CUST000191,MAC004393,STD,ACTIVE,LONDON
CUST000192,MAC004394,STD,ACTIVE,LONDON
CUST000193,MAC004395,STD,ACTIVE,LONDON
CUST000194,MAC004397,STD,ACTIVE,LONDON
CUST000195,MAC004398,STD,ACTIVE,LONDON
CUST000196,MAC004401,STD,ACTIVE,LONDON
CUST000197,MAC004402,STD,ACTIVE,LONDON
CUST000198,MAC004403,STD,ACTIVE,LONDON
CUST000199,MAC004404,STD,ACTIVE,LONDON
CUST000200,MAC004405,STD,ACTIVE,LONDON
CUST000201,MAC004406,STD,ACTIVE,LONDON
CUST000202,MAC004407,STD,ACTIVE,LONDON
CUST000203,MAC004409,STD,ACTIVE,LONDON
CUST000204,MAC004410,STD,ACTIVE,LONDON
CUST000205,MAC004411,STD,ACTIVE,LONDON
CUST000206,MAC004412,STD,ACTIVE,LONDON
CUST000207,MAC004413,STD,ACTIVE,LONDON
CUST000208,MAC004414,STD,ACTIVE,LONDON
CUST000209,MAC004415,STD,ACTIVE,LONDON
CUST000210,MAC004416,STD,ACTIVE,LONDON
CUST000211,MAC004417,STD,ACTIVE,LONDON
CUST000212,MAC004418,STD,ACTIVE,LONDON
CUST000213,MAC004420,STD,ACTIVE,LONDON
CUST000214,MAC004421,STD,ACTIVE,LONDON
CUST000215,MAC004423,STD,ACTIVE,LONDON
CUST000216,MAC004425,STD,ACTIVE,LONDON
CUST000217,MAC004426,STD,ACTIVE,LONDON
CUST000218,MAC004427,STD,ACTIVE,LONDON
CUST000219,MAC004428,STD,ACTIVE,LONDON
CUST000220,MAC004429,STD,ACTIVE,LONDON
CUST000221,MAC004430,STD,ACTIVE,LONDON
CUST000222,MAC004431,STD,ACTIVE,LONDON
CUST000223,MAC004432,STD,ACTIVE,LONDON
CUST000224,MAC004433,STD,ACTIVE,LONDON
CUST000225,MAC004434,STD,ACTIVE,LONDON
CUST000226,MAC004435,STD,ACTIVE,LONDON
CUST000227,MAC004437,STD,ACTIVE,LONDON
CUST000228,MAC004438,STD,ACTIVE,LONDON
CUST000229,MAC004440,STD,ACTIVE,LONDON
CUST000230,MAC004441,STD,ACTIVE,LONDON
CUST000231,MAC004442,STD,ACTIVE,LONDON
CUST000232,MAC004443,STD,ACTIVE,LONDON
CUST000233,MAC004444,STD,ACTIVE,LONDON
CUST000234,MAC004446,STD,ACTIVE,LONDON
CUST000235,MAC004447,STD,ACTIVE,LONDON
CUST000236,MAC004450,STD,ACTIVE,LONDON
CUST000237,MAC004452,STD,ACTIVE,LONDON
CUST000238,MAC004453,STD,ACTIVE,LONDON
CUST000239,MAC004454,STD,ACTIVE,LONDON
CUST000240,MAC004455,STD,ACTIVE,LONDON
CUST000241,MAC004457,STD,ACTIVE,LONDON
CUST000242,MAC004458,STD,ACTIVE,LONDON
CUST000243,MAC004459,STD,ACTIVE,LONDON
CUST000244,MAC004460,STD,ACTIVE,LONDON
CUST000245,MAC004461,STD,ACTIVE,LONDON
CUST000246,MAC004462,STD,ACTIVE,LONDON
CUST000247,MAC004463,STD,ACTIVE,LONDON
CUST000248,MAC004464,STD,ACTIVE,LONDON
CUST000249,MAC004465,STD,ACTIVE,LONDON
CUST000250,MAC004466,STD,ACTIVE,LONDON
CUST000251,MAC004468,STD,ACTIVE,LONDON
CUST000252,MAC004469,STD,ACTIVE,LONDON
CUST000253,MAC004470,STD,ACTIVE,LONDON
CUST000254,MAC004471,STD,ACTIVE,LONDON
CUST000255,MAC004472,STD,ACTIVE,LONDON
CUST000256,MAC004473,STD,ACTIVE,LONDON
CUST000257,MAC004474,STD,ACTIVE,LONDON
CUST000258,MAC004475,STD,ACTIVE,LONDON
CUST000259,MAC004476,STD,ACTIVE,LONDON
CUST000260,MAC004477,STD,ACTIVE,LONDON
CUST000261,MAC004478,STD,ACTIVE,LONDON
CUST000262,MAC004479,STD,ACTIVE,LONDON
CUST000263,MAC004480,STD,ACTIVE,LONDON
CUST000264,MAC004481,STD,ACTIVE,LONDON
CUST000265,MAC004482,STD,ACTIVE,LONDON
CUST000266,MAC004483,STD,ACTIVE,LONDON
CUST000267,MAC004484,STD,ACTIVE,LONDON
CUST000268,MAC004486,STD,ACTIVE,LONDON
CUST000269,MAC004487,STD,ACTIVE,LONDON
CUST000270,MAC004488,STD,ACTIVE,LONDON
CUST000271,MAC004489,STD,ACTIVE,LONDON
CUST000272,MAC004490,STD,ACTIVE,LONDON
CUST000273,MAC004492,STD,ACTIVE,LONDON
CUST000274,MAC004494,STD,ACTIVE,LONDON
CUST000275,MAC004495,STD,ACTIVE,LONDON
CUST000276,MAC004496,STD,ACTIVE,LONDON
CUST000277,MAC004498,STD,ACTIVE,LONDON
CUST000278,MAC004499,STD,ACTIVE,LONDON
CUST000279,MAC004500,STD,ACTIVE,LONDON
CUST000280,MAC004501,STD,ACTIVE,LONDON
CUST000281,MAC004502,STD,ACTIVE,LONDON
CUST000282,MAC004503,STD,ACTIVE,LONDON
CUST000283,MAC004504,STD,ACTIVE,LONDON
CUST000284,MAC004505,STD,ACTIVE,LONDON
CUST000285,MAC004507,STD,ACTIVE,LONDON
CUST000286,MAC004508,STD,ACTIVE,LONDON
CUST000287,MAC004510,STD,ACTIVE,LONDON
CUST000288,MAC004511,STD,ACTIVE,LONDON
CUST000289,MAC004512,STD,ACTIVE,LONDON
CUST000290,MAC004513,STD,ACTIVE,LONDON
CUST000291,MAC004514,STD,ACTIVE,LONDON
CUST000292,MAC004515,STD,ACTIVE,LONDON
CUST000293,MAC004516,STD,ACTIVE,LONDON
CUST000294,MAC004517,STD,ACTIVE,LONDON
CUST000295,MAC004518,STD,ACTIVE,LONDON
CUST000296,MAC004519,STD,ACTIVE,LONDON
CUST000297,MAC004520,STD,ACTIVE,LONDON
CUST000298,MAC004521,STD,ACTIVE,LONDON
CUST000299,MAC004522,STD,ACTIVE,LONDON
CUST000300,MAC004523,STD,ACTIVE,LONDON
CUST000301,MAC004524,STD,ACTIVE,LONDON
CUST000302,MAC004526,STD,ACTIVE,LONDON
CUST000303,MAC004527,STD,ACTIVE,LONDON
CUST000304,MAC004528,STD,ACTIVE,LONDON
CUST000305,MAC004529,STD,ACTIVE,LONDON
CUST000306,MAC004530,STD,ACTIVE,LONDON
CUST000307,MAC004531,STD,ACTIVE,LONDON
CUST000308,MAC004532,STD,ACTIVE,LONDON
CUST000309,MAC004533,STD,ACTIVE,LONDON
CUST000310,MAC004534,STD,ACTIVE,LONDON
CUST000311,MAC004535,STD,ACTIVE,LONDON
CUST000312,MAC004536,STD,ACTIVE,LONDON
CUST000313,MAC004537,STD,ACTIVE,LONDON
CUST000314,MAC004538,STD,ACTIVE,LONDON
CUST000315,MAC004539,STD,ACTIVE,LONDON
CUST000316,MAC004540,STD,ACTIVE,LONDON
CUST000317,MAC004541,STD,ACTIVE,LONDON
CUST000318,MAC004542,STD,ACTIVE,LONDON
CUST000319,MAC004544,STD,ACTIVE,LONDON
CUST000320,MAC004545,STD,ACTIVE,LONDON
CUST000321,MAC004546,STD,ACTIVE,LONDON
CUST000322,MAC004547,STD,ACTIVE,LONDON
CUST000323,MAC004548,STD,ACTIVE,LONDON
CUST000324,MAC004549,STD,ACTIVE,LONDON
CUST000325,MAC004550,STD,ACTIVE,LONDON
CUST000326,MAC004552,STD,ACTIVE,LONDON
CUST000327,MAC004553,STD,ACTIVE,LONDON
CUST000328,MAC004554,STD,ACTIVE,LONDON
CUST000329,MAC004555,STD,ACTIVE,LONDON
CUST000330,MAC004556,STD,ACTIVE,LONDON
CUST000331,MAC004557,STD,ACTIVE,LONDON
CUST000332,MAC004558,STD,ACTIVE,LONDON
CUST000333,MAC004560,STD,ACTIVE,LONDON
CUST000334,MAC004562,STD,ACTIVE,LONDON
CUST000335,MAC004563,STD,ACTIVE,LONDON
CUST000336,MAC004564,STD,ACTIVE,LONDON
CUST000337,MAC004565,STD,ACTIVE,LONDON
CUST000338,MAC004566,STD,ACTIVE,LONDON
CUST000339,MAC004567,STD,ACTIVE,LONDON
CUST000340,MAC004569,STD,ACTIVE,LONDON
CUST000341,MAC004570,STD,ACTIVE,LONDON
CUST000342,MAC004571,STD,ACTIVE,LONDON
CUST000343,MAC004572,STD,ACTIVE,LONDON
CUST000344,MAC004573,STD,ACTIVE,LONDON
CUST000345,MAC004574,STD,ACTIVE,LONDON
CUST000346,MAC004575,STD,ACTIVE,LONDON
CUST000347,MAC004576,STD,ACTIVE,LONDON
CUST000348,MAC004577,STD,ACTIVE,LONDON
CUST000349,MAC004578,STD,ACTIVE,LONDON
CUST000350,MAC004579,STD,ACTIVE,LONDON
CUST000351,MAC004580,STD,ACTIVE,LONDON
CUST000352,MAC004581,STD,ACTIVE,LONDON
CUST000353,MAC004582,STD,ACTIVE,LONDON
CUST000354,MAC004583,STD,ACTIVE,LONDON
CUST000355,MAC004584,STD,ACTIVE,LONDON
CUST000356,MAC004585,STD,ACTIVE,LONDON
CUST000357,MAC004586,STD,ACTIVE,LONDON
CUST000358,MAC004587,STD,ACTIVE,LONDON
CUST000359,MAC004588,STD,ACTIVE,LONDON
CUST000360,MAC004589,STD,ACTIVE,LONDON
CUST000361,MAC004591,STD,ACTIVE,LONDON
CUST000362,MAC004594,STD,ACTIVE,LONDON
CUST000363,MAC004595,STD,ACTIVE,LONDON
CUST000364,MAC004596,STD,ACTIVE,LONDON
CUST000365,MAC004597,STD,ACTIVE,LONDON
CUST000366,MAC004598,STD,ACTIVE,LONDON
CUST000367,MAC004599,STD,ACTIVE,LONDON
CUST000368,MAC004600,STD,ACTIVE,LONDON
CUST000369,MAC004601,STD,ACTIVE,LONDON
CUST000370,MAC004602,STD,ACTIVE,LONDON
CUST000371,MAC004603,STD,ACTIVE,LONDON
CUST000372,MAC004607,STD,ACTIVE,LONDON
CUST000373,MAC004608,STD,ACTIVE,LONDON
CUST000374,MAC004612,STD,ACTIVE,LONDON
CUST000375,MAC004613,STD,ACTIVE,LONDON
CUST000376,MAC004614,STD,ACTIVE,LONDON
CUST000377,MAC004615,STD,ACTIVE,LONDON
CUST000378,MAC004616,STD,ACTIVE,LONDON
CUST000379,MAC004617,STD,ACTIVE,LONDON
CUST000380,MAC004618,STD,ACTIVE,LONDON
CUST000381,MAC004619,STD,ACTIVE,LONDON
CUST000382,MAC004624,STD,ACTIVE,LONDON
CUST000383,MAC004625,STD,ACTIVE,LONDON
CUST000384,MAC004626,STD,ACTIVE,LONDON
CUST000385,MAC000364,STD,ACTIVE,LONDON
CUST000386,MAC000365,STD,ACTIVE,LONDON
CUST000387,MAC000367,STD,ACTIVE,LONDON
CUST000388,MAC000368,STD,ACTIVE,LONDON
CUST000389,MAC000370,STD,ACTIVE,LONDON
CUST000390,MAC000371,STD,ACTIVE,LONDON
CUST000391,MAC000372,STD,ACTIVE,LONDON
CUST000392,MAC000373,STD,ACTIVE,LONDON
CUST000393,MAC000374,STD,ACTIVE,LONDON
CUST000394,MAC000375,STD,ACTIVE,LONDON
CUST000395,MAC000376,STD,ACTIVE,LONDON
CUST000396,MAC000377,STD,ACTIVE,LONDON
CUST000397,MAC000378,STD,ACTIVE,LONDON
CUST000398,MAC000379,STD,ACTIVE,LONDON
CUST000399,MAC000380,STD,ACTIVE,LONDON
CUST000400,MAC000381,STD,ACTIVE,LONDON
CUST000401,MAC000382,STD,ACTIVE,LONDON
CUST000402,MAC000385,STD,ACTIVE,LONDON
CUST000403,MAC000386,STD,ACTIVE,LONDON
CUST000404,MAC000387,STD,ACTIVE,LONDON
CUST000405,MAC000388,STD,ACTIVE,LONDON
CUST000406,MAC000389,STD,ACTIVE,LONDON
CUST000407,MAC000390,STD,ACTIVE,LONDON
CUST000408,MAC000391,STD,ACTIVE,LONDON
CUST000409,MAC000393,STD,ACTIVE,LONDON
CUST000410,MAC000394,STD,ACTIVE,LONDON
CUST000411,MAC000396,STD,ACTIVE,LONDON
CUST000412,MAC000397,STD,ACTIVE,LONDON
CUST000413,MAC000398,STD,ACTIVE,LONDON
CUST000414,MAC000399,STD,ACTIVE,LONDON
CUST000415,MAC004627,STD,ACTIVE,LONDON
CUST000416,MAC004628,STD,ACTIVE,LONDON
CUST000417,MAC004629,STD,ACTIVE,LONDON
CUST000418,MAC004630,STD,ACTIVE,LONDON
CUST000419,MAC004631,STD,ACTIVE,LONDON
CUST000420,MAC004632,STD,ACTIVE,LONDON
CUST000421,MAC004634,STD,ACTIVE,LONDON
CUST000422,MAC004635,STD,ACTIVE,LONDON
CUST000423,MAC004636,STD,ACTIVE,LONDON
CUST000424,MAC004637,STD,ACTIVE,LONDON
CUST000425,MAC004638,STD,ACTIVE,LONDON
CUST000426,MAC004642,STD,ACTIVE,LONDON
CUST000427,MAC004643,STD,ACTIVE,LONDON
CUST000428,MAC004644,STD,ACTIVE,LONDON
CUST000429,MAC004645,STD,ACTIVE,LONDON
CUST000430,MAC004646,STD,ACTIVE,LONDON
CUST000431,MAC004647,STD,ACTIVE,LONDON
CUST000432,MAC004648,STD,ACTIVE,LONDON
CUST000433,MAC004649,STD,ACTIVE,LONDON
CUST000434,MAC004650,STD,ACTIVE,LONDON
CUST000435,MAC004651,STD,ACTIVE,LONDON
CUST000436,MAC004652,STD,ACTIVE,LONDON
CUST000437,MAC004653,STD,ACTIVE,LONDON
CUST000438,MAC004654,STD,ACTIVE,LONDON
CUST000439,MAC004656,STD,ACTIVE,LONDON
CUST000440,MAC004658,STD,ACTIVE,LONDON
CUST000441,MAC004659,STD,ACTIVE,LONDON
CUST000442,MAC004660,STD,ACTIVE,LONDON
CUST000443,MAC004662,STD,ACTIVE,LONDON
CUST000444,MAC004663,STD,ACTIVE,LONDON
CUST000445,MAC004664,STD,ACTIVE,LONDON
CUST000446,MAC004665,STD,ACTIVE,LONDON
CUST000447,MAC004666,STD,ACTIVE,LONDON
CUST000448,MAC004667,STD,ACTIVE,LONDON
CUST000449,MAC004671,STD,ACTIVE,LONDON
CUST000450,MAC004672,STD,ACTIVE,LONDON
CUST000451,MAC004673,STD,ACTIVE,LONDON
CUST000452,MAC004674,STD,ACTIVE,LONDON
CUST000453,MAC004675,STD,ACTIVE,LONDON
CUST000454,MAC004676,STD,ACTIVE,LONDON
CUST000455,MAC004677,STD,ACTIVE,LONDON
CUST000456,MAC004678,STD,ACTIVE,LONDON
CUST000457,MAC004679,STD,ACTIVE,LONDON
CUST000458,MAC004680,STD,ACTIVE,LONDON
CUST000459,MAC004681,STD,ACTIVE,LONDON
CUST000460,MAC004682,STD,ACTIVE,LONDON
CUST000461,MAC004684,STD,ACTIVE,LONDON
CUST000462,MAC004685,STD,ACTIVE,LONDON
CUST000463,MAC004686,STD,ACTIVE,LONDON
CUST000464,MAC004688,STD,ACTIVE,LONDON
CUST000465,MAC004690,STD,ACTIVE,LONDON
CUST000466,MAC004692,STD,ACTIVE,LONDON
CUST000467,MAC004694,STD,ACTIVE,LONDON
CUST000468,MAC004695,STD,ACTIVE,LONDON
CUST000469,MAC004696,STD,ACTIVE,LONDON
CUST000470,MAC004698,STD,ACTIVE,LONDON
CUST000471,MAC004699,STD,ACTIVE,LONDON
CUST000472,MAC004700,STD,ACTIVE,LONDON
CUST000473,MAC004701,STD,ACTIVE,LONDON
CUST000474,MAC004702,STD,ACTIVE,LONDON
CUST000475,MAC004703,STD,ACTIVE,LONDON
CUST000476,MAC004704,STD,ACTIVE,LONDON
CUST000477,MAC004705,STD,ACTIVE,LONDON
CUST000478,MAC004706,STD,ACTIVE,LONDON
CUST000479,MAC004707,STD,ACTIVE,LONDON
CUST000480,MAC004708,STD,ACTIVE,LONDON
CUST000481,MAC004712,STD,ACTIVE,LONDON
CUST000482,MAC004715,STD,ACTIVE,LONDON
CUST000483,MAC004717,STD,ACTIVE,LONDON
CUST000484,MAC004718,STD,ACTIVE,LONDON
CUST000485,MAC004721,STD,ACTIVE,LONDON
CUST000486,MAC004723,STD,ACTIVE,LONDON
CUST000487,MAC004724,STD,ACTIVE,LONDON
CUST000488,MAC004725,STD,ACTIVE,LONDON
CUST000489,MAC004726,STD,ACTIVE,LONDON
CUST000490,MAC004727,STD,ACTIVE,LONDON
CUST000491,MAC004729,STD,ACTIVE,LONDON
CUST000492,MAC004730,STD,ACTIVE,LONDON
CUST000493,MAC004732,STD,ACTIVE,LONDON
CUST000494,MAC004734,STD,ACTIVE,LONDON
CUST000495,MAC004735,STD,ACTIVE,LONDON
CUST000496,MAC004736,STD,ACTIVE,LONDON
CUST000497,MAC004737,STD,ACTIVE,LONDON
CUST000498,MAC004738,STD,ACTIVE,LONDON
CUST000499,MAC004739,STD,ACTIVE,LONDON
CUST000500,MAC004740,STD,ACTIVE,LONDON
CUST000501,MAC004741,STD,ACTIVE,LONDON
CUST000502,MAC004742,STD,ACTIVE,LONDON
CUST000503,MAC004743,STD,ACTIVE,LONDON
CUST000504,MAC004745,STD,ACTIVE,LONDON
CUST000505,MAC004747,STD,ACTIVE,LONDON
CUST000506,MAC004748,STD,ACTIVE,LONDON
CUST000507,MAC004749,STD,ACTIVE,LONDON
CUST000508,MAC004750,STD,ACTIVE,LONDON
CUST000509,MAC004752,STD,ACTIVE,LONDON
CUST000510,MAC004754,STD,ACTIVE,LONDON
CUST000511,MAC004756,STD,ACTIVE,LONDON
CUST000512,MAC004758,STD,ACTIVE,LONDON
CUST000513,MAC004759,STD,ACTIVE,LONDON
CUST000514,MAC004760,STD,ACTIVE,LONDON
CUST000515,MAC004761,STD,ACTIVE,LONDON
CUST000516,MAC004763,STD,ACTIVE,LONDON
CUST000517,MAC004764,STD,ACTIVE,LONDON
CUST000518,MAC004766,STD,ACTIVE,LONDON
CUST000519,MAC004769,STD,ACTIVE,LONDON
CUST000520,MAC004771,STD,ACTIVE,LONDON
CUST000521,MAC004772,STD,ACTIVE,LONDON
CUST000522,MAC004773,STD,ACTIVE,LONDON
CUST000523,MAC004774,STD,ACTIVE,LONDON
CUST000524,MAC004775,STD,ACTIVE,LONDON
CUST000525,MAC004776,STD,ACTIVE,LONDON
CUST000526,MAC004777,STD,ACTIVE,LONDON
CUST000527,MAC004778,STD,ACTIVE,LONDON
CUST000528,MAC004779,STD,ACTIVE,LONDON
CUST000529,MAC004780,STD,ACTIVE,LONDON
CUST000530,MAC004781,STD,ACTIVE,LONDON
CUST000531,MAC004782,STD,ACTIVE,LONDON
CUST000532,MAC004784,STD,ACTIVE,LONDON
CUST000533,MAC004785,STD,ACTIVE,LONDON
CUST000534,MAC004786,STD,ACTIVE,LONDON
CUST000535,MAC004787,STD,ACTIVE,LONDON
CUST000536,MAC004788,STD,ACTIVE,LONDON
CUST000537,MAC004790,STD,ACTIVE,LONDON
CUST000538,MAC004791,STD,ACTIVE,LONDON
CUST000539,MAC004792,STD,ACTIVE,LONDON
CUST000540,MAC004793,STD,ACTIVE,LONDON
CUST000541,MAC004794,STD,ACTIVE,LONDON
CUST000542,MAC004796,STD,ACTIVE,LONDON
CUST000543,MAC004797,STD,ACTIVE,LONDON
CUST000544,MAC004798,STD,ACTIVE,LONDON
CUST000545,MAC004799,STD,ACTIVE,LONDON
CUST000546,MAC004800,STD,ACTIVE,LONDON
CUST000547,MAC004801,STD,ACTIVE,LONDON
CUST000548,MAC004802,STD,ACTIVE,LONDON
CUST000549,MAC004803,STD,ACTIVE,LONDON
CUST000550,MAC004804,STD,ACTIVE,LONDON
CUST000551,MAC004805,STD,ACTIVE,LONDON
CUST000552,MAC004806,STD,ACTIVE,LONDON
CUST000553,MAC004807,STD,ACTIVE,LONDON
CUST000554,MAC004808,STD,ACTIVE,LONDON
CUST000555,MAC004809,STD,ACTIVE,LONDON
CUST000556,MAC004810,STD,ACTIVE,LONDON
CUST000557,MAC004812,STD,ACTIVE,LONDON
CUST000558,MAC004813,STD,ACTIVE,LONDON
CUST000559,MAC004815,STD,ACTIVE,LONDON
CUST000560,MAC004816,STD,ACTIVE,LONDON
CUST000561,MAC004817,STD,ACTIVE,LONDON
CUST000562,MAC004819,STD,ACTIVE,LONDON
CUST000563,MAC004820,STD,ACTIVE,LONDON
CUST000564,MAC004823,STD,ACTIVE,LONDON
CUST000565,MAC004824,STD,ACTIVE,LONDON
CUST000566,MAC004826,STD,ACTIVE,LONDON
CUST000567,MAC004828,STD,ACTIVE,LONDON
CUST000568,MAC004829,STD,ACTIVE,LONDON
CUST000569,MAC004830,STD,ACTIVE,LONDON
CUST000570,MAC004831,STD,ACTIVE,LONDON
CUST000571,MAC004833,STD,ACTIVE,LONDON
CUST000572,MAC004834,STD,ACTIVE,LONDON
CUST000573,MAC004835,STD,ACTIVE,LONDON
CUST000574,MAC004836,STD,ACTIVE,LONDON
CUST000575,MAC004839,STD,ACTIVE,LONDON
CUST000576,MAC004840,STD,ACTIVE,LONDON
CUST000577,MAC004841,STD,ACTIVE,LONDON
CUST000578,MAC004842,STD,ACTIVE,LONDON
CUST000579,MAC004843,STD,ACTIVE,LONDON
CUST000580,MAC004844,STD,ACTIVE,LONDON
CUST000581,MAC004845,STD,ACTIVE,LONDON
CUST000582,MAC004846,STD,ACTIVE,LONDON
CUST000583,MAC004847,STD,ACTIVE,LONDON
CUST000584,MAC004848,STD,ACTIVE,LONDON
CUST000585,MAC004849,STD,ACTIVE,LONDON
CUST000586,MAC004850,STD,ACTIVE,LONDON
CUST000587,MAC004852,STD,ACTIVE,LONDON
CUST000588,MAC004853,STD,ACTIVE,LONDON
CUST000589,MAC004854,STD,ACTIVE,LONDON
CUST000590,MAC004856,STD,ACTIVE,LONDON
CUST000591,MAC004857,STD,ACTIVE,LONDON
CUST000592,MAC004858,STD,ACTIVE,LONDON
CUST000593,MAC004859,STD,ACTIVE,LONDON
CUST000594,MAC004860,STD,ACTIVE,LONDON
CUST000595,MAC004861,STD,ACTIVE,LONDON
CUST000596,MAC004862,STD,ACTIVE,LONDON
CUST000597,MAC004863,STD,ACTIVE,LONDON
CUST000598,MAC004864,STD,ACTIVE,LONDON
CUST000599,MAC004865,STD,ACTIVE,LONDON
CUST000600,MAC004866,STD,ACTIVE,LONDON
CUST000601,MAC004867,STD,ACTIVE,LONDON
CUST000602,MAC004868,STD,ACTIVE,LONDON
CUST000603,MAC004869,STD,ACTIVE,LONDON
CUST000604,MAC004870,STD,ACTIVE,LONDON
CUST000605,MAC004871,STD,ACTIVE,LONDON
CUST000606,MAC004872,STD,ACTIVE,LONDON
CUST000607,MAC004873,STD,ACTIVE,LONDON
CUST000608,MAC004874,STD,ACTIVE,LONDON
CUST000609,MAC004875,STD,ACTIVE,LONDON
CUST000610,MAC004876,STD,ACTIVE,LONDON
CUST000611,MAC004877,STD,ACTIVE,LONDON
CUST000612,MAC004878,STD,ACTIVE,LONDON
CUST000613,MAC004879,STD,ACTIVE,LONDON
CUST000614,MAC004881,STD,ACTIVE,LONDON
CUST000615,MAC004882,STD,ACTIVE,LONDON
CUST000616,MAC004884,STD,ACTIVE,LONDON
CUST000617,MAC004885,STD,ACTIVE,LONDON
CUST000618,MAC004886,STD,ACTIVE,LONDON
CUST000619,MAC004887,STD,ACTIVE,LONDON
CUST000620,MAC004888,STD,ACTIVE,LONDON
CUST000621,MAC004889,STD,ACTIVE,LONDON
CUST000622,MAC004890,STD,ACTIVE,LONDON
CUST000623,MAC004891,STD,ACTIVE,LONDON
CUST000624,MAC004892,STD,ACTIVE,LONDON
CUST000625,MAC004894,STD,ACTIVE,LONDON
CUST000626,MAC004895,STD,ACTIVE,LONDON
CUST000627,MAC004896,STD,ACTIVE,LONDON
CUST000628,MAC004897,STD,ACTIVE,LONDON
CUST000629,MAC004898,STD,ACTIVE,LONDON
CUST000630,MAC004899,STD,ACTIVE,LONDON
CUST000631,MAC004900,STD,ACTIVE,LONDON
CUST000632,MAC004901,STD,ACTIVE,LONDON
CUST000633,MAC004902,STD,ACTIVE,LONDON
CUST000634,MAC004903,STD,ACTIVE,LONDON
CUST000635,MAC004904,STD,ACTIVE,LONDON
CUST000636,MAC004905,STD,ACTIVE,LONDON
CUST000637,MAC004906,STD,ACTIVE,LONDON
CUST000638,MAC004907,STD,ACTIVE,LONDON
CUST000639,MAC004908,STD,ACTIVE,LONDON
CUST000640,MAC004909,STD,ACTIVE,LONDON
CUST000641,MAC004911,STD,ACTIVE,LONDON
CUST000642,MAC004912,STD,ACTIVE,LONDON
CUST000643,MAC004913,STD,ACTIVE,LONDON
CUST000644,MAC004914,STD,ACTIVE,LONDON
CUST000645,MAC004915,STD,ACTIVE,LONDON
CUST000646,MAC004916,STD,ACTIVE,LONDON
CUST000647,MAC004918,STD,ACTIVE,LONDON
CUST000648,MAC004919,STD,ACTIVE,LONDON
CUST000649,MAC004920,STD,ACTIVE,LONDON
CUST000650,MAC004922,STD,ACTIVE,LONDON
CUST000651,MAC004923,STD,ACTIVE,LONDON
CUST000652,MAC004924,STD,ACTIVE,LONDON
CUST000653,MAC004925,STD,ACTIVE,LONDON
CUST000654,MAC004927,STD,ACTIVE,LONDON
CUST000655,MAC004928,STD,ACTIVE,LONDON
CUST000656,MAC004929,STD,ACTIVE,LONDON
CUST000657,MAC004930,STD,ACTIVE,LONDON
CUST000658,MAC004931,STD,ACTIVE,LONDON
CUST000659,MAC004933,STD,ACTIVE,LONDON
CUST000660,MAC004934,STD,ACTIVE,LONDON
CUST000661,MAC004935,STD,ACTIVE,LONDON
CUST000662,MAC004936,STD,ACTIVE,LONDON
CUST000663,MAC004938,STD,ACTIVE,LONDON
CUST000664,MAC004939,STD,ACTIVE,LONDON
CUST000665,MAC004940,STD,ACTIVE,LONDON
CUST000666,MAC004941,STD,ACTIVE,LONDON
CUST000667,MAC004942,STD,ACTIVE,LONDON
CUST000668,MAC004943,STD,ACTIVE,LONDON
CUST000669,MAC004944,STD,ACTIVE,LONDON
CUST000670,MAC004945,STD,ACTIVE,LONDON
CUST000671,MAC004946,STD,ACTIVE,LONDON
CUST000672,MAC004947,STD,ACTIVE,LONDON
CUST000673,MAC004950,STD,ACTIVE,LONDON
CUST000674,MAC004951,STD,ACTIVE,LONDON
CUST000675,MAC004953,STD,ACTIVE,LONDON
CUST000676,MAC004954,STD,ACTIVE,LONDON
CUST000677,MAC004957,STD,ACTIVE,LONDON
CUST000678,MAC004958,STD,ACTIVE,LONDON
CUST000679,MAC004959,STD,ACTIVE,LONDON
CUST000680,MAC004960,STD,ACTIVE,LONDON
CUST000681,MAC004961,STD,ACTIVE,LONDON
CUST000682,MAC004962,STD,ACTIVE,LONDON
CUST000683,MAC004963,STD,ACTIVE,LONDON
CUST000684,MAC004964,STD,ACTIVE,LONDON
CUST000685,MAC004966,STD,ACTIVE,LONDON
CUST000686,MAC004967,STD,ACTIVE,LONDON
CUST000687,MAC004970,STD,ACTIVE,LONDON
CUST000688,MAC004971,STD,ACTIVE,LONDON
CUST000689,MAC004972,STD,ACTIVE,LONDON
CUST000690,MAC004973,STD,ACTIVE,LONDON
CUST000691,MAC004974,STD,ACTIVE,LONDON
CUST000692,MAC004975,STD,ACTIVE,LONDON
CUST000693,MAC004976,STD,ACTIVE,LONDON
CUST000694,MAC004978,STD,ACTIVE,LONDON
CUST000695,MAC004980,STD,ACTIVE,LONDON
CUST000696,MAC004981,STD,ACTIVE,LONDON
CUST000697,MAC004982,STD,ACTIVE,LONDON
CUST000698,MAC004983,STD,ACTIVE,LONDON
CUST000699,MAC004984,STD,ACTIVE,LONDON
CUST000700,MAC004985,STD,ACTIVE,LONDON
CUST000701,MAC004986,STD,ACTIVE,LONDON
CUST000702,MAC004987,STD,ACTIVE,LONDON
CUST000703,MAC004989,STD,ACTIVE,LONDON
CUST000704,MAC004991,STD,ACTIVE,LONDON
CUST000705,MAC004992,STD,ACTIVE,LONDON
CUST000706,MAC004993,STD,ACTIVE,LONDON
CUST000707,MAC004994,STD,ACTIVE,LONDON
CUST000708,MAC004995,STD,ACTIVE,LONDON
CUST000709,MAC004996,STD,ACTIVE,LONDON
CUST000710,MAC004997,STD,ACTIVE,LONDON
CUST000711,MAC004998,STD,ACTIVE,LONDON
CUST000712,MAC004999,STD,ACTIVE,LONDON
CUST000713,MAC005000,STD,ACTIVE,LONDON
CUST000714,MAC005001,STD,ACTIVE,LONDON
CUST000715,MAC005002,STD,ACTIVE,LONDON
CUST000716,MAC005003,STD,ACTIVE,LONDON
CUST000717,MAC005004,STD,ACTIVE,LONDON
CUST000718,MAC005005,STD,ACTIVE,LONDON
CUST000719,MAC005007,STD,ACTIVE,LONDON
CUST000720,MAC000400,STD,ACTIVE,LONDON
CUST000721,MAC000403,STD,ACTIVE,LONDON
CUST000722,MAC000404,STD,ACTIVE,LONDON
CUST000723,MAC000405,STD,ACTIVE,LONDON
CUST000724,MAC000407,STD,ACTIVE,LONDON
CUST000725,MAC000409,STD,ACTIVE,LONDON
CUST000726,MAC000410,STD,ACTIVE,LONDON
CUST000727,MAC000411,STD,ACTIVE,LONDON
CUST000728,MAC000412,STD,ACTIVE,LONDON
CUST000729,MAC000413,STD,ACTIVE,LONDON
CUST000730,MAC000414,STD,ACTIVE,LONDON
CUST000731,MAC000415,STD,ACTIVE,LONDON
CUST000732,MAC000416,STD,ACTIVE,LONDON
CUST000733,MAC000417,STD,ACTIVE,LONDON
CUST000734,MAC000419,STD,ACTIVE,LONDON
CUST000735,MAC000420,STD,ACTIVE,LONDON
CUST000736,MAC000422,STD,ACTIVE,LONDON
CUST000737,MAC000423,STD,ACTIVE,LONDON
CUST000738,MAC000424,STD,ACTIVE,LONDON
CUST000739,MAC000425,STD,ACTIVE,LONDON
CUST000740,MAC000426,STD,ACTIVE,LONDON
CUST000741,MAC000427,STD,ACTIVE,LONDON
CUST000742,MAC000428,STD,ACTIVE,LONDON
CUST000743,MAC000429,STD,ACTIVE,LONDON
CUST000744,MAC000430,STD,ACTIVE,LONDON
CUST000745,MAC000431,STD,ACTIVE,LONDON
CUST000746,MAC000432,STD,ACTIVE,LONDON
CUST000747,MAC000434,STD,ACTIVE,LONDON
CUST000748,MAC000435,STD,ACTIVE,LONDON
CUST000749,MAC000436,STD,ACTIVE,LONDON
CUST000750,MAC005008,STD,ACTIVE,LONDON
CUST000751,MAC005009,STD,ACTIVE,LONDON
CUST000752,MAC005010,STD,ACTIVE,LONDON
CUST000753,MAC005012,STD,ACTIVE,LONDON
CUST000754,MAC005014,STD,ACTIVE,LONDON
CUST000755,MAC005015,STD,ACTIVE,LONDON
CUST000756,MAC005016,STD,ACTIVE,LONDON
CUST000757,MAC005018,STD,ACTIVE,LONDON
CUST000758,MAC005019,STD,ACTIVE,LONDON
CUST000759,MAC005020,STD,ACTIVE,LONDON
CUST000760,MAC005021,STD,ACTIVE,LONDON
CUST000761,MAC005024,STD,ACTIVE,LONDON
CUST000762,MAC005025,STD,ACTIVE,LONDON
CUST000763,MAC005026,STD,ACTIVE,LONDON
CUST000764,MAC005027,STD,ACTIVE,LONDON
CUST000765,MAC005028,STD,ACTIVE,LONDON
CUST000766,MAC005029,STD,ACTIVE,LONDON
CUST000767,MAC005030,STD,ACTIVE,LONDON
CUST000768,MAC005032,STD,ACTIVE,LONDON
CUST000769,MAC005033,STD,ACTIVE,LONDON
CUST000770,MAC005035,STD,ACTIVE,LONDON
CUST000771,MAC005036,STD,ACTIVE,LONDON
CUST000772,MAC005037,STD,ACTIVE,LONDON
CUST000773,MAC005038,STD,ACTIVE,LONDON
CUST000774,MAC005040,STD,ACTIVE,LONDON
CUST000775,MAC005041,STD,ACTIVE,LONDON
CUST000776,MAC005042,STD,ACTIVE,LONDON
CUST000777,MAC005043,STD,ACTIVE,LONDON
CUST000778,MAC005044,STD,ACTIVE,LONDON
CUST000779,MAC005045,STD,ACTIVE,LONDON
CUST000780,MAC005046,STD,ACTIVE,LONDON
CUST000781,MAC005047,STD,ACTIVE,LONDON
CUST000782,MAC005048,STD,ACTIVE,LONDON
CUST000783,MAC005049,STD,ACTIVE,LONDON
CUST000784,MAC005050,STD,ACTIVE,LONDON
CUST000785,MAC005051,STD,ACTIVE,LONDON
CUST000786,MAC005052,STD,ACTIVE,LONDON
CUST000787,MAC005053,STD,ACTIVE,LONDON
CUST000788,MAC005054,STD,ACTIVE,LONDON
CUST000789,MAC005055,STD,ACTIVE,LONDON
CUST000790,MAC005056,STD,ACTIVE,LONDON
CUST000791,MAC005058,STD,ACTIVE,LONDON
CUST000792,MAC005060,STD,ACTIVE,LONDON
CUST000793,MAC005061,STD,ACTIVE,LONDON
CUST000794,MAC005062,STD,ACTIVE,LONDON
CUST000795,MAC005063,STD,ACTIVE,LONDON
CUST000796,MAC005064,STD,ACTIVE,LONDON
CUST000797,MAC005065,STD,ACTIVE,LONDON
CUST000798,MAC005066,STD,ACTIVE,LONDON
CUST000799,MAC005067,STD,ACTIVE,LONDON
CUST000800,MAC005071,STD,ACTIVE,LONDON
CUST000801,MAC005072,STD,ACTIVE,LONDON
CUST000802,MAC005073,STD,ACTIVE,LONDON
CUST000803,MAC005074,STD,ACTIVE,LONDON
CUST000804,MAC005075,STD,ACTIVE,LONDON
CUST000805,MAC005077,STD,ACTIVE,LONDON
CUST000806,MAC005078,STD,ACTIVE,LONDON
CUST000807,MAC005079,STD,ACTIVE,LONDON
CUST000808,MAC005081,STD,ACTIVE,LONDON
CUST000809,MAC005082,STD,ACTIVE,LONDON
CUST000810,MAC005084,STD,ACTIVE,LONDON
CUST000811,MAC005086,STD,ACTIVE,LONDON
CUST000812,MAC005087,STD,ACTIVE,LONDON
CUST000813,MAC005088,STD,ACTIVE,LONDON
CUST000814,MAC005089,STD,ACTIVE,LONDON
CUST000815,MAC005090,STD,ACTIVE,LONDON
CUST000816,MAC005092,STD,ACTIVE,LONDON
CUST000817,MAC005094,STD,ACTIVE,LONDON
CUST000818,MAC005095,STD,ACTIVE,LONDON
CUST000819,MAC005096,STD,ACTIVE,LONDON
CUST000820,MAC005097,STD,ACTIVE,LONDON
CUST000821,MAC005098,STD,ACTIVE,LONDON
CUST000822,MAC005099,STD,ACTIVE,LONDON
CUST000823,MAC005100,STD,ACTIVE,LONDON
CUST000824,MAC005101,STD,ACTIVE,LONDON
CUST000825,MAC005103,STD,ACTIVE,LONDON
CUST000826,MAC005104,STD,ACTIVE,LONDON
CUST000827,MAC005105,STD,ACTIVE,LONDON
CUST000828,MAC005107,STD,ACTIVE,LONDON
CUST000829,MAC005108,STD,ACTIVE,LONDON
CUST000830,MAC005109,STD,ACTIVE,LONDON
CUST000831,MAC005112,STD,ACTIVE,LONDON
CUST000832,MAC005113,STD,ACTIVE,LONDON
CUST000833,MAC005114,STD,ACTIVE,LONDON
CUST000834,MAC005115,STD,ACTIVE,LONDON
CUST000835,MAC005116,STD,ACTIVE,LONDON
CUST000836,MAC005117,STD,ACTIVE,LONDON
CUST000837,MAC005118,STD,ACTIVE,LONDON
CUST000838,MAC005119,STD,ACTIVE,LONDON
CUST000839,MAC005120,STD,ACTIVE,LONDON
CUST000840,MAC005123,STD,ACTIVE,LONDON
CUST000841,MAC005125,STD,ACTIVE,LONDON
CUST000842,MAC005126,STD,ACTIVE,LONDON
CUST000843,MAC005128,STD,ACTIVE,LONDON
CUST000844,MAC005129,STD,ACTIVE,LONDON
CUST000845,MAC005130,STD,ACTIVE,LONDON
CUST000846,MAC005131,STD,ACTIVE,LONDON
CUST000847,MAC005132,STD,ACTIVE,LONDON
CUST000848,MAC005133,STD,ACTIVE,LONDON
CUST000849,MAC005135,STD,ACTIVE,LONDON
CUST000850,MAC005136,STD,ACTIVE,LONDON
CUST000851,MAC005137,STD,ACTIVE,LONDON
CUST000852,MAC005138,STD,ACTIVE,LONDON
CUST000853,MAC005139,STD,ACTIVE,LONDON
CUST000854,MAC005140,STD,ACTIVE,LONDON
CUST000855,MAC005141,STD,ACTIVE,LONDON
CUST000856,MAC005142,STD,ACTIVE,LONDON
CUST000857,MAC005143,STD,ACTIVE,LONDON
CUST000858,MAC005144,STD,ACTIVE,LONDON
CUST000859,MAC005145,STD,ACTIVE,LONDON
CUST000860,MAC005151,STD,ACTIVE,LONDON
CUST000861,MAC005153,STD,ACTIVE,LONDON
CUST000862,MAC005154,STD,ACTIVE,LONDON
CUST000863,MAC005155,STD,ACTIVE,LONDON
CUST000864,MAC005156,STD,ACTIVE,LONDON
CUST000865,MAC005158,STD,ACTIVE,LONDON
CUST000866,MAC005163,STD,ACTIVE,LONDON
CUST000867,MAC005165,STD,ACTIVE,LONDON
CUST000868,MAC005166,STD,ACTIVE,LONDON
CUST000869,MAC005167,STD,ACTIVE,LONDON
CUST000870,MAC005168,STD,ACTIVE,LONDON
CUST000871,MAC005169,STD,ACTIVE,LONDON
CUST000872,MAC005170,STD,ACTIVE,LONDON
CUST000873,MAC005174,STD,ACTIVE,LONDON
CUST000874,MAC005175,STD,ACTIVE,LONDON
CUST000875,MAC005176,STD,ACTIVE,LONDON
CUST000876,MAC005177,STD,ACTIVE,LONDON
CUST000877,MAC005178,STD,ACTIVE,LONDON
CUST000878,MAC005181,STD,ACTIVE,LONDON
CUST000879,MAC005182,STD,ACTIVE,LONDON
CUST000880,MAC005183,STD,ACTIVE,LONDON
CUST000881,MAC005185,STD,ACTIVE,LONDON
CUST000882,MAC005187,STD,ACTIVE,LONDON
CUST000883,MAC005188,STD,ACTIVE,LONDON
CUST000884,MAC005191,STD,ACTIVE,LONDON
CUST000885,MAC005192,STD,ACTIVE,LONDON
CUST000886,MAC005193,STD,ACTIVE,LONDON
CUST000887,MAC005194,STD,ACTIVE,LONDON
CUST000888,MAC005195,STD,ACTIVE,LONDON
CUST000889,MAC005196,STD,ACTIVE,LONDON
CUST000890,MAC005198,STD,ACTIVE,LONDON
CUST000891,MAC005199,STD,ACTIVE,LONDON
CUST000892,MAC005201,STD,ACTIVE,LONDON
CUST000893,MAC005202,STD,ACTIVE,LONDON
CUST000894,MAC005203,STD,ACTIVE,LONDON
CUST000895,MAC005205,STD,ACTIVE,LONDON
CUST000896,MAC005206,STD,ACTIVE,LONDON
CUST000897,MAC005208,STD,ACTIVE,LONDON
CUST000898,MAC005209,STD,ACTIVE,LONDON
CUST000899,MAC005210,STD,ACTIVE,LONDON
CUST000900,MAC005211,STD,ACTIVE,LONDON
CUST000901,MAC005213,STD,ACTIVE,LONDON
CUST000902,MAC005214,STD,ACTIVE,LONDON
CUST000903,MAC005215,STD,ACTIVE,LONDON
CUST000904,MAC005216,STD,ACTIVE,LONDON
CUST000905,MAC005217,STD,ACTIVE,LONDON
CUST000906,MAC005218,STD,ACTIVE,LONDON
CUST000907,MAC005219,STD,ACTIVE,LONDON
CUST000908,MAC005220,STD,ACTIVE,LONDON
CUST000909,MAC005221,STD,ACTIVE,LONDON
CUST000910,MAC005222,STD,ACTIVE,LONDON
CUST000911,MAC005223,STD,ACTIVE,LONDON
CUST000912,MAC005224,STD,ACTIVE,LONDON
CUST000913,MAC005225,STD,ACTIVE,LONDON
CUST000914,MAC005226,STD,ACTIVE,LONDON
CUST000915,MAC005227,STD,ACTIVE,LONDON
CUST000916,MAC005228,STD,ACTIVE,LONDON
CUST000917,MAC005229,STD,ACTIVE,LONDON
CUST000918,MAC005230,STD,ACTIVE,LONDON
CUST000919,MAC005231,STD,ACTIVE,LONDON
CUST000920,MAC005232,STD,ACTIVE,LONDON
CUST000921,MAC005233,STD,ACTIVE,LONDON
CUST000922,MAC005234,STD,ACTIVE,LONDON
CUST000923,MAC005235,STD,ACTIVE,LONDON
CUST000924,MAC005236,STD,ACTIVE,LONDON
CUST000925,MAC005237,STD,ACTIVE,LONDON
CUST000926,MAC005238,STD,ACTIVE,LONDON
CUST000927,MAC005239,STD,ACTIVE,LONDON
CUST000928,MAC005241,STD,ACTIVE,LONDON
CUST000929,MAC005242,STD,ACTIVE,LONDON
CUST000930,MAC005243,STD,ACTIVE,LONDON
CUST000931,MAC005244,STD,ACTIVE,LONDON
CUST000932,MAC005245,STD,ACTIVE,LONDON
CUST000933,MAC005246,STD,ACTIVE,LONDON
CUST000934,MAC005247,STD,ACTIVE,LONDON
CUST000935,MAC005248,STD,ACTIVE,LONDON
CUST000936,MAC005249,STD,ACTIVE,LONDON
CUST000937,MAC005251,STD,ACTIVE,LONDON
CUST000938,MAC005252,STD,ACTIVE,LONDON
CUST000939,MAC005253,STD,ACTIVE,LONDON
CUST000940,MAC005254,STD,ACTIVE,LONDON
CUST000941,MAC005257,STD,ACTIVE,LONDON
CUST000942,MAC005258,STD,ACTIVE,LONDON
CUST000943,MAC005259,STD,ACTIVE,LONDON
CUST000944,MAC005260,STD,ACTIVE,LONDON
CUST000945,MAC005261,STD,ACTIVE,LONDON
CUST000946,MAC005262,STD,ACTIVE,LONDON
CUST000947,MAC005263,STD,ACTIVE,LONDON
CUST000948,MAC005264,STD,ACTIVE,LONDON
CUST000949,MAC005265,STD,ACTIVE,LONDON
CUST000950,MAC005267,STD,ACTIVE,LONDON
CUST000951,MAC005268,STD,ACTIVE,LONDON
CUST000952,MAC005269,STD,ACTIVE,LONDON
CUST000953,MAC005270,STD,ACTIVE,LONDON
CUST000954,MAC005272,STD,ACTIVE,LONDON
CUST000955,MAC005273,STD,ACTIVE,LONDON
CUST000956,MAC005274,STD,ACTIVE,LONDON
CUST000957,MAC005275,STD,ACTIVE,LONDON
CUST000958,MAC005276,STD,ACTIVE,LONDON
CUST000959,MAC005277,STD,ACTIVE,LONDON
CUST000960,MAC005280,STD,ACTIVE,LONDON
CUST000961,MAC005282,STD,ACTIVE,LONDON
CUST000962,MAC005283,STD,ACTIVE,LONDON
CUST000963,MAC005285,STD,ACTIVE,LONDON
CUST000964,MAC005286,STD,ACTIVE,LONDON
CUST000965,MAC005287,STD,ACTIVE,LONDON
CUST000966,MAC005288,STD,ACTIVE,LONDON
CUST000967,MAC005289,STD,ACTIVE,LONDON
CUST000968,MAC005293,STD,ACTIVE,LONDON
CUST000969,MAC005294,STD,ACTIVE,LONDON
CUST000970,MAC005295,STD,ACTIVE,LONDON
CUST000971,MAC005296,STD,ACTIVE,LONDON
CUST000972,MAC005297,STD,ACTIVE,LONDON
CUST000973,MAC005298,STD,ACTIVE,LONDON
CUST000974,MAC005299,STD,ACTIVE,LONDON
CUST000975,MAC005300,STD,ACTIVE,LONDON
CUST000976,MAC005301,STD,ACTIVE,LONDON
CUST000977,MAC005302,STD,ACTIVE,LONDON
CUST000978,MAC005303,STD,ACTIVE,LONDON
CUST000979,MAC005304,STD,ACTIVE,LONDON
CUST000980,MAC005305,STD,ACTIVE,LONDON
CUST000981,MAC005307,STD,ACTIVE,LONDON
CUST000982,MAC005309,STD,ACTIVE,LONDON
CUST000983,MAC005311,STD,ACTIVE,LONDON
CUST000984,MAC005312,STD,ACTIVE,LONDON
CUST000985,MAC005313,STD,ACTIVE,LONDON
CUST000986,MAC005314,STD,ACTIVE,LONDON
CUST000987,MAC005315,STD,ACTIVE,LONDON
CUST000988,MAC005316,STD,ACTIVE,LONDON
CUST000989,MAC005317,STD,ACTIVE,LONDON
CUST000990,MAC005318,STD,ACTIVE,LONDON
CUST000991,MAC005319,STD,ACTIVE,LONDON
CUST000992,MAC005320,STD,ACTIVE,LONDON
CUST000993,MAC005322,STD,ACTIVE,LONDON
CUST000994,MAC005323,STD,ACTIVE,LONDON
CUST000995,MAC005325,STD,ACTIVE,LONDON
CUST000996,MAC005326,STD,ACTIVE,LONDON
CUST000997,MAC005327,STD,ACTIVE,LONDON
CUST000998,MAC005328,STD,ACTIVE,LONDON
CUST000999,MAC005329,STD,ACTIVE,LONDON
CUST001000,MAC005330,STD,ACTIVE,LONDON
CUST001001,MAC005331,STD,ACTIVE,LONDON
CUST001002,MAC005332,STD,ACTIVE,LONDON
CUST001003,MAC005333,STD,ACTIVE,LONDON
CUST001004,MAC005334,STD,ACTIVE,LONDON
CUST001005,MAC005335,STD,ACTIVE,LONDON
CUST001006,MAC005336,STD,ACTIVE,LONDON
CUST001007,MAC005337,STD,ACTIVE,LONDON
CUST001008,MAC005338,STD,ACTIVE,LONDON
CUST001009,MAC005339,STD,ACTIVE,LONDON
CUST001010,MAC005340,STD,ACTIVE,LONDON
CUST001011,MAC005343,STD,ACTIVE,LONDON
CUST001012,MAC005344,STD,ACTIVE,LONDON
CUST001013,MAC005345,STD,ACTIVE,LONDON
CUST001014,MAC005346,STD,ACTIVE,LONDON
CUST001015,MAC005348,STD,ACTIVE,LONDON
CUST001016,MAC005350,STD,ACTIVE,LONDON
CUST001017,MAC005351,STD,ACTIVE,LONDON
CUST001018,MAC005353,STD,ACTIVE,LONDON
CUST001019,MAC005355,STD,ACTIVE,LONDON
CUST001020,MAC005356,STD,ACTIVE,LONDON
CUST001021,MAC005357,STD,ACTIVE,LONDON
CUST001022,MAC005358,STD,ACTIVE,LONDON
CUST001023,MAC005360,STD,ACTIVE,LONDON
CUST001024,MAC005361,STD,ACTIVE,LONDON
CUST001025,MAC005362,STD,ACTIVE,LONDON
CUST001026,MAC005363,STD,ACTIVE,LONDON
CUST001027,MAC005364,STD,ACTIVE,LONDON
CUST001028,MAC005365,STD,ACTIVE,LONDON
CUST001029,MAC005366,STD,ACTIVE,LONDON
CUST001030,MAC005367,STD,ACTIVE,LONDON
CUST001031,MAC005369,STD,ACTIVE,LONDON
CUST001032,MAC005370,STD,ACTIVE,LONDON
CUST001033,MAC005371,STD,ACTIVE,LONDON
CUST001034,MAC005372,STD,ACTIVE,LONDON
CUST001035,MAC005373,STD,ACTIVE,LONDON
CUST001036,MAC005374,STD,ACTIVE,LONDON
CUST001037,MAC005375,STD,ACTIVE,LONDON
CUST001038,MAC005376,STD,ACTIVE,LONDON
CUST001039,MAC005377,STD,ACTIVE,LONDON
CUST001040,MAC005378,STD,ACTIVE,LONDON
CUST001041,MAC005379,STD,ACTIVE,LONDON
CUST001042,MAC005380,STD,ACTIVE,LONDON
CUST001043,MAC005381,STD,ACTIVE,LONDON
CUST001044,MAC005382,STD,ACTIVE,LONDON
CUST001045,MAC005383,STD,ACTIVE,LONDON
CUST001046,MAC005385,STD,ACTIVE,LONDON
CUST001047,MAC005386,STD,ACTIVE,LONDON
CUST001048,MAC005387,STD,ACTIVE,LONDON
CUST001049,MAC005388,STD,ACTIVE,LONDON
CUST001050,MAC005389,STD,ACTIVE,LONDON
CUST001051,MAC005390,STD,ACTIVE,LONDON
CUST001052,MAC005391,STD,ACTIVE,LONDON
CUST001053,MAC005392,STD,ACTIVE,LONDON
CUST001054,MAC000437,STD,ACTIVE,LONDON
CUST001055,MAC000438,STD,ACTIVE,LONDON
CUST001056,MAC000440,STD,ACTIVE,LONDON
CUST001057,MAC000441,STD,ACTIVE,LONDON
CUST001058,MAC000442,STD,ACTIVE,LONDON
CUST001059,MAC000443,STD,ACTIVE,LONDON
CUST001060,MAC000444,STD,ACTIVE,LONDON
CUST001061,MAC000445,STD,ACTIVE,LONDON
CUST001062,MAC000446,STD,ACTIVE,LONDON
CUST001063,MAC000448,STD,ACTIVE,LONDON
CUST001064,MAC000449,STD,ACTIVE,LONDON
CUST001065,MAC000450,STD,ACTIVE,LONDON
CUST001066,MAC000452,STD,ACTIVE,LONDON
CUST001067,MAC000453,STD,ACTIVE,LONDON
CUST001068,MAC000454,STD,ACTIVE,LONDON
CUST001069,MAC000455,STD,ACTIVE,LONDON
CUST001070,MAC000457,STD,ACTIVE,LONDON
CUST001071,MAC000458,STD,ACTIVE,LONDON
CUST001072,MAC000459,STD,ACTIVE,LONDON
CUST001073,MAC000460,STD,ACTIVE,LONDON
CUST001074,MAC000462,STD,ACTIVE,LONDON
CUST001075,MAC000463,STD,ACTIVE,LONDON
CUST001076,MAC000466,STD,ACTIVE,LONDON
CUST001077,MAC000468,STD,ACTIVE,LONDON
CUST001078,MAC000469,STD,ACTIVE,LONDON
CUST001079,MAC000471,STD,ACTIVE,LONDON
CUST001080,MAC000472,STD,ACTIVE,LONDON
CUST001081,MAC000473,STD,ACTIVE,LONDON
CUST001082,MAC000474,STD,ACTIVE,LONDON
CUST001083,MAC000476,STD,ACTIVE,LONDON
CUST001084,MAC000477,STD,ACTIVE,LONDON
CUST001085,MAC000479,STD,ACTIVE,LONDON
CUST001086,MAC005393,STD,ACTIVE,LONDON
CUST001087,MAC005394,STD,ACTIVE,LONDON
CUST001088,MAC005397,STD,ACTIVE,LONDON
CUST001089,MAC005398,STD,ACTIVE,LONDON
CUST001090,MAC005399,STD,ACTIVE,LONDON
CUST001091,MAC005400,STD,ACTIVE,LONDON
CUST001092,MAC005402,STD,ACTIVE,LONDON
CUST001093,MAC005403,STD,ACTIVE,LONDON
CUST001094,MAC005404,STD,ACTIVE,LONDON
CUST001095,MAC005405,STD,ACTIVE,LONDON
CUST001096,MAC005406,STD,ACTIVE,LONDON
CUST001097,MAC005407,STD,ACTIVE,LONDON
CUST001098,MAC005408,STD,ACTIVE,LONDON
CUST001099,MAC005409,STD,ACTIVE,LONDON
CUST001100,MAC005410,STD,ACTIVE,LONDON
CUST001101,MAC005411,STD,ACTIVE,LONDON
CUST001102,MAC005412,STD,ACTIVE,LONDON
CUST001103,MAC005414,STD,ACTIVE,LONDON
CUST001104,MAC005415,STD,ACTIVE,LONDON
CUST001105,MAC005416,STD,ACTIVE,LONDON
CUST001106,MAC005417,STD,ACTIVE,LONDON
CUST001107,MAC005418,STD,ACTIVE,LONDON
CUST001108,MAC005419,STD,ACTIVE,LONDON
CUST001109,MAC005420,STD,ACTIVE,LONDON
CUST001110,MAC005421,STD,ACTIVE,LONDON
CUST001111,MAC005422,STD,ACTIVE,LONDON
CUST001112,MAC005423,STD,ACTIVE,LONDON
CUST001113,MAC005424,STD,ACTIVE,LONDON
CUST001114,MAC005425,STD,ACTIVE,LONDON
CUST001115,MAC005426,STD,ACTIVE,LONDON
CUST001116,MAC005428,STD,ACTIVE,LONDON
CUST001117,MAC005430,STD,ACTIVE,LONDON
CUST001118,MAC005431,STD,ACTIVE,LONDON
CUST001119,MAC005433,STD,ACTIVE,LONDON
CUST001120,MAC005435,STD,ACTIVE,LONDON
CUST001121,MAC005436,STD,ACTIVE,LONDON
CUST001122,MAC005437,STD,ACTIVE,LONDON
CUST001123,MAC005438,STD,ACTIVE,LONDON
CUST001124,MAC005439,STD,ACTIVE,LONDON
CUST001125,MAC005440,STD,ACTIVE,LONDON
CUST001126,MAC005441,STD,ACTIVE,LONDON
CUST001127,MAC005442,STD,ACTIVE,LONDON
CUST001128,MAC005443,STD,ACTIVE,LONDON
CUST001129,MAC005444,STD,ACTIVE,LONDON
CUST001130,MAC005446,STD,ACTIVE,LONDON
CUST001131,MAC005447,STD,ACTIVE,LONDON
CUST001132,MAC005450,STD,ACTIVE,LONDON
CUST001133,MAC005451,STD,ACTIVE,LONDON
CUST001134,MAC005452,STD,ACTIVE,LONDON
CUST001135,MAC005453,STD,ACTIVE,LONDON
CUST001136,MAC005454,STD,ACTIVE,LONDON
CUST001137,MAC005455,STD,ACTIVE,LONDON
CUST001138,MAC005456,STD,ACTIVE,LONDON
CUST001139,MAC005457,STD,ACTIVE,LONDON
CUST001140,MAC005458,STD,ACTIVE,LONDON
CUST001141,MAC005459,STD,ACTIVE,LONDON
CUST001142,MAC005460,STD,ACTIVE,LONDON
CUST001143,MAC005461,STD,ACTIVE,LONDON
CUST001144,MAC005462,STD,ACTIVE,LONDON
CUST001145,MAC005463,STD,ACTIVE,LONDON
CUST001146,MAC005464,STD,ACTIVE,LONDON
CUST001147,MAC005466,STD,ACTIVE,LONDON
CUST001148,MAC005467,STD,ACTIVE,LONDON
CUST001149,MAC005468,STD,ACTIVE,LONDON
CUST001150,MAC005469,STD,ACTIVE,LONDON
CUST001151,MAC005471,STD,ACTIVE,LONDON
CUST001152,MAC005472,STD,ACTIVE,LONDON
CUST001153,MAC005475,STD,ACTIVE,LONDON
CUST001154,MAC005476,STD,ACTIVE,LONDON
CUST001155,MAC005478,STD,ACTIVE,LONDON
CUST001156,MAC005479,STD,ACTIVE,LONDON
CUST001157,MAC005480,STD,ACTIVE,LONDON
CUST001158,MAC005481,STD,ACTIVE,LONDON
CUST001159,MAC005483,STD,ACTIVE,LONDON
CUST001160,MAC005484,STD,ACTIVE,LONDON
CUST001161,MAC005485,STD,ACTIVE,LONDON
CUST001162,MAC005486,STD,ACTIVE,LONDON
CUST001163,MAC005487,STD,ACTIVE,LONDON
CUST001164,MAC005490,STD,ACTIVE,LONDON
CUST001165,MAC005491,STD,ACTIVE,LONDON
CUST001166,MAC005493,STD,ACTIVE,LONDON
CUST001167,MAC005494,STD,ACTIVE,LONDON
CUST001168,MAC005496,STD,ACTIVE,LONDON
CUST001169,MAC005497,STD,ACTIVE,LONDON
CUST001170,MAC005499,STD,ACTIVE,LONDON
CUST001171,MAC005500,STD,ACTIVE,LONDON
CUST001172,MAC005501,STD,ACTIVE,LONDON
CUST001173,MAC005502,STD,ACTIVE,LONDON
CUST001174,MAC005503,STD,ACTIVE,LONDON
CUST001175,MAC005504,STD,ACTIVE,LONDON
CUST001176,MAC005505,STD,ACTIVE,LONDON
CUST001177,MAC005506,STD,ACTIVE,LONDON
CUST001178,MAC005509,STD,ACTIVE,LONDON
CUST001179,MAC005511,STD,ACTIVE,LONDON
CUST001180,MAC005512,STD,ACTIVE,LONDON
CUST001181,MAC005513,STD,ACTIVE,LONDON
CUST001182,MAC005517,STD,ACTIVE,LONDON
CUST001183,MAC005518,STD,ACTIVE,LONDON
CUST001184,MAC005519,STD,ACTIVE,LONDON
CUST001185,MAC005520,STD,ACTIVE,LONDON
CUST001186,MAC005521,STD,ACTIVE,LONDON
CUST001187,MAC005523,STD,ACTIVE,LONDON
CUST001188,MAC005525,STD,ACTIVE,LONDON
CUST001189,MAC005526,STD,ACTIVE,LONDON
CUST001190,MAC005527,STD,ACTIVE,LONDON
CUST001191,MAC005528,STD,ACTIVE,LONDON
CUST001192,MAC005530,STD,ACTIVE,LONDON
CUST001193,MAC005531,STD,ACTIVE,LONDON
CUST001194,MAC005532,STD,ACTIVE,LONDON
CUST001195,MAC005534,STD,ACTIVE,LONDON
CUST001196,MAC005539,STD,ACTIVE,LONDON
CUST001197,MAC005540,STD,ACTIVE,LONDON
CUST001198,MAC005542,STD,ACTIVE,LONDON
CUST001199,MAC005543,STD,ACTIVE,LONDON
CUST001200,MAC005544,STD,ACTIVE,LONDON
CUST001201,MAC005545,STD,ACTIVE,LONDON
CUST001202,MAC005546,STD,ACTIVE,LONDON
CUST001203,MAC005547,STD,ACTIVE,LONDON
CUST001204,MAC005548,STD,ACTIVE,LONDON
CUST001205,MAC005552,STD,ACTIVE,LONDON
CUST001206,MAC005553,STD,ACTIVE,LONDON
CUST001207,MAC005554,STD,ACTIVE,LONDON
CUST001208,MAC005555,STD,ACTIVE,LONDON
CUST001209,MAC005556,STD,ACTIVE,LONDON
CUST001210,MAC005558,STD,ACTIVE,LONDON
CUST001211,MAC005559,STD,ACTIVE,LONDON
CUST001212,MAC005560,STD,ACTIVE,LONDON
CUST001213,MAC005561,STD,ACTIVE,LONDON
CUST001214,MAC005562,STD,ACTIVE,LONDON
CUST001215,MAC005563,STD,ACTIVE,LONDON
CUST001216,MAC005566,STD,ACTIVE,LONDON
CUST001217,MAC005567,STD,ACTIVE,LONDON
CUST001218,MAC000005,TOU,ACTIVE,LONDON
CUST001219,MAC000014,TOU,ACTIVE,LONDON
CUST001220,MAC000015,TOU,ACTIVE,LONDON
CUST001221,MAC000017,TOU,ACTIVE,LONDON
CUST001222,MAC000031,TOU,ACTIVE,LONDON
CUST001223,MAC000044,TOU,ACTIVE,LONDON
CUST001224,MAC000046,TOU,ACTIVE,LONDON
CUST001225,MAC000048,TOU,ACTIVE,LONDON
CUST001226,MAC000051,TOU,ACTIVE,LONDON
CUST001227,MAC000052,TOU,ACTIVE,LONDON
CUST001228,MAC000064,TOU,ACTIVE,LONDON
CUST001229,MAC000065,TOU,ACTIVE,LONDON
CUST001230,MAC000071,TOU,ACTIVE,LONDON
CUST001231,MAC000075,TOU,ACTIVE,LONDON
CUST001232,MAC000076,TOU,ACTIVE,LONDON
CUST001233,MAC000082,TOU,ACTIVE,LONDON
CUST001234,MAC000088,TOU,ACTIVE,LONDON
CUST001235,MAC000106,TOU,ACTIVE,LONDON
CUST001236,MAC000107,TOU,ACTIVE,LONDON
CUST001237,MAC000109,TOU,ACTIVE,LONDON
CUST001238,MAC000124,TOU,ACTIVE,LONDON
CUST001239,MAC000139,TOU,ACTIVE,LONDON
CUST001240,MAC000141,TOU,ACTIVE,LONDON
CUST001241,MAC000146,TOU,ACTIVE,LONDON
CUST001242,MAC000147,TOU,ACTIVE,LONDON
CUST001243,MAC000158,TOU,ACTIVE,LONDON
CUST001244,MAC000165,TOU,ACTIVE,LONDON
CUST001245,MAC000170,TOU,ACTIVE,LONDON
CUST001246,MAC000173,TOU,ACTIVE,LONDON
CUST001247,MAC000186,TOU,ACTIVE,LONDON
CUST001248,MAC000187,TOU,ACTIVE,LONDON
CUST001249,MAC000193,TOU,ACTIVE,LONDON
CUST001250,MAC000194,TOU,ACTIVE,LONDON
CUST001251,MAC000195,TOU,ACTIVE,LONDON
CUST001252,MAC000198,TOU,ACTIVE,LONDON
CUST001253,MAC000219,TOU,ACTIVE,LONDON
CUST001254,MAC000236,TOU,ACTIVE,LONDON
CUST001255,MAC000247,TOU,ACTIVE,LONDON
CUST001256,MAC000257,TOU,ACTIVE,LONDON
CUST001257,MAC000259,TOU,ACTIVE,LONDON
CUST001258,MAC000261,TOU,ACTIVE,LONDON
CUST001259,MAC000265,TOU,ACTIVE,LONDON
CUST001260,MAC000266,TOU,ACTIVE,LONDON
CUST001261,MAC000278,TOU,ACTIVE,LONDON
CUST001262,MAC000286,TOU,ACTIVE,LONDON
CUST001263,MAC000288,TOU,ACTIVE,LONDON
CUST001264,MAC000290,TOU,ACTIVE,LONDON
CUST001265,MAC000292,TOU,ACTIVE,LONDON
CUST001266,MAC000293,TOU,ACTIVE,LONDON
CUST001267,MAC000298,TOU,ACTIVE,LONDON
CUST001268,MAC000303,TOU,ACTIVE,LONDON
CUST001269,MAC000328,TOU,ACTIVE,LONDON
CUST001270,MAC000336,TOU,ACTIVE,LONDON
CUST001271,MAC000339,TOU,ACTIVE,LONDON
CUST001272,MAC000342,TOU,ACTIVE,LONDON
CUST001273,MAC000344,TOU,ACTIVE,LONDON
CUST001274,MAC000352,TOU,ACTIVE,LONDON
CUST001275,MAC000354,TOU,ACTIVE,LONDON
CUST001276,MAC000366,TOU,ACTIVE,LONDON
CUST001277,MAC000369,TOU,ACTIVE,LONDON
CUST001278,MAC000383,TOU,ACTIVE,LONDON
CUST001279,MAC000384,TOU,ACTIVE,LONDON
CUST001280,MAC000392,TOU,ACTIVE,LONDON
CUST001281,MAC000395,TOU,ACTIVE,LONDON
CUST001282,MAC000401,TOU,ACTIVE,LONDON
CUST001283,MAC000402,TOU,ACTIVE,LONDON
CUST001284,MAC000406,TOU,ACTIVE,LONDON
CUST001285,MAC000408,TOU,ACTIVE,LONDON
CUST001286,MAC000418,TOU,ACTIVE,LONDON
CUST001287,MAC000421,TOU,ACTIVE,LONDON
CUST001288,MAC000433,TOU,ACTIVE,LONDON
CUST001289,MAC000439,TOU,ACTIVE,LONDON
CUST001290,MAC000447,TOU,ACTIVE,LONDON
CUST001291,MAC000451,TOU,ACTIVE,LONDON
CUST001292,MAC000456,TOU,ACTIVE,LONDON
CUST001293,MAC000461,TOU,ACTIVE,LONDON
CUST001294,MAC000464,TOU,ACTIVE,LONDON
CUST001295,MAC000465,TOU,ACTIVE,LONDON
CUST001296,MAC000467,TOU,ACTIVE,LONDON
CUST001297,MAC000470,TOU,ACTIVE,LONDON
CUST001298,MAC000475,TOU,ACTIVE,LONDON
CUST001299,MAC000478,TOU,ACTIVE,LONDON
CUST001300,MAC000487,TOU,ACTIVE,LONDON
CUST001301,MAC000494,TOU,ACTIVE,LONDON
CUST001302,MAC000497,TOU,ACTIVE,LONDON
CUST001303,MAC000500,TOU,ACTIVE,LONDON
CUST001304,MAC000512,TOU,ACTIVE,LONDON
CUST001305,MAC000521,TOU,ACTIVE,LONDON
CUST001306,MAC000523,TOU,ACTIVE,LONDON
CUST001307,MAC000525,TOU,ACTIVE,LONDON
CUST001308,MAC000529,TOU,ACTIVE,LONDON
CUST001309,MAC000537,TOU,ACTIVE,LONDON
CUST001310,MAC000544,TOU,ACTIVE,LONDON
CUST001311,MAC000549,TOU,ACTIVE,LONDON
CUST001312,MAC000561,TOU,ACTIVE,LONDON
CUST001313,MAC000565,TOU,ACTIVE,LONDON
CUST001314,MAC000582,TOU,ACTIVE,LONDON
CUST001315,MAC000583,TOU,ACTIVE,LONDON
CUST001316,MAC000584,TOU,ACTIVE,LONDON
CUST001317,MAC000586,TOU,ACTIVE,LONDON
CUST001318,MAC000587,TOU,ACTIVE,LONDON
CUST001319,MAC000590,TOU,ACTIVE,LONDON
CUST001320,MAC000593,TOU,ACTIVE,LONDON
CUST001321,MAC000595,TOU,ACTIVE,LONDON
CUST001322,MAC000598,TOU,ACTIVE,LONDON
CUST001323,MAC000605,TOU,ACTIVE,LONDON
CUST001324,MAC000609,TOU,ACTIVE,LONDON
CUST001325,MAC000611,TOU,ACTIVE,LONDON
CUST001326,MAC000617,TOU,ACTIVE,LONDON
CUST001327,MAC000620,TOU,ACTIVE,LONDON
CUST001328,MAC000628,TOU,ACTIVE,LONDON
CUST001329,MAC000633,TOU,ACTIVE,LONDON
CUST001330,MAC000635,TOU,ACTIVE,LONDON
CUST001331,MAC000640,TOU,ACTIVE,LONDON
CUST001332,MAC000641,TOU,ACTIVE,LONDON
CUST001333,MAC000653,TOU,ACTIVE,LONDON
CUST001334,MAC000665,TOU,ACTIVE,LONDON
CUST001335,MAC000666,TOU,ACTIVE,LONDON
CUST001336,MAC000672,TOU,ACTIVE,LONDON
CUST001337,MAC000673,TOU,ACTIVE,LONDON
CUST001338,MAC000680,TOU,ACTIVE,LONDON
CUST001339,MAC000681,TOU,ACTIVE,LONDON
CUST001340,MAC000683,TOU,ACTIVE,LONDON
CUST001341,MAC000687,TOU,ACTIVE,LONDON
CUST001342,MAC000688,TOU,ACTIVE,LONDON
CUST001343,MAC000704,TOU,ACTIVE,LONDON
CUST001344,MAC000708,TOU,ACTIVE,LONDON
CUST001345,MAC000709,TOU,ACTIVE,LONDON
CUST001346,MAC000710,TOU,ACTIVE,LONDON
CUST001347,MAC000716,TOU,ACTIVE,LONDON
CUST001348,MAC000719,TOU,ACTIVE,LONDON
CUST001349,MAC000722,TOU,ACTIVE,LONDON
CUST001350,MAC000725,TOU,ACTIVE,LONDON
CUST001351,MAC000728,TOU,ACTIVE,LONDON
CUST001352,MAC000738,TOU,ACTIVE,LONDON
CUST001353,MAC000739,TOU,ACTIVE,LONDON
CUST001354,MAC000751,TOU,ACTIVE,LONDON
CUST001355,MAC000754,TOU,ACTIVE,LONDON
CUST001356,MAC000755,TOU,ACTIVE,LONDON
CUST001357,MAC000759,TOU,ACTIVE,LONDON
CUST001358,MAC000766,TOU,ACTIVE,LONDON
CUST001359,MAC000772,TOU,ACTIVE,LONDON
CUST001360,MAC000775,TOU,ACTIVE,LONDON
CUST001361,MAC000785,TOU,ACTIVE,LONDON
CUST001362,MAC000789,TOU,ACTIVE,LONDON
CUST001363,MAC000791,TOU,ACTIVE,LONDON
CUST001364,MAC000797,TOU,ACTIVE,LONDON
CUST001365,MAC000801,TOU,ACTIVE,LONDON
CUST001366,MAC000803,TOU,ACTIVE,LONDON
CUST001367,MAC000805,TOU,ACTIVE,LONDON
CUST001368,MAC000810,TOU,ACTIVE,LONDON
CUST001369,MAC000814,TOU,ACTIVE,LONDON
CUST001370,MAC000817,TOU,ACTIVE,LONDON
CUST001371,MAC000819,TOU,ACTIVE,LONDON
CUST001372,MAC000821,TOU,ACTIVE,LONDON
CUST001373,MAC000822,TOU,ACTIVE,LONDON
CUST001374,MAC000828,TOU,ACTIVE,LONDON
CUST001375,MAC000830,TOU,ACTIVE,LONDON
CUST001376,MAC000834,TOU,ACTIVE,LONDON
CUST001377,MAC000841,TOU,ACTIVE,LONDON
CUST001378,MAC000845,TOU,ACTIVE,LONDON
CUST001379,MAC000847,TOU,ACTIVE,LONDON
CUST001380,MAC000851,TOU,ACTIVE,LONDON
CUST001381,MAC000857,TOU,ACTIVE,LONDON
CUST001382,MAC000859,TOU,ACTIVE,LONDON
CUST001383,MAC000868,TOU,ACTIVE,LONDON
CUST001384,MAC000877,TOU,ACTIVE,LONDON
CUST001385,MAC000878,TOU,ACTIVE,LONDON
CUST001386,MAC000879,TOU,ACTIVE,LONDON
CUST001387,MAC000884,TOU,ACTIVE,LONDON
CUST001388,MAC000887,TOU,ACTIVE,LONDON
CUST001389,MAC000895,TOU,ACTIVE,LONDON
CUST001390,MAC000898,TOU,ACTIVE,LONDON
CUST001391,MAC000901,TOU,ACTIVE,LONDON
CUST001392,MAC000480,STD,ACTIVE,LONDON
CUST001393,MAC000481,STD,ACTIVE,LONDON
CUST001394,MAC000482,STD,ACTIVE,LONDON
CUST001395,MAC000483,STD,ACTIVE,LONDON
CUST001396,MAC000484,STD,ACTIVE,LONDON
CUST001397,MAC000485,STD,ACTIVE,LONDON
CUST001398,MAC000486,STD,ACTIVE,LONDON
CUST001399,MAC000488,STD,ACTIVE,LONDON
CUST001400,MAC000489,STD,ACTIVE,LONDON
CUST001401,MAC000490,STD,ACTIVE,LONDON
CUST001402,MAC000491,STD,ACTIVE,LONDON
CUST001403,MAC000492,STD,ACTIVE,LONDON
CUST001404,MAC000493,STD,ACTIVE,LONDON
CUST001405,MAC000495,STD,ACTIVE,LONDON
CUST001406,MAC000496,STD,ACTIVE,LONDON
CUST001407,MAC000498,STD,ACTIVE,LONDON
CUST001408,MAC000499,STD,ACTIVE,LONDON
CUST001409,MAC000501,STD,ACTIVE,LONDON
CUST001410,MAC000502,STD,ACTIVE,LONDON
CUST001411,MAC000503,STD,ACTIVE,LONDON
CUST001412,MAC000504,STD,ACTIVE,LONDON
CUST001413,MAC000505,STD,ACTIVE,LONDON
CUST001414,MAC000506,STD,ACTIVE,LONDON
CUST001415,MAC000507,STD,ACTIVE,LONDON
CUST001416,MAC000508,STD,ACTIVE,LONDON
CUST001417,MAC000509,STD,ACTIVE,LONDON
CUST001418,MAC000510,STD,ACTIVE,LONDON
CUST001419,MAC000511,STD,ACTIVE,LONDON
CUST001420,MAC000513,STD,ACTIVE,LONDON
CUST001421,MAC000514,STD,ACTIVE,LONDON
CUST001422,MAC000515,STD,ACTIVE,LONDON
CUST001423,MAC000910,TOU,ACTIVE,LONDON
CUST001424,MAC000913,TOU,ACTIVE,LONDON
CUST001425,MAC000924,TOU,ACTIVE,LONDON
CUST001426,MAC000931,TOU,ACTIVE,LONDON
CUST001427,MAC000932,TOU,ACTIVE,LONDON
CUST001428,MAC000935,TOU,ACTIVE,LONDON
CUST001429,MAC000937,TOU,ACTIVE,LONDON
CUST001430,MAC000938,TOU,ACTIVE,LONDON
CUST001431,MAC000939,TOU,ACTIVE,LONDON
CUST001432,MAC000942,TOU,ACTIVE,LONDON
CUST001433,MAC000943,TOU,ACTIVE,LONDON
CUST001434,MAC000944,TOU,ACTIVE,LONDON
CUST001435,MAC000945,TOU,ACTIVE,LONDON
CUST001436,MAC000946,TOU,ACTIVE,LONDON
CUST001437,MAC000961,TOU,ACTIVE,LONDON
CUST001438,MAC000965,TOU,ACTIVE,LONDON
CUST001439,MAC000976,TOU,ACTIVE,LONDON
CUST001440,MAC000982,TOU,ACTIVE,LONDON
CUST001441,MAC000985,TOU,ACTIVE,LONDON
CUST001442,MAC000991,TOU,ACTIVE,LONDON
CUST001443,MAC000993,TOU,ACTIVE,LONDON
CUST001444,MAC000994,TOU,ACTIVE,LONDON
CUST001445,MAC000999,TOU,ACTIVE,LONDON
CUST001446,MAC001004,TOU,ACTIVE,LONDON
CUST001447,MAC001012,TOU,ACTIVE,LONDON
CUST001448,MAC001013,TOU,ACTIVE,LONDON
CUST001449,MAC001014,TOU,ACTIVE,LONDON
CUST001450,MAC001015,TOU,ACTIVE,LONDON
CUST001451,MAC001016,TOU,ACTIVE,LONDON
CUST001452,MAC001023,TOU,ACTIVE,LONDON
CUST001453,MAC001024,TOU,ACTIVE,LONDON
CUST001454,MAC001025,TOU,ACTIVE,LONDON
CUST001455,MAC001030,TOU,ACTIVE,LONDON
CUST001456,MAC001033,TOU,ACTIVE,LONDON
CUST001457,MAC001034,TOU,ACTIVE,LONDON
CUST001458,MAC001057,TOU,ACTIVE,LONDON
CUST001459,MAC001064,TOU,ACTIVE,LONDON
CUST001460,MAC001074,TOU,ACTIVE,LONDON
CUST001461,MAC001075,TOU,ACTIVE,LONDON
CUST001462,MAC001087,TOU,ACTIVE,LONDON
CUST001463,MAC001091,TOU,ACTIVE,LONDON
CUST001464,MAC001092,TOU,ACTIVE,LONDON
CUST001465,MAC001096,TOU,ACTIVE,LONDON
CUST001466,MAC001097,TOU,ACTIVE,LONDON
CUST001467,MAC001102,TOU,ACTIVE,LONDON
CUST001468,MAC001103,TOU,ACTIVE,LONDON
CUST001469,MAC001105,TOU,ACTIVE,LONDON
CUST001470,MAC001107,TOU,ACTIVE,LONDON
CUST001471,MAC001108,TOU,ACTIVE,LONDON
CUST001472,MAC001110,TOU,ACTIVE,LONDON
CUST001473,MAC001116,TOU,ACTIVE,LONDON
CUST001474,MAC001118,TOU,ACTIVE,LONDON
CUST001475,MAC001129,TOU,ACTIVE,LONDON
CUST001476,MAC001132,TOU,ACTIVE,LONDON
CUST001477,MAC001133,TOU,ACTIVE,LONDON
CUST001478,MAC001136,TOU,ACTIVE,LONDON
CUST001479,MAC001141,TOU,ACTIVE,LONDON
CUST001480,MAC001142,TOU,ACTIVE,LONDON
CUST001481,MAC001143,TOU,ACTIVE,LONDON
CUST001482,MAC001147,TOU,ACTIVE,LONDON
CUST001483,MAC001156,TOU,ACTIVE,LONDON
CUST001484,MAC001165,TOU,ACTIVE,LONDON
CUST001485,MAC001166,TOU,ACTIVE,LONDON
CUST001486,MAC001169,TOU,ACTIVE,LONDON
CUST001487,MAC001179,TOU,ACTIVE,LONDON
CUST001488,MAC001182,TOU,ACTIVE,LONDON
CUST001489,MAC001202,TOU,ACTIVE,LONDON
CUST001490,MAC001206,TOU,ACTIVE,LONDON
CUST001491,MAC001209,TOU,ACTIVE,LONDON
CUST001492,MAC001219,TOU,ACTIVE,LONDON
CUST001493,MAC001222,TOU,ACTIVE,LONDON
CUST001494,MAC001228,TOU,ACTIVE,LONDON
CUST001495,MAC001232,TOU,ACTIVE,LONDON
CUST001496,MAC001245,TOU,ACTIVE,LONDON
CUST001497,MAC001246,TOU,ACTIVE,LONDON
CUST001498,MAC001254,TOU,ACTIVE,LONDON
CUST001499,MAC001264,TOU,ACTIVE,LONDON
CUST001500,MAC001270,TOU,ACTIVE,LONDON
CUST001501,MAC001274,TOU,ACTIVE,LONDON
CUST001502,MAC001279,TOU,ACTIVE,LONDON
CUST001503,MAC001281,TOU,ACTIVE,LONDON
CUST001504,MAC001285,TOU,ACTIVE,LONDON
CUST001505,MAC001290,TOU,ACTIVE,LONDON
CUST001506,MAC001297,TOU,ACTIVE,LONDON
CUST001507,MAC001299,TOU,ACTIVE,LONDON
CUST001508,MAC001303,TOU,ACTIVE,LONDON
CUST001509,MAC001305,TOU,ACTIVE,LONDON
CUST001510,MAC001318,TOU,ACTIVE,LONDON
CUST001511,MAC001319,TOU,ACTIVE,LONDON
CUST001512,MAC001322,TOU,ACTIVE,LONDON
CUST001513,MAC001335,TOU,ACTIVE,LONDON
CUST001514,MAC001336,TOU,ACTIVE,LONDON
CUST001515,MAC001343,TOU,ACTIVE,LONDON
CUST001516,MAC001351,TOU,ACTIVE,LONDON
CUST001517,MAC001352,TOU,ACTIVE,LONDON
CUST001518,MAC001360,TOU,ACTIVE,LONDON
CUST001519,MAC001364,TOU,ACTIVE,LONDON
CUST001520,MAC001366,TOU,ACTIVE,LONDON
CUST001521,MAC001369,TOU,ACTIVE,LONDON
CUST001522,MAC001372,TOU,ACTIVE,LONDON
CUST001523,MAC001383,TOU,ACTIVE,LONDON
CUST001524,MAC001386,TOU,ACTIVE,LONDON
CUST001525,MAC001402,TOU,ACTIVE,LONDON
CUST001526,MAC001405,TOU,ACTIVE,LONDON
CUST001527,MAC001407,TOU,ACTIVE,LONDON
CUST001528,MAC001410,TOU,ACTIVE,LONDON
CUST001529,MAC001413,TOU,ACTIVE,LONDON
CUST001530,MAC001414,TOU,ACTIVE,LONDON
CUST001531,MAC001417,TOU,ACTIVE,LONDON
CUST001532,MAC001420,TOU,ACTIVE,LONDON
CUST001533,MAC001421,TOU,ACTIVE,LONDON
CUST001534,MAC001429,TOU,ACTIVE,LONDON
CUST001535,MAC001431,TOU,ACTIVE,LONDON
CUST001536,MAC001435,TOU,ACTIVE,LONDON
CUST001537,MAC001437,TOU,ACTIVE,LONDON
CUST001538,MAC001440,TOU,ACTIVE,LONDON
CUST001539,MAC001447,TOU,ACTIVE,LONDON
CUST001540,MAC001449,TOU,ACTIVE,LONDON
CUST001541,MAC001466,TOU,ACTIVE,LONDON
CUST001542,MAC001470,TOU,ACTIVE,LONDON
CUST001543,MAC001471,TOU,ACTIVE,LONDON
CUST001544,MAC001475,TOU,ACTIVE,LONDON
CUST001545,MAC001477,TOU,ACTIVE,LONDON
CUST001546,MAC001480,TOU,ACTIVE,LONDON
CUST001547,MAC001482,TOU,ACTIVE,LONDON
CUST001548,MAC001487,TOU,ACTIVE,LONDON
CUST001549,MAC001495,TOU,ACTIVE,LONDON
CUST001550,MAC001505,TOU,ACTIVE,LONDON
CUST001551,MAC001508,TOU,ACTIVE,LONDON
CUST001552,MAC001509,TOU,ACTIVE,LONDON
CUST001553,MAC001512,TOU,ACTIVE,LONDON
CUST001554,MAC001529,TOU,ACTIVE,LONDON
CUST001555,MAC001536,TOU,ACTIVE,LONDON
CUST001556,MAC001538,TOU,ACTIVE,LONDON
CUST001557,MAC001542,TOU,ACTIVE,LONDON
CUST001558,MAC001547,TOU,ACTIVE,LONDON
CUST001559,MAC001554,TOU,ACTIVE,LONDON
CUST001560,MAC001556,TOU,ACTIVE,LONDON
CUST001561,MAC001559,TOU,ACTIVE,LONDON
CUST001562,MAC001564,TOU,ACTIVE,LONDON
CUST001563,MAC001566,TOU,ACTIVE,LONDON
CUST001564,MAC001576,TOU,ACTIVE,LONDON
CUST001565,MAC001586,TOU,ACTIVE,LONDON
CUST001566,MAC001590,TOU,ACTIVE,LONDON
CUST001567,MAC001596,TOU,ACTIVE,LONDON
CUST001568,MAC001597,TOU,ACTIVE,LONDON
CUST001569,MAC001602,TOU,ACTIVE,LONDON
CUST001570,MAC001610,TOU,ACTIVE,LONDON
CUST001571,MAC001612,TOU,ACTIVE,LONDON
CUST001572,MAC001614,TOU,ACTIVE,LONDON
CUST001573,MAC001626,TOU,ACTIVE,LONDON
CUST001574,MAC001636,TOU,ACTIVE,LONDON
CUST001575,MAC001642,TOU,ACTIVE,LONDON
CUST001576,MAC001645,TOU,ACTIVE,LONDON
CUST001577,MAC001650,TOU,ACTIVE,LONDON
CUST001578,MAC001651,TOU,ACTIVE,LONDON
CUST001579,MAC001653,TOU,ACTIVE,LONDON
CUST001580,MAC001655,TOU,ACTIVE,LONDON
CUST001581,MAC001658,TOU,ACTIVE,LONDON
CUST001582,MAC001660,TOU,ACTIVE,LONDON
CUST001583,MAC001667,TOU,ACTIVE,LONDON
CUST001584,MAC001680,TOU,ACTIVE,LONDON
CUST001585,MAC001682,TOU,ACTIVE,LONDON
CUST001586,MAC001686,TOU,ACTIVE,LONDON
CUST001587,MAC001688,TOU,ACTIVE,LONDON
CUST001588,MAC001693,TOU,ACTIVE,LONDON
CUST001589,MAC001694,TOU,ACTIVE,LONDON
CUST001590,MAC001700,TOU,ACTIVE,LONDON
CUST001591,MAC001704,TOU,ACTIVE,LONDON
CUST001592,MAC001706,TOU,ACTIVE,LONDON
CUST001593,MAC001707,TOU,ACTIVE,LONDON
CUST001594,MAC001712,TOU,ACTIVE,LONDON
CUST001595,MAC001715,TOU,ACTIVE,LONDON
CUST001596,MAC001718,TOU,ACTIVE,LONDON
CUST001597,MAC001736,TOU,ACTIVE,LONDON
CUST001598,MAC001741,TOU,ACTIVE,LONDON
CUST001599,MAC001743,TOU,ACTIVE,LONDON
CUST001600,MAC001750,TOU,ACTIVE,LONDON
CUST001601,MAC001755,TOU,ACTIVE,LONDON
CUST001602,MAC001756,TOU,ACTIVE,LONDON
CUST001603,MAC001767,TOU,ACTIVE,LONDON
CUST001604,MAC001770,TOU,ACTIVE,LONDON
CUST001605,MAC001772,TOU,ACTIVE,LONDON
CUST001606,MAC001773,TOU,ACTIVE,LONDON
CUST001607,MAC001777,TOU,ACTIVE,LONDON
CUST001608,MAC001778,TOU,ACTIVE,LONDON
CUST001609,MAC001806,TOU,ACTIVE,LONDON
CUST001610,MAC001814,TOU,ACTIVE,LONDON
CUST001611,MAC001823,TOU,ACTIVE,LONDON
CUST001612,MAC001825,TOU,ACTIVE,LONDON
CUST001613,MAC001826,TOU,ACTIVE,LONDON
CUST001614,MAC001830,TOU,ACTIVE,LONDON
CUST001615,MAC001833,TOU,ACTIVE,LONDON
CUST001616,MAC001835,TOU,ACTIVE,LONDON
CUST001617,MAC001840,TOU,ACTIVE,LONDON
CUST001618,MAC001847,TOU,ACTIVE,LONDON
CUST001619,MAC001849,TOU,ACTIVE,LONDON
CUST001620,MAC001851,TOU,ACTIVE,LONDON
CUST001621,MAC001853,TOU,ACTIVE,LONDON
CUST001622,MAC001855,TOU,ACTIVE,LONDON
CUST001623,MAC001856,TOU,ACTIVE,LONDON
CUST001624,MAC001857,TOU,ACTIVE,LONDON
CUST001625,MAC001858,TOU,ACTIVE,LONDON
CUST001626,MAC001861,TOU,ACTIVE,LONDON
CUST001627,MAC001865,TOU,ACTIVE,LONDON
CUST001628,MAC001873,TOU,ACTIVE,LONDON
CUST001629,MAC001880,TOU,ACTIVE,LONDON
CUST001630,MAC001904,TOU,ACTIVE,LONDON
CUST001631,MAC001910,TOU,ACTIVE,LONDON
CUST001632,MAC001912,TOU,ACTIVE,LONDON
CUST001633,MAC001925,TOU,ACTIVE,LONDON
CUST001634,MAC001928,TOU,ACTIVE,LONDON
CUST001635,MAC001942,TOU,ACTIVE,LONDON
CUST001636,MAC001951,TOU,ACTIVE,LONDON
CUST001637,MAC001952,TOU,ACTIVE,LONDON
CUST001638,MAC001969,TOU,ACTIVE,LONDON
CUST001639,MAC001976,TOU,ACTIVE,LONDON
CUST001640,MAC001984,TOU,ACTIVE,LONDON
CUST001641,MAC001993,TOU,ACTIVE,LONDON
CUST001642,MAC001998,TOU,ACTIVE,LONDON
CUST001643,MAC002005,TOU,ACTIVE,LONDON
CUST001644,MAC002006,TOU,ACTIVE,LONDON
CUST001645,MAC002011,TOU,ACTIVE,LONDON
CUST001646,MAC002013,TOU,ACTIVE,LONDON
CUST001647,MAC002017,TOU,ACTIVE,LONDON
CUST001648,MAC002022,TOU,ACTIVE,LONDON
CUST001649,MAC002029,TOU,ACTIVE,LONDON
CUST001650,MAC002030,TOU,ACTIVE,LONDON
CUST001651,MAC002039,TOU,ACTIVE,LONDON
CUST001652,MAC002040,TOU,ACTIVE,LONDON
CUST001653,MAC002046,TOU,ACTIVE,LONDON
CUST001654,MAC002052,TOU,ACTIVE,LONDON
CUST001655,MAC002060,TOU,ACTIVE,LONDON
CUST001656,MAC002061,TOU,ACTIVE,LONDON
CUST001657,MAC002073,TOU,ACTIVE,LONDON
CUST001658,MAC002075,TOU,ACTIVE,LONDON
CUST001659,MAC002083,TOU,ACTIVE,LONDON
CUST001660,MAC002084,TOU,ACTIVE,LONDON
CUST001661,MAC002092,TOU,ACTIVE,LONDON
CUST001662,MAC002093,TOU,ACTIVE,LONDON
CUST001663,MAC002098,TOU,ACTIVE,LONDON
CUST001664,MAC002099,TOU,ACTIVE,LONDON
CUST001665,MAC002102,TOU,ACTIVE,LONDON
CUST001666,MAC002106,TOU,ACTIVE,LONDON
CUST001667,MAC002108,TOU,ACTIVE,LONDON
CUST001668,MAC002110,TOU,ACTIVE,LONDON
CUST001669,MAC002111,TOU,ACTIVE,LONDON
CUST001670,MAC002113,TOU,ACTIVE,LONDON
CUST001671,MAC002118,TOU,ACTIVE,LONDON
CUST001672,MAC002119,TOU,ACTIVE,LONDON
CUST001673,MAC002122,TOU,ACTIVE,LONDON
CUST001674,MAC002126,TOU,ACTIVE,LONDON
CUST001675,MAC002131,TOU,ACTIVE,LONDON
CUST001676,MAC002132,TOU,ACTIVE,LONDON
CUST001677,MAC002134,TOU,ACTIVE,LONDON
CUST001678,MAC002140,TOU,ACTIVE,LONDON
CUST001679,MAC002147,TOU,ACTIVE,LONDON
CUST001680,MAC002148,TOU,ACTIVE,LONDON
CUST001681,MAC002154,TOU,ACTIVE,LONDON
CUST001682,MAC002156,TOU,ACTIVE,LONDON
CUST001683,MAC002164,TOU,ACTIVE,LONDON
CUST001684,MAC002166,TOU,ACTIVE,LONDON
CUST001685,MAC002167,TOU,ACTIVE,LONDON
CUST001686,MAC002176,TOU,ACTIVE,LONDON
CUST001687,MAC002182,TOU,ACTIVE,LONDON
CUST001688,MAC002183,TOU,ACTIVE,LONDON
CUST001689,MAC002188,TOU,ACTIVE,LONDON
CUST001690,MAC002193,TOU,ACTIVE,LONDON
CUST001691,MAC002199,TOU,ACTIVE,LONDON
CUST001692,MAC002201,TOU,ACTIVE,LONDON
CUST001693,MAC002215,TOU,ACTIVE,LONDON
CUST001694,MAC002217,TOU,ACTIVE,LONDON
CUST001695,MAC002219,TOU,ACTIVE,LONDON
CUST001696,MAC002222,TOU,ACTIVE,LONDON
CUST001697,MAC002225,TOU,ACTIVE,LONDON
CUST001698,MAC002226,TOU,ACTIVE,LONDON
CUST001699,MAC002227,TOU,ACTIVE,LONDON
CUST001700,MAC002230,TOU,ACTIVE,LONDON
CUST001701,MAC002232,TOU,ACTIVE,LONDON
CUST001702,MAC002236,TOU,ACTIVE,LONDON
CUST001703,MAC002238,TOU,ACTIVE,LONDON
CUST001704,MAC002240,TOU,ACTIVE,LONDON
CUST001705,MAC002242,TOU,ACTIVE,LONDON
CUST001706,MAC002243,TOU,ACTIVE,LONDON
CUST001707,MAC002246,TOU,ACTIVE,LONDON
CUST001708,MAC002247,TOU,ACTIVE,LONDON
CUST001709,MAC002264,TOU,ACTIVE,LONDON
CUST001710,MAC002265,TOU,ACTIVE,LONDON
CUST001711,MAC002268,TOU,ACTIVE,LONDON
CUST001712,MAC002277,TOU,ACTIVE,LONDON
CUST001713,MAC002280,TOU,ACTIVE,LONDON
CUST001714,MAC002281,TOU,ACTIVE,LONDON
CUST001715,MAC002290,TOU,ACTIVE,LONDON
CUST001716,MAC002291,TOU,ACTIVE,LONDON
CUST001717,MAC002292,TOU,ACTIVE,LONDON
CUST001718,MAC002300,TOU,ACTIVE,LONDON
CUST001719,MAC002318,TOU,ACTIVE,LONDON
CUST001720,MAC002324,TOU,ACTIVE,LONDON
CUST001721,MAC002334,TOU,ACTIVE,LONDON
CUST001722,MAC002336,TOU,ACTIVE,LONDON
CUST001723,MAC002344,TOU,ACTIVE,LONDON
CUST001724,MAC002346,TOU,ACTIVE,LONDON
CUST001725,MAC002357,TOU,ACTIVE,LONDON
CUST001726,MAC002398,TOU,ACTIVE,LONDON
CUST001727,MAC002404,TOU,ACTIVE,LONDON
CUST001728,MAC002413,TOU,ACTIVE,LONDON
CUST001729,MAC002418,TOU,ACTIVE,LONDON
CUST001730,MAC002421,TOU,ACTIVE,LONDON
CUST001731,MAC002432,TOU,ACTIVE,LONDON
CUST001732,MAC002433,TOU,ACTIVE,LONDON
CUST001733,MAC002439,TOU,ACTIVE,LONDON
CUST001734,MAC002444,TOU,ACTIVE,LONDON
CUST001735,MAC002445,TOU,ACTIVE,LONDON
CUST001736,MAC002446,TOU,ACTIVE,LONDON
CUST001737,MAC002448,TOU,ACTIVE,LONDON
CUST001738,MAC002452,TOU,ACTIVE,LONDON
CUST001739,MAC002455,TOU,ACTIVE,LONDON
CUST001740,MAC002457,TOU,ACTIVE,LONDON
CUST001741,MAC002463,TOU,ACTIVE,LONDON
CUST001742,MAC002464,TOU,ACTIVE,LONDON
CUST001743,MAC002470,TOU,ACTIVE,LONDON
CUST001744,MAC002472,TOU,ACTIVE,LONDON
CUST001745,MAC002473,TOU,ACTIVE,LONDON
CUST001746,MAC002476,TOU,ACTIVE,LONDON
CUST001747,MAC002482,TOU,ACTIVE,LONDON
CUST001748,MAC002484,TOU,ACTIVE,LONDON
CUST001749,MAC002486,TOU,ACTIVE,LONDON
CUST001750,MAC002488,TOU,ACTIVE,LONDON
CUST001751,MAC002490,TOU,ACTIVE,LONDON
CUST001752,MAC002491,TOU,ACTIVE,LONDON
CUST001753,MAC002496,TOU,ACTIVE,LONDON
CUST001754,MAC002497,TOU,ACTIVE,LONDON
CUST001755,MAC002507,TOU,ACTIVE,LONDON
CUST001756,MAC002508,TOU,ACTIVE,LONDON
CUST001757,MAC002520,TOU,ACTIVE,LONDON
CUST001758,MAC002533,TOU,ACTIVE,LONDON
CUST001759,MAC002534,TOU,ACTIVE,LONDON
CUST001760,MAC000516,STD,ACTIVE,LONDON
CUST001761,MAC000517,STD,ACTIVE,LONDON
CUST001762,MAC000518,STD,ACTIVE,LONDON
CUST001763,MAC000519,STD,ACTIVE,LONDON
CUST001764,MAC000520,STD,ACTIVE,LONDON
CUST001765,MAC000522,STD,ACTIVE,LONDON
CUST001766,MAC000524,STD,ACTIVE,LONDON
CUST001767,MAC000526,STD,ACTIVE,LONDON
CUST001768,MAC000527,STD,ACTIVE,LONDON
CUST001769,MAC000528,STD,ACTIVE,LONDON
CUST001770,MAC000530,STD,ACTIVE,LONDON
CUST001771,MAC000531,STD,ACTIVE,LONDON
CUST001772,MAC000532,STD,ACTIVE,LONDON
CUST001773,MAC000533,STD,ACTIVE,LONDON
CUST001774,MAC000534,STD,ACTIVE,LONDON
CUST001775,MAC000535,STD,ACTIVE,LONDON
CUST001776,MAC000536,STD,ACTIVE,LONDON
CUST001777,MAC000538,STD,ACTIVE,LONDON
CUST001778,MAC000539,STD,ACTIVE,LONDON
CUST001779,MAC000540,STD,ACTIVE,LONDON
CUST001780,MAC000541,STD,ACTIVE,LONDON
CUST001781,MAC000542,STD,ACTIVE,LONDON
CUST001782,MAC000543,STD,ACTIVE,LONDON
CUST001783,MAC000545,STD,ACTIVE,LONDON
CUST001784,MAC000546,STD,ACTIVE,LONDON
CUST001785,MAC000547,STD,ACTIVE,LONDON
CUST001786,MAC000548,STD,ACTIVE,LONDON
CUST001787,MAC000550,STD,ACTIVE,LONDON
CUST001788,MAC000551,STD,ACTIVE,LONDON
CUST001789,MAC000552,STD,ACTIVE,LONDON
CUST001790,MAC000553,STD,ACTIVE,LONDON
CUST001791,MAC000554,STD,ACTIVE,LONDON
CUST001792,MAC002536,TOU,ACTIVE,LONDON
CUST001793,MAC002552,TOU,ACTIVE,LONDON
CUST001794,MAC002560,TOU,ACTIVE,LONDON
CUST001795,MAC002566,TOU,ACTIVE,LONDON
CUST001796,MAC002568,TOU,ACTIVE,LONDON
CUST001797,MAC002574,TOU,ACTIVE,LONDON
CUST001798,MAC002578,TOU,ACTIVE,LONDON
CUST001799,MAC002585,TOU,ACTIVE,LONDON
CUST001800,MAC002586,TOU,ACTIVE,LONDON
CUST001801,MAC002589,TOU,ACTIVE,LONDON
CUST001802,MAC002593,TOU,ACTIVE,LONDON
CUST001803,MAC002596,TOU,ACTIVE,LONDON
CUST001804,MAC002602,TOU,ACTIVE,LONDON
CUST001805,MAC002604,TOU,ACTIVE,LONDON
CUST001806,MAC002609,TOU,ACTIVE,LONDON
CUST001807,MAC002614,TOU,ACTIVE,LONDON
CUST001808,MAC002618,TOU,ACTIVE,LONDON
CUST001809,MAC002622,TOU,ACTIVE,LONDON
CUST001810,MAC002625,TOU,ACTIVE,LONDON
CUST001811,MAC002633,TOU,ACTIVE,LONDON
CUST001812,MAC002634,TOU,ACTIVE,LONDON
CUST001813,MAC002645,TOU,ACTIVE,LONDON
CUST001814,MAC002665,TOU,ACTIVE,LONDON
CUST001815,MAC002668,TOU,ACTIVE,LONDON
CUST001816,MAC002672,TOU,ACTIVE,LONDON
CUST001817,MAC002673,TOU,ACTIVE,LONDON
CUST001818,MAC002675,TOU,ACTIVE,LONDON
CUST001819,MAC002677,TOU,ACTIVE,LONDON
CUST001820,MAC002678,TOU,ACTIVE,LONDON
CUST001821,MAC002679,TOU,ACTIVE,LONDON
CUST001822,MAC002680,TOU,ACTIVE,LONDON
CUST001823,MAC002686,TOU,ACTIVE,LONDON
CUST001824,MAC002690,TOU,ACTIVE,LONDON
CUST001825,MAC002692,TOU,ACTIVE,LONDON
CUST001826,MAC002694,TOU,ACTIVE,LONDON
CUST001827,MAC002695,TOU,ACTIVE,LONDON
CUST001828,MAC002701,TOU,ACTIVE,LONDON
CUST001829,MAC002710,TOU,ACTIVE,LONDON
CUST001830,MAC002712,TOU,ACTIVE,LONDON
CUST001831,MAC002713,TOU,ACTIVE,LONDON
CUST001832,MAC002722,TOU,ACTIVE,LONDON
CUST001833,MAC002726,TOU,ACTIVE,LONDON
CUST001834,MAC002728,TOU,ACTIVE,LONDON
CUST001835,MAC002732,TOU,ACTIVE,LONDON
CUST001836,MAC002738,TOU,ACTIVE,LONDON
CUST001837,MAC002741,TOU,ACTIVE,LONDON
CUST001838,MAC002758,TOU,ACTIVE,LONDON
CUST001839,MAC002765,TOU,ACTIVE,LONDON
CUST001840,MAC002769,TOU,ACTIVE,LONDON
CUST001841,MAC002774,TOU,ACTIVE,LONDON
CUST001842,MAC002786,TOU,ACTIVE,LONDON
CUST001843,MAC002792,TOU,ACTIVE,LONDON
CUST001844,MAC002794,TOU,ACTIVE,LONDON
CUST001845,MAC002795,TOU,ACTIVE,LONDON
CUST001846,MAC002797,TOU,ACTIVE,LONDON
CUST001847,MAC002798,TOU,ACTIVE,LONDON
CUST001848,MAC002800,TOU,ACTIVE,LONDON
CUST001849,MAC002809,TOU,ACTIVE,LONDON
CUST001850,MAC002811,TOU,ACTIVE,LONDON
CUST001851,MAC002814,TOU,ACTIVE,LONDON
CUST001852,MAC002826,TOU,ACTIVE,LONDON
CUST001853,MAC002827,TOU,ACTIVE,LONDON
CUST001854,MAC002833,TOU,ACTIVE,LONDON
CUST001855,MAC002836,TOU,ACTIVE,LONDON
CUST001856,MAC002839,TOU,ACTIVE,LONDON
CUST001857,MAC002845,TOU,ACTIVE,LONDON
CUST001858,MAC002848,TOU,ACTIVE,LONDON
CUST001859,MAC002855,TOU,ACTIVE,LONDON
CUST001860,MAC002861,TOU,ACTIVE,LONDON
CUST001861,MAC002864,TOU,ACTIVE,LONDON
CUST001862,MAC002868,TOU,ACTIVE,LONDON
CUST001863,MAC002869,TOU,ACTIVE,LONDON
CUST001864,MAC002874,TOU,ACTIVE,LONDON
CUST001865,MAC002879,TOU,ACTIVE,LONDON
CUST001866,MAC002881,TOU,ACTIVE,LONDON
CUST001867,MAC002886,TOU,ACTIVE,LONDON
CUST001868,MAC002891,TOU,ACTIVE,LONDON
CUST001869,MAC002894,TOU,ACTIVE,LONDON
CUST001870,MAC002895,TOU,ACTIVE,LONDON
CUST001871,MAC002897,TOU,ACTIVE,LONDON
CUST001872,MAC002901,TOU,ACTIVE,LONDON
CUST001873,MAC002909,TOU,ACTIVE,LONDON
CUST001874,MAC002910,TOU,ACTIVE,LONDON
CUST001875,MAC002915,TOU,ACTIVE,LONDON
CUST001876,MAC002918,TOU,ACTIVE,LONDON
CUST001877,MAC002925,TOU,ACTIVE,LONDON
CUST001878,MAC002926,TOU,ACTIVE,LONDON
CUST001879,MAC002927,TOU,ACTIVE,LONDON
CUST001880,MAC002930,TOU,ACTIVE,LONDON
CUST001881,MAC002931,TOU,ACTIVE,LONDON
CUST001882,MAC002932,TOU,ACTIVE,LONDON
CUST001883,MAC002935,TOU,ACTIVE,LONDON
CUST001884,MAC002951,TOU,ACTIVE,LONDON
CUST001885,MAC002954,TOU,ACTIVE,LONDON
CUST001886,MAC002959,TOU,ACTIVE,LONDON
CUST001887,MAC002963,TOU,ACTIVE,LONDON
CUST001888,MAC002970,TOU,ACTIVE,LONDON
CUST001889,MAC002971,TOU,ACTIVE,LONDON
CUST001890,MAC002982,TOU,ACTIVE,LONDON
CUST001891,MAC002983,TOU,ACTIVE,LONDON
CUST001892,MAC002985,TOU,ACTIVE,LONDON
CUST001893,MAC002992,TOU,ACTIVE,LONDON
CUST001894,MAC002995,TOU,ACTIVE,LONDON
CUST001895,MAC002997,TOU,ACTIVE,LONDON
CUST001896,MAC003019,TOU,ACTIVE,LONDON
CUST001897,MAC003035,TOU,ACTIVE,LONDON
CUST001898,MAC003037,TOU,ACTIVE,LONDON
CUST001899,MAC003043,TOU,ACTIVE,LONDON
CUST001900,MAC003044,TOU,ACTIVE,LONDON
CUST001901,MAC003045,TOU,ACTIVE,LONDON
CUST001902,MAC003047,TOU,ACTIVE,LONDON
CUST001903,MAC003049,TOU,ACTIVE,LONDON
CUST001904,MAC003055,TOU,ACTIVE,LONDON
CUST001905,MAC003061,TOU,ACTIVE,LONDON
CUST001906,MAC003068,TOU,ACTIVE,LONDON
CUST001907,MAC003069,TOU,ACTIVE,LONDON
CUST001908,MAC003080,TOU,ACTIVE,LONDON
CUST001909,MAC003082,TOU,ACTIVE,LONDON
CUST001910,MAC003088,TOU,ACTIVE,LONDON
CUST001911,MAC003094,TOU,ACTIVE,LONDON
CUST001912,MAC003097,TOU,ACTIVE,LONDON
CUST001913,MAC003099,TOU,ACTIVE,LONDON
CUST001914,MAC003102,TOU,ACTIVE,LONDON
CUST001915,MAC003111,TOU,ACTIVE,LONDON
CUST001916,MAC003116,TOU,ACTIVE,LONDON
CUST001917,MAC003120,TOU,ACTIVE,LONDON
CUST001918,MAC003124,TOU,ACTIVE,LONDON
CUST001919,MAC003135,TOU,ACTIVE,LONDON
CUST001920,MAC003140,TOU,ACTIVE,LONDON
CUST001921,MAC003145,TOU,ACTIVE,LONDON
CUST001922,MAC003151,TOU,ACTIVE,LONDON
CUST001923,MAC003155,TOU,ACTIVE,LONDON
CUST001924,MAC003156,TOU,ACTIVE,LONDON
CUST001925,MAC003157,TOU,ACTIVE,LONDON
CUST001926,MAC003165,TOU,ACTIVE,LONDON
CUST001927,MAC003170,TOU,ACTIVE,LONDON
CUST001928,MAC003175,TOU,ACTIVE,LONDON
CUST001929,MAC003178,TOU,ACTIVE,LONDON
CUST001930,MAC003180,TOU,ACTIVE,LONDON
CUST001931,MAC003185,TOU,ACTIVE,LONDON
CUST001932,MAC003196,TOU,ACTIVE,LONDON
CUST001933,MAC003198,TOU,ACTIVE,LONDON
CUST001934,MAC003201,TOU,ACTIVE,LONDON
CUST001935,MAC003202,TOU,ACTIVE,LONDON
CUST001936,MAC003211,TOU,ACTIVE,LONDON
CUST001937,MAC003221,TOU,ACTIVE,LONDON
CUST001938,MAC003238,TOU,ACTIVE,LONDON
CUST001939,MAC003245,TOU,ACTIVE,LONDON
CUST001940,MAC003247,TOU,ACTIVE,LONDON
CUST001941,MAC003256,TOU,ACTIVE,LONDON
CUST001942,MAC003257,TOU,ACTIVE,LONDON
CUST001943,MAC003259,TOU,ACTIVE,LONDON
CUST001944,MAC003262,TOU,ACTIVE,LONDON
CUST001945,MAC003265,TOU,ACTIVE,LONDON
CUST001946,MAC003268,TOU,ACTIVE,LONDON
CUST001947,MAC003269,TOU,ACTIVE,LONDON
CUST001948,MAC003272,TOU,ACTIVE,LONDON
CUST001949,MAC003274,TOU,ACTIVE,LONDON
CUST001950,MAC003277,TOU,ACTIVE,LONDON
CUST001951,MAC003285,TOU,ACTIVE,LONDON
CUST001952,MAC003286,TOU,ACTIVE,LONDON
CUST001953,MAC003298,TOU,ACTIVE,LONDON
CUST001954,MAC003308,TOU,ACTIVE,LONDON
CUST001955,MAC003315,TOU,ACTIVE,LONDON
CUST001956,MAC003321,TOU,ACTIVE,LONDON
CUST001957,MAC003331,TOU,ACTIVE,LONDON
CUST001958,MAC003333,TOU,ACTIVE,LONDON
CUST001959,MAC003334,TOU,ACTIVE,LONDON
CUST001960,MAC003337,TOU,ACTIVE,LONDON
CUST001961,MAC003338,TOU,ACTIVE,LONDON
CUST001962,MAC003347,TOU,ACTIVE,LONDON
CUST001963,MAC003358,TOU,ACTIVE,LONDON
CUST001964,MAC003360,TOU,ACTIVE,LONDON
CUST001965,MAC003365,TOU,ACTIVE,LONDON
CUST001966,MAC003366,TOU,ACTIVE,LONDON
CUST001967,MAC003372,TOU,ACTIVE,LONDON
CUST001968,MAC003379,TOU,ACTIVE,LONDON
CUST001969,MAC003387,TOU,ACTIVE,LONDON
CUST001970,MAC003390,TOU,ACTIVE,LONDON
CUST001971,MAC003396,TOU,ACTIVE,LONDON
CUST001972,MAC003399,TOU,ACTIVE,LONDON
CUST001973,MAC003409,TOU,ACTIVE,LONDON
CUST001974,MAC003414,TOU,ACTIVE,LONDON
CUST001975,MAC003419,TOU,ACTIVE,LONDON
CUST001976,MAC003425,TOU,ACTIVE,LONDON
CUST001977,MAC003427,TOU,ACTIVE,LONDON
CUST001978,MAC003429,TOU,ACTIVE,LONDON
CUST001979,MAC003430,TOU,ACTIVE,LONDON
CUST001980,MAC003434,TOU,ACTIVE,LONDON
CUST001981,MAC003436,TOU,ACTIVE,LONDON
CUST001982,MAC003439,TOU,ACTIVE,LONDON
CUST001983,MAC003461,TOU,ACTIVE,LONDON
CUST001984,MAC003467,TOU,ACTIVE,LONDON
CUST001985,MAC003471,TOU,ACTIVE,LONDON
CUST001986,MAC003472,TOU,ACTIVE,LONDON
CUST001987,MAC003474,TOU,ACTIVE,LONDON
CUST001988,MAC003476,TOU,ACTIVE,LONDON
CUST001989,MAC003483,TOU,ACTIVE,LONDON
CUST001990,MAC003489,TOU,ACTIVE,LONDON
CUST001991,MAC003502,TOU,ACTIVE,LONDON
CUST001992,MAC003503,TOU,ACTIVE,LONDON
CUST001993,MAC003505,TOU,ACTIVE,LONDON
CUST001994,MAC003513,TOU,ACTIVE,LONDON
CUST001995,MAC003523,TOU,ACTIVE,LONDON
CUST001996,MAC003524,TOU,ACTIVE,LONDON
CUST001997,MAC003525,TOU,ACTIVE,LONDON
CUST001998,MAC003528,TOU,ACTIVE,LONDON
CUST001999,MAC003531,TOU,ACTIVE,LONDON
CUST002000,MAC003536,TOU,ACTIVE,LONDON
CUST002001,MAC003539,TOU,ACTIVE,LONDON
CUST002002,MAC003541,TOU,ACTIVE,LONDON
CUST002003,MAC003544,TOU,ACTIVE,LONDON
CUST002004,MAC003545,TOU,ACTIVE,LONDON
CUST002005,MAC003550,TOU,ACTIVE,LONDON
CUST002006,MAC003555,TOU,ACTIVE,LONDON
CUST002007,MAC003559,TOU,ACTIVE,LONDON
CUST002008,MAC003560,TOU,ACTIVE,LONDON
CUST002009,MAC003571,TOU,ACTIVE,LONDON
CUST002010,MAC003580,TOU,ACTIVE,LONDON
CUST002011,MAC003581,TOU,ACTIVE,LONDON
CUST002012,MAC003588,TOU,ACTIVE,LONDON
CUST002013,MAC003605,TOU,ACTIVE,LONDON
CUST002014,MAC003606,TOU,ACTIVE,LONDON
CUST002015,MAC003617,TOU,ACTIVE,LONDON
CUST002016,MAC003626,TOU,ACTIVE,LONDON
CUST002017,MAC003634,TOU,ACTIVE,LONDON
CUST002018,MAC003637,TOU,ACTIVE,LONDON
CUST002019,MAC003638,TOU,ACTIVE,LONDON
CUST002020,MAC003643,TOU,ACTIVE,LONDON
CUST002021,MAC003648,TOU,ACTIVE,LONDON
CUST002022,MAC003649,TOU,ACTIVE,LONDON
CUST002023,MAC003652,TOU,ACTIVE,LONDON
CUST002024,MAC003661,TOU,ACTIVE,LONDON
CUST002025,MAC003665,TOU,ACTIVE,LONDON
CUST002026,MAC003666,TOU,ACTIVE,LONDON
CUST002027,MAC003669,TOU,ACTIVE,LONDON
CUST002028,MAC003675,TOU,ACTIVE,LONDON
CUST002029,MAC003677,TOU,ACTIVE,LONDON
CUST002030,MAC003679,TOU,ACTIVE,LONDON
CUST002031,MAC003682,TOU,ACTIVE,LONDON
CUST002032,MAC003684,TOU,ACTIVE,LONDON
CUST002033,MAC003695,TOU,ACTIVE,LONDON
CUST002034,MAC003703,TOU,ACTIVE,LONDON
CUST002035,MAC003705,TOU,ACTIVE,LONDON
CUST002036,MAC003706,TOU,ACTIVE,LONDON
CUST002037,MAC003708,TOU,ACTIVE,LONDON
CUST002038,MAC003713,TOU,ACTIVE,LONDON
CUST002039,MAC003722,TOU,ACTIVE,LONDON
CUST002040,MAC003723,TOU,ACTIVE,LONDON
CUST002041,MAC003728,TOU,ACTIVE,LONDON
CUST002042,MAC003736,TOU,ACTIVE,LONDON
CUST002043,MAC003738,TOU,ACTIVE,LONDON
CUST002044,MAC003745,TOU,ACTIVE,LONDON
CUST002045,MAC003747,TOU,ACTIVE,LONDON
CUST002046,MAC003753,TOU,ACTIVE,LONDON
CUST002047,MAC003758,TOU,ACTIVE,LONDON
CUST002048,MAC003760,TOU,ACTIVE,LONDON
CUST002049,MAC003762,TOU,ACTIVE,LONDON
CUST002050,MAC003766,TOU,ACTIVE,LONDON
CUST002051,MAC003769,TOU,ACTIVE,LONDON
CUST002052,MAC003771,TOU,ACTIVE,LONDON
CUST002053,MAC003782,TOU,ACTIVE,LONDON
CUST002054,MAC003783,TOU,ACTIVE,LONDON
CUST002055,MAC003788,TOU,ACTIVE,LONDON
CUST002056,MAC003807,TOU,ACTIVE,LONDON
CUST002057,MAC003808,TOU,ACTIVE,LONDON
CUST002058,MAC003816,TOU,ACTIVE,LONDON
CUST002059,MAC003820,TOU,ACTIVE,LONDON
CUST002060,MAC003823,TOU,ACTIVE,LONDON
CUST002061,MAC003827,TOU,ACTIVE,LONDON
CUST002062,MAC003829,TOU,ACTIVE,LONDON
CUST002063,MAC003848,TOU,ACTIVE,LONDON
CUST002064,MAC003852,TOU,ACTIVE,LONDON
CUST002065,MAC003862,TOU,ACTIVE,LONDON
CUST002066,MAC003865,TOU,ACTIVE,LONDON
CUST002067,MAC003869,TOU,ACTIVE,LONDON
CUST002068,MAC003890,TOU,ACTIVE,LONDON
CUST002069,MAC003892,TOU,ACTIVE,LONDON
CUST002070,MAC003895,TOU,ACTIVE,LONDON
CUST002071,MAC003897,TOU,ACTIVE,LONDON
CUST002072,MAC003899,TOU,ACTIVE,LONDON
CUST002073,MAC003903,TOU,ACTIVE,LONDON
CUST002074,MAC003911,TOU,ACTIVE,LONDON
CUST002075,MAC003914,TOU,ACTIVE,LONDON
CUST002076,MAC003915,TOU,ACTIVE,LONDON
CUST002077,MAC003916,TOU,ACTIVE,LONDON
CUST002078,MAC003919,TOU,ACTIVE,LONDON
CUST002079,MAC003947,TOU,ACTIVE,LONDON
CUST002080,MAC003951,TOU,ACTIVE,LONDON
CUST002081,MAC003954,TOU,ACTIVE,LONDON
CUST002082,MAC003960,TOU,ACTIVE,LONDON
CUST002083,MAC003967,TOU,ACTIVE,LONDON
CUST002084,MAC003968,TOU,ACTIVE,LONDON
CUST002085,MAC003973,TOU,ACTIVE,LONDON
CUST002086,MAC003975,TOU,ACTIVE,LONDON
CUST002087,MAC003977,TOU,ACTIVE,LONDON
CUST002088,MAC003982,TOU,ACTIVE,LONDON
CUST002089,MAC003984,TOU,ACTIVE,LONDON
CUST002090,MAC003988,TOU,ACTIVE,LONDON
CUST002091,MAC003989,TOU,ACTIVE,LONDON
CUST002092,MAC003991,TOU,ACTIVE,LONDON
CUST002093,MAC003998,TOU,ACTIVE,LONDON
CUST002094,MAC004000,TOU,ACTIVE,LONDON
CUST002095,MAC004001,TOU,ACTIVE,LONDON
CUST002096,MAC004008,TOU,ACTIVE,LONDON
CUST002097,MAC004012,TOU,ACTIVE,LONDON
CUST002098,MAC004021,TOU,ACTIVE,LONDON
CUST002099,MAC004024,TOU,ACTIVE,LONDON
CUST002100,MAC004025,TOU,ACTIVE,LONDON
CUST002101,MAC004031,TOU,ACTIVE,LONDON
CUST002102,MAC004035,TOU,ACTIVE,LONDON
CUST002103,MAC004037,TOU,ACTIVE,LONDON
CUST002104,MAC004050,TOU,ACTIVE,LONDON
CUST002105,MAC004053,TOU,ACTIVE,LONDON
CUST002106,MAC004054,TOU,ACTIVE,LONDON
CUST002107,MAC004062,TOU,ACTIVE,LONDON
CUST002108,MAC004065,TOU,ACTIVE,LONDON
CUST002109,MAC004066,TOU,ACTIVE,LONDON
CUST002110,MAC004076,TOU,ACTIVE,LONDON
CUST002111,MAC004083,TOU,ACTIVE,LONDON
CUST002112,MAC004091,TOU,ACTIVE,LONDON
CUST002113,MAC004100,TOU,ACTIVE,LONDON
CUST002114,MAC004106,TOU,ACTIVE,LONDON
CUST002115,MAC004107,TOU,ACTIVE,LONDON
CUST002116,MAC004118,TOU,ACTIVE,LONDON
CUST002117,MAC004122,TOU,ACTIVE,LONDON
CUST002118,MAC004126,TOU,ACTIVE,LONDON
CUST002119,MAC004144,TOU,ACTIVE,LONDON
CUST002120,MAC004149,TOU,ACTIVE,LONDON
CUST002121,MAC004152,TOU,ACTIVE,LONDON
CUST002122,MAC004155,TOU,ACTIVE,LONDON
CUST002123,MAC004157,TOU,ACTIVE,LONDON
CUST002124,MAC004159,TOU,ACTIVE,LONDON
CUST002125,MAC004170,TOU,ACTIVE,LONDON
CUST002126,MAC004184,TOU,ACTIVE,LONDON
CUST002127,MAC004189,TOU,ACTIVE,LONDON
CUST002128,MAC004206,TOU,ACTIVE,LONDON
CUST002129,MAC004218,TOU,ACTIVE,LONDON
CUST002130,MAC004223,TOU,ACTIVE,LONDON
CUST002131,MAC004229,TOU,ACTIVE,LONDON
CUST002132,MAC004231,TOU,ACTIVE,LONDON
CUST002133,MAC004234,TOU,ACTIVE,LONDON
CUST002134,MAC004236,TOU,ACTIVE,LONDON
CUST002135,MAC004239,TOU,ACTIVE,LONDON
CUST002136,MAC004245,TOU,ACTIVE,LONDON
CUST002137,MAC004246,TOU,ACTIVE,LONDON
CUST002138,MAC004258,TOU,ACTIVE,LONDON
CUST002139,MAC004260,TOU,ACTIVE,LONDON
CUST002140,MAC004263,TOU,ACTIVE,LONDON
CUST002141,MAC004264,TOU,ACTIVE,LONDON
CUST002142,MAC004270,TOU,ACTIVE,LONDON
CUST002143,MAC004283,TOU,ACTIVE,LONDON
CUST002144,MAC004303,TOU,ACTIVE,LONDON
CUST002145,MAC004307,TOU,ACTIVE,LONDON
CUST002146,MAC004309,TOU,ACTIVE,LONDON
CUST002147,MAC004315,TOU,ACTIVE,LONDON
CUST002148,MAC004318,TOU,ACTIVE,LONDON
CUST002149,MAC004320,TOU,ACTIVE,LONDON
CUST002150,MAC004323,TOU,ACTIVE,LONDON
CUST002151,MAC004331,TOU,ACTIVE,LONDON
CUST002152,MAC004334,TOU,ACTIVE,LONDON
CUST002153,MAC004346,TOU,ACTIVE,LONDON
CUST002154,MAC004347,TOU,ACTIVE,LONDON
CUST002155,MAC004350,TOU,ACTIVE,LONDON
CUST002156,MAC004354,TOU,ACTIVE,LONDON
CUST002157,MAC004361,TOU,ACTIVE,LONDON
CUST002158,MAC004362,TOU,ACTIVE,LONDON
CUST002159,MAC000555,STD,ACTIVE,LONDON
CUST002160,MAC000556,STD,ACTIVE,LONDON
CUST002161,MAC000557,STD,ACTIVE,LONDON
CUST002162,MAC000558,STD,ACTIVE,LONDON
CUST002163,MAC000559,STD,ACTIVE,LONDON
CUST002164,MAC000560,STD,ACTIVE,LONDON
CUST002165,MAC000562,STD,ACTIVE,LONDON
CUST002166,MAC000563,STD,ACTIVE,LONDON
CUST002167,MAC000564,STD,ACTIVE,LONDON
CUST002168,MAC000566,STD,ACTIVE,LONDON
CUST002169,MAC000567,STD,ACTIVE,LONDON
CUST002170,MAC000568,STD,ACTIVE,LONDON
CUST002171,MAC000569,STD,ACTIVE,LONDON
CUST002172,MAC000570,STD,ACTIVE,LONDON
CUST002173,MAC000571,STD,ACTIVE,LONDON
CUST002174,MAC000572,STD,ACTIVE,LONDON
CUST002175,MAC000573,STD,ACTIVE,LONDON
CUST002176,MAC000574,STD,ACTIVE,LONDON
CUST002177,MAC000575,STD,ACTIVE,LONDON
CUST002178,MAC000576,STD,ACTIVE,LONDON
CUST002179,MAC000577,STD,ACTIVE,LONDON
CUST002180,MAC000578,STD,ACTIVE,LONDON
CUST002181,MAC000579,STD,ACTIVE,LONDON
CUST002182,MAC000580,STD,ACTIVE,LONDON
CUST002183,MAC000581,STD,ACTIVE,LONDON
CUST002184,MAC000585,STD,ACTIVE,LONDON
CUST002185,MAC000588,STD,ACTIVE,LONDON
CUST002186,MAC000589,STD,ACTIVE,LONDON
CUST002187,MAC000591,STD,ACTIVE,LONDON
CUST002188,MAC000592,STD,ACTIVE,LONDON
CUST002189,MAC004363,TOU,ACTIVE,LONDON
CUST002190,MAC004366,TOU,ACTIVE,LONDON
CUST002191,MAC004374,TOU,ACTIVE,LONDON
CUST002192,MAC004381,TOU,ACTIVE,LONDON
CUST002193,MAC004392,TOU,ACTIVE,LONDON
CUST002194,MAC004396,TOU,ACTIVE,LONDON
CUST002195,MAC004399,TOU,ACTIVE,LONDON
CUST002196,MAC004400,TOU,ACTIVE,LONDON
CUST002197,MAC004408,TOU,ACTIVE,LONDON
CUST002198,MAC004419,TOU,ACTIVE,LONDON
CUST002199,MAC004422,TOU,ACTIVE,LONDON
CUST002200,MAC004424,TOU,ACTIVE,LONDON
CUST002201,MAC004436,TOU,ACTIVE,LONDON
CUST002202,MAC004439,TOU,ACTIVE,LONDON
CUST002203,MAC004445,TOU,ACTIVE,LONDON
CUST002204,MAC004448,TOU,ACTIVE,LONDON
CUST002205,MAC004449,TOU,ACTIVE,LONDON
CUST002206,MAC004451,TOU,ACTIVE,LONDON
CUST002207,MAC004456,TOU,ACTIVE,LONDON
CUST002208,MAC004467,TOU,ACTIVE,LONDON
CUST002209,MAC004485,TOU,ACTIVE,LONDON
CUST002210,MAC004491,TOU,ACTIVE,LONDON
CUST002211,MAC004493,TOU,ACTIVE,LONDON
CUST002212,MAC004497,TOU,ACTIVE,LONDON
CUST002213,MAC004506,TOU,ACTIVE,LONDON
CUST002214,MAC004509,TOU,ACTIVE,LONDON
CUST002215,MAC004525,TOU,ACTIVE,LONDON
CUST002216,MAC004543,TOU,ACTIVE,LONDON
CUST002217,MAC004551,TOU,ACTIVE,LONDON
CUST002218,MAC004559,TOU,ACTIVE,LONDON
CUST002219,MAC004561,TOU,ACTIVE,LONDON
CUST002220,MAC004568,TOU,ACTIVE,LONDON
CUST002221,MAC004590,TOU,ACTIVE,LONDON
CUST002222,MAC004592,TOU,ACTIVE,LONDON
CUST002223,MAC004593,TOU,ACTIVE,LONDON
CUST002224,MAC004604,TOU,ACTIVE,LONDON
CUST002225,MAC004605,TOU,ACTIVE,LONDON
CUST002226,MAC004606,TOU,ACTIVE,LONDON
CUST002227,MAC004609,TOU,ACTIVE,LONDON
CUST002228,MAC004610,TOU,ACTIVE,LONDON
CUST002229,MAC004611,TOU,ACTIVE,LONDON
CUST002230,MAC004620,TOU,ACTIVE,LONDON
CUST002231,MAC004621,TOU,ACTIVE,LONDON
CUST002232,MAC004622,TOU,ACTIVE,LONDON
CUST002233,MAC004623,TOU,ACTIVE,LONDON
CUST002234,MAC004633,TOU,ACTIVE,LONDON
CUST002235,MAC004639,TOU,ACTIVE,LONDON
CUST002236,MAC004640,TOU,ACTIVE,LONDON
CUST002237,MAC004641,TOU,ACTIVE,LONDON
CUST002238,MAC004655,TOU,ACTIVE,LONDON
CUST002239,MAC004657,TOU,ACTIVE,LONDON
CUST002240,MAC004661,TOU,ACTIVE,LONDON
CUST002241,MAC004668,TOU,ACTIVE,LONDON
CUST002242,MAC004669,TOU,ACTIVE,LONDON
CUST002243,MAC004670,TOU,ACTIVE,LONDON
CUST002244,MAC004683,TOU,ACTIVE,LONDON
CUST002245,MAC004687,TOU,ACTIVE,LONDON
CUST002246,MAC004689,TOU,ACTIVE,LONDON
CUST002247,MAC004691,TOU,ACTIVE,LONDON
CUST002248,MAC004693,TOU,ACTIVE,LONDON
CUST002249,MAC004697,TOU,ACTIVE,LONDON
CUST002250,MAC004709,TOU,ACTIVE,LONDON
CUST002251,MAC004710,TOU,ACTIVE,LONDON
CUST002252,MAC004711,TOU,ACTIVE,LONDON
CUST002253,MAC004713,TOU,ACTIVE,LONDON
CUST002254,MAC004714,TOU,ACTIVE,LONDON
CUST002255,MAC004716,TOU,ACTIVE,LONDON
CUST002256,MAC004719,TOU,ACTIVE,LONDON
CUST002257,MAC004720,TOU,ACTIVE,LONDON
CUST002258,MAC004722,TOU,ACTIVE,LONDON
CUST002259,MAC004728,TOU,ACTIVE,LONDON
CUST002260,MAC004731,TOU,ACTIVE,LONDON
CUST002261,MAC004733,TOU,ACTIVE,LONDON
CUST002262,MAC004744,TOU,ACTIVE,LONDON
CUST002263,MAC004746,TOU,ACTIVE,LONDON
CUST002264,MAC004751,TOU,ACTIVE,LONDON
CUST002265,MAC004753,TOU,ACTIVE,LONDON
CUST002266,MAC004755,TOU,ACTIVE,LONDON
CUST002267,MAC004757,TOU,ACTIVE,LONDON
CUST002268,MAC004762,TOU,ACTIVE,LONDON
CUST002269,MAC004765,TOU,ACTIVE,LONDON
CUST002270,MAC004767,TOU,ACTIVE,LONDON
CUST002271,MAC004768,TOU,ACTIVE,LONDON
CUST002272,MAC004770,TOU,ACTIVE,LONDON
CUST002273,MAC004783,TOU,ACTIVE,LONDON
CUST002274,MAC004789,TOU,ACTIVE,LONDON
CUST002275,MAC004795,TOU,ACTIVE,LONDON
CUST002276,MAC004811,TOU,ACTIVE,LONDON
CUST002277,MAC004814,TOU,ACTIVE,LONDON
CUST002278,MAC004818,TOU,ACTIVE,LONDON
CUST002279,MAC004821,TOU,ACTIVE,LONDON
CUST002280,MAC004822,TOU,ACTIVE,LONDON
CUST002281,MAC004825,TOU,ACTIVE,LONDON
CUST002282,MAC004827,TOU,ACTIVE,LONDON
CUST002283,MAC004832,TOU,ACTIVE,LONDON
CUST002284,MAC004837,TOU,ACTIVE,LONDON
CUST002285,MAC004838,TOU,ACTIVE,LONDON
CUST002286,MAC004851,TOU,ACTIVE,LONDON
CUST002287,MAC004855,TOU,ACTIVE,LONDON
CUST002288,MAC004880,TOU,ACTIVE,LONDON
CUST002289,MAC004883,TOU,ACTIVE,LONDON
CUST002290,MAC004893,TOU,ACTIVE,LONDON
CUST002291,MAC004910,TOU,ACTIVE,LONDON
CUST002292,MAC004917,TOU,ACTIVE,LONDON
CUST002293,MAC004921,TOU,ACTIVE,LONDON
CUST002294,MAC004926,TOU,ACTIVE,LONDON
CUST002295,MAC004932,TOU,ACTIVE,LONDON
CUST002296,MAC004937,TOU,ACTIVE,LONDON
CUST002297,MAC004948,TOU,ACTIVE,LONDON
CUST002298,MAC004949,TOU,ACTIVE,LONDON
CUST002299,MAC004952,TOU,ACTIVE,LONDON
CUST002300,MAC004955,TOU,ACTIVE,LONDON
CUST002301,MAC004956,TOU,ACTIVE,LONDON
CUST002302,MAC004965,TOU,ACTIVE,LONDON
CUST002303,MAC004968,TOU,ACTIVE,LONDON
CUST002304,MAC004969,TOU,ACTIVE,LONDON
CUST002305,MAC004977,TOU,ACTIVE,LONDON
CUST002306,MAC004979,TOU,ACTIVE,LONDON
CUST002307,MAC004988,TOU,ACTIVE,LONDON
CUST002308,MAC004990,TOU,ACTIVE,LONDON
CUST002309,MAC005006,TOU,ACTIVE,LONDON
CUST002310,MAC005011,TOU,ACTIVE,LONDON
CUST002311,MAC005013,TOU,ACTIVE,LONDON
CUST002312,MAC005017,TOU,ACTIVE,LONDON
CUST002313,MAC005022,TOU,ACTIVE,LONDON
CUST002314,MAC005023,TOU,ACTIVE,LONDON
CUST002315,MAC005031,TOU,ACTIVE,LONDON
CUST002316,MAC005034,TOU,ACTIVE,LONDON
CUST002317,MAC005039,TOU,ACTIVE,LONDON
CUST002318,MAC005057,TOU,ACTIVE,LONDON
CUST002319,MAC005059,TOU,ACTIVE,LONDON
CUST002320,MAC005068,TOU,ACTIVE,LONDON
CUST002321,MAC005069,TOU,ACTIVE,LONDON
CUST002322,MAC005070,TOU,ACTIVE,LONDON
CUST002323,MAC005076,TOU,ACTIVE,LONDON
CUST002324,MAC005080,TOU,ACTIVE,LONDON
CUST002325,MAC005083,TOU,ACTIVE,LONDON
CUST002326,MAC005085,TOU,ACTIVE,LONDON
CUST002327,MAC005091,TOU,ACTIVE,LONDON
CUST002328,MAC005093,TOU,ACTIVE,LONDON
CUST002329,MAC005102,TOU,ACTIVE,LONDON
CUST002330,MAC005106,TOU,ACTIVE,LONDON
CUST002331,MAC005110,TOU,ACTIVE,LONDON
CUST002332,MAC005111,TOU,ACTIVE,LONDON
CUST002333,MAC005121,TOU,ACTIVE,LONDON
CUST002334,MAC005122,TOU,ACTIVE,LONDON
CUST002335,MAC005124,TOU,ACTIVE,LONDON
CUST002336,MAC005127,TOU,ACTIVE,LONDON
CUST002337,MAC005134,TOU,ACTIVE,LONDON
CUST002338,MAC005146,TOU,ACTIVE,LONDON
CUST002339,MAC005147,TOU,ACTIVE,LONDON
CUST002340,MAC005148,TOU,ACTIVE,LONDON
CUST002341,MAC005149,TOU,ACTIVE,LONDON
CUST002342,MAC005150,TOU,ACTIVE,LONDON
CUST002343,MAC005152,TOU,ACTIVE,LONDON
CUST002344,MAC005157,TOU,ACTIVE,LONDON
CUST002345,MAC005159,TOU,ACTIVE,LONDON
CUST002346,MAC005160,TOU,ACTIVE,LONDON
CUST002347,MAC005161,TOU,ACTIVE,LONDON
CUST002348,MAC005162,TOU,ACTIVE,LONDON
CUST002349,MAC005164,TOU,ACTIVE,LONDON
CUST002350,MAC005171,TOU,ACTIVE,LONDON
CUST002351,MAC005172,TOU,ACTIVE,LONDON
CUST002352,MAC005173,TOU,ACTIVE,LONDON
CUST002353,MAC005179,TOU,ACTIVE,LONDON
CUST002354,MAC005180,TOU,ACTIVE,LONDON
CUST002355,MAC005184,TOU,ACTIVE,LONDON
CUST002356,MAC005186,TOU,ACTIVE,LONDON
CUST002357,MAC005189,TOU,ACTIVE,LONDON
CUST002358,MAC005190,TOU,ACTIVE,LONDON
CUST002359,MAC005197,TOU,ACTIVE,LONDON
CUST002360,MAC005200,TOU,ACTIVE,LONDON
CUST002361,MAC005204,TOU,ACTIVE,LONDON
CUST002362,MAC005207,TOU,ACTIVE,LONDON
CUST002363,MAC005212,TOU,ACTIVE,LONDON
CUST002364,MAC005240,TOU,ACTIVE,LONDON
CUST002365,MAC005250,TOU,ACTIVE,LONDON
CUST002366,MAC005255,TOU,ACTIVE,LONDON
CUST002367,MAC005256,TOU,ACTIVE,LONDON
CUST002368,MAC005266,TOU,ACTIVE,LONDON
CUST002369,MAC005271,TOU,ACTIVE,LONDON
CUST002370,MAC005278,TOU,ACTIVE,LONDON
CUST002371,MAC005279,TOU,ACTIVE,LONDON
CUST002372,MAC005281,TOU,ACTIVE,LONDON
CUST002373,MAC005284,TOU,ACTIVE,LONDON
CUST002374,MAC005290,TOU,ACTIVE,LONDON
CUST002375,MAC005291,TOU,ACTIVE,LONDON
CUST002376,MAC005292,TOU,ACTIVE,LONDON
CUST002377,MAC005306,TOU,ACTIVE,LONDON
CUST002378,MAC005308,TOU,ACTIVE,LONDON
CUST002379,MAC005310,TOU,ACTIVE,LONDON
CUST002380,MAC005321,TOU,ACTIVE,LONDON
CUST002381,MAC005324,TOU,ACTIVE,LONDON
CUST002382,MAC005341,TOU,ACTIVE,LONDON
CUST002383,MAC005342,TOU,ACTIVE,LONDON
CUST002384,MAC005347,TOU,ACTIVE,LONDON
CUST002385,MAC005349,TOU,ACTIVE,LONDON
CUST002386,MAC005352,TOU,ACTIVE,LONDON
CUST002387,MAC005354,TOU,ACTIVE,LONDON
CUST002388,MAC005359,TOU,ACTIVE,LONDON
CUST002389,MAC005368,TOU,ACTIVE,LONDON
CUST002390,MAC005384,TOU,ACTIVE,LONDON
CUST002391,MAC005395,TOU,ACTIVE,LONDON
CUST002392,MAC005396,TOU,ACTIVE,LONDON
CUST002393,MAC005401,TOU,ACTIVE,LONDON
CUST002394,MAC005413,TOU,ACTIVE,LONDON
CUST002395,MAC005427,TOU,ACTIVE,LONDON
CUST002396,MAC005429,TOU,ACTIVE,LONDON
CUST002397,MAC005432,TOU,ACTIVE,LONDON
CUST002398,MAC005434,TOU,ACTIVE,LONDON
CUST002399,MAC005445,TOU,ACTIVE,LONDON
CUST002400,MAC005448,TOU,ACTIVE,LONDON
CUST002401,MAC005449,TOU,ACTIVE,LONDON
CUST002402,MAC005465,TOU,ACTIVE,LONDON
CUST002403,MAC005470,TOU,ACTIVE,LONDON
CUST002404,MAC005473,TOU,ACTIVE,LONDON
CUST002405,MAC005474,TOU,ACTIVE,LONDON
CUST002406,MAC005477,TOU,ACTIVE,LONDON
CUST002407,MAC005482,TOU,ACTIVE,LONDON
CUST002408,MAC005488,TOU,ACTIVE,LONDON
CUST002409,MAC005489,TOU,ACTIVE,LONDON
CUST002410,MAC005492,TOU,ACTIVE,LONDON
CUST002411,MAC005495,TOU,ACTIVE,LONDON
CUST002412,MAC005498,TOU,ACTIVE,LONDON
CUST002413,MAC005507,TOU,ACTIVE,LONDON
CUST002414,MAC005508,TOU,ACTIVE,LONDON
CUST002415,MAC005510,TOU,ACTIVE,LONDON
CUST002416,MAC005514,TOU,ACTIVE,LONDON
CUST002417,MAC005515,TOU,ACTIVE,LONDON
CUST002418,MAC005516,TOU,ACTIVE,LONDON
CUST002419,MAC005522,TOU,ACTIVE,LONDON
CUST002420,MAC005524,TOU,ACTIVE,LONDON
CUST002421,MAC005529,TOU,ACTIVE,LONDON
CUST002422,MAC005533,TOU,ACTIVE,LONDON
CUST002423,MAC005535,TOU,ACTIVE,LONDON
CUST002424,MAC005536,TOU,ACTIVE,LONDON
CUST002425,MAC005537,TOU,ACTIVE,LONDON
CUST002426,MAC005538,TOU,ACTIVE,LONDON
CUST002427,MAC005541,TOU,ACTIVE,LONDON
CUST002428,MAC005549,TOU,ACTIVE,LONDON
CUST002429,MAC005550,TOU,ACTIVE,LONDON
CUST002430,MAC005551,TOU,ACTIVE,LONDON
CUST002431,MAC005557,TOU,ACTIVE,LONDON
CUST002432,MAC005564,TOU,ACTIVE,LONDON
CUST002433,MAC005565,TOU,ACTIVE,LONDON
CUST002434,MAC000594,STD,ACTIVE,LONDON
CUST002435,MAC000596,STD,ACTIVE,LONDON
CUST002436,MAC000597,STD,ACTIVE,LONDON
CUST002437,MAC000599,STD,ACTIVE,LONDON
CUST002438,MAC000600,STD,ACTIVE,LONDON
CUST002439,MAC000601,STD,ACTIVE,LONDON
CUST002440,MAC000602,STD,ACTIVE,LONDON
CUST002441,MAC000603,STD,ACTIVE,LONDON
CUST002442,MAC000604,STD,ACTIVE,LONDON
CUST002443,MAC000606,STD,ACTIVE,LONDON
CUST002444,MAC000607,STD,ACTIVE,LONDON
CUST002445,MAC000608,STD,ACTIVE,LONDON
CUST002446,MAC000610,STD,ACTIVE,LONDON
CUST002447,MAC000612,STD,ACTIVE,LONDON
CUST002448,MAC000613,STD,ACTIVE,LONDON
CUST002449,MAC000614,STD,ACTIVE,LONDON
CUST002450,MAC000615,STD,ACTIVE,LONDON
CUST002451,MAC000616,STD,ACTIVE,LONDON
CUST002452,MAC000618,STD,ACTIVE,LONDON
CUST002453,MAC000619,STD,ACTIVE,LONDON
CUST002454,MAC000621,STD,ACTIVE,LONDON
CUST002455,MAC000622,STD,ACTIVE,LONDON
CUST002456,MAC000623,STD,ACTIVE,LONDON
CUST002457,MAC000624,STD,ACTIVE,LONDON
CUST002458,MAC000625,STD,ACTIVE,LONDON
CUST002459,MAC000626,STD,ACTIVE,LONDON
CUST002460,MAC000627,STD,ACTIVE,LONDON
CUST002461,MAC000629,STD,ACTIVE,LONDON
CUST002462,MAC000630,STD,ACTIVE,LONDON
CUST002463,MAC000631,STD,ACTIVE,LONDON
CUST002464,MAC000632,STD,ACTIVE,LONDON
CUST002465,MAC000634,STD,ACTIVE,LONDON
CUST002466,MAC000636,STD,ACTIVE,LONDON
CUST002467,MAC000637,STD,ACTIVE,LONDON
CUST002468,MAC000638,STD,ACTIVE,LONDON
CUST002469,MAC000639,STD,ACTIVE,LONDON
CUST002470,MAC000642,STD,ACTIVE,LONDON
CUST002471,MAC000643,STD,ACTIVE,LONDON
CUST002472,MAC000644,STD,ACTIVE,LONDON
CUST002473,MAC000645,STD,ACTIVE,LONDON
CUST002474,MAC000646,STD,ACTIVE,LONDON
CUST002475,MAC000647,STD,ACTIVE,LONDON
CUST002476,MAC000648,STD,ACTIVE,LONDON
CUST002477,MAC000649,STD,ACTIVE,LONDON
CUST002478,MAC000650,STD,ACTIVE,LONDON
CUST002479,MAC000651,STD,ACTIVE,LONDON
CUST002480,MAC000652,STD,ACTIVE,LONDON
CUST002481,MAC000654,STD,ACTIVE,LONDON
CUST002482,MAC000655,STD,ACTIVE,LONDON
CUST002483,MAC000656,STD,ACTIVE,LONDON
CUST002484,MAC000657,STD,ACTIVE,LONDON
CUST002485,MAC000658,STD,ACTIVE,LONDON
CUST002486,MAC000659,STD,ACTIVE,LONDON
CUST002487,MAC000660,STD,ACTIVE,LONDON
CUST002488,MAC000661,STD,ACTIVE,LONDON
CUST002489,MAC000662,STD,ACTIVE,LONDON
CUST002490,MAC000663,STD,ACTIVE,LONDON
CUST002491,MAC000664,STD,ACTIVE,LONDON
CUST002492,MAC000667,STD,ACTIVE,LONDON
CUST002493,MAC000668,STD,ACTIVE,LONDON
CUST002494,MAC000669,STD,ACTIVE,LONDON
CUST002495,MAC000670,STD,ACTIVE,LONDON
CUST002496,MAC000671,STD,ACTIVE,LONDON
CUST002497,MAC000674,STD,ACTIVE,LONDON
CUST002498,MAC000675,STD,ACTIVE,LONDON
CUST002499,MAC000676,STD,ACTIVE,LONDON
CUST002500,MAC000677,STD,ACTIVE,LONDON
CUST002501,MAC000678,STD,ACTIVE,LONDON
CUST002502,MAC000679,STD,ACTIVE,LONDON
CUST002503,MAC000682,STD,ACTIVE,LONDON
CUST002504,MAC000684,STD,ACTIVE,LONDON
CUST002505,MAC000685,STD,ACTIVE,LONDON
CUST002506,MAC000686,STD,ACTIVE,LONDON
CUST002507,MAC000689,STD,ACTIVE,LONDON
CUST002508,MAC000690,STD,ACTIVE,LONDON
CUST002509,MAC000691,STD,ACTIVE,LONDON
CUST002510,MAC000692,STD,ACTIVE,LONDON
CUST002511,MAC000693,STD,ACTIVE,LONDON
CUST002512,MAC000694,STD,ACTIVE,LONDON
CUST002513,MAC000695,STD,ACTIVE,LONDON
CUST002514,MAC000696,STD,ACTIVE,LONDON
CUST002515,MAC000697,STD,ACTIVE,LONDON
CUST002516,MAC000698,STD,ACTIVE,LONDON
CUST002517,MAC000699,STD,ACTIVE,LONDON
CUST002518,MAC000700,STD,ACTIVE,LONDON
CUST002519,MAC000701,STD,ACTIVE,LONDON
CUST002520,MAC000702,STD,ACTIVE,LONDON
CUST002521,MAC000703,STD,ACTIVE,LONDON
CUST002522,MAC000705,STD,ACTIVE,LONDON
CUST002523,MAC000706,STD,ACTIVE,LONDON
CUST002524,MAC000707,STD,ACTIVE,LONDON
CUST002525,MAC000711,STD,ACTIVE,LONDON
CUST002526,MAC000712,STD,ACTIVE,LONDON
CUST002527,MAC000713,STD,ACTIVE,LONDON
CUST002528,MAC000714,STD,ACTIVE,LONDON
CUST002529,MAC000070,STD,ACTIVE,LONDON
CUST002530,MAC000072,STD,ACTIVE,LONDON
CUST002531,MAC000073,STD,ACTIVE,LONDON
CUST002532,MAC000074,STD,ACTIVE,LONDON
CUST002533,MAC000077,STD,ACTIVE,LONDON
CUST002534,MAC000078,STD,ACTIVE,LONDON
CUST002535,MAC000079,STD,ACTIVE,LONDON
CUST002536,MAC000080,STD,ACTIVE,LONDON
CUST002537,MAC000081,STD,ACTIVE,LONDON
CUST002538,MAC000083,STD,ACTIVE,LONDON
CUST002539,MAC000084,STD,ACTIVE,LONDON
CUST002540,MAC000085,STD,ACTIVE,LONDON
CUST002541,MAC000086,STD,ACTIVE,LONDON
CUST002542,MAC000087,STD,ACTIVE,LONDON
CUST002543,MAC000089,STD,ACTIVE,LONDON
CUST002544,MAC000090,STD,ACTIVE,LONDON
CUST002545,MAC000091,STD,ACTIVE,LONDON
CUST002546,MAC000092,STD,ACTIVE,LONDON
CUST002547,MAC000093,STD,ACTIVE,LONDON
CUST002548,MAC000094,STD,ACTIVE,LONDON
CUST002549,MAC000095,STD,ACTIVE,LONDON
CUST002550,MAC000096,STD,ACTIVE,LONDON
CUST002551,MAC000097,STD,ACTIVE,LONDON
CUST002552,MAC000098,STD,ACTIVE,LONDON
CUST002553,MAC000099,STD,ACTIVE,LONDON
CUST002554,MAC000100,STD,ACTIVE,LONDON
CUST002555,MAC000715,STD,ACTIVE,LONDON
CUST002556,MAC000717,STD,ACTIVE,LONDON
CUST002557,MAC000718,STD,ACTIVE,LONDON
CUST002558,MAC000720,STD,ACTIVE,LONDON
CUST002559,MAC000721,STD,ACTIVE,LONDON
CUST002560,MAC000723,STD,ACTIVE,LONDON
CUST002561,MAC000724,STD,ACTIVE,LONDON
CUST002562,MAC000726,STD,ACTIVE,LONDON
CUST002563,MAC000727,STD,ACTIVE,LONDON
CUST002564,MAC000729,STD,ACTIVE,LONDON
CUST002565,MAC000730,STD,ACTIVE,LONDON
CUST002566,MAC000731,STD,ACTIVE,LONDON
CUST002567,MAC000732,STD,ACTIVE,LONDON
CUST002568,MAC000733,STD,ACTIVE,LONDON
CUST002569,MAC000734,STD,ACTIVE,LONDON
CUST002570,MAC000735,STD,ACTIVE,LONDON
CUST002571,MAC000736,STD,ACTIVE,LONDON
CUST002572,MAC000737,STD,ACTIVE,LONDON
CUST002573,MAC000740,STD,ACTIVE,LONDON
CUST002574,MAC000741,STD,ACTIVE,LONDON
CUST002575,MAC000742,STD,ACTIVE,LONDON
CUST002576,MAC000743,STD,ACTIVE,LONDON
CUST002577,MAC000744,STD,ACTIVE,LONDON
CUST002578,MAC000745,STD,ACTIVE,LONDON
CUST002579,MAC000746,STD,ACTIVE,LONDON
CUST002580,MAC000747,STD,ACTIVE,LONDON
CUST002581,MAC000748,STD,ACTIVE,LONDON
CUST002582,MAC000749,STD,ACTIVE,LONDON
CUST002583,MAC000750,STD,ACTIVE,LONDON
CUST002584,MAC000752,STD,ACTIVE,LONDON
CUST002585,MAC000753,STD,ACTIVE,LONDON
CUST002586,MAC000756,STD,ACTIVE,LONDON
CUST002587,MAC000757,STD,ACTIVE,LONDON
CUST002588,MAC000758,STD,ACTIVE,LONDON
CUST002589,MAC000760,STD,ACTIVE,LONDON
CUST002590,MAC000761,STD,ACTIVE,LONDON
CUST002591,MAC000762,STD,ACTIVE,LONDON
CUST002592,MAC000763,STD,ACTIVE,LONDON
CUST002593,MAC000764,STD,ACTIVE,LONDON
CUST002594,MAC000765,STD,ACTIVE,LONDON
CUST002595,MAC000767,STD,ACTIVE,LONDON
CUST002596,MAC000768,STD,ACTIVE,LONDON
CUST002597,MAC000769,STD,ACTIVE,LONDON
CUST002598,MAC000770,STD,ACTIVE,LONDON
CUST002599,MAC000771,STD,ACTIVE,LONDON
CUST002600,MAC000773,STD,ACTIVE,LONDON
CUST002601,MAC000774,STD,ACTIVE,LONDON
CUST002602,MAC000776,STD,ACTIVE,LONDON
CUST002603,MAC000777,STD,ACTIVE,LONDON
CUST002604,MAC000778,STD,ACTIVE,LONDON
CUST002605,MAC000779,STD,ACTIVE,LONDON
CUST002606,MAC000780,STD,ACTIVE,LONDON
CUST002607,MAC000781,STD,ACTIVE,LONDON
CUST002608,MAC000782,STD,ACTIVE,LONDON
CUST002609,MAC000783,STD,ACTIVE,LONDON
CUST002610,MAC000784,STD,ACTIVE,LONDON
CUST002611,MAC000786,STD,ACTIVE,LONDON
CUST002612,MAC000787,STD,ACTIVE,LONDON
CUST002613,MAC000788,STD,ACTIVE,LONDON
CUST002614,MAC000790,STD,ACTIVE,LONDON
CUST002615,MAC000792,STD,ACTIVE,LONDON
CUST002616,MAC000793,STD,ACTIVE,LONDON
CUST002617,MAC000794,STD,ACTIVE,LONDON
CUST002618,MAC000795,STD,ACTIVE,LONDON
CUST002619,MAC000796,STD,ACTIVE,LONDON
CUST002620,MAC000798,STD,ACTIVE,LONDON
CUST002621,MAC000799,STD,ACTIVE,LONDON
CUST002622,MAC000800,STD,ACTIVE,LONDON
CUST002623,MAC000802,STD,ACTIVE,LONDON
CUST002624,MAC000804,STD,ACTIVE,LONDON
CUST002625,MAC000806,STD,ACTIVE,LONDON
CUST002626,MAC000807,STD,ACTIVE,LONDON
CUST002627,MAC000808,STD,ACTIVE,LONDON
CUST002628,MAC000809,STD,ACTIVE,LONDON
CUST002629,MAC000811,STD,ACTIVE,LONDON
CUST002630,MAC000812,STD,ACTIVE,LONDON
CUST002631,MAC000813,STD,ACTIVE,LONDON
CUST002632,MAC000815,STD,ACTIVE,LONDON
CUST002633,MAC000816,STD,ACTIVE,LONDON
CUST002634,MAC000818,STD,ACTIVE,LONDON
CUST002635,MAC000820,STD,ACTIVE,LONDON
CUST002636,MAC000823,STD,ACTIVE,LONDON
CUST002637,MAC000824,STD,ACTIVE,LONDON
CUST002638,MAC000825,STD,ACTIVE,LONDON
CUST002639,MAC000826,STD,ACTIVE,LONDON
CUST002640,MAC000827,STD,ACTIVE,LONDON
CUST002641,MAC000829,STD,ACTIVE,LONDON
CUST002642,MAC000831,STD,ACTIVE,LONDON
CUST002643,MAC000832,STD,ACTIVE,LONDON
CUST002644,MAC000833,STD,ACTIVE,LONDON
CUST002645,MAC000835,STD,ACTIVE,LONDON
CUST002646,MAC000836,STD,ACTIVE,LONDON
CUST002647,MAC000837,STD,ACTIVE,LONDON
CUST002648,MAC000838,STD,ACTIVE,LONDON
CUST002649,MAC000839,STD,ACTIVE,LONDON
CUST002650,MAC000840,STD,ACTIVE,LONDON
CUST002651,MAC000842,STD,ACTIVE,LONDON
CUST002652,MAC000843,STD,ACTIVE,LONDON
CUST002653,MAC000844,STD,ACTIVE,LONDON
CUST002654,MAC000846,STD,ACTIVE,LONDON
CUST002655,MAC000848,STD,ACTIVE,LONDON
CUST002656,MAC000849,STD,ACTIVE,LONDON
CUST002657,MAC000850,STD,ACTIVE,LONDON
CUST002658,MAC000852,STD,ACTIVE,LONDON
CUST002659,MAC000853,STD,ACTIVE,LONDON
CUST002660,MAC000854,STD,ACTIVE,LONDON
CUST002661,MAC000855,STD,ACTIVE,LONDON
CUST002662,MAC000856,STD,ACTIVE,LONDON
CUST002663,MAC000858,STD,ACTIVE,LONDON
CUST002664,MAC000860,STD,ACTIVE,LONDON
CUST002665,MAC000861,STD,ACTIVE,LONDON
CUST002666,MAC000862,STD,ACTIVE,LONDON
CUST002667,MAC000863,STD,ACTIVE,LONDON
CUST002668,MAC000864,STD,ACTIVE,LONDON
CUST002669,MAC000865,STD,ACTIVE,LONDON
CUST002670,MAC000866,STD,ACTIVE,LONDON
CUST002671,MAC000867,STD,ACTIVE,LONDON
CUST002672,MAC000869,STD,ACTIVE,LONDON
CUST002673,MAC000870,STD,ACTIVE,LONDON
CUST002674,MAC000871,STD,ACTIVE,LONDON
CUST002675,MAC000872,STD,ACTIVE,LONDON
CUST002676,MAC000873,STD,ACTIVE,LONDON
CUST002677,MAC000874,STD,ACTIVE,LONDON
CUST002678,MAC000875,STD,ACTIVE,LONDON
CUST002679,MAC000876,STD,ACTIVE,LONDON
CUST002680,MAC000880,STD,ACTIVE,LONDON
CUST002681,MAC000881,STD,ACTIVE,LONDON
CUST002682,MAC000882,STD,ACTIVE,LONDON
CUST002683,MAC000883,STD,ACTIVE,LONDON
CUST002684,MAC000885,STD,ACTIVE,LONDON
CUST002685,MAC000886,STD,ACTIVE,LONDON
CUST002686,MAC000888,STD,ACTIVE,LONDON
CUST002687,MAC000889,STD,ACTIVE,LONDON
CUST002688,MAC000890,STD,ACTIVE,LONDON
CUST002689,MAC000891,STD,ACTIVE,LONDON
CUST002690,MAC000892,STD,ACTIVE,LONDON
CUST002691,MAC000893,STD,ACTIVE,LONDON
CUST002692,MAC000894,STD,ACTIVE,LONDON
CUST002693,MAC000896,STD,ACTIVE,LONDON
CUST002694,MAC000897,STD,ACTIVE,LONDON
CUST002695,MAC000899,STD,ACTIVE,LONDON
CUST002696,MAC000900,STD,ACTIVE,LONDON
CUST002697,MAC000902,STD,ACTIVE,LONDON
CUST002698,MAC000903,STD,ACTIVE,LONDON
CUST002699,MAC000904,STD,ACTIVE,LONDON
CUST002700,MAC000905,STD,ACTIVE,LONDON
CUST002701,MAC000906,STD,ACTIVE,LONDON
CUST002702,MAC000907,STD,ACTIVE,LONDON
CUST002703,MAC000908,STD,ACTIVE,LONDON
CUST002704,MAC000909,STD,ACTIVE,LONDON
CUST002705,MAC000911,STD,ACTIVE,LONDON
CUST002706,MAC000912,STD,ACTIVE,LONDON
CUST002707,MAC000914,STD,ACTIVE,LONDON
CUST002708,MAC000915,STD,ACTIVE,LONDON
CUST002709,MAC000916,STD,ACTIVE,LONDON
CUST002710,MAC000917,STD,ACTIVE,LONDON
CUST002711,MAC000918,STD,ACTIVE,LONDON
CUST002712,MAC000919,STD,ACTIVE,LONDON
CUST002713,MAC000920,STD,ACTIVE,LONDON
CUST002714,MAC000921,STD,ACTIVE,LONDON
CUST002715,MAC000922,STD,ACTIVE,LONDON
CUST002716,MAC000923,STD,ACTIVE,LONDON
CUST002717,MAC000925,STD,ACTIVE,LONDON
CUST002718,MAC000926,STD,ACTIVE,LONDON
CUST002719,MAC000927,STD,ACTIVE,LONDON
CUST002720,MAC000928,STD,ACTIVE,LONDON
CUST002721,MAC000929,STD,ACTIVE,LONDON
CUST002722,MAC000930,STD,ACTIVE,LONDON
CUST002723,MAC000933,STD,ACTIVE,LONDON
CUST002724,MAC000934,STD,ACTIVE,LONDON
CUST002725,MAC000936,STD,ACTIVE,LONDON
CUST002726,MAC000940,STD,ACTIVE,LONDON
CUST002727,MAC000941,STD,ACTIVE,LONDON
CUST002728,MAC000947,STD,ACTIVE,LONDON
CUST002729,MAC000948,STD,ACTIVE,LONDON
CUST002730,MAC000949,STD,ACTIVE,LONDON
CUST002731,MAC000950,STD,ACTIVE,LONDON
CUST002732,MAC000951,STD,ACTIVE,LONDON
CUST002733,MAC000952,STD,ACTIVE,LONDON
CUST002734,MAC000953,STD,ACTIVE,LONDON
CUST002735,MAC000954,STD,ACTIVE,LONDON
CUST002736,MAC000955,STD,ACTIVE,LONDON
CUST002737,MAC000956,STD,ACTIVE,LONDON
CUST002738,MAC000957,STD,ACTIVE,LONDON
CUST002739,MAC000958,STD,ACTIVE,LONDON
CUST002740,MAC000959,STD,ACTIVE,LONDON
CUST002741,MAC000960,STD,ACTIVE,LONDON
CUST002742,MAC000962,STD,ACTIVE,LONDON
CUST002743,MAC000963,STD,ACTIVE,LONDON
CUST002744,MAC000964,STD,ACTIVE,LONDON
CUST002745,MAC000966,STD,ACTIVE,LONDON
CUST002746,MAC000967,STD,ACTIVE,LONDON
CUST002747,MAC000968,STD,ACTIVE,LONDON
CUST002748,MAC000969,STD,ACTIVE,LONDON
CUST002749,MAC000970,STD,ACTIVE,LONDON
CUST002750,MAC000971,STD,ACTIVE,LONDON
CUST002751,MAC000972,STD,ACTIVE,LONDON
CUST002752,MAC000973,STD,ACTIVE,LONDON
CUST002753,MAC000974,STD,ACTIVE,LONDON
CUST002754,MAC000975,STD,ACTIVE,LONDON
CUST002755,MAC000977,STD,ACTIVE,LONDON
CUST002756,MAC000978,STD,ACTIVE,LONDON
CUST002757,MAC000979,STD,ACTIVE,LONDON
CUST002758,MAC000980,STD,ACTIVE,LONDON
CUST002759,MAC000981,STD,ACTIVE,LONDON
CUST002760,MAC000983,STD,ACTIVE,LONDON
CUST002761,MAC000984,STD,ACTIVE,LONDON
CUST002762,MAC000986,STD,ACTIVE,LONDON
CUST002763,MAC000987,STD,ACTIVE,LONDON
CUST002764,MAC000988,STD,ACTIVE,LONDON
CUST002765,MAC000989,STD,ACTIVE,LONDON
CUST002766,MAC000990,STD,ACTIVE,LONDON
CUST002767,MAC000992,STD,ACTIVE,LONDON
CUST002768,MAC000995,STD,ACTIVE,LONDON
CUST002769,MAC000996,STD,ACTIVE,LONDON
CUST002770,MAC000997,STD,ACTIVE,LONDON
CUST002771,MAC000998,STD,ACTIVE,LONDON
CUST002772,MAC001000,STD,ACTIVE,LONDON
CUST002773,MAC001001,STD,ACTIVE,LONDON
CUST002774,MAC001002,STD,ACTIVE,LONDON
CUST002775,MAC001003,STD,ACTIVE,LONDON
CUST002776,MAC001005,STD,ACTIVE,LONDON
CUST002777,MAC001006,STD,ACTIVE,LONDON
CUST002778,MAC001007,STD,ACTIVE,LONDON
CUST002779,MAC001008,STD,ACTIVE,LONDON
CUST002780,MAC001009,STD,ACTIVE,LONDON
CUST002781,MAC001010,STD,ACTIVE,LONDON
CUST002782,MAC001011,STD,ACTIVE,LONDON
CUST002783,MAC001017,STD,ACTIVE,LONDON
CUST002784,MAC001018,STD,ACTIVE,LONDON
CUST002785,MAC001019,STD,ACTIVE,LONDON
CUST002786,MAC001020,STD,ACTIVE,LONDON
CUST002787,MAC001021,STD,ACTIVE,LONDON
CUST002788,MAC001022,STD,ACTIVE,LONDON
CUST002789,MAC001026,STD,ACTIVE,LONDON
CUST002790,MAC001027,STD,ACTIVE,LONDON
CUST002791,MAC001028,STD,ACTIVE,LONDON
CUST002792,MAC001029,STD,ACTIVE,LONDON
CUST002793,MAC001031,STD,ACTIVE,LONDON
CUST002794,MAC001032,STD,ACTIVE,LONDON
CUST002795,MAC001035,STD,ACTIVE,LONDON
CUST002796,MAC001036,STD,ACTIVE,LONDON
CUST002797,MAC001037,STD,ACTIVE,LONDON
CUST002798,MAC001038,STD,ACTIVE,LONDON
CUST002799,MAC001039,STD,ACTIVE,LONDON
CUST002800,MAC001040,STD,ACTIVE,LONDON
CUST002801,MAC001041,STD,ACTIVE,LONDON
CUST002802,MAC001042,STD,ACTIVE,LONDON
CUST002803,MAC001043,STD,ACTIVE,LONDON
CUST002804,MAC001044,STD,ACTIVE,LONDON
CUST002805,MAC001045,STD,ACTIVE,LONDON
CUST002806,MAC001046,STD,ACTIVE,LONDON
CUST002807,MAC001047,STD,ACTIVE,LONDON
CUST002808,MAC001048,STD,ACTIVE,LONDON
CUST002809,MAC001049,STD,ACTIVE,LONDON
CUST002810,MAC001050,STD,ACTIVE,LONDON
CUST002811,MAC001051,STD,ACTIVE,LONDON
CUST002812,MAC001052,STD,ACTIVE,LONDON
CUST002813,MAC001053,STD,ACTIVE,LONDON
CUST002814,MAC001054,STD,ACTIVE,LONDON
CUST002815,MAC001055,STD,ACTIVE,LONDON
CUST002816,MAC001056,STD,ACTIVE,LONDON
CUST002817,MAC001058,STD,ACTIVE,LONDON
CUST002818,MAC001059,STD,ACTIVE,LONDON
CUST002819,MAC001060,STD,ACTIVE,LONDON
CUST002820,MAC001061,STD,ACTIVE,LONDON
CUST002821,MAC001062,STD,ACTIVE,LONDON
CUST002822,MAC001063,STD,ACTIVE,LONDON
CUST002823,MAC001065,STD,ACTIVE,LONDON
CUST002824,MAC001066,STD,ACTIVE,LONDON
CUST002825,MAC001067,STD,ACTIVE,LONDON
CUST002826,MAC001068,STD,ACTIVE,LONDON
CUST002827,MAC001069,STD,ACTIVE,LONDON
CUST002828,MAC001070,STD,ACTIVE,LONDON
CUST002829,MAC001071,STD,ACTIVE,LONDON
CUST002830,MAC001072,STD,ACTIVE,LONDON
CUST002831,MAC001073,STD,ACTIVE,LONDON
CUST002832,MAC001076,STD,ACTIVE,LONDON
CUST002833,MAC001077,STD,ACTIVE,LONDON
CUST002834,MAC001078,STD,ACTIVE,LONDON
CUST002835,MAC001079,STD,ACTIVE,LONDON
CUST002836,MAC001080,STD,ACTIVE,LONDON
CUST002837,MAC001081,STD,ACTIVE,LONDON
CUST002838,MAC001082,STD,ACTIVE,LONDON
CUST002839,MAC001083,STD,ACTIVE,LONDON
CUST002840,MAC001084,STD,ACTIVE,LONDON
CUST002841,MAC001085,STD,ACTIVE,LONDON
CUST002842,MAC001086,STD,ACTIVE,LONDON
CUST002843,MAC001088,STD,ACTIVE,LONDON
CUST002844,MAC001089,STD,ACTIVE,LONDON
CUST002845,MAC001090,STD,ACTIVE,LONDON
CUST002846,MAC001093,STD,ACTIVE,LONDON
CUST002847,MAC001094,STD,ACTIVE,LONDON
CUST002848,MAC001095,STD,ACTIVE,LONDON
CUST002849,MAC001098,STD,ACTIVE,LONDON
CUST002850,MAC001099,STD,ACTIVE,LONDON
CUST002851,MAC001100,STD,ACTIVE,LONDON
CUST002852,MAC001101,STD,ACTIVE,LONDON
CUST002853,MAC001104,STD,ACTIVE,LONDON
CUST002854,MAC001106,STD,ACTIVE,LONDON
CUST002855,MAC001109,STD,ACTIVE,LONDON
CUST002856,MAC001111,STD,ACTIVE,LONDON
CUST002857,MAC001112,STD,ACTIVE,LONDON
CUST002858,MAC001113,STD,ACTIVE,LONDON
CUST002859,MAC001114,STD,ACTIVE,LONDON
CUST002860,MAC001115,STD,ACTIVE,LONDON
CUST002861,MAC001117,STD,ACTIVE,LONDON
CUST002862,MAC001119,STD,ACTIVE,LONDON
CUST002863,MAC001120,STD,ACTIVE,LONDON
CUST002864,MAC001121,STD,ACTIVE,LONDON
CUST002865,MAC001122,STD,ACTIVE,LONDON
CUST002866,MAC001123,STD,ACTIVE,LONDON
CUST002867,MAC001124,STD,ACTIVE,LONDON
CUST002868,MAC001125,STD,ACTIVE,LONDON
CUST002869,MAC001126,STD,ACTIVE,LONDON
CUST002870,MAC001127,STD,ACTIVE,LONDON
CUST002871,MAC001128,STD,ACTIVE,LONDON
CUST002872,MAC001130,STD,ACTIVE,LONDON
CUST002873,MAC001131,STD,ACTIVE,LONDON
CUST002874,MAC001134,STD,ACTIVE,LONDON
CUST002875,MAC001135,STD,ACTIVE,LONDON
CUST002876,MAC001137,STD,ACTIVE,LONDON
CUST002877,MAC001138,STD,ACTIVE,LONDON
CUST002878,MAC001139,STD,ACTIVE,LONDON
CUST002879,MAC001140,STD,ACTIVE,LONDON
CUST002880,MAC000101,STD,ACTIVE,LONDON
CUST002881,MAC000102,STD,ACTIVE,LONDON
CUST002882,MAC000103,STD,ACTIVE,LONDON
CUST002883,MAC000104,STD,ACTIVE,LONDON
CUST002884,MAC000105,STD,ACTIVE,LONDON
CUST002885,MAC000108,STD,ACTIVE,LONDON
CUST002886,MAC000110,STD,ACTIVE,LONDON
CUST002887,MAC000111,STD,ACTIVE,LONDON
CUST002888,MAC000112,STD,ACTIVE,LONDON
CUST002889,MAC000113,STD,ACTIVE,LONDON
CUST002890,MAC000114,STD,ACTIVE,LONDON
CUST002891,MAC000115,STD,ACTIVE,LONDON
CUST002892,MAC000116,STD,ACTIVE,LONDON
CUST002893,MAC000117,STD,ACTIVE,LONDON
CUST002894,MAC000118,STD,ACTIVE,LONDON
CUST002895,MAC000119,STD,ACTIVE,LONDON
CUST002896,MAC000120,STD,ACTIVE,LONDON
CUST002897,MAC000121,STD,ACTIVE,LONDON
CUST002898,MAC000122,STD,ACTIVE,LONDON
CUST002899,MAC000123,STD,ACTIVE,LONDON
CUST002900,MAC000125,STD,ACTIVE,LONDON
CUST002901,MAC000126,STD,ACTIVE,LONDON
CUST002902,MAC000127,STD,ACTIVE,LONDON
CUST002903,MAC000128,STD,ACTIVE,LONDON
CUST002904,MAC000129,STD,ACTIVE,LONDON
CUST002905,MAC000130,STD,ACTIVE,LONDON
CUST002906,MAC000131,STD,ACTIVE,LONDON
CUST002907,MAC001144,STD,ACTIVE,LONDON
CUST002908,MAC001145,STD,ACTIVE,LONDON
CUST002909,MAC001146,STD,ACTIVE,LONDON
CUST002910,MAC001148,STD,ACTIVE,LONDON
CUST002911,MAC001149,STD,ACTIVE,LONDON
CUST002912,MAC001150,STD,ACTIVE,LONDON
CUST002913,MAC001151,STD,ACTIVE,LONDON
CUST002914,MAC001152,STD,ACTIVE,LONDON
CUST002915,MAC001153,STD,ACTIVE,LONDON
CUST002916,MAC001154,STD,ACTIVE,LONDON
CUST002917,MAC001155,STD,ACTIVE,LONDON
CUST002918,MAC001157,STD,ACTIVE,LONDON
CUST002919,MAC001158,STD,ACTIVE,LONDON
CUST002920,MAC001159,STD,ACTIVE,LONDON
CUST002921,MAC001160,STD,ACTIVE,LONDON
CUST002922,MAC001161,STD,ACTIVE,LONDON
CUST002923,MAC001162,STD,ACTIVE,LONDON
CUST002924,MAC001163,STD,ACTIVE,LONDON
CUST002925,MAC001164,STD,ACTIVE,LONDON
CUST002926,MAC001167,STD,ACTIVE,LONDON
CUST002927,MAC001168,STD,ACTIVE,LONDON
CUST002928,MAC001170,STD,ACTIVE,LONDON
CUST002929,MAC001171,STD,ACTIVE,LONDON
CUST002930,MAC001172,STD,ACTIVE,LONDON
CUST002931,MAC001173,STD,ACTIVE,LONDON
CUST002932,MAC001174,STD,ACTIVE,LONDON
CUST002933,MAC001175,STD,ACTIVE,LONDON
CUST002934,MAC001176,STD,ACTIVE,LONDON
CUST002935,MAC001177,STD,ACTIVE,LONDON
CUST002936,MAC001178,STD,ACTIVE,LONDON
CUST002937,MAC001180,STD,ACTIVE,LONDON
CUST002938,MAC001181,STD,ACTIVE,LONDON
CUST002939,MAC001183,STD,ACTIVE,LONDON
CUST002940,MAC001184,STD,ACTIVE,LONDON
CUST002941,MAC001185,STD,ACTIVE,LONDON
CUST002942,MAC001186,STD,ACTIVE,LONDON
CUST002943,MAC001187,STD,ACTIVE,LONDON
CUST002944,MAC001188,STD,ACTIVE,LONDON
CUST002945,MAC001189,STD,ACTIVE,LONDON
CUST002946,MAC001190,STD,ACTIVE,LONDON
CUST002947,MAC001191,STD,ACTIVE,LONDON
CUST002948,MAC001192,STD,ACTIVE,LONDON
CUST002949,MAC001193,STD,ACTIVE,LONDON
CUST002950,MAC001194,STD,ACTIVE,LONDON
CUST002951,MAC001195,STD,ACTIVE,LONDON
CUST002952,MAC001196,STD,ACTIVE,LONDON
CUST002953,MAC001197,STD,ACTIVE,LONDON
CUST002954,MAC001198,STD,ACTIVE,LONDON
CUST002955,MAC001199,STD,ACTIVE,LONDON
CUST002956,MAC001200,STD,ACTIVE,LONDON
CUST002957,MAC001201,STD,ACTIVE,LONDON
CUST002958,MAC001203,STD,ACTIVE,LONDON
CUST002959,MAC001204,STD,ACTIVE,LONDON
CUST002960,MAC001205,STD,ACTIVE,LONDON
CUST002961,MAC001207,STD,ACTIVE,LONDON
CUST002962,MAC001208,STD,ACTIVE,LONDON
CUST002963,MAC001210,STD,ACTIVE,LONDON
CUST002964,MAC001211,STD,ACTIVE,LONDON
CUST002965,MAC001212,STD,ACTIVE,LONDON
CUST002966,MAC001213,STD,ACTIVE,LONDON
CUST002967,MAC001214,STD,ACTIVE,LONDON
CUST002968,MAC001215,STD,ACTIVE,LONDON
CUST002969,MAC001216,STD,ACTIVE,LONDON
CUST002970,MAC001217,STD,ACTIVE,LONDON
CUST002971,MAC001218,STD,ACTIVE,LONDON
CUST002972,MAC001220,STD,ACTIVE,LONDON
CUST002973,MAC001221,STD,ACTIVE,LONDON
CUST002974,MAC001223,STD,ACTIVE,LONDON
CUST002975,MAC001224,STD,ACTIVE,LONDON
CUST002976,MAC001225,STD,ACTIVE,LONDON
CUST002977,MAC001226,STD,ACTIVE,LONDON
CUST002978,MAC001227,STD,ACTIVE,LONDON
CUST002979,MAC001229,STD,ACTIVE,LONDON
CUST002980,MAC001230,STD,ACTIVE,LONDON
CUST002981,MAC001231,STD,ACTIVE,LONDON
CUST002982,MAC001233,STD,ACTIVE,LONDON
CUST002983,MAC001234,STD,ACTIVE,LONDON
CUST002984,MAC001235,STD,ACTIVE,LONDON
CUST002985,MAC001236,STD,ACTIVE,LONDON
CUST002986,MAC001237,STD,ACTIVE,LONDON
CUST002987,MAC001238,STD,ACTIVE,LONDON
CUST002988,MAC001239,STD,ACTIVE,LONDON
CUST002989,MAC001240,STD,ACTIVE,LONDON
CUST002990,MAC001241,STD,ACTIVE,LONDON
CUST002991,MAC001242,STD,ACTIVE,LONDON
CUST002992,MAC001243,STD,ACTIVE,LONDON
CUST002993,MAC001244,STD,ACTIVE,LONDON
CUST002994,MAC001247,STD,ACTIVE,LONDON
CUST002995,MAC001248,STD,ACTIVE,LONDON
CUST002996,MAC001249,STD,ACTIVE,LONDON
CUST002997,MAC001250,STD,ACTIVE,LONDON
CUST002998,MAC001251,STD,ACTIVE,LONDON
CUST002999,MAC001252,STD,ACTIVE,LONDON
CUST003000,MAC001253,STD,ACTIVE,LONDON
CUST003001,MAC001255,STD,ACTIVE,LONDON
CUST003002,MAC001256,STD,ACTIVE,LONDON
CUST003003,MAC001257,STD,ACTIVE,LONDON
CUST003004,MAC001258,STD,ACTIVE,LONDON
CUST003005,MAC001259,STD,ACTIVE,LONDON
CUST003006,MAC001260,STD,ACTIVE,LONDON
CUST003007,MAC001261,STD,ACTIVE,LONDON
CUST003008,MAC001262,STD,ACTIVE,LONDON
CUST003009,MAC001263,STD,ACTIVE,LONDON
CUST003010,MAC001265,STD,ACTIVE,LONDON
CUST003011,MAC001266,STD,ACTIVE,LONDON
CUST003012,MAC001267,STD,ACTIVE,LONDON
CUST003013,MAC001268,STD,ACTIVE,LONDON
CUST003014,MAC001269,STD,ACTIVE,LONDON
CUST003015,MAC001271,STD,ACTIVE,LONDON
CUST003016,MAC001272,STD,ACTIVE,LONDON
CUST003017,MAC001273,STD,ACTIVE,LONDON
CUST003018,MAC001275,STD,ACTIVE,LONDON
CUST003019,MAC001276,STD,ACTIVE,LONDON
CUST003020,MAC001277,STD,ACTIVE,LONDON
CUST003021,MAC001278,STD,ACTIVE,LONDON
CUST003022,MAC001280,STD,ACTIVE,LONDON
CUST003023,MAC001282,STD,ACTIVE,LONDON
CUST003024,MAC001283,STD,ACTIVE,LONDON
CUST003025,MAC001284,STD,ACTIVE,LONDON
CUST003026,MAC001286,STD,ACTIVE,LONDON
CUST003027,MAC001287,STD,ACTIVE,LONDON
CUST003028,MAC001288,STD,ACTIVE,LONDON
CUST003029,MAC001289,STD,ACTIVE,LONDON
CUST003030,MAC001291,STD,ACTIVE,LONDON
CUST003031,MAC001292,STD,ACTIVE,LONDON
CUST003032,MAC001293,STD,ACTIVE,LONDON
CUST003033,MAC001294,STD,ACTIVE,LONDON
CUST003034,MAC001295,STD,ACTIVE,LONDON
CUST003035,MAC001296,STD,ACTIVE,LONDON
CUST003036,MAC001298,STD,ACTIVE,LONDON
CUST003037,MAC001300,STD,ACTIVE,LONDON
CUST003038,MAC001301,STD,ACTIVE,LONDON
CUST003039,MAC001302,STD,ACTIVE,LONDON
CUST003040,MAC001304,STD,ACTIVE,LONDON
CUST003041,MAC001306,STD,ACTIVE,LONDON
CUST003042,MAC001307,STD,ACTIVE,LONDON
CUST003043,MAC001308,STD,ACTIVE,LONDON
CUST003044,MAC001309,STD,ACTIVE,LONDON
CUST003045,MAC001310,STD,ACTIVE,LONDON
CUST003046,MAC001311,STD,ACTIVE,LONDON
CUST003047,MAC001312,STD,ACTIVE,LONDON
CUST003048,MAC001313,STD,ACTIVE,LONDON
CUST003049,MAC001314,STD,ACTIVE,LONDON
CUST003050,MAC001315,STD,ACTIVE,LONDON
CUST003051,MAC001316,STD,ACTIVE,LONDON
CUST003052,MAC001317,STD,ACTIVE,LONDON
CUST003053,MAC001320,STD,ACTIVE,LONDON
CUST003054,MAC001321,STD,ACTIVE,LONDON
CUST003055,MAC001323,STD,ACTIVE,LONDON
CUST003056,MAC001324,STD,ACTIVE,LONDON
CUST003057,MAC001325,STD,ACTIVE,LONDON
CUST003058,MAC001326,STD,ACTIVE,LONDON
CUST003059,MAC001327,STD,ACTIVE,LONDON
CUST003060,MAC001328,STD,ACTIVE,LONDON
CUST003061,MAC001329,STD,ACTIVE,LONDON
CUST003062,MAC001330,STD,ACTIVE,LONDON
CUST003063,MAC001331,STD,ACTIVE,LONDON
CUST003064,MAC001332,STD,ACTIVE,LONDON
CUST003065,MAC001333,STD,ACTIVE,LONDON
CUST003066,MAC001334,STD,ACTIVE,LONDON
CUST003067,MAC001337,STD,ACTIVE,LONDON
CUST003068,MAC001338,STD,ACTIVE,LONDON
CUST003069,MAC001339,STD,ACTIVE,LONDON
CUST003070,MAC001340,STD,ACTIVE,LONDON
CUST003071,MAC001341,STD,ACTIVE,LONDON
CUST003072,MAC001342,STD,ACTIVE,LONDON
CUST003073,MAC001344,STD,ACTIVE,LONDON
CUST003074,MAC001345,STD,ACTIVE,LONDON
CUST003075,MAC001346,STD,ACTIVE,LONDON
CUST003076,MAC001347,STD,ACTIVE,LONDON
CUST003077,MAC001348,STD,ACTIVE,LONDON
CUST003078,MAC001349,STD,ACTIVE,LONDON
CUST003079,MAC001350,STD,ACTIVE,LONDON
CUST003080,MAC001353,STD,ACTIVE,LONDON
CUST003081,MAC001354,STD,ACTIVE,LONDON
CUST003082,MAC001355,STD,ACTIVE,LONDON
CUST003083,MAC001356,STD,ACTIVE,LONDON
CUST003084,MAC001357,STD,ACTIVE,LONDON
CUST003085,MAC001358,STD,ACTIVE,LONDON
CUST003086,MAC001359,STD,ACTIVE,LONDON
CUST003087,MAC001361,STD,ACTIVE,LONDON
CUST003088,MAC001362,STD,ACTIVE,LONDON
CUST003089,MAC001363,STD,ACTIVE,LONDON
CUST003090,MAC001365,STD,ACTIVE,LONDON
CUST003091,MAC001367,STD,ACTIVE,LONDON
CUST003092,MAC001368,STD,ACTIVE,LONDON
CUST003093,MAC001370,STD,ACTIVE,LONDON
CUST003094,MAC001371,STD,ACTIVE,LONDON
CUST003095,MAC001373,STD,ACTIVE,LONDON
CUST003096,MAC001374,STD,ACTIVE,LONDON
CUST003097,MAC001375,STD,ACTIVE,LONDON
CUST003098,MAC001376,STD,ACTIVE,LONDON
CUST003099,MAC001377,STD,ACTIVE,LONDON
CUST003100,MAC001378,STD,ACTIVE,LONDON
CUST003101,MAC001379,STD,ACTIVE,LONDON
CUST003102,MAC001380,STD,ACTIVE,LONDON
CUST003103,MAC001381,STD,ACTIVE,LONDON
CUST003104,MAC001382,STD,ACTIVE,LONDON
CUST003105,MAC001384,STD,ACTIVE,LONDON
CUST003106,MAC001385,STD,ACTIVE,LONDON
CUST003107,MAC001387,STD,ACTIVE,LONDON
CUST003108,MAC001388,STD,ACTIVE,LONDON
CUST003109,MAC001389,STD,ACTIVE,LONDON
CUST003110,MAC001390,STD,ACTIVE,LONDON
CUST003111,MAC001391,STD,ACTIVE,LONDON
CUST003112,MAC001392,STD,ACTIVE,LONDON
CUST003113,MAC001393,STD,ACTIVE,LONDON
CUST003114,MAC001394,STD,ACTIVE,LONDON
CUST003115,MAC001395,STD,ACTIVE,LONDON
CUST003116,MAC001396,STD,ACTIVE,LONDON
CUST003117,MAC001397,STD,ACTIVE,LONDON
CUST003118,MAC001398,STD,ACTIVE,LONDON
CUST003119,MAC001399,STD,ACTIVE,LONDON
CUST003120,MAC001400,STD,ACTIVE,LONDON
CUST003121,MAC001401,STD,ACTIVE,LONDON
CUST003122,MAC001403,STD,ACTIVE,LONDON
CUST003123,MAC001404,STD,ACTIVE,LONDON
CUST003124,MAC001406,STD,ACTIVE,LONDON
CUST003125,MAC001408,STD,ACTIVE,LONDON
CUST003126,MAC001409,STD,ACTIVE,LONDON
CUST003127,MAC001411,STD,ACTIVE,LONDON
CUST003128,MAC001412,STD,ACTIVE,LONDON
CUST003129,MAC001415,STD,ACTIVE,LONDON
CUST003130,MAC001416,STD,ACTIVE,LONDON
CUST003131,MAC001418,STD,ACTIVE,LONDON
CUST003132,MAC001419,STD,ACTIVE,LONDON
CUST003133,MAC001422,STD,ACTIVE,LONDON
CUST003134,MAC001423,STD,ACTIVE,LONDON
CUST003135,MAC001424,STD,ACTIVE,LONDON
CUST003136,MAC001425,STD,ACTIVE,LONDON
CUST003137,MAC001426,STD,ACTIVE,LONDON
CUST003138,MAC001427,STD,ACTIVE,LONDON
CUST003139,MAC001428,STD,ACTIVE,LONDON
CUST003140,MAC001430,STD,ACTIVE,LONDON
CUST003141,MAC001432,STD,ACTIVE,LONDON
CUST003142,MAC001433,STD,ACTIVE,LONDON
CUST003143,MAC001434,STD,ACTIVE,LONDON
CUST003144,MAC001436,STD,ACTIVE,LONDON
CUST003145,MAC001438,STD,ACTIVE,LONDON
CUST003146,MAC001439,STD,ACTIVE,LONDON
CUST003147,MAC001441,STD,ACTIVE,LONDON
CUST003148,MAC001442,STD,ACTIVE,LONDON
CUST003149,MAC001443,STD,ACTIVE,LONDON
CUST003150,MAC001444,STD,ACTIVE,LONDON
CUST003151,MAC001445,STD,ACTIVE,LONDON
CUST003152,MAC001446,STD,ACTIVE,LONDON
CUST003153,MAC001448,STD,ACTIVE,LONDON
CUST003154,MAC001450,STD,ACTIVE,LONDON
CUST003155,MAC001451,STD,ACTIVE,LONDON
CUST003156,MAC001452,STD,ACTIVE,LONDON
CUST003157,MAC001453,STD,ACTIVE,LONDON
CUST003158,MAC001454,STD,ACTIVE,LONDON
CUST003159,MAC001455,STD,ACTIVE,LONDON
CUST003160,MAC001456,STD,ACTIVE,LONDON
CUST003161,MAC001457,STD,ACTIVE,LONDON
CUST003162,MAC001458,STD,ACTIVE,LONDON
CUST003163,MAC001459,STD,ACTIVE,LONDON
CUST003164,MAC001460,STD,ACTIVE,LONDON
CUST003165,MAC001461,STD,ACTIVE,LONDON
CUST003166,MAC001462,STD,ACTIVE,LONDON
CUST003167,MAC001463,STD,ACTIVE,LONDON
CUST003168,MAC001464,STD,ACTIVE,LONDON
CUST003169,MAC001465,STD,ACTIVE,LONDON
CUST003170,MAC001467,STD,ACTIVE,LONDON
CUST003171,MAC001468,STD,ACTIVE,LONDON
CUST003172,MAC001469,STD,ACTIVE,LONDON
CUST003173,MAC001472,STD,ACTIVE,LONDON
CUST003174,MAC001473,STD,ACTIVE,LONDON
CUST003175,MAC001474,STD,ACTIVE,LONDON
CUST003176,MAC001476,STD,ACTIVE,LONDON
CUST003177,MAC001478,STD,ACTIVE,LONDON
CUST003178,MAC001479,STD,ACTIVE,LONDON
CUST003179,MAC001481,STD,ACTIVE,LONDON
CUST003180,MAC001483,STD,ACTIVE,LONDON
CUST003181,MAC001484,STD,ACTIVE,LONDON
CUST003182,MAC001485,STD,ACTIVE,LONDON
CUST003183,MAC001486,STD,ACTIVE,LONDON
CUST003184,MAC001488,STD,ACTIVE,LONDON
CUST003185,MAC001489,STD,ACTIVE,LONDON
CUST003186,MAC001490,STD,ACTIVE,LONDON
CUST003187,MAC001491,STD,ACTIVE,LONDON
CUST003188,MAC001492,STD,ACTIVE,LONDON
CUST003189,MAC001493,STD,ACTIVE,LONDON
CUST003190,MAC001494,STD,ACTIVE,LONDON
CUST003191,MAC001496,STD,ACTIVE,LONDON
CUST003192,MAC001497,STD,ACTIVE,LONDON
CUST003193,MAC001498,STD,ACTIVE,LONDON
CUST003194,MAC001499,STD,ACTIVE,LONDON
CUST003195,MAC001500,STD,ACTIVE,LONDON
CUST003196,MAC001501,STD,ACTIVE,LONDON
CUST003197,MAC001502,STD,ACTIVE,LONDON
CUST003198,MAC001503,STD,ACTIVE,LONDON
CUST003199,MAC001504,STD,ACTIVE,LONDON
CUST003200,MAC001506,STD,ACTIVE,LONDON
CUST003201,MAC001507,STD,ACTIVE,LONDON
CUST003202,MAC001510,STD,ACTIVE,LONDON
CUST003203,MAC001511,STD,ACTIVE,LONDON
CUST003204,MAC001513,STD,ACTIVE,LONDON
CUST003205,MAC001514,STD,ACTIVE,LONDON
CUST003206,MAC001515,STD,ACTIVE,LONDON
CUST003207,MAC001516,STD,ACTIVE,LONDON
CUST003208,MAC001517,STD,ACTIVE,LONDON
CUST003209,MAC001518,STD,ACTIVE,LONDON
CUST003210,MAC001519,STD,ACTIVE,LONDON
CUST003211,MAC001520,STD,ACTIVE,LONDON
CUST003212,MAC001521,STD,ACTIVE,LONDON
CUST003213,MAC001522,STD,ACTIVE,LONDON
CUST003214,MAC001523,STD,ACTIVE,LONDON
CUST003215,MAC001524,STD,ACTIVE,LONDON
CUST003216,MAC001525,STD,ACTIVE,LONDON
CUST003217,MAC001526,STD,ACTIVE,LONDON
CUST003218,MAC001527,STD,ACTIVE,LONDON
CUST003219,MAC001528,STD,ACTIVE,LONDON
CUST003220,MAC001530,STD,ACTIVE,LONDON
CUST003221,MAC001531,STD,ACTIVE,LONDON
CUST003222,MAC001532,STD,ACTIVE,LONDON
CUST003223,MAC001533,STD,ACTIVE,LONDON
CUST003224,MAC001534,STD,ACTIVE,LONDON
CUST003225,MAC001535,STD,ACTIVE,LONDON
CUST003226,MAC001537,STD,ACTIVE,LONDON
CUST003227,MAC001539,STD,ACTIVE,LONDON
CUST003228,MAC001540,STD,ACTIVE,LONDON
CUST003229,MAC001541,STD,ACTIVE,LONDON
CUST003230,MAC001543,STD,ACTIVE,LONDON
CUST003231,MAC001544,STD,ACTIVE,LONDON
CUST003232,MAC001545,STD,ACTIVE,LONDON
CUST003233,MAC001546,STD,ACTIVE,LONDON
CUST003234,MAC001548,STD,ACTIVE,LONDON
CUST003235,MAC001549,STD,ACTIVE,LONDON
CUST003236,MAC001550,STD,ACTIVE,LONDON
CUST003237,MAC001551,STD,ACTIVE,LONDON
CUST003238,MAC001552,STD,ACTIVE,LONDON
CUST003239,MAC001553,STD,ACTIVE,LONDON
CUST003240,MAC001555,STD,ACTIVE,LONDON
CUST003241,MAC001557,STD,ACTIVE,LONDON
CUST003242,MAC001558,STD,ACTIVE,LONDON
CUST003243,MAC001560,STD,ACTIVE,LONDON
CUST003244,MAC000132,STD,ACTIVE,LONDON
CUST003245,MAC000133,STD,ACTIVE,LONDON
CUST003246,MAC000134,STD,ACTIVE,LONDON
CUST003247,MAC000135,STD,ACTIVE,LONDON
CUST003248,MAC000136,STD,ACTIVE,LONDON
CUST003249,MAC000137,STD,ACTIVE,LONDON
CUST003250,MAC000138,STD,ACTIVE,LONDON
CUST003251,MAC000140,STD,ACTIVE,LONDON
CUST003252,MAC000142,STD,ACTIVE,LONDON
CUST003253,MAC000143,STD,ACTIVE,LONDON
CUST003254,MAC000144,STD,ACTIVE,LONDON
CUST003255,MAC000145,STD,ACTIVE,LONDON
CUST003256,MAC000148,STD,ACTIVE,LONDON
CUST003257,MAC000149,STD,ACTIVE,LONDON
CUST003258,MAC000150,STD,ACTIVE,LONDON
CUST003259,MAC000151,STD,ACTIVE,LONDON
CUST003260,MAC000152,STD,ACTIVE,LONDON
CUST003261,MAC000153,STD,ACTIVE,LONDON
CUST003262,MAC000154,STD,ACTIVE,LONDON
CUST003263,MAC000155,STD,ACTIVE,LONDON
CUST003264,MAC000156,STD,ACTIVE,LONDON
CUST003265,MAC000157,STD,ACTIVE,LONDON
CUST003266,MAC000159,STD,ACTIVE,LONDON
CUST003267,MAC000160,STD,ACTIVE,LONDON
CUST003268,MAC000161,STD,ACTIVE,LONDON
CUST003269,MAC000162,STD,ACTIVE,LONDON
CUST003270,MAC000163,STD,ACTIVE,LONDON
CUST003271,MAC000164,STD,ACTIVE,LONDON
CUST003272,MAC000166,STD,ACTIVE,LONDON
CUST003273,MAC001561,STD,ACTIVE,LONDON
CUST003274,MAC001562,STD,ACTIVE,LONDON
CUST003275,MAC001563,STD,ACTIVE,LONDON
CUST003276,MAC001565,STD,ACTIVE,LONDON
CUST003277,MAC001567,STD,ACTIVE,LONDON
CUST003278,MAC001568,STD,ACTIVE,LONDON
CUST003279,MAC001569,STD,ACTIVE,LONDON
CUST003280,MAC001570,STD,ACTIVE,LONDON
CUST003281,MAC001571,STD,ACTIVE,LONDON
CUST003282,MAC001572,STD,ACTIVE,LONDON
CUST003283,MAC001573,STD,ACTIVE,LONDON
CUST003284,MAC001574,STD,ACTIVE,LONDON
CUST003285,MAC001575,STD,ACTIVE,LONDON
CUST003286,MAC001577,STD,ACTIVE,LONDON
CUST003287,MAC001578,STD,ACTIVE,LONDON
CUST003288,MAC001579,STD,ACTIVE,LONDON
CUST003289,MAC001580,STD,ACTIVE,LONDON
CUST003290,MAC001581,STD,ACTIVE,LONDON
CUST003291,MAC001582,STD,ACTIVE,LONDON
CUST003292,MAC001583,STD,ACTIVE,LONDON
CUST003293,MAC001584,STD,ACTIVE,LONDON
CUST003294,MAC001585,STD,ACTIVE,LONDON
CUST003295,MAC001587,STD,ACTIVE,LONDON
CUST003296,MAC001588,STD,ACTIVE,LONDON
CUST003297,MAC001589,STD,ACTIVE,LONDON
CUST003298,MAC001591,STD,ACTIVE,LONDON
CUST003299,MAC001592,STD,ACTIVE,LONDON
CUST003300,MAC001593,STD,ACTIVE,LONDON
CUST003301,MAC001594,STD,ACTIVE,LONDON
CUST003302,MAC001595,STD,ACTIVE,LONDON
CUST003303,MAC001598,STD,ACTIVE,LONDON
CUST003304,MAC001599,STD,ACTIVE,LONDON
CUST003305,MAC001600,STD,ACTIVE,LONDON
CUST003306,MAC001601,STD,ACTIVE,LONDON
CUST003307,MAC001603,STD,ACTIVE,LONDON
CUST003308,MAC001604,STD,ACTIVE,LONDON
CUST003309,MAC001605,STD,ACTIVE,LONDON
CUST003310,MAC001606,STD,ACTIVE,LONDON
CUST003311,MAC001607,STD,ACTIVE,LONDON
CUST003312,MAC001608,STD,ACTIVE,LONDON
CUST003313,MAC001609,STD,ACTIVE,LONDON
CUST003314,MAC001611,STD,ACTIVE,LONDON
CUST003315,MAC001613,STD,ACTIVE,LONDON
CUST003316,MAC001615,STD,ACTIVE,LONDON
CUST003317,MAC001616,STD,ACTIVE,LONDON
CUST003318,MAC001617,STD,ACTIVE,LONDON
CUST003319,MAC001618,STD,ACTIVE,LONDON
CUST003320,MAC001619,STD,ACTIVE,LONDON
CUST003321,MAC001620,STD,ACTIVE,LONDON
CUST003322,MAC001621,STD,ACTIVE,LONDON
CUST003323,MAC001622,STD,ACTIVE,LONDON
CUST003324,MAC001623,STD,ACTIVE,LONDON
CUST003325,MAC001624,STD,ACTIVE,LONDON
CUST003326,MAC001625,STD,ACTIVE,LONDON
CUST003327,MAC001627,STD,ACTIVE,LONDON
CUST003328,MAC001628,STD,ACTIVE,LONDON
CUST003329,MAC001629,STD,ACTIVE,LONDON
CUST003330,MAC001630,STD,ACTIVE,LONDON
CUST003331,MAC001631,STD,ACTIVE,LONDON
CUST003332,MAC001632,STD,ACTIVE,LONDON
CUST003333,MAC001633,STD,ACTIVE,LONDON
CUST003334,MAC001634,STD,ACTIVE,LONDON
CUST003335,MAC001635,STD,ACTIVE,LONDON
CUST003336,MAC001637,STD,ACTIVE,LONDON
CUST003337,MAC001638,STD,ACTIVE,LONDON
CUST003338,MAC001639,STD,ACTIVE,LONDON
CUST003339,MAC001640,STD,ACTIVE,LONDON
CUST003340,MAC001641,STD,ACTIVE,LONDON
CUST003341,MAC001643,STD,ACTIVE,LONDON
CUST003342,MAC001644,STD,ACTIVE,LONDON
CUST003343,MAC001646,STD,ACTIVE,LONDON
CUST003344,MAC001647,STD,ACTIVE,LONDON
CUST003345,MAC001648,STD,ACTIVE,LONDON
CUST003346,MAC001649,STD,ACTIVE,LONDON
CUST003347,MAC001652,STD,ACTIVE,LONDON
CUST003348,MAC001654,STD,ACTIVE,LONDON
CUST003349,MAC001656,STD,ACTIVE,LONDON
CUST003350,MAC001657,STD,ACTIVE,LONDON
CUST003351,MAC001659,STD,ACTIVE,LONDON
CUST003352,MAC001661,STD,ACTIVE,LONDON
CUST003353,MAC001662,STD,ACTIVE,LONDON
CUST003354,MAC001663,STD,ACTIVE,LONDON
CUST003355,MAC001664,STD,ACTIVE,LONDON
CUST003356,MAC001665,STD,ACTIVE,LONDON
CUST003357,MAC001666,STD,ACTIVE,LONDON
CUST003358,MAC001668,STD,ACTIVE,LONDON
CUST003359,MAC001669,STD,ACTIVE,LONDON
CUST003360,MAC001670,STD,ACTIVE,LONDON
CUST003361,MAC001671,STD,ACTIVE,LONDON
CUST003362,MAC001672,STD,ACTIVE,LONDON
CUST003363,MAC001673,STD,ACTIVE,LONDON
CUST003364,MAC001674,STD,ACTIVE,LONDON
CUST003365,MAC001675,STD,ACTIVE,LONDON
CUST003366,MAC001676,STD,ACTIVE,LONDON
CUST003367,MAC001677,STD,ACTIVE,LONDON
CUST003368,MAC001678,STD,ACTIVE,LONDON
CUST003369,MAC001679,STD,ACTIVE,LONDON
CUST003370,MAC001681,STD,ACTIVE,LONDON
CUST003371,MAC001683,STD,ACTIVE,LONDON
CUST003372,MAC001684,STD,ACTIVE,LONDON
CUST003373,MAC001685,STD,ACTIVE,LONDON
CUST003374,MAC001687,STD,ACTIVE,LONDON
CUST003375,MAC001689,STD,ACTIVE,LONDON
CUST003376,MAC001690,STD,ACTIVE,LONDON
CUST003377,MAC001691,STD,ACTIVE,LONDON
CUST003378,MAC001692,STD,ACTIVE,LONDON
CUST003379,MAC001695,STD,ACTIVE,LONDON
CUST003380,MAC001696,STD,ACTIVE,LONDON
CUST003381,MAC001697,STD,ACTIVE,LONDON
CUST003382,MAC001698,STD,ACTIVE,LONDON
CUST003383,MAC001699,STD,ACTIVE,LONDON
CUST003384,MAC001701,STD,ACTIVE,LONDON
CUST003385,MAC001702,STD,ACTIVE,LONDON
CUST003386,MAC001703,STD,ACTIVE,LONDON
CUST003387,MAC001705,STD,ACTIVE,LONDON
CUST003388,MAC001708,STD,ACTIVE,LONDON
CUST003389,MAC001709,STD,ACTIVE,LONDON
CUST003390,MAC001710,STD,ACTIVE,LONDON
CUST003391,MAC001711,STD,ACTIVE,LONDON
CUST003392,MAC001713,STD,ACTIVE,LONDON
CUST003393,MAC001714,STD,ACTIVE,LONDON
CUST003394,MAC001716,STD,ACTIVE,LONDON
CUST003395,MAC001717,STD,ACTIVE,LONDON
CUST003396,MAC001719,STD,ACTIVE,LONDON
CUST003397,MAC001720,STD,ACTIVE,LONDON
CUST003398,MAC001721,STD,ACTIVE,LONDON
CUST003399,MAC001722,STD,ACTIVE,LONDON
CUST003400,MAC001723,STD,ACTIVE,LONDON
CUST003401,MAC001724,STD,ACTIVE,LONDON
CUST003402,MAC001725,STD,ACTIVE,LONDON
CUST003403,MAC001726,STD,ACTIVE,LONDON
CUST003404,MAC001727,STD,ACTIVE,LONDON
CUST003405,MAC001728,STD,ACTIVE,LONDON
CUST003406,MAC001729,STD,ACTIVE,LONDON
CUST003407,MAC001730,STD,ACTIVE,LONDON
CUST003408,MAC001731,STD,ACTIVE,LONDON
CUST003409,MAC001732,STD,ACTIVE,LONDON
CUST003410,MAC001733,STD,ACTIVE,LONDON
CUST003411,MAC001734,STD,ACTIVE,LONDON
CUST003412,MAC001735,STD,ACTIVE,LONDON
CUST003413,MAC001737,STD,ACTIVE,LONDON
CUST003414,MAC001738,STD,ACTIVE,LONDON
CUST003415,MAC001739,STD,ACTIVE,LONDON
CUST003416,MAC001740,STD,ACTIVE,LONDON
CUST003417,MAC001742,STD,ACTIVE,LONDON
CUST003418,MAC001744,STD,ACTIVE,LONDON
CUST003419,MAC001745,STD,ACTIVE,LONDON
CUST003420,MAC001746,STD,ACTIVE,LONDON
CUST003421,MAC001747,STD,ACTIVE,LONDON
CUST003422,MAC001748,STD,ACTIVE,LONDON
CUST003423,MAC001749,STD,ACTIVE,LONDON
CUST003424,MAC001751,STD,ACTIVE,LONDON
CUST003425,MAC001752,STD,ACTIVE,LONDON
CUST003426,MAC001753,STD,ACTIVE,LONDON
CUST003427,MAC001754,STD,ACTIVE,LONDON
CUST003428,MAC001757,STD,ACTIVE,LONDON
CUST003429,MAC001758,STD,ACTIVE,LONDON
CUST003430,MAC001759,STD,ACTIVE,LONDON
CUST003431,MAC001760,STD,ACTIVE,LONDON
CUST003432,MAC001761,STD,ACTIVE,LONDON
CUST003433,MAC001762,STD,ACTIVE,LONDON
CUST003434,MAC001763,STD,ACTIVE,LONDON
CUST003435,MAC001764,STD,ACTIVE,LONDON
CUST003436,MAC001765,STD,ACTIVE,LONDON
CUST003437,MAC001766,STD,ACTIVE,LONDON
CUST003438,MAC001768,STD,ACTIVE,LONDON
CUST003439,MAC001769,STD,ACTIVE,LONDON
CUST003440,MAC001771,STD,ACTIVE,LONDON
CUST003441,MAC001774,STD,ACTIVE,LONDON
CUST003442,MAC001775,STD,ACTIVE,LONDON
CUST003443,MAC001776,STD,ACTIVE,LONDON
CUST003444,MAC001779,STD,ACTIVE,LONDON
CUST003445,MAC001780,STD,ACTIVE,LONDON
CUST003446,MAC001781,STD,ACTIVE,LONDON
CUST003447,MAC001782,STD,ACTIVE,LONDON
CUST003448,MAC001783,STD,ACTIVE,LONDON
CUST003449,MAC001784,STD,ACTIVE,LONDON
CUST003450,MAC001785,STD,ACTIVE,LONDON
CUST003451,MAC001786,STD,ACTIVE,LONDON
CUST003452,MAC001787,STD,ACTIVE,LONDON
CUST003453,MAC001788,STD,ACTIVE,LONDON
CUST003454,MAC001789,STD,ACTIVE,LONDON
CUST003455,MAC001790,STD,ACTIVE,LONDON
CUST003456,MAC001791,STD,ACTIVE,LONDON
CUST003457,MAC001792,STD,ACTIVE,LONDON
CUST003458,MAC001793,STD,ACTIVE,LONDON
CUST003459,MAC001794,STD,ACTIVE,LONDON
CUST003460,MAC001795,STD,ACTIVE,LONDON
CUST003461,MAC001796,STD,ACTIVE,LONDON
CUST003462,MAC001797,STD,ACTIVE,LONDON
CUST003463,MAC001798,STD,ACTIVE,LONDON
CUST003464,MAC001799,STD,ACTIVE,LONDON
CUST003465,MAC001800,STD,ACTIVE,LONDON
CUST003466,MAC001801,STD,ACTIVE,LONDON
CUST003467,MAC001802,STD,ACTIVE,LONDON
CUST003468,MAC001803,STD,ACTIVE,LONDON
CUST003469,MAC001804,STD,ACTIVE,LONDON
CUST003470,MAC001805,STD,ACTIVE,LONDON
CUST003471,MAC001807,STD,ACTIVE,LONDON
CUST003472,MAC001808,STD,ACTIVE,LONDON
CUST003473,MAC001809,STD,ACTIVE,LONDON
CUST003474,MAC001810,STD,ACTIVE,LONDON
CUST003475,MAC001811,STD,ACTIVE,LONDON
CUST003476,MAC001812,STD,ACTIVE,LONDON
CUST003477,MAC001813,STD,ACTIVE,LONDON
CUST003478,MAC001815,STD,ACTIVE,LONDON
CUST003479,MAC001816,STD,ACTIVE,LONDON
CUST003480,MAC001817,STD,ACTIVE,LONDON
CUST003481,MAC001818,STD,ACTIVE,LONDON
CUST003482,MAC001819,STD,ACTIVE,LONDON
CUST003483,MAC001820,STD,ACTIVE,LONDON
CUST003484,MAC001821,STD,ACTIVE,LONDON
CUST003485,MAC001822,STD,ACTIVE,LONDON
CUST003486,MAC001824,STD,ACTIVE,LONDON
CUST003487,MAC001827,STD,ACTIVE,LONDON
CUST003488,MAC001828,STD,ACTIVE,LONDON
CUST003489,MAC001829,STD,ACTIVE,LONDON
CUST003490,MAC001831,STD,ACTIVE,LONDON
CUST003491,MAC001832,STD,ACTIVE,LONDON
CUST003492,MAC001834,STD,ACTIVE,LONDON
CUST003493,MAC001836,STD,ACTIVE,LONDON
CUST003494,MAC001837,STD,ACTIVE,LONDON
CUST003495,MAC001838,STD,ACTIVE,LONDON
CUST003496,MAC001839,STD,ACTIVE,LONDON
CUST003497,MAC001841,STD,ACTIVE,LONDON
CUST003498,MAC001842,STD,ACTIVE,LONDON
CUST003499,MAC001843,STD,ACTIVE,LONDON
CUST003500,MAC001844,STD,ACTIVE,LONDON
CUST003501,MAC001845,STD,ACTIVE,LONDON
CUST003502,MAC001846,STD,ACTIVE,LONDON
CUST003503,MAC001848,STD,ACTIVE,LONDON
CUST003504,MAC001850,STD,ACTIVE,LONDON
CUST003505,MAC001852,STD,ACTIVE,LONDON
CUST003506,MAC001854,STD,ACTIVE,LONDON
CUST003507,MAC001859,STD,ACTIVE,LONDON
CUST003508,MAC001860,STD,ACTIVE,LONDON
CUST003509,MAC001862,STD,ACTIVE,LONDON
CUST003510,MAC001863,STD,ACTIVE,LONDON
CUST003511,MAC001864,STD,ACTIVE,LONDON
CUST003512,MAC001866,STD,ACTIVE,LONDON
CUST003513,MAC001867,STD,ACTIVE,LONDON
CUST003514,MAC001868,STD,ACTIVE,LONDON
CUST003515,MAC001869,STD,ACTIVE,LONDON
CUST003516,MAC001870,STD,ACTIVE,LONDON
CUST003517,MAC001871,STD,ACTIVE,LONDON
CUST003518,MAC001872,STD,ACTIVE,LONDON
CUST003519,MAC001874,STD,ACTIVE,LONDON
CUST003520,MAC001875,STD,ACTIVE,LONDON
CUST003521,MAC001876,STD,ACTIVE,LONDON
CUST003522,MAC001877,STD,ACTIVE,LONDON
CUST003523,MAC001878,STD,ACTIVE,LONDON
CUST003524,MAC001879,STD,ACTIVE,LONDON
CUST003525,MAC001881,STD,ACTIVE,LONDON
CUST003526,MAC001882,STD,ACTIVE,LONDON
CUST003527,MAC001883,STD,ACTIVE,LONDON
CUST003528,MAC001884,STD,ACTIVE,LONDON
CUST003529,MAC001885,STD,ACTIVE,LONDON
CUST003530,MAC001886,STD,ACTIVE,LONDON
CUST003531,MAC001887,STD,ACTIVE,LONDON
CUST003532,MAC001888,STD,ACTIVE,LONDON
CUST003533,MAC001889,STD,ACTIVE,LONDON
CUST003534,MAC001890,STD,ACTIVE,LONDON
CUST003535,MAC001891,STD,ACTIVE,LONDON
CUST003536,MAC001892,STD,ACTIVE,LONDON
CUST003537,MAC001893,STD,ACTIVE,LONDON
CUST003538,MAC001894,STD,ACTIVE,LONDON
CUST003539,MAC001895,STD,ACTIVE,LONDON
CUST003540,MAC001896,STD,ACTIVE,LONDON
CUST003541,MAC001897,STD,ACTIVE,LONDON
CUST003542,MAC001898,STD,ACTIVE,LONDON
CUST003543,MAC001899,STD,ACTIVE,LONDON
CUST003544,MAC001900,STD,ACTIVE,LONDON
CUST003545,MAC001901,STD,ACTIVE,LONDON
CUST003546,MAC001902,STD,ACTIVE,LONDON
CUST003547,MAC001903,STD,ACTIVE,LONDON
CUST003548,MAC001905,STD,ACTIVE,LONDON
CUST003549,MAC001906,STD,ACTIVE,LONDON
CUST003550,MAC001907,STD,ACTIVE,LONDON
CUST003551,MAC001908,STD,ACTIVE,LONDON
CUST003552,MAC001909,STD,ACTIVE,LONDON
CUST003553,MAC001911,STD,ACTIVE,LONDON
CUST003554,MAC001913,STD,ACTIVE,LONDON
CUST003555,MAC001914,STD,ACTIVE,LONDON
CUST003556,MAC001915,STD,ACTIVE,LONDON
CUST003557,MAC001916,STD,ACTIVE,LONDON
CUST003558,MAC001917,STD,ACTIVE,LONDON
CUST003559,MAC001918,STD,ACTIVE,LONDON
CUST003560,MAC001919,STD,ACTIVE,LONDON
CUST003561,MAC001920,STD,ACTIVE,LONDON
CUST003562,MAC001921,STD,ACTIVE,LONDON
CUST003563,MAC001922,STD,ACTIVE,LONDON
CUST003564,MAC001923,STD,ACTIVE,LONDON
CUST003565,MAC001924,STD,ACTIVE,LONDON
CUST003566,MAC001926,STD,ACTIVE,LONDON
CUST003567,MAC001927,STD,ACTIVE,LONDON
CUST003568,MAC001929,STD,ACTIVE,LONDON
CUST003569,MAC001930,STD,ACTIVE,LONDON
CUST003570,MAC001931,STD,ACTIVE,LONDON
CUST003571,MAC001932,STD,ACTIVE,LONDON
CUST003572,MAC001933,STD,ACTIVE,LONDON
CUST003573,MAC001934,STD,ACTIVE,LONDON
CUST003574,MAC001935,STD,ACTIVE,LONDON
CUST003575,MAC001936,STD,ACTIVE,LONDON
CUST003576,MAC001937,STD,ACTIVE,LONDON
CUST003577,MAC001938,STD,ACTIVE,LONDON
CUST003578,MAC001939,STD,ACTIVE,LONDON
CUST003579,MAC001940,STD,ACTIVE,LONDON
CUST003580,MAC001941,STD,ACTIVE,LONDON
CUST003581,MAC001943,STD,ACTIVE,LONDON
CUST003582,MAC001944,STD,ACTIVE,LONDON
CUST003583,MAC001945,STD,ACTIVE,LONDON
CUST003584,MAC001946,STD,ACTIVE,LONDON
CUST003585,MAC001947,STD,ACTIVE,LONDON
CUST003586,MAC001948,STD,ACTIVE,LONDON
CUST003587,MAC001949,STD,ACTIVE,LONDON
CUST003588,MAC001950,STD,ACTIVE,LONDON
CUST003589,MAC001953,STD,ACTIVE,LONDON
CUST003590,MAC001954,STD,ACTIVE,LONDON
CUST003591,MAC001955,STD,ACTIVE,LONDON
CUST003592,MAC001956,STD,ACTIVE,LONDON
CUST003593,MAC001957,STD,ACTIVE,LONDON
CUST003594,MAC001958,STD,ACTIVE,LONDON
CUST003595,MAC001959,STD,ACTIVE,LONDON
CUST003596,MAC001960,STD,ACTIVE,LONDON
CUST003597,MAC001961,STD,ACTIVE,LONDON
CUST003598,MAC001962,STD,ACTIVE,LONDON
CUST003599,MAC001963,STD,ACTIVE,LONDON
CUST003600,MAC001964,STD,ACTIVE,LONDON
CUST003601,MAC001965,STD,ACTIVE,LONDON
CUST003602,MAC001966,STD,ACTIVE,LONDON
CUST003603,MAC001967,STD,ACTIVE,LONDON
CUST003604,MAC001968,STD,ACTIVE,LONDON
CUST003605,MAC001970,STD,ACTIVE,LONDON
CUST003606,MAC001971,STD,ACTIVE,LONDON
CUST003607,MAC001972,STD,ACTIVE,LONDON
CUST003608,MAC001973,STD,ACTIVE,LONDON
CUST003609,MAC001974,STD,ACTIVE,LONDON
CUST003610,MAC001975,STD,ACTIVE,LONDON
CUST003611,MAC001977,STD,ACTIVE,LONDON
CUST003612,MAC001978,STD,ACTIVE,LONDON
CUST003613,MAC001979,STD,ACTIVE,LONDON
CUST003614,MAC001980,STD,ACTIVE,LONDON
CUST003615,MAC000167,STD,ACTIVE,LONDON
CUST003616,MAC000168,STD,ACTIVE,LONDON
CUST003617,MAC000169,STD,ACTIVE,LONDON
CUST003618,MAC000171,STD,ACTIVE,LONDON
CUST003619,MAC000172,STD,ACTIVE,LONDON
CUST003620,MAC000174,STD,ACTIVE,LONDON
CUST003621,MAC000175,STD,ACTIVE,LONDON
CUST003622,MAC000176,STD,ACTIVE,LONDON
CUST003623,MAC000177,STD,ACTIVE,LONDON
CUST003624,MAC000178,STD,ACTIVE,LONDON
CUST003625,MAC000179,STD,ACTIVE,LONDON
CUST003626,MAC000180,STD,ACTIVE,LONDON
CUST003627,MAC000181,STD,ACTIVE,LONDON
CUST003628,MAC000182,STD,ACTIVE,LONDON
CUST003629,MAC000183,STD,ACTIVE,LONDON
CUST003630,MAC000184,STD,ACTIVE,LONDON
CUST003631,MAC000185,STD,ACTIVE,LONDON
CUST003632,MAC000188,STD,ACTIVE,LONDON
CUST003633,MAC000189,STD,ACTIVE,LONDON
CUST003634,MAC000190,STD,ACTIVE,LONDON
CUST003635,MAC000191,STD,ACTIVE,LONDON
CUST003636,MAC000192,STD,ACTIVE,LONDON
CUST003637,MAC000196,STD,ACTIVE,LONDON
CUST003638,MAC000197,STD,ACTIVE,LONDON
CUST003639,MAC000199,STD,ACTIVE,LONDON
CUST003640,MAC000200,STD,ACTIVE,LONDON
CUST003641,MAC001981,STD,ACTIVE,LONDON
CUST003642,MAC001982,STD,ACTIVE,LONDON
CUST003643,MAC001983,STD,ACTIVE,LONDON
CUST003644,MAC001985,STD,ACTIVE,LONDON
CUST003645,MAC001986,STD,ACTIVE,LONDON
CUST003646,MAC001987,STD,ACTIVE,LONDON
CUST003647,MAC001988,STD,ACTIVE,LONDON
CUST003648,MAC001989,STD,ACTIVE,LONDON
CUST003649,MAC001990,STD,ACTIVE,LONDON
CUST003650,MAC001991,STD,ACTIVE,LONDON
CUST003651,MAC001992,STD,ACTIVE,LONDON
CUST003652,MAC001994,STD,ACTIVE,LONDON
CUST003653,MAC001995,STD,ACTIVE,LONDON
CUST003654,MAC001996,STD,ACTIVE,LONDON
CUST003655,MAC001997,STD,ACTIVE,LONDON
CUST003656,MAC001999,STD,ACTIVE,LONDON
CUST003657,MAC002000,STD,ACTIVE,LONDON
CUST003658,MAC002001,STD,ACTIVE,LONDON
CUST003659,MAC002002,STD,ACTIVE,LONDON
CUST003660,MAC002003,STD,ACTIVE,LONDON
CUST003661,MAC002004,STD,ACTIVE,LONDON
CUST003662,MAC002007,STD,ACTIVE,LONDON
CUST003663,MAC002008,STD,ACTIVE,LONDON
CUST003664,MAC002009,STD,ACTIVE,LONDON
CUST003665,MAC002010,STD,ACTIVE,LONDON
CUST003666,MAC002012,STD,ACTIVE,LONDON
CUST003667,MAC002014,STD,ACTIVE,LONDON
CUST003668,MAC002015,STD,ACTIVE,LONDON
CUST003669,MAC002016,STD,ACTIVE,LONDON
CUST003670,MAC002018,STD,ACTIVE,LONDON
CUST003671,MAC002019,STD,ACTIVE,LONDON
CUST003672,MAC002020,STD,ACTIVE,LONDON
CUST003673,MAC002021,STD,ACTIVE,LONDON
CUST003674,MAC002023,STD,ACTIVE,LONDON
CUST003675,MAC002024,STD,ACTIVE,LONDON
CUST003676,MAC002025,STD,ACTIVE,LONDON
CUST003677,MAC002026,STD,ACTIVE,LONDON
CUST003678,MAC002027,STD,ACTIVE,LONDON
CUST003679,MAC002028,STD,ACTIVE,LONDON
CUST003680,MAC002031,STD,ACTIVE,LONDON
CUST003681,MAC002032,STD,ACTIVE,LONDON
CUST003682,MAC002033,STD,ACTIVE,LONDON
CUST003683,MAC002034,STD,ACTIVE,LONDON
CUST003684,MAC002035,STD,ACTIVE,LONDON
CUST003685,MAC002036,STD,ACTIVE,LONDON
CUST003686,MAC002037,STD,ACTIVE,LONDON
CUST003687,MAC002038,STD,ACTIVE,LONDON
CUST003688,MAC002041,STD,ACTIVE,LONDON
CUST003689,MAC002042,STD,ACTIVE,LONDON
CUST003690,MAC002043,STD,ACTIVE,LONDON
CUST003691,MAC002044,STD,ACTIVE,LONDON
CUST003692,MAC002045,STD,ACTIVE,LONDON
CUST003693,MAC002047,STD,ACTIVE,LONDON
CUST003694,MAC002048,STD,ACTIVE,LONDON
CUST003695,MAC002049,STD,ACTIVE,LONDON
CUST003696,MAC002050,STD,ACTIVE,LONDON
CUST003697,MAC002051,STD,ACTIVE,LONDON
CUST003698,MAC002053,STD,ACTIVE,LONDON
CUST003699,MAC002054,STD,ACTIVE,LONDON
CUST003700,MAC002055,STD,ACTIVE,LONDON
CUST003701,MAC002056,STD,ACTIVE,LONDON
CUST003702,MAC002057,STD,ACTIVE,LONDON
CUST003703,MAC002058,STD,ACTIVE,LONDON
CUST003704,MAC002059,STD,ACTIVE,LONDON
CUST003705,MAC002062,STD,ACTIVE,LONDON
CUST003706,MAC002063,STD,ACTIVE,LONDON
CUST003707,MAC002064,STD,ACTIVE,LONDON
CUST003708,MAC002065,STD,ACTIVE,LONDON
CUST003709,MAC002066,STD,ACTIVE,LONDON
CUST003710,MAC002067,STD,ACTIVE,LONDON
CUST003711,MAC002068,STD,ACTIVE,LONDON
CUST003712,MAC002069,STD,ACTIVE,LONDON
CUST003713,MAC002070,STD,ACTIVE,LONDON
CUST003714,MAC002071,STD,ACTIVE,LONDON
CUST003715,MAC002072,STD,ACTIVE,LONDON
CUST003716,MAC002074,STD,ACTIVE,LONDON
CUST003717,MAC002076,STD,ACTIVE,LONDON
CUST003718,MAC002077,STD,ACTIVE,LONDON
CUST003719,MAC002078,STD,ACTIVE,LONDON
CUST003720,MAC002079,STD,ACTIVE,LONDON
CUST003721,MAC002080,STD,ACTIVE,LONDON
CUST003722,MAC002081,STD,ACTIVE,LONDON
CUST003723,MAC002082,STD,ACTIVE,LONDON
CUST003724,MAC002085,STD,ACTIVE,LONDON
CUST003725,MAC002086,STD,ACTIVE,LONDON
CUST003726,MAC002087,STD,ACTIVE,LONDON
CUST003727,MAC002088,STD,ACTIVE,LONDON
CUST003728,MAC002089,STD,ACTIVE,LONDON
CUST003729,MAC002090,STD,ACTIVE,LONDON
CUST003730,MAC002091,STD,ACTIVE,LONDON
CUST003731,MAC002094,STD,ACTIVE,LONDON
CUST003732,MAC002095,STD,ACTIVE,LONDON
CUST003733,MAC002096,STD,ACTIVE,LONDON
CUST003734,MAC002097,STD,ACTIVE,LONDON
CUST003735,MAC002100,STD,ACTIVE,LONDON
CUST003736,MAC002101,STD,ACTIVE,LONDON
CUST003737,MAC002103,STD,ACTIVE,LONDON
CUST003738,MAC002104,STD,ACTIVE,LONDON
CUST003739,MAC002105,STD,ACTIVE,LONDON
CUST003740,MAC002107,STD,ACTIVE,LONDON
CUST003741,MAC002109,STD,ACTIVE,LONDON
CUST003742,MAC002112,STD,ACTIVE,LONDON
CUST003743,MAC002114,STD,ACTIVE,LONDON
CUST003744,MAC002115,STD,ACTIVE,LONDON
CUST003745,MAC002116,STD,ACTIVE,LONDON
CUST003746,MAC002117,STD,ACTIVE,LONDON
CUST003747,MAC002120,STD,ACTIVE,LONDON
CUST003748,MAC002121,STD,ACTIVE,LONDON
CUST003749,MAC002123,STD,ACTIVE,LONDON
CUST003750,MAC002124,STD,ACTIVE,LONDON
CUST003751,MAC002125,STD,ACTIVE,LONDON
CUST003752,MAC002127,STD,ACTIVE,LONDON
CUST003753,MAC002128,STD,ACTIVE,LONDON
CUST003754,MAC002129,STD,ACTIVE,LONDON
CUST003755,MAC002130,STD,ACTIVE,LONDON
CUST003756,MAC002133,STD,ACTIVE,LONDON
CUST003757,MAC002135,STD,ACTIVE,LONDON
CUST003758,MAC002136,STD,ACTIVE,LONDON
CUST003759,MAC002137,STD,ACTIVE,LONDON
CUST003760,MAC002138,STD,ACTIVE,LONDON
CUST003761,MAC002139,STD,ACTIVE,LONDON
CUST003762,MAC002141,STD,ACTIVE,LONDON
CUST003763,MAC002142,STD,ACTIVE,LONDON
CUST003764,MAC002143,STD,ACTIVE,LONDON
CUST003765,MAC002144,STD,ACTIVE,LONDON
CUST003766,MAC002145,STD,ACTIVE,LONDON
CUST003767,MAC002146,STD,ACTIVE,LONDON
CUST003768,MAC002149,STD,ACTIVE,LONDON
CUST003769,MAC002150,STD,ACTIVE,LONDON
CUST003770,MAC002151,STD,ACTIVE,LONDON
CUST003771,MAC002152,STD,ACTIVE,LONDON
CUST003772,MAC002153,STD,ACTIVE,LONDON
CUST003773,MAC002155,STD,ACTIVE,LONDON
CUST003774,MAC002157,STD,ACTIVE,LONDON
CUST003775,MAC002158,STD,ACTIVE,LONDON
CUST003776,MAC002159,STD,ACTIVE,LONDON
CUST003777,MAC002160,STD,ACTIVE,LONDON
CUST003778,MAC002161,STD,ACTIVE,LONDON
CUST003779,MAC002162,STD,ACTIVE,LONDON
CUST003780,MAC002163,STD,ACTIVE,LONDON
CUST003781,MAC002165,STD,ACTIVE,LONDON
CUST003782,MAC002168,STD,ACTIVE,LONDON
CUST003783,MAC002169,STD,ACTIVE,LONDON
CUST003784,MAC002170,STD,ACTIVE,LONDON
CUST003785,MAC002171,STD,ACTIVE,LONDON
CUST003786,MAC002172,STD,ACTIVE,LONDON
CUST003787,MAC002173,STD,ACTIVE,LONDON
CUST003788,MAC002174,STD,ACTIVE,LONDON
CUST003789,MAC002175,STD,ACTIVE,LONDON
CUST003790,MAC002177,STD,ACTIVE,LONDON
CUST003791,MAC002178,STD,ACTIVE,LONDON
CUST003792,MAC002179,STD,ACTIVE,LONDON
CUST003793,MAC002180,STD,ACTIVE,LONDON
CUST003794,MAC002181,STD,ACTIVE,LONDON
CUST003795,MAC002184,STD,ACTIVE,LONDON
CUST003796,MAC002185,STD,ACTIVE,LONDON
CUST003797,MAC002186,STD,ACTIVE,LONDON
CUST003798,MAC002187,STD,ACTIVE,LONDON
CUST003799,MAC002189,STD,ACTIVE,LONDON
CUST003800,MAC002190,STD,ACTIVE,LONDON
CUST003801,MAC002191,STD,ACTIVE,LONDON
CUST003802,MAC002192,STD,ACTIVE,LONDON
CUST003803,MAC002194,STD,ACTIVE,LONDON
CUST003804,MAC002195,STD,ACTIVE,LONDON
CUST003805,MAC002196,STD,ACTIVE,LONDON
CUST003806,MAC002197,STD,ACTIVE,LONDON
CUST003807,MAC002198,STD,ACTIVE,LONDON
CUST003808,MAC002200,STD,ACTIVE,LONDON
CUST003809,MAC002202,STD,ACTIVE,LONDON
CUST003810,MAC002203,STD,ACTIVE,LONDON
CUST003811,MAC002204,STD,ACTIVE,LONDON
CUST003812,MAC002205,STD,ACTIVE,LONDON
CUST003813,MAC002206,STD,ACTIVE,LONDON
CUST003814,MAC002207,STD,ACTIVE,LONDON
CUST003815,MAC002208,STD,ACTIVE,LONDON
CUST003816,MAC002209,STD,ACTIVE,LONDON
CUST003817,MAC002210,STD,ACTIVE,LONDON
CUST003818,MAC002211,STD,ACTIVE,LONDON
CUST003819,MAC002212,STD,ACTIVE,LONDON
CUST003820,MAC002213,STD,ACTIVE,LONDON
CUST003821,MAC002214,STD,ACTIVE,LONDON
CUST003822,MAC002216,STD,ACTIVE,LONDON
CUST003823,MAC002218,STD,ACTIVE,LONDON
CUST003824,MAC002220,STD,ACTIVE,LONDON
CUST003825,MAC002221,STD,ACTIVE,LONDON
CUST003826,MAC002223,STD,ACTIVE,LONDON
CUST003827,MAC002224,STD,ACTIVE,LONDON
CUST003828,MAC002228,STD,ACTIVE,LONDON
CUST003829,MAC002229,STD,ACTIVE,LONDON
CUST003830,MAC002231,STD,ACTIVE,LONDON
CUST003831,MAC002233,STD,ACTIVE,LONDON
CUST003832,MAC002234,STD,ACTIVE,LONDON
CUST003833,MAC002235,STD,ACTIVE,LONDON
CUST003834,MAC002237,STD,ACTIVE,LONDON
CUST003835,MAC002239,STD,ACTIVE,LONDON
CUST003836,MAC002241,STD,ACTIVE,LONDON
CUST003837,MAC002244,STD,ACTIVE,LONDON
CUST003838,MAC002245,STD,ACTIVE,LONDON
CUST003839,MAC002248,STD,ACTIVE,LONDON
CUST003840,MAC002249,STD,ACTIVE,LONDON
CUST003841,MAC002250,STD,ACTIVE,LONDON
CUST003842,MAC002251,STD,ACTIVE,LONDON
CUST003843,MAC002252,STD,ACTIVE,LONDON
CUST003844,MAC002253,STD,ACTIVE,LONDON
CUST003845,MAC002254,STD,ACTIVE,LONDON
CUST003846,MAC002255,STD,ACTIVE,LONDON
CUST003847,MAC002256,STD,ACTIVE,LONDON
CUST003848,MAC002257,STD,ACTIVE,LONDON
CUST003849,MAC002258,STD,ACTIVE,LONDON
CUST003850,MAC002259,STD,ACTIVE,LONDON
CUST003851,MAC002260,STD,ACTIVE,LONDON
CUST003852,MAC002261,STD,ACTIVE,LONDON
CUST003853,MAC002262,STD,ACTIVE,LONDON
CUST003854,MAC002263,STD,ACTIVE,LONDON
CUST003855,MAC002266,STD,ACTIVE,LONDON
CUST003856,MAC002267,STD,ACTIVE,LONDON
CUST003857,MAC002269,STD,ACTIVE,LONDON
CUST003858,MAC002270,STD,ACTIVE,LONDON
CUST003859,MAC002271,STD,ACTIVE,LONDON
CUST003860,MAC002272,STD,ACTIVE,LONDON
CUST003861,MAC002273,STD,ACTIVE,LONDON
CUST003862,MAC002274,STD,ACTIVE,LONDON
CUST003863,MAC002275,STD,ACTIVE,LONDON
CUST003864,MAC002276,STD,ACTIVE,LONDON
CUST003865,MAC002278,STD,ACTIVE,LONDON
CUST003866,MAC002279,STD,ACTIVE,LONDON
CUST003867,MAC002282,STD,ACTIVE,LONDON
CUST003868,MAC002283,STD,ACTIVE,LONDON
CUST003869,MAC002284,STD,ACTIVE,LONDON
CUST003870,MAC002285,STD,ACTIVE,LONDON
CUST003871,MAC002286,STD,ACTIVE,LONDON
CUST003872,MAC002287,STD,ACTIVE,LONDON
CUST003873,MAC002288,STD,ACTIVE,LONDON
CUST003874,MAC002289,STD,ACTIVE,LONDON
CUST003875,MAC002293,STD,ACTIVE,LONDON
CUST003876,MAC002294,STD,ACTIVE,LONDON
CUST003877,MAC002295,STD,ACTIVE,LONDON
CUST003878,MAC002296,STD,ACTIVE,LONDON
CUST003879,MAC002297,STD,ACTIVE,LONDON
CUST003880,MAC002298,STD,ACTIVE,LONDON
CUST003881,MAC002299,STD,ACTIVE,LONDON
CUST003882,MAC002301,STD,ACTIVE,LONDON
CUST003883,MAC002302,STD,ACTIVE,LONDON
CUST003884,MAC002303,STD,ACTIVE,LONDON
CUST003885,MAC002304,STD,ACTIVE,LONDON
CUST003886,MAC002305,STD,ACTIVE,LONDON
CUST003887,MAC002306,STD,ACTIVE,LONDON
CUST003888,MAC002307,STD,ACTIVE,LONDON
CUST003889,MAC002308,STD,ACTIVE,LONDON
CUST003890,MAC002309,STD,ACTIVE,LONDON
CUST003891,MAC002310,STD,ACTIVE,LONDON
CUST003892,MAC002311,STD,ACTIVE,LONDON
CUST003893,MAC002312,STD,ACTIVE,LONDON
CUST003894,MAC002313,STD,ACTIVE,LONDON
CUST003895,MAC002314,STD,ACTIVE,LONDON
CUST003896,MAC002315,STD,ACTIVE,LONDON
CUST003897,MAC002316,STD,ACTIVE,LONDON
CUST003898,MAC002317,STD,ACTIVE,LONDON
CUST003899,MAC002319,STD,ACTIVE,LONDON
CUST003900,MAC002320,STD,ACTIVE,LONDON
CUST003901,MAC002321,STD,ACTIVE,LONDON
CUST003902,MAC002322,STD,ACTIVE,LONDON
CUST003903,MAC002323,STD,ACTIVE,LONDON
CUST003904,MAC002325,STD,ACTIVE,LONDON
CUST003905,MAC002326,STD,ACTIVE,LONDON
CUST003906,MAC002327,STD,ACTIVE,LONDON
CUST003907,MAC002328,STD,ACTIVE,LONDON
CUST003908,MAC002329,STD,ACTIVE,LONDON
CUST003909,MAC002330,STD,ACTIVE,LONDON
CUST003910,MAC002331,STD,ACTIVE,LONDON
CUST003911,MAC002332,STD,ACTIVE,LONDON
CUST003912,MAC002333,STD,ACTIVE,LONDON
CUST003913,MAC002335,STD,ACTIVE,LONDON
CUST003914,MAC002337,STD,ACTIVE,LONDON
CUST003915,MAC002338,STD,ACTIVE,LONDON
CUST003916,MAC002339,STD,ACTIVE,LONDON
CUST003917,MAC002340,STD,ACTIVE,LONDON
CUST003918,MAC002341,STD,ACTIVE,LONDON
CUST003919,MAC002342,STD,ACTIVE,LONDON
CUST003920,MAC002343,STD,ACTIVE,LONDON
CUST003921,MAC002345,STD,ACTIVE,LONDON
CUST003922,MAC002347,STD,ACTIVE,LONDON
CUST003923,MAC002348,STD,ACTIVE,LONDON
CUST003924,MAC002349,STD,ACTIVE,LONDON
CUST003925,MAC002350,STD,ACTIVE,LONDON
CUST003926,MAC002351,STD,ACTIVE,LONDON
CUST003927,MAC002352,STD,ACTIVE,LONDON
CUST003928,MAC002353,STD,ACTIVE,LONDON
CUST003929,MAC002354,STD,ACTIVE,LONDON
CUST003930,MAC002355,STD,ACTIVE,LONDON
CUST003931,MAC002356,STD,ACTIVE,LONDON
CUST003932,MAC002358,STD,ACTIVE,LONDON
CUST003933,MAC002359,STD,ACTIVE,LONDON
CUST003934,MAC002360,STD,ACTIVE,LONDON
CUST003935,MAC002361,STD,ACTIVE,LONDON
CUST003936,MAC002362,STD,ACTIVE,LONDON
CUST003937,MAC002363,STD,ACTIVE,LONDON
CUST003938,MAC002364,STD,ACTIVE,LONDON
CUST003939,MAC002365,STD,ACTIVE,LONDON
CUST003940,MAC002366,STD,ACTIVE,LONDON
CUST003941,MAC002367,STD,ACTIVE,LONDON
CUST003942,MAC002368,STD,ACTIVE,LONDON
CUST003943,MAC002369,STD,ACTIVE,LONDON
CUST003944,MAC002370,STD,ACTIVE,LONDON
CUST003945,MAC002371,STD,ACTIVE,LONDON
CUST003946,MAC002372,STD,ACTIVE,LONDON
CUST003947,MAC002373,STD,ACTIVE,LONDON
CUST003948,MAC002374,STD,ACTIVE,LONDON
CUST003949,MAC002375,STD,ACTIVE,LONDON
CUST003950,MAC002376,STD,ACTIVE,LONDON
CUST003951,MAC002377,STD,ACTIVE,LONDON
CUST003952,MAC002378,STD,ACTIVE,LONDON
CUST003953,MAC002379,STD,ACTIVE,LONDON
CUST003954,MAC002380,STD,ACTIVE,LONDON
CUST003955,MAC002381,STD,ACTIVE,LONDON
CUST003956,MAC002382,STD,ACTIVE,LONDON
CUST003957,MAC002383,STD,ACTIVE,LONDON
CUST003958,MAC002384,STD,ACTIVE,LONDON
CUST003959,MAC002385,STD,ACTIVE,LONDON
CUST003960,MAC002386,STD,ACTIVE,LONDON
CUST003961,MAC002387,STD,ACTIVE,LONDON
CUST003962,MAC002388,STD,ACTIVE,LONDON
CUST003963,MAC002389,STD,ACTIVE,LONDON
CUST003964,MAC002390,STD,ACTIVE,LONDON
CUST003965,MAC002391,STD,ACTIVE,LONDON
CUST003966,MAC002392,STD,ACTIVE,LONDON
CUST003967,MAC002393,STD,ACTIVE,LONDON
CUST003968,MAC002394,STD,ACTIVE,LONDON
CUST003969,MAC002395,STD,ACTIVE,LONDON
CUST003970,MAC002396,STD,ACTIVE,LONDON
CUST003971,MAC002397,STD,ACTIVE,LONDON
CUST003972,MAC002399,STD,ACTIVE,LONDON
CUST003973,MAC002400,STD,ACTIVE,LONDON
CUST003974,MAC002401,STD,ACTIVE,LONDON
CUST003975,MAC002402,STD,ACTIVE,LONDON
CUST003976,MAC002403,STD,ACTIVE,LONDON
CUST003977,MAC002405,STD,ACTIVE,LONDON
CUST003978,MAC002406,STD,ACTIVE,LONDON
CUST003979,MAC002407,STD,ACTIVE,LONDON
CUST003980,MAC000201,STD,ACTIVE,LONDON
CUST003981,MAC000202,STD,ACTIVE,LONDON
CUST003982,MAC000203,STD,ACTIVE,LONDON
CUST003983,MAC000204,STD,ACTIVE,LONDON
CUST003984,MAC000205,STD,ACTIVE,LONDON
CUST003985,MAC000206,STD,ACTIVE,LONDON
CUST003986,MAC000207,STD,ACTIVE,LONDON
CUST003987,MAC000208,STD,ACTIVE,LONDON
CUST003988,MAC000209,STD,ACTIVE,LONDON
CUST003989,MAC000210,STD,ACTIVE,LONDON
CUST003990,MAC000211,STD,ACTIVE,LONDON
CUST003991,MAC000212,STD,ACTIVE,LONDON
CUST003992,MAC000213,STD,ACTIVE,LONDON
CUST003993,MAC000214,STD,ACTIVE,LONDON
CUST003994,MAC000215,STD,ACTIVE,LONDON
CUST003995,MAC000216,STD,ACTIVE,LONDON
CUST003996,MAC000217,STD,ACTIVE,LONDON
CUST003997,MAC000218,STD,ACTIVE,LONDON
CUST003998,MAC000220,STD,ACTIVE,LONDON
CUST003999,MAC000221,STD,ACTIVE,LONDON
CUST004000,MAC000222,STD,ACTIVE,LONDON
CUST004001,MAC000223,STD,ACTIVE,LONDON
CUST004002,MAC000224,STD,ACTIVE,LONDON
CUST004003,MAC000225,STD,ACTIVE,LONDON
CUST004004,MAC000226,STD,ACTIVE,LONDON
CUST004005,MAC000227,STD,ACTIVE,LONDON
CUST004006,MAC000228,STD,ACTIVE,LONDON
CUST004007,MAC002408,STD,ACTIVE,LONDON
CUST004008,MAC002409,STD,ACTIVE,LONDON
CUST004009,MAC002410,STD,ACTIVE,LONDON
CUST004010,MAC002411,STD,ACTIVE,LONDON
CUST004011,MAC002412,STD,ACTIVE,LONDON
CUST004012,MAC002414,STD,ACTIVE,LONDON
CUST004013,MAC002415,STD,ACTIVE,LONDON
CUST004014,MAC002416,STD,ACTIVE,LONDON
CUST004015,MAC002417,STD,ACTIVE,LONDON
CUST004016,MAC002419,STD,ACTIVE,LONDON
CUST004017,MAC002420,STD,ACTIVE,LONDON
CUST004018,MAC002422,STD,ACTIVE,LONDON
CUST004019,MAC002423,STD,ACTIVE,LONDON
CUST004020,MAC002424,STD,ACTIVE,LONDON
CUST004021,MAC002425,STD,ACTIVE,LONDON
CUST004022,MAC002426,STD,ACTIVE,LONDON
CUST004023,MAC002427,STD,ACTIVE,LONDON
CUST004024,MAC002428,STD,ACTIVE,LONDON
CUST004025,MAC002429,STD,ACTIVE,LONDON
CUST004026,MAC002430,STD,ACTIVE,LONDON
CUST004027,MAC002431,STD,ACTIVE,LONDON
CUST004028,MAC002434,STD,ACTIVE,LONDON
CUST004029,MAC002435,STD,ACTIVE,LONDON
CUST004030,MAC002436,STD,ACTIVE,LONDON
CUST004031,MAC002437,STD,ACTIVE,LONDON
CUST004032,MAC002438,STD,ACTIVE,LONDON
CUST004033,MAC002440,STD,ACTIVE,LONDON
CUST004034,MAC002441,STD,ACTIVE,LONDON
CUST004035,MAC002442,STD,ACTIVE,LONDON
CUST004036,MAC002443,STD,ACTIVE,LONDON
CUST004037,MAC002447,STD,ACTIVE,LONDON
CUST004038,MAC002449,STD,ACTIVE,LONDON
CUST004039,MAC002450,STD,ACTIVE,LONDON
CUST004040,MAC002451,STD,ACTIVE,LONDON
CUST004041,MAC002453,STD,ACTIVE,LONDON
CUST004042,MAC002454,STD,ACTIVE,LONDON
CUST004043,MAC002456,STD,ACTIVE,LONDON
CUST004044,MAC002458,STD,ACTIVE,LONDON
CUST004045,MAC002459,STD,ACTIVE,LONDON
CUST004046,MAC002460,STD,ACTIVE,LONDON
CUST004047,MAC002461,STD,ACTIVE,LONDON
CUST004048,MAC002462,STD,ACTIVE,LONDON
CUST004049,MAC002465,STD,ACTIVE,LONDON
CUST004050,MAC002466,STD,ACTIVE,LONDON
CUST004051,MAC002467,STD,ACTIVE,LONDON
CUST004052,MAC002468,STD,ACTIVE,LONDON
CUST004053,MAC002469,STD,ACTIVE,LONDON
CUST004054,MAC002471,STD,ACTIVE,LONDON
CUST004055,MAC002474,STD,ACTIVE,LONDON
CUST004056,MAC002475,STD,ACTIVE,LONDON
CUST004057,MAC002477,STD,ACTIVE,LONDON
CUST004058,MAC002478,STD,ACTIVE,LONDON
CUST004059,MAC002479,STD,ACTIVE,LONDON
CUST004060,MAC002480,STD,ACTIVE,LONDON
CUST004061,MAC002481,STD,ACTIVE,LONDON
CUST004062,MAC002483,STD,ACTIVE,LONDON
CUST004063,MAC002485,STD,ACTIVE,LONDON
CUST004064,MAC002487,STD,ACTIVE,LONDON
CUST004065,MAC002489,STD,ACTIVE,LONDON
CUST004066,MAC002492,STD,ACTIVE,LONDON
CUST004067,MAC002493,STD,ACTIVE,LONDON
CUST004068,MAC002494,STD,ACTIVE,LONDON
CUST004069,MAC002495,STD,ACTIVE,LONDON
CUST004070,MAC002498,STD,ACTIVE,LONDON
CUST004071,MAC002499,STD,ACTIVE,LONDON
CUST004072,MAC002500,STD,ACTIVE,LONDON
CUST004073,MAC002501,STD,ACTIVE,LONDON
CUST004074,MAC002502,STD,ACTIVE,LONDON
CUST004075,MAC002503,STD,ACTIVE,LONDON
CUST004076,MAC002504,STD,ACTIVE,LONDON
CUST004077,MAC002505,STD,ACTIVE,LONDON
CUST004078,MAC002506,STD,ACTIVE,LONDON
CUST004079,MAC002509,STD,ACTIVE,LONDON
CUST004080,MAC002510,STD,ACTIVE,LONDON
CUST004081,MAC002511,STD,ACTIVE,LONDON
CUST004082,MAC002512,STD,ACTIVE,LONDON
CUST004083,MAC002513,STD,ACTIVE,LONDON
CUST004084,MAC002514,STD,ACTIVE,LONDON
CUST004085,MAC002515,STD,ACTIVE,LONDON
CUST004086,MAC002516,STD,ACTIVE,LONDON
CUST004087,MAC002517,STD,ACTIVE,LONDON
CUST004088,MAC002518,STD,ACTIVE,LONDON
CUST004089,MAC002519,STD,ACTIVE,LONDON
CUST004090,MAC002521,STD,ACTIVE,LONDON
CUST004091,MAC002522,STD,ACTIVE,LONDON
CUST004092,MAC002523,STD,ACTIVE,LONDON
CUST004093,MAC002524,STD,ACTIVE,LONDON
CUST004094,MAC002525,STD,ACTIVE,LONDON
CUST004095,MAC002526,STD,ACTIVE,LONDON
CUST004096,MAC002527,STD,ACTIVE,LONDON
CUST004097,MAC002528,STD,ACTIVE,LONDON
CUST004098,MAC002529,STD,ACTIVE,LONDON
CUST004099,MAC002530,STD,ACTIVE,LONDON
CUST004100,MAC002531,STD,ACTIVE,LONDON
CUST004101,MAC002532,STD,ACTIVE,LONDON
CUST004102,MAC002535,STD,ACTIVE,LONDON
CUST004103,MAC002537,STD,ACTIVE,LONDON
CUST004104,MAC002538,STD,ACTIVE,LONDON
CUST004105,MAC002539,STD,ACTIVE,LONDON
CUST004106,MAC002540,STD,ACTIVE,LONDON
CUST004107,MAC002541,STD,ACTIVE,LONDON
CUST004108,MAC002542,STD,ACTIVE,LONDON
CUST004109,MAC002543,STD,ACTIVE,LONDON
CUST004110,MAC002544,STD,ACTIVE,LONDON
CUST004111,MAC002545,STD,ACTIVE,LONDON
CUST004112,MAC002546,STD,ACTIVE,LONDON
CUST004113,MAC002547,STD,ACTIVE,LONDON
CUST004114,MAC002548,STD,ACTIVE,LONDON
CUST004115,MAC002549,STD,ACTIVE,LONDON
CUST004116,MAC002550,STD,ACTIVE,LONDON
CUST004117,MAC002551,STD,ACTIVE,LONDON
CUST004118,MAC002553,STD,ACTIVE,LONDON
CUST004119,MAC002554,STD,ACTIVE,LONDON
CUST004120,MAC002555,STD,ACTIVE,LONDON
CUST004121,MAC002556,STD,ACTIVE,LONDON
CUST004122,MAC002557,STD,ACTIVE,LONDON
CUST004123,MAC002558,STD,ACTIVE,LONDON
CUST004124,MAC002559,STD,ACTIVE,LONDON
CUST004125,MAC002561,STD,ACTIVE,LONDON
CUST004126,MAC002562,STD,ACTIVE,LONDON
CUST004127,MAC002563,STD,ACTIVE,LONDON
CUST004128,MAC002564,STD,ACTIVE,LONDON
CUST004129,MAC002565,STD,ACTIVE,LONDON
CUST004130,MAC002567,STD,ACTIVE,LONDON
CUST004131,MAC002569,STD,ACTIVE,LONDON
CUST004132,MAC002570,STD,ACTIVE,LONDON
CUST004133,MAC002571,STD,ACTIVE,LONDON
CUST004134,MAC002572,STD,ACTIVE,LONDON
CUST004135,MAC002573,STD,ACTIVE,LONDON
CUST004136,MAC002575,STD,ACTIVE,LONDON
CUST004137,MAC002576,STD,ACTIVE,LONDON
CUST004138,MAC002577,STD,ACTIVE,LONDON
CUST004139,MAC002579,STD,ACTIVE,LONDON
CUST004140,MAC002580,STD,ACTIVE,LONDON
CUST004141,MAC002581,STD,ACTIVE,LONDON
CUST004142,MAC002582,STD,ACTIVE,LONDON
CUST004143,MAC002583,STD,ACTIVE,LONDON
CUST004144,MAC002584,STD,ACTIVE,LONDON
CUST004145,MAC002587,STD,ACTIVE,LONDON
CUST004146,MAC002588,STD,ACTIVE,LONDON
CUST004147,MAC002590,STD,ACTIVE,LONDON
CUST004148,MAC002591,STD,ACTIVE,LONDON
CUST004149,MAC002592,STD,ACTIVE,LONDON
CUST004150,MAC002594,STD,ACTIVE,LONDON
CUST004151,MAC002595,STD,ACTIVE,LONDON
CUST004152,MAC002597,STD,ACTIVE,LONDON
CUST004153,MAC002598,STD,ACTIVE,LONDON
CUST004154,MAC002599,STD,ACTIVE,LONDON
CUST004155,MAC002600,STD,ACTIVE,LONDON
CUST004156,MAC002601,STD,ACTIVE,LONDON
CUST004157,MAC002603,STD,ACTIVE,LONDON
CUST004158,MAC002605,STD,ACTIVE,LONDON
CUST004159,MAC002606,STD,ACTIVE,LONDON
CUST004160,MAC002607,STD,ACTIVE,LONDON
CUST004161,MAC002608,STD,ACTIVE,LONDON
CUST004162,MAC002610,STD,ACTIVE,LONDON
CUST004163,MAC002611,STD,ACTIVE,LONDON
CUST004164,MAC002612,STD,ACTIVE,LONDON
CUST004165,MAC002613,STD,ACTIVE,LONDON
CUST004166,MAC002615,STD,ACTIVE,LONDON
CUST004167,MAC002616,STD,ACTIVE,LONDON
CUST004168,MAC002617,STD,ACTIVE,LONDON
CUST004169,MAC002619,STD,ACTIVE,LONDON
CUST004170,MAC002620,STD,ACTIVE,LONDON
CUST004171,MAC002621,STD,ACTIVE,LONDON
CUST004172,MAC002623,STD,ACTIVE,LONDON
CUST004173,MAC002624,STD,ACTIVE,LONDON
CUST004174,MAC002626,STD,ACTIVE,LONDON
CUST004175,MAC002627,STD,ACTIVE,LONDON
CUST004176,MAC002628,STD,ACTIVE,LONDON
CUST004177,MAC002629,STD,ACTIVE,LONDON
CUST004178,MAC002630,STD,ACTIVE,LONDON
CUST004179,MAC002631,STD,ACTIVE,LONDON
CUST004180,MAC002632,STD,ACTIVE,LONDON
CUST004181,MAC002635,STD,ACTIVE,LONDON
CUST004182,MAC002636,STD,ACTIVE,LONDON
CUST004183,MAC002637,STD,ACTIVE,LONDON
CUST004184,MAC002638,STD,ACTIVE,LONDON
CUST004185,MAC002639,STD,ACTIVE,LONDON
CUST004186,MAC002640,STD,ACTIVE,LONDON
CUST004187,MAC002641,STD,ACTIVE,LONDON
CUST004188,MAC002642,STD,ACTIVE,LONDON
CUST004189,MAC002643,STD,ACTIVE,LONDON
CUST004190,MAC002644,STD,ACTIVE,LONDON
CUST004191,MAC002646,STD,ACTIVE,LONDON
CUST004192,MAC002647,STD,ACTIVE,LONDON
CUST004193,MAC002648,STD,ACTIVE,LONDON
CUST004194,MAC002649,STD,ACTIVE,LONDON
CUST004195,MAC002650,STD,ACTIVE,LONDON
CUST004196,MAC002651,STD,ACTIVE,LONDON
CUST004197,MAC002652,STD,ACTIVE,LONDON
CUST004198,MAC002653,STD,ACTIVE,LONDON
CUST004199,MAC002654,STD,ACTIVE,LONDON
CUST004200,MAC002655,STD,ACTIVE,LONDON
CUST004201,MAC002656,STD,ACTIVE,LONDON
CUST004202,MAC002657,STD,ACTIVE,LONDON
CUST004203,MAC002658,STD,ACTIVE,LONDON
CUST004204,MAC002659,STD,ACTIVE,LONDON
CUST004205,MAC002660,STD,ACTIVE,LONDON
CUST004206,MAC002661,STD,ACTIVE,LONDON
CUST004207,MAC002662,STD,ACTIVE,LONDON
CUST004208,MAC002663,STD,ACTIVE,LONDON
CUST004209,MAC002664,STD,ACTIVE,LONDON
CUST004210,MAC002666,STD,ACTIVE,LONDON
CUST004211,MAC002667,STD,ACTIVE,LONDON
CUST004212,MAC002669,STD,ACTIVE,LONDON
CUST004213,MAC002670,STD,ACTIVE,LONDON
CUST004214,MAC002671,STD,ACTIVE,LONDON
CUST004215,MAC002674,STD,ACTIVE,LONDON
CUST004216,MAC002676,STD,ACTIVE,LONDON
CUST004217,MAC002681,STD,ACTIVE,LONDON
CUST004218,MAC002682,STD,ACTIVE,LONDON
CUST004219,MAC002683,STD,ACTIVE,LONDON
CUST004220,MAC002684,STD,ACTIVE,LONDON
CUST004221,MAC002685,STD,ACTIVE,LONDON
CUST004222,MAC002687,STD,ACTIVE,LONDON
CUST004223,MAC002688,STD,ACTIVE,LONDON
CUST004224,MAC002689,STD,ACTIVE,LONDON
CUST004225,MAC002691,STD,ACTIVE,LONDON
CUST004226,MAC002693,STD,ACTIVE,LONDON
CUST004227,MAC002696,STD,ACTIVE,LONDON
CUST004228,MAC002697,STD,ACTIVE,LONDON
CUST004229,MAC002698,STD,ACTIVE,LONDON
CUST004230,MAC002699,STD,ACTIVE,LONDON
CUST004231,MAC002700,STD,ACTIVE,LONDON
CUST004232,MAC002702,STD,ACTIVE,LONDON
CUST004233,MAC002703,STD,ACTIVE,LONDON
CUST004234,MAC002704,STD,ACTIVE,LONDON
CUST004235,MAC002705,STD,ACTIVE,LONDON
CUST004236,MAC002706,STD,ACTIVE,LONDON
CUST004237,MAC002707,STD,ACTIVE,LONDON
CUST004238,MAC002708,STD,ACTIVE,LONDON
CUST004239,MAC002709,STD,ACTIVE,LONDON
CUST004240,MAC002711,STD,ACTIVE,LONDON
CUST004241,MAC002714,STD,ACTIVE,LONDON
CUST004242,MAC002715,STD,ACTIVE,LONDON
CUST004243,MAC002716,STD,ACTIVE,LONDON
CUST004244,MAC002717,STD,ACTIVE,LONDON
CUST004245,MAC002718,STD,ACTIVE,LONDON
CUST004246,MAC002719,STD,ACTIVE,LONDON
CUST004247,MAC002720,STD,ACTIVE,LONDON
CUST004248,MAC002721,STD,ACTIVE,LONDON
CUST004249,MAC002723,STD,ACTIVE,LONDON
CUST004250,MAC002724,STD,ACTIVE,LONDON
CUST004251,MAC002725,STD,ACTIVE,LONDON
CUST004252,MAC002727,STD,ACTIVE,LONDON
CUST004253,MAC002729,STD,ACTIVE,LONDON
CUST004254,MAC002730,STD,ACTIVE,LONDON
CUST004255,MAC002731,STD,ACTIVE,LONDON
CUST004256,MAC002733,STD,ACTIVE,LONDON
CUST004257,MAC002734,STD,ACTIVE,LONDON
CUST004258,MAC002735,STD,ACTIVE,LONDON
CUST004259,MAC002736,STD,ACTIVE,LONDON
CUST004260,MAC002737,STD,ACTIVE,LONDON
CUST004261,MAC002739,STD,ACTIVE,LONDON
CUST004262,MAC002740,STD,ACTIVE,LONDON
CUST004263,MAC002742,STD,ACTIVE,LONDON
CUST004264,MAC002743,STD,ACTIVE,LONDON
CUST004265,MAC002744,STD,ACTIVE,LONDON
CUST004266,MAC002745,STD,ACTIVE,LONDON
CUST004267,MAC002746,STD,ACTIVE,LONDON
CUST004268,MAC002747,STD,ACTIVE,LONDON
CUST004269,MAC002748,STD,ACTIVE,LONDON
CUST004270,MAC002749,STD,ACTIVE,LONDON
CUST004271,MAC002750,STD,ACTIVE,LONDON
CUST004272,MAC002751,STD,ACTIVE,LONDON
CUST004273,MAC002752,STD,ACTIVE,LONDON
CUST004274,MAC002753,STD,ACTIVE,LONDON
CUST004275,MAC002754,STD,ACTIVE,LONDON
CUST004276,MAC002755,STD,ACTIVE,LONDON
CUST004277,MAC002756,STD,ACTIVE,LONDON
CUST004278,MAC002757,STD,ACTIVE,LONDON
CUST004279,MAC002759,STD,ACTIVE,LONDON
CUST004280,MAC002760,STD,ACTIVE,LONDON
CUST004281,MAC002761,STD,ACTIVE,LONDON
CUST004282,MAC002762,STD,ACTIVE,LONDON
CUST004283,MAC002763,STD,ACTIVE,LONDON
CUST004284,MAC002764,STD,ACTIVE,LONDON
CUST004285,MAC002766,STD,ACTIVE,LONDON
CUST004286,MAC002767,STD,ACTIVE,LONDON
CUST004287,MAC002768,STD,ACTIVE,LONDON
CUST004288,MAC002770,STD,ACTIVE,LONDON
CUST004289,MAC002771,STD,ACTIVE,LONDON
CUST004290,MAC002772,STD,ACTIVE,LONDON
CUST004291,MAC002773,STD,ACTIVE,LONDON
CUST004292,MAC002775,STD,ACTIVE,LONDON
CUST004293,MAC002776,STD,ACTIVE,LONDON
CUST004294,MAC002777,STD,ACTIVE,LONDON
CUST004295,MAC002778,STD,ACTIVE,LONDON
CUST004296,MAC002779,STD,ACTIVE,LONDON
CUST004297,MAC002780,STD,ACTIVE,LONDON
CUST004298,MAC002781,STD,ACTIVE,LONDON
CUST004299,MAC002782,STD,ACTIVE,LONDON
CUST004300,MAC002783,STD,ACTIVE,LONDON
CUST004301,MAC002784,STD,ACTIVE,LONDON
CUST004302,MAC002785,STD,ACTIVE,LONDON
CUST004303,MAC002787,STD,ACTIVE,LONDON
CUST004304,MAC002788,STD,ACTIVE,LONDON
CUST004305,MAC002789,STD,ACTIVE,LONDON
CUST004306,MAC002790,STD,ACTIVE,LONDON
CUST004307,MAC002791,STD,ACTIVE,LONDON
CUST004308,MAC002793,STD,ACTIVE,LONDON
CUST004309,MAC002796,STD,ACTIVE,LONDON
CUST004310,MAC002799,STD,ACTIVE,LONDON
CUST004311,MAC002801,STD,ACTIVE,LONDON
CUST004312,MAC002802,STD,ACTIVE,LONDON
CUST004313,MAC002803,STD,ACTIVE,LONDON
CUST004314,MAC002804,STD,ACTIVE,LONDON
CUST004315,MAC002805,STD,ACTIVE,LONDON
CUST004316,MAC002806,STD,ACTIVE,LONDON
CUST004317,MAC002807,STD,ACTIVE,LONDON
CUST004318,MAC002808,STD,ACTIVE,LONDON
CUST004319,MAC002810,STD,ACTIVE,LONDON
CUST004320,MAC002812,STD,ACTIVE,LONDON
CUST004321,MAC002813,STD,ACTIVE,LONDON
CUST004322,MAC002815,STD,ACTIVE,LONDON
CUST004323,MAC002816,STD,ACTIVE,LONDON
CUST004324,MAC002817,STD,ACTIVE,LONDON
CUST004325,MAC002818,STD,ACTIVE,LONDON
CUST004326,MAC002819,STD,ACTIVE,LONDON
CUST004327,MAC002820,STD,ACTIVE,LONDON
CUST004328,MAC002821,STD,ACTIVE,LONDON
CUST004329,MAC002822,STD,ACTIVE,LONDON
CUST004330,MAC002823,STD,ACTIVE,LONDON
CUST004331,MAC002824,STD,ACTIVE,LONDON
CUST004332,MAC002825,STD,ACTIVE,LONDON
CUST004333,MAC002828,STD,ACTIVE,LONDON
CUST004334,MAC002829,STD,ACTIVE,LONDON
CUST004335,MAC002830,STD,ACTIVE,LONDON
CUST004336,MAC002831,STD,ACTIVE,LONDON
CUST004337,MAC002832,STD,ACTIVE,LONDON
CUST004338,MAC002834,STD,ACTIVE,LONDON
CUST004339,MAC002835,STD,ACTIVE,LONDON
CUST004340,MAC002837,STD,ACTIVE,LONDON
CUST004341,MAC002838,STD,ACTIVE,LONDON
CUST004342,MAC000229,STD,ACTIVE,LONDON
CUST004343,MAC000230,STD,ACTIVE,LONDON
CUST004344,MAC000231,STD,ACTIVE,LONDON
CUST004345,MAC000232,STD,ACTIVE,LONDON
CUST004346,MAC000233,STD,ACTIVE,LONDON
CUST004347,MAC000234,STD,ACTIVE,LONDON
CUST004348,MAC000235,STD,ACTIVE,LONDON
CUST004349,MAC000237,STD,ACTIVE,LONDON
CUST004350,MAC000238,STD,ACTIVE,LONDON
CUST004351,MAC000239,STD,ACTIVE,LONDON
CUST004352,MAC000240,STD,ACTIVE,LONDON
CUST004353,MAC000241,STD,ACTIVE,LONDON
CUST004354,MAC000242,STD,ACTIVE,LONDON
CUST004355,MAC000243,STD,ACTIVE,LONDON
CUST004356,MAC000244,STD,ACTIVE,LONDON
CUST004357,MAC000245,STD,ACTIVE,LONDON
CUST004358,MAC000246,STD,ACTIVE,LONDON
CUST004359,MAC000248,STD,ACTIVE,LONDON
CUST004360,MAC000249,STD,ACTIVE,LONDON
CUST004361,MAC000250,STD,ACTIVE,LONDON
CUST004362,MAC000251,STD,ACTIVE,LONDON
CUST004363,MAC000252,STD,ACTIVE,LONDON
CUST004364,MAC000253,STD,ACTIVE,LONDON
CUST004365,MAC000254,STD,ACTIVE,LONDON
CUST004366,MAC000255,STD,ACTIVE,LONDON
CUST004367,MAC000256,STD,ACTIVE,LONDON
CUST004368,MAC002840,STD,ACTIVE,LONDON
CUST004369,MAC002841,STD,ACTIVE,LONDON
CUST004370,MAC002842,STD,ACTIVE,LONDON
CUST004371,MAC002843,STD,ACTIVE,LONDON
CUST004372,MAC002844,STD,ACTIVE,LONDON
CUST004373,MAC002846,STD,ACTIVE,LONDON
CUST004374,MAC002847,STD,ACTIVE,LONDON
CUST004375,MAC002849,STD,ACTIVE,LONDON
CUST004376,MAC002850,STD,ACTIVE,LONDON
CUST004377,MAC002851,STD,ACTIVE,LONDON
CUST004378,MAC002852,STD,ACTIVE,LONDON
CUST004379,MAC002853,STD,ACTIVE,LONDON
CUST004380,MAC002854,STD,ACTIVE,LONDON
CUST004381,MAC002856,STD,ACTIVE,LONDON
CUST004382,MAC002857,STD,ACTIVE,LONDON
CUST004383,MAC002858,STD,ACTIVE,LONDON
CUST004384,MAC002859,STD,ACTIVE,LONDON
CUST004385,MAC002860,STD,ACTIVE,LONDON
CUST004386,MAC002862,STD,ACTIVE,LONDON
CUST004387,MAC002863,STD,ACTIVE,LONDON
CUST004388,MAC002865,STD,ACTIVE,LONDON
CUST004389,MAC002866,STD,ACTIVE,LONDON
CUST004390,MAC002867,STD,ACTIVE,LONDON
CUST004391,MAC002870,STD,ACTIVE,LONDON
CUST004392,MAC002871,STD,ACTIVE,LONDON
CUST004393,MAC002872,STD,ACTIVE,LONDON
CUST004394,MAC002873,STD,ACTIVE,LONDON
CUST004395,MAC002875,STD,ACTIVE,LONDON
CUST004396,MAC002876,STD,ACTIVE,LONDON
CUST004397,MAC002877,STD,ACTIVE,LONDON
CUST004398,MAC002878,STD,ACTIVE,LONDON
CUST004399,MAC002880,STD,ACTIVE,LONDON
CUST004400,MAC002882,STD,ACTIVE,LONDON
CUST004401,MAC002883,STD,ACTIVE,LONDON
CUST004402,MAC002884,STD,ACTIVE,LONDON
CUST004403,MAC002885,STD,ACTIVE,LONDON
CUST004404,MAC002887,STD,ACTIVE,LONDON
CUST004405,MAC002888,STD,ACTIVE,LONDON
CUST004406,MAC002889,STD,ACTIVE,LONDON
CUST004407,MAC002890,STD,ACTIVE,LONDON
CUST004408,MAC002892,STD,ACTIVE,LONDON
CUST004409,MAC002893,STD,ACTIVE,LONDON
CUST004410,MAC002896,STD,ACTIVE,LONDON
CUST004411,MAC002898,STD,ACTIVE,LONDON
CUST004412,MAC002899,STD,ACTIVE,LONDON
CUST004413,MAC002900,STD,ACTIVE,LONDON
CUST004414,MAC002902,STD,ACTIVE,LONDON
CUST004415,MAC002903,STD,ACTIVE,LONDON
CUST004416,MAC002904,STD,ACTIVE,LONDON
CUST004417,MAC002905,STD,ACTIVE,LONDON
CUST004418,MAC002906,STD,ACTIVE,LONDON
CUST004419,MAC002907,STD,ACTIVE,LONDON
CUST004420,MAC002908,STD,ACTIVE,LONDON
CUST004421,MAC002911,STD,ACTIVE,LONDON
CUST004422,MAC002912,STD,ACTIVE,LONDON
CUST004423,MAC002913,STD,ACTIVE,LONDON
CUST004424,MAC002914,STD,ACTIVE,LONDON
CUST004425,MAC002916,STD,ACTIVE,LONDON
CUST004426,MAC002917,STD,ACTIVE,LONDON
CUST004427,MAC002919,STD,ACTIVE,LONDON
CUST004428,MAC002920,STD,ACTIVE,LONDON
CUST004429,MAC002921,STD,ACTIVE,LONDON
CUST004430,MAC002922,STD,ACTIVE,LONDON
CUST004431,MAC002923,STD,ACTIVE,LONDON
CUST004432,MAC002924,STD,ACTIVE,LONDON
CUST004433,MAC002928,STD,ACTIVE,LONDON
CUST004434,MAC002929,STD,ACTIVE,LONDON
CUST004435,MAC002933,STD,ACTIVE,LONDON
CUST004436,MAC002934,STD,ACTIVE,LONDON
CUST004437,MAC002936,STD,ACTIVE,LONDON
CUST004438,MAC002937,STD,ACTIVE,LONDON
CUST004439,MAC002938,STD,ACTIVE,LONDON
CUST004440,MAC002939,STD,ACTIVE,LONDON
CUST004441,MAC002940,STD,ACTIVE,LONDON
CUST004442,MAC002941,STD,ACTIVE,LONDON
CUST004443,MAC002942,STD,ACTIVE,LONDON
CUST004444,MAC002943,STD,ACTIVE,LONDON
CUST004445,MAC002944,STD,ACTIVE,LONDON
CUST004446,MAC002945,STD,ACTIVE,LONDON
CUST004447,MAC002946,STD,ACTIVE,LONDON
CUST004448,MAC002947,STD,ACTIVE,LONDON
CUST004449,MAC002948,STD,ACTIVE,LONDON
CUST004450,MAC002949,STD,ACTIVE,LONDON
CUST004451,MAC002950,STD,ACTIVE,LONDON
CUST004452,MAC002952,STD,ACTIVE,LONDON
CUST004453,MAC002953,STD,ACTIVE,LONDON
CUST004454,MAC002955,STD,ACTIVE,LONDON
CUST004455,MAC002956,STD,ACTIVE,LONDON
CUST004456,MAC002957,STD,ACTIVE,LONDON
CUST004457,MAC002958,STD,ACTIVE,LONDON
CUST004458,MAC002960,STD,ACTIVE,LONDON
CUST004459,MAC002961,STD,ACTIVE,LONDON
CUST004460,MAC002962,STD,ACTIVE,LONDON
CUST004461,MAC002964,STD,ACTIVE,LONDON
CUST004462,MAC002965,STD,ACTIVE,LONDON
CUST004463,MAC002966,STD,ACTIVE,LONDON
CUST004464,MAC002967,STD,ACTIVE,LONDON
CUST004465,MAC002968,STD,ACTIVE,LONDON
CUST004466,MAC002969,STD,ACTIVE,LONDON
CUST004467,MAC002972,STD,ACTIVE,LONDON
CUST004468,MAC002973,STD,ACTIVE,LONDON
CUST004469,MAC002974,STD,ACTIVE,LONDON
CUST004470,MAC002975,STD,ACTIVE,LONDON
CUST004471,MAC002976,STD,ACTIVE,LONDON
CUST004472,MAC002977,STD,ACTIVE,LONDON
CUST004473,MAC002978,STD,ACTIVE,LONDON
CUST004474,MAC002979,STD,ACTIVE,LONDON
CUST004475,MAC002980,STD,ACTIVE,LONDON
CUST004476,MAC002981,STD,ACTIVE,LONDON
CUST004477,MAC002984,STD,ACTIVE,LONDON
CUST004478,MAC002986,STD,ACTIVE,LONDON
CUST004479,MAC002987,STD,ACTIVE,LONDON
CUST004480,MAC002988,STD,ACTIVE,LONDON
CUST004481,MAC002989,STD,ACTIVE,LONDON
CUST004482,MAC002990,STD,ACTIVE,LONDON
CUST004483,MAC002991,STD,ACTIVE,LONDON
CUST004484,MAC002993,STD,ACTIVE,LONDON
CUST004485,MAC002994,STD,ACTIVE,LONDON
CUST004486,MAC002996,STD,ACTIVE,LONDON
CUST004487,MAC002998,STD,ACTIVE,LONDON
CUST004488,MAC002999,STD,ACTIVE,LONDON
CUST004489,MAC003000,STD,ACTIVE,LONDON
CUST004490,MAC003001,STD,ACTIVE,LONDON
CUST004491,MAC003002,STD,ACTIVE,LONDON
CUST004492,MAC003003,STD,ACTIVE,LONDON
CUST004493,MAC003004,STD,ACTIVE,LONDON
CUST004494,MAC003005,STD,ACTIVE,LONDON
CUST004495,MAC003006,STD,ACTIVE,LONDON
CUST004496,MAC003007,STD,ACTIVE,LONDON
CUST004497,MAC003008,STD,ACTIVE,LONDON
CUST004498,MAC003009,STD,ACTIVE,LONDON
CUST004499,MAC003010,STD,ACTIVE,LONDON
CUST004500,MAC003011,STD,ACTIVE,LONDON
CUST004501,MAC003012,STD,ACTIVE,LONDON
CUST004502,MAC003013,STD,ACTIVE,LONDON
CUST004503,MAC003014,STD,ACTIVE,LONDON
CUST004504,MAC003015,STD,ACTIVE,LONDON
CUST004505,MAC003016,STD,ACTIVE,LONDON
CUST004506,MAC003017,STD,ACTIVE,LONDON
CUST004507,MAC003018,STD,ACTIVE,LONDON
CUST004508,MAC003020,STD,ACTIVE,LONDON
CUST004509,MAC003021,STD,ACTIVE,LONDON
CUST004510,MAC003022,STD,ACTIVE,LONDON
CUST004511,MAC003023,STD,ACTIVE,LONDON
CUST004512,MAC003024,STD,ACTIVE,LONDON
CUST004513,MAC003025,STD,ACTIVE,LONDON
CUST004514,MAC003026,STD,ACTIVE,LONDON
CUST004515,MAC003027,STD,ACTIVE,LONDON
CUST004516,MAC003028,STD,ACTIVE,LONDON
CUST004517,MAC003029,STD,ACTIVE,LONDON
CUST004518,MAC003030,STD,ACTIVE,LONDON
CUST004519,MAC003031,STD,ACTIVE,LONDON
CUST004520,MAC003032,STD,ACTIVE,LONDON
CUST004521,MAC003033,STD,ACTIVE,LONDON
CUST004522,MAC003034,STD,ACTIVE,LONDON
CUST004523,MAC003036,STD,ACTIVE,LONDON
CUST004524,MAC003038,STD,ACTIVE,LONDON
CUST004525,MAC003039,STD,ACTIVE,LONDON
CUST004526,MAC003040,STD,ACTIVE,LONDON
CUST004527,MAC003041,STD,ACTIVE,LONDON
CUST004528,MAC003042,STD,ACTIVE,LONDON
CUST004529,MAC003046,STD,ACTIVE,LONDON
CUST004530,MAC003048,STD,ACTIVE,LONDON
CUST004531,MAC003050,STD,ACTIVE,LONDON
CUST004532,MAC003051,STD,ACTIVE,LONDON
CUST004533,MAC003052,STD,ACTIVE,LONDON
CUST004534,MAC003053,STD,ACTIVE,LONDON
CUST004535,MAC003054,STD,ACTIVE,LONDON
CUST004536,MAC003056,STD,ACTIVE,LONDON
CUST004537,MAC003057,STD,ACTIVE,LONDON
CUST004538,MAC003058,STD,ACTIVE,LONDON
CUST004539,MAC003059,STD,ACTIVE,LONDON
CUST004540,MAC003060,STD,ACTIVE,LONDON
CUST004541,MAC003062,STD,ACTIVE,LONDON
CUST004542,MAC003063,STD,ACTIVE,LONDON
CUST004543,MAC003064,STD,ACTIVE,LONDON
CUST004544,MAC003065,STD,ACTIVE,LONDON
CUST004545,MAC003066,STD,ACTIVE,LONDON
CUST004546,MAC003067,STD,ACTIVE,LONDON
CUST004547,MAC003070,STD,ACTIVE,LONDON
CUST004548,MAC003071,STD,ACTIVE,LONDON
CUST004549,MAC003072,STD,ACTIVE,LONDON
CUST004550,MAC003073,STD,ACTIVE,LONDON
CUST004551,MAC003074,STD,ACTIVE,LONDON
CUST004552,MAC003075,STD,ACTIVE,LONDON
CUST004553,MAC003076,STD,ACTIVE,LONDON
CUST004554,MAC003077,STD,ACTIVE,LONDON
CUST004555,MAC003078,STD,ACTIVE,LONDON
CUST004556,MAC003079,STD,ACTIVE,LONDON
CUST004557,MAC003081,STD,ACTIVE,LONDON
CUST004558,MAC003083,STD,ACTIVE,LONDON
CUST004559,MAC003084,STD,ACTIVE,LONDON
CUST004560,MAC003085,STD,ACTIVE,LONDON
CUST004561,MAC003086,STD,ACTIVE,LONDON
CUST004562,MAC003087,STD,ACTIVE,LONDON
CUST004563,MAC003089,STD,ACTIVE,LONDON
CUST004564,MAC003090,STD,ACTIVE,LONDON
CUST004565,MAC003091,STD,ACTIVE,LONDON
CUST004566,MAC003092,STD,ACTIVE,LONDON
CUST004567,MAC003093,STD,ACTIVE,LONDON
CUST004568,MAC003095,STD,ACTIVE,LONDON
CUST004569,MAC003096,STD,ACTIVE,LONDON
CUST004570,MAC003098,STD,ACTIVE,LONDON
CUST004571,MAC003100,STD,ACTIVE,LONDON
CUST004572,MAC003101,STD,ACTIVE,LONDON
CUST004573,MAC003103,STD,ACTIVE,LONDON
CUST004574,MAC003104,STD,ACTIVE,LONDON
CUST004575,MAC003105,STD,ACTIVE,LONDON
CUST004576,MAC003106,STD,ACTIVE,LONDON
CUST004577,MAC003107,STD,ACTIVE,LONDON
CUST004578,MAC003108,STD,ACTIVE,LONDON
CUST004579,MAC003109,STD,ACTIVE,LONDON
CUST004580,MAC003110,STD,ACTIVE,LONDON
CUST004581,MAC003112,STD,ACTIVE,LONDON
CUST004582,MAC003113,STD,ACTIVE,LONDON
CUST004583,MAC003114,STD,ACTIVE,LONDON
CUST004584,MAC003115,STD,ACTIVE,LONDON
CUST004585,MAC003117,STD,ACTIVE,LONDON
CUST004586,MAC003118,STD,ACTIVE,LONDON
CUST004587,MAC003119,STD,ACTIVE,LONDON
CUST004588,MAC003121,STD,ACTIVE,LONDON
CUST004589,MAC003122,STD,ACTIVE,LONDON
CUST004590,MAC003123,STD,ACTIVE,LONDON
CUST004591,MAC003125,STD,ACTIVE,LONDON
CUST004592,MAC003126,STD,ACTIVE,LONDON
CUST004593,MAC003127,STD,ACTIVE,LONDON
CUST004594,MAC003128,STD,ACTIVE,LONDON
CUST004595,MAC003129,STD,ACTIVE,LONDON
CUST004596,MAC003130,STD,ACTIVE,LONDON
CUST004597,MAC003131,STD,ACTIVE,LONDON
CUST004598,MAC003132,STD,ACTIVE,LONDON
CUST004599,MAC003133,STD,ACTIVE,LONDON
CUST004600,MAC003134,STD,ACTIVE,LONDON
CUST004601,MAC003136,STD,ACTIVE,LONDON
CUST004602,MAC003137,STD,ACTIVE,LONDON
CUST004603,MAC003138,STD,ACTIVE,LONDON
CUST004604,MAC003139,STD,ACTIVE,LONDON
CUST004605,MAC003141,STD,ACTIVE,LONDON
CUST004606,MAC003142,STD,ACTIVE,LONDON
CUST004607,MAC003143,STD,ACTIVE,LONDON
CUST004608,MAC003144,STD,ACTIVE,LONDON
CUST004609,MAC003146,STD,ACTIVE,LONDON
CUST004610,MAC003147,STD,ACTIVE,LONDON
CUST004611,MAC003148,STD,ACTIVE,LONDON
CUST004612,MAC003149,STD,ACTIVE,LONDON
CUST004613,MAC003150,STD,ACTIVE,LONDON
CUST004614,MAC003152,STD,ACTIVE,LONDON
CUST004615,MAC003153,STD,ACTIVE,LONDON
CUST004616,MAC003154,STD,ACTIVE,LONDON
CUST004617,MAC003158,STD,ACTIVE,LONDON
CUST004618,MAC003159,STD,ACTIVE,LONDON
CUST004619,MAC003160,STD,ACTIVE,LONDON
CUST004620,MAC003161,STD,ACTIVE,LONDON
CUST004621,MAC003162,STD,ACTIVE,LONDON
CUST004622,MAC003163,STD,ACTIVE,LONDON
CUST004623,MAC003164,STD,ACTIVE,LONDON
CUST004624,MAC003166,STD,ACTIVE,LONDON
CUST004625,MAC003167,STD,ACTIVE,LONDON
CUST004626,MAC003168,STD,ACTIVE,LONDON
CUST004627,MAC003169,STD,ACTIVE,LONDON
CUST004628,MAC003171,STD,ACTIVE,LONDON
CUST004629,MAC003172,STD,ACTIVE,LONDON
CUST004630,MAC003173,STD,ACTIVE,LONDON
CUST004631,MAC003174,STD,ACTIVE,LONDON
CUST004632,MAC003176,STD,ACTIVE,LONDON
CUST004633,MAC003177,STD,ACTIVE,LONDON
CUST004634,MAC003179,STD,ACTIVE,LONDON
CUST004635,MAC003181,STD,ACTIVE,LONDON
CUST004636,MAC003182,STD,ACTIVE,LONDON
CUST004637,MAC003183,STD,ACTIVE,LONDON
CUST004638,MAC003184,STD,ACTIVE,LONDON
CUST004639,MAC003186,STD,ACTIVE,LONDON
CUST004640,MAC003187,STD,ACTIVE,LONDON
CUST004641,MAC003188,STD,ACTIVE,LONDON
CUST004642,MAC003189,STD,ACTIVE,LONDON
CUST004643,MAC003190,STD,ACTIVE,LONDON
CUST004644,MAC003191,STD,ACTIVE,LONDON
CUST004645,MAC003192,STD,ACTIVE,LONDON
CUST004646,MAC003193,STD,ACTIVE,LONDON
CUST004647,MAC003194,STD,ACTIVE,LONDON
CUST004648,MAC003195,STD,ACTIVE,LONDON
CUST004649,MAC003197,STD,ACTIVE,LONDON
CUST004650,MAC003199,STD,ACTIVE,LONDON
CUST004651,MAC003200,STD,ACTIVE,LONDON
CUST004652,MAC003203,STD,ACTIVE,LONDON
CUST004653,MAC003204,STD,ACTIVE,LONDON
CUST004654,MAC003205,STD,ACTIVE,LONDON
CUST004655,MAC003206,STD,ACTIVE,LONDON
CUST004656,MAC003207,STD,ACTIVE,LONDON
CUST004657,MAC003208,STD,ACTIVE,LONDON
CUST004658,MAC003209,STD,ACTIVE,LONDON
CUST004659,MAC003210,STD,ACTIVE,LONDON
CUST004660,MAC003212,STD,ACTIVE,LONDON
CUST004661,MAC003213,STD,ACTIVE,LONDON
CUST004662,MAC003214,STD,ACTIVE,LONDON
CUST004663,MAC003215,STD,ACTIVE,LONDON
CUST004664,MAC003216,STD,ACTIVE,LONDON
CUST004665,MAC003217,STD,ACTIVE,LONDON
CUST004666,MAC003218,STD,ACTIVE,LONDON
CUST004667,MAC003219,STD,ACTIVE,LONDON
CUST004668,MAC003220,STD,ACTIVE,LONDON
CUST004669,MAC003222,STD,ACTIVE,LONDON
CUST004670,MAC003223,STD,ACTIVE,LONDON
CUST004671,MAC003224,STD,ACTIVE,LONDON
CUST004672,MAC003225,STD,ACTIVE,LONDON
CUST004673,MAC003226,STD,ACTIVE,LONDON
CUST004674,MAC003227,STD,ACTIVE,LONDON
CUST004675,MAC003228,STD,ACTIVE,LONDON
CUST004676,MAC003229,STD,ACTIVE,LONDON
CUST004677,MAC003230,STD,ACTIVE,LONDON
CUST004678,MAC003231,STD,ACTIVE,LONDON
CUST004679,MAC003232,STD,ACTIVE,LONDON
CUST004680,MAC003233,STD,ACTIVE,LONDON
CUST004681,MAC003234,STD,ACTIVE,LONDON
CUST004682,MAC003235,STD,ACTIVE,LONDON
CUST004683,MAC003236,STD,ACTIVE,LONDON
CUST004684,MAC003237,STD,ACTIVE,LONDON
CUST004685,MAC003239,STD,ACTIVE,LONDON
CUST004686,MAC003240,STD,ACTIVE,LONDON
CUST004687,MAC003241,STD,ACTIVE,LONDON
CUST004688,MAC003242,STD,ACTIVE,LONDON
CUST004689,MAC003243,STD,ACTIVE,LONDON
CUST004690,MAC003244,STD,ACTIVE,LONDON
CUST004691,MAC003246,STD,ACTIVE,LONDON
CUST004692,MAC003248,STD,ACTIVE,LONDON
CUST004693,MAC003249,STD,ACTIVE,LONDON
CUST004694,MAC003250,STD,ACTIVE,LONDON
CUST004695,MAC003251,STD,ACTIVE,LONDON
CUST004696,MAC003252,STD,ACTIVE,LONDON
CUST004697,MAC003253,STD,ACTIVE,LONDON
CUST004698,MAC003254,STD,ACTIVE,LONDON
CUST004699,MAC003255,STD,ACTIVE,LONDON
CUST004700,MAC003258,STD,ACTIVE,LONDON
CUST004701,MAC003260,STD,ACTIVE,LONDON
CUST004702,MAC003261,STD,ACTIVE,LONDON
CUST004703,MAC003263,STD,ACTIVE,LONDON
CUST004704,MAC003264,STD,ACTIVE,LONDON
CUST004705,MAC003266,STD,ACTIVE,LONDON
CUST004706,MAC003267,STD,ACTIVE,LONDON
CUST004707,MAC003270,STD,ACTIVE,LONDON
CUST004708,MAC003271,STD,ACTIVE,LONDON
CUST004709,MAC003273,STD,ACTIVE,LONDON
CUST004710,MAC003275,STD,ACTIVE,LONDON
CUST004711,MAC003276,STD,ACTIVE,LONDON
CUST004712,MAC003278,STD,ACTIVE,LONDON
CUST004713,MAC003279,STD,ACTIVE,LONDON
CUST004714,MAC003280,STD,ACTIVE,LONDON
CUST004715,MAC003281,STD,ACTIVE,LONDON
CUST004716,MAC003282,STD,ACTIVE,LONDON
CUST004717,MAC003283,STD,ACTIVE,LONDON
CUST004718,MAC003284,STD,ACTIVE,LONDON
CUST004719,MAC003287,STD,ACTIVE,LONDON
CUST004720,MAC003288,STD,ACTIVE,LONDON
CUST004721,MAC003289,STD,ACTIVE,LONDON
CUST004722,MAC003290,STD,ACTIVE,LONDON
CUST004723,MAC003291,STD,ACTIVE,LONDON
CUST004724,MAC003292,STD,ACTIVE,LONDON
CUST004725,MAC003293,STD,ACTIVE,LONDON
CUST004726,MAC000258,STD,ACTIVE,LONDON
CUST004727,MAC000260,STD,ACTIVE,LONDON
CUST004728,MAC000262,STD,ACTIVE,LONDON
CUST004729,MAC000263,STD,ACTIVE,LONDON
CUST004730,MAC000264,STD,ACTIVE,LONDON
CUST004731,MAC000267,STD,ACTIVE,LONDON
CUST004732,MAC000268,STD,ACTIVE,LONDON
CUST004733,MAC000269,STD,ACTIVE,LONDON
CUST004734,MAC000270,STD,ACTIVE,LONDON
CUST004735,MAC000271,STD,ACTIVE,LONDON
CUST004736,MAC000272,STD,ACTIVE,LONDON
CUST004737,MAC000273,STD,ACTIVE,LONDON
CUST004738,MAC000274,STD,ACTIVE,LONDON
CUST004739,MAC000275,STD,ACTIVE,LONDON
CUST004740,MAC000276,STD,ACTIVE,LONDON
CUST004741,MAC000277,STD,ACTIVE,LONDON
CUST004742,MAC000279,STD,ACTIVE,LONDON
CUST004743,MAC000280,STD,ACTIVE,LONDON
CUST004744,MAC000281,STD,ACTIVE,LONDON
CUST004745,MAC000282,STD,ACTIVE,LONDON
CUST004746,MAC000283,STD,ACTIVE,LONDON
CUST004747,MAC000284,STD,ACTIVE,LONDON
CUST004748,MAC000285,STD,ACTIVE,LONDON
CUST004749,MAC000287,STD,ACTIVE,LONDON
CUST004750,MAC000289,STD,ACTIVE,LONDON
CUST004751,MAC000291,STD,ACTIVE,LONDON
CUST004752,MAC000294,STD,ACTIVE,LONDON
CUST004753,MAC000295,STD,ACTIVE,LONDON
CUST004754,MAC003294,STD,ACTIVE,LONDON
CUST004755,MAC003295,STD,ACTIVE,LONDON
CUST004756,MAC003296,STD,ACTIVE,LONDON
CUST004757,MAC003297,STD,ACTIVE,LONDON
CUST004758,MAC003299,STD,ACTIVE,LONDON
CUST004759,MAC003300,STD,ACTIVE,LONDON
CUST004760,MAC003301,STD,ACTIVE,LONDON
CUST004761,MAC003302,STD,ACTIVE,LONDON
CUST004762,MAC003303,STD,ACTIVE,LONDON
CUST004763,MAC003304,STD,ACTIVE,LONDON
CUST004764,MAC003305,STD,ACTIVE,LONDON
CUST004765,MAC003306,STD,ACTIVE,LONDON
CUST004766,MAC003307,STD,ACTIVE,LONDON
CUST004767,MAC003309,STD,ACTIVE,LONDON
CUST004768,MAC003310,STD,ACTIVE,LONDON
CUST004769,MAC003311,STD,ACTIVE,LONDON
CUST004770,MAC003312,STD,ACTIVE,LONDON
CUST004771,MAC003313,STD,ACTIVE,LONDON
CUST004772,MAC003314,STD,ACTIVE,LONDON
CUST004773,MAC003316,STD,ACTIVE,LONDON
CUST004774,MAC003317,STD,ACTIVE,LONDON
CUST004775,MAC003318,STD,ACTIVE,LONDON
CUST004776,MAC003319,STD,ACTIVE,LONDON
CUST004777,MAC003320,STD,ACTIVE,LONDON
CUST004778,MAC003322,STD,ACTIVE,LONDON
CUST004779,MAC003323,STD,ACTIVE,LONDON
CUST004780,MAC003324,STD,ACTIVE,LONDON
CUST004781,MAC003325,STD,ACTIVE,LONDON
CUST004782,MAC003326,STD,ACTIVE,LONDON
CUST004783,MAC003327,STD,ACTIVE,LONDON
CUST004784,MAC003328,STD,ACTIVE,LONDON
CUST004785,MAC003329,STD,ACTIVE,LONDON
CUST004786,MAC003330,STD,ACTIVE,LONDON
CUST004787,MAC003332,STD,ACTIVE,LONDON
CUST004788,MAC003335,STD,ACTIVE,LONDON
CUST004789,MAC003336,STD,ACTIVE,LONDON
CUST004790,MAC003339,STD,ACTIVE,LONDON
CUST004791,MAC003340,STD,ACTIVE,LONDON
CUST004792,MAC003341,STD,ACTIVE,LONDON
CUST004793,MAC003342,STD,ACTIVE,LONDON
CUST004794,MAC003343,STD,ACTIVE,LONDON
CUST004795,MAC003344,STD,ACTIVE,LONDON
CUST004796,MAC003345,STD,ACTIVE,LONDON
CUST004797,MAC003346,STD,ACTIVE,LONDON
CUST004798,MAC003348,STD,ACTIVE,LONDON
CUST004799,MAC003349,STD,ACTIVE,LONDON
CUST004800,MAC003350,STD,ACTIVE,LONDON
CUST004801,MAC003351,STD,ACTIVE,LONDON
CUST004802,MAC003352,STD,ACTIVE,LONDON
CUST004803,MAC003353,STD,ACTIVE,LONDON
CUST004804,MAC003354,STD,ACTIVE,LONDON
CUST004805,MAC003355,STD,ACTIVE,LONDON
CUST004806,MAC003356,STD,ACTIVE,LONDON
CUST004807,MAC003357,STD,ACTIVE,LONDON
CUST004808,MAC003359,STD,ACTIVE,LONDON
CUST004809,MAC003361,STD,ACTIVE,LONDON
CUST004810,MAC003362,STD,ACTIVE,LONDON
CUST004811,MAC003363,STD,ACTIVE,LONDON
CUST004812,MAC003364,STD,ACTIVE,LONDON
CUST004813,MAC003367,STD,ACTIVE,LONDON
CUST004814,MAC003368,STD,ACTIVE,LONDON
CUST004815,MAC003369,STD,ACTIVE,LONDON
CUST004816,MAC003370,STD,ACTIVE,LONDON
CUST004817,MAC003371,STD,ACTIVE,LONDON
CUST004818,MAC003373,STD,ACTIVE,LONDON
CUST004819,MAC003374,STD,ACTIVE,LONDON
CUST004820,MAC003375,STD,ACTIVE,LONDON
CUST004821,MAC003376,STD,ACTIVE,LONDON
CUST004822,MAC003377,STD,ACTIVE,LONDON
CUST004823,MAC003378,STD,ACTIVE,LONDON
CUST004824,MAC003380,STD,ACTIVE,LONDON
CUST004825,MAC003381,STD,ACTIVE,LONDON
CUST004826,MAC003382,STD,ACTIVE,LONDON
CUST004827,MAC003383,STD,ACTIVE,LONDON
CUST004828,MAC003384,STD,ACTIVE,LONDON
CUST004829,MAC003385,STD,ACTIVE,LONDON
CUST004830,MAC003386,STD,ACTIVE,LONDON
CUST004831,MAC003388,STD,ACTIVE,LONDON
CUST004832,MAC003389,STD,ACTIVE,LONDON
CUST004833,MAC003391,STD,ACTIVE,LONDON
CUST004834,MAC003392,STD,ACTIVE,LONDON
CUST004835,MAC003393,STD,ACTIVE,LONDON
CUST004836,MAC003394,STD,ACTIVE,LONDON
CUST004837,MAC003395,STD,ACTIVE,LONDON
CUST004838,MAC003397,STD,ACTIVE,LONDON
CUST004839,MAC003398,STD,ACTIVE,LONDON
CUST004840,MAC003400,STD,ACTIVE,LONDON
CUST004841,MAC003401,STD,ACTIVE,LONDON
CUST004842,MAC003402,STD,ACTIVE,LONDON
CUST004843,MAC003403,STD,ACTIVE,LONDON
CUST004844,MAC003404,STD,ACTIVE,LONDON
CUST004845,MAC003405,STD,ACTIVE,LONDON
CUST004846,MAC003406,STD,ACTIVE,LONDON
CUST004847,MAC003407,STD,ACTIVE,LONDON
CUST004848,MAC003408,STD,ACTIVE,LONDON
CUST004849,MAC003410,STD,ACTIVE,LONDON
CUST004850,MAC003411,STD,ACTIVE,LONDON
CUST004851,MAC003412,STD,ACTIVE,LONDON
CUST004852,MAC003413,STD,ACTIVE,LONDON
CUST004853,MAC003415,STD,ACTIVE,LONDON
CUST004854,MAC003416,STD,ACTIVE,LONDON
CUST004855,MAC003417,STD,ACTIVE,LONDON
CUST004856,MAC003418,STD,ACTIVE,LONDON
CUST004857,MAC003420,STD,ACTIVE,LONDON
CUST004858,MAC003421,STD,ACTIVE,LONDON
CUST004859,MAC003422,STD,ACTIVE,LONDON
CUST004860,MAC003423,STD,ACTIVE,LONDON
CUST004861,MAC003424,STD,ACTIVE,LONDON
CUST004862,MAC003426,STD,ACTIVE,LONDON
CUST004863,MAC003428,STD,ACTIVE,LONDON
CUST004864,MAC003431,STD,ACTIVE,LONDON
CUST004865,MAC003432,STD,ACTIVE,LONDON
CUST004866,MAC003433,STD,ACTIVE,LONDON
CUST004867,MAC003435,STD,ACTIVE,LONDON
CUST004868,MAC003437,STD,ACTIVE,LONDON
CUST004869,MAC003438,STD,ACTIVE,LONDON
CUST004870,MAC003440,STD,ACTIVE,LONDON
CUST004871,MAC003441,STD,ACTIVE,LONDON
CUST004872,MAC003442,STD,ACTIVE,LONDON
CUST004873,MAC003443,STD,ACTIVE,LONDON
CUST004874,MAC003444,STD,ACTIVE,LONDON
CUST004875,MAC003445,STD,ACTIVE,LONDON
CUST004876,MAC003446,STD,ACTIVE,LONDON
CUST004877,MAC003447,STD,ACTIVE,LONDON
CUST004878,MAC003448,STD,ACTIVE,LONDON
CUST004879,MAC003449,STD,ACTIVE,LONDON
CUST004880,MAC003450,STD,ACTIVE,LONDON
CUST004881,MAC003451,STD,ACTIVE,LONDON
CUST004882,MAC003452,STD,ACTIVE,LONDON
CUST004883,MAC003453,STD,ACTIVE,LONDON
CUST004884,MAC003454,STD,ACTIVE,LONDON
CUST004885,MAC003455,STD,ACTIVE,LONDON
CUST004886,MAC003456,STD,ACTIVE,LONDON
CUST004887,MAC003457,STD,ACTIVE,LONDON
CUST004888,MAC003458,STD,ACTIVE,LONDON
CUST004889,MAC003459,STD,ACTIVE,LONDON
CUST004890,MAC003460,STD,ACTIVE,LONDON
CUST004891,MAC003462,STD,ACTIVE,LONDON
CUST004892,MAC003463,STD,ACTIVE,LONDON
CUST004893,MAC003464,STD,ACTIVE,LONDON
CUST004894,MAC003465,STD,ACTIVE,LONDON
CUST004895,MAC003466,STD,ACTIVE,LONDON
CUST004896,MAC003468,STD,ACTIVE,LONDON
CUST004897,MAC003469,STD,ACTIVE,LONDON
CUST004898,MAC003470,STD,ACTIVE,LONDON
CUST004899,MAC003473,STD,ACTIVE,LONDON
CUST004900,MAC003475,STD,ACTIVE,LONDON
CUST004901,MAC003477,STD,ACTIVE,LONDON
CUST004902,MAC003478,STD,ACTIVE,LONDON
CUST004903,MAC003479,STD,ACTIVE,LONDON
CUST004904,MAC003480,STD,ACTIVE,LONDON
CUST004905,MAC003481,STD,ACTIVE,LONDON
CUST004906,MAC003482,STD,ACTIVE,LONDON
CUST004907,MAC003484,STD,ACTIVE,LONDON
CUST004908,MAC003485,STD,ACTIVE,LONDON
CUST004909,MAC003486,STD,ACTIVE,LONDON
CUST004910,MAC003487,STD,ACTIVE,LONDON
CUST004911,MAC003488,STD,ACTIVE,LONDON
CUST004912,MAC003490,STD,ACTIVE,LONDON
CUST004913,MAC003491,STD,ACTIVE,LONDON
CUST004914,MAC003492,STD,ACTIVE,LONDON
CUST004915,MAC003493,STD,ACTIVE,LONDON
CUST004916,MAC003494,STD,ACTIVE,LONDON
CUST004917,MAC003495,STD,ACTIVE,LONDON
CUST004918,MAC003496,STD,ACTIVE,LONDON
CUST004919,MAC003497,STD,ACTIVE,LONDON
CUST004920,MAC003498,STD,ACTIVE,LONDON
CUST004921,MAC003499,STD,ACTIVE,LONDON
CUST004922,MAC003500,STD,ACTIVE,LONDON
CUST004923,MAC003501,STD,ACTIVE,LONDON
CUST004924,MAC003504,STD,ACTIVE,LONDON
CUST004925,MAC003506,STD,ACTIVE,LONDON
CUST004926,MAC003507,STD,ACTIVE,LONDON
CUST004927,MAC003508,STD,ACTIVE,LONDON
CUST004928,MAC003509,STD,ACTIVE,LONDON
CUST004929,MAC003510,STD,ACTIVE,LONDON
CUST004930,MAC003511,STD,ACTIVE,LONDON
CUST004931,MAC003512,STD,ACTIVE,LONDON
CUST004932,MAC003514,STD,ACTIVE,LONDON
CUST004933,MAC003515,STD,ACTIVE,LONDON
CUST004934,MAC003516,STD,ACTIVE,LONDON
CUST004935,MAC003517,STD,ACTIVE,LONDON
CUST004936,MAC003518,STD,ACTIVE,LONDON
CUST004937,MAC003519,STD,ACTIVE,LONDON
CUST004938,MAC003520,STD,ACTIVE,LONDON
CUST004939,MAC003521,STD,ACTIVE,LONDON
CUST004940,MAC003522,STD,ACTIVE,LONDON
CUST004941,MAC003526,STD,ACTIVE,LONDON
CUST004942,MAC003527,STD,ACTIVE,LONDON
CUST004943,MAC003529,STD,ACTIVE,LONDON
CUST004944,MAC003530,STD,ACTIVE,LONDON
CUST004945,MAC003532,STD,ACTIVE,LONDON
CUST004946,MAC003533,STD,ACTIVE,LONDON
CUST004947,MAC003534,STD,ACTIVE,LONDON
CUST004948,MAC003535,STD,ACTIVE,LONDON
CUST004949,MAC003537,STD,ACTIVE,LONDON
CUST004950,MAC003538,STD,ACTIVE,LONDON
CUST004951,MAC003540,STD,ACTIVE,LONDON
CUST004952,MAC003542,STD,ACTIVE,LONDON
CUST004953,MAC003543,STD,ACTIVE,LONDON
CUST004954,MAC003546,STD,ACTIVE,LONDON
CUST004955,MAC003547,STD,ACTIVE,LONDON
CUST004956,MAC003548,STD,ACTIVE,LONDON
CUST004957,MAC003549,STD,ACTIVE,LONDON
CUST004958,MAC003551,STD,ACTIVE,LONDON
CUST004959,MAC003552,STD,ACTIVE,LONDON
CUST004960,MAC003553,STD,ACTIVE,LONDON
CUST004961,MAC003554,STD,ACTIVE,LONDON
CUST004962,MAC003556,STD,ACTIVE,LONDON
CUST004963,MAC003557,STD,ACTIVE,LONDON
CUST004964,MAC003558,STD,ACTIVE,LONDON
CUST004965,MAC003561,STD,ACTIVE,LONDON
CUST004966,MAC003562,STD,ACTIVE,LONDON
CUST004967,MAC003563,STD,ACTIVE,LONDON
CUST004968,MAC003564,STD,ACTIVE,LONDON
CUST004969,MAC003565,STD,ACTIVE,LONDON
CUST004970,MAC003566,STD,ACTIVE,LONDON
CUST004971,MAC003567,STD,ACTIVE,LONDON
CUST004972,MAC003568,STD,ACTIVE,LONDON
CUST004973,MAC003569,STD,ACTIVE,LONDON
CUST004974,MAC003570,STD,ACTIVE,LONDON
CUST004975,MAC003572,STD,ACTIVE,LONDON
CUST004976,MAC003573,STD,ACTIVE,LONDON
CUST004977,MAC003574,STD,ACTIVE,LONDON
CUST004978,MAC003575,STD,ACTIVE,LONDON
CUST004979,MAC003576,STD,ACTIVE,LONDON
CUST004980,MAC003577,STD,ACTIVE,LONDON
CUST004981,MAC003578,STD,ACTIVE,LONDON
CUST004982,MAC003579,STD,ACTIVE,LONDON
CUST004983,MAC003582,STD,ACTIVE,LONDON
CUST004984,MAC003583,STD,ACTIVE,LONDON
CUST004985,MAC003584,STD,ACTIVE,LONDON
CUST004986,MAC003585,STD,ACTIVE,LONDON
CUST004987,MAC003586,STD,ACTIVE,LONDON
CUST004988,MAC003587,STD,ACTIVE,LONDON
CUST004989,MAC003589,STD,ACTIVE,LONDON
CUST004990,MAC003590,STD,ACTIVE,LONDON
CUST004991,MAC003591,STD,ACTIVE,LONDON
CUST004992,MAC003592,STD,ACTIVE,LONDON
CUST004993,MAC003593,STD,ACTIVE,LONDON
CUST004994,MAC003594,STD,ACTIVE,LONDON
CUST004995,MAC003595,STD,ACTIVE,LONDON
CUST004996,MAC003596,STD,ACTIVE,LONDON
CUST004997,MAC003597,STD,ACTIVE,LONDON
CUST004998,MAC003598,STD,ACTIVE,LONDON
CUST004999,MAC003599,STD,ACTIVE,LONDON
CUST005000,MAC003600,STD,ACTIVE,LONDON
CUST005001,MAC003601,STD,ACTIVE,LONDON
CUST005002,MAC003602,STD,ACTIVE,LONDON
CUST005003,MAC003603,STD,ACTIVE,LONDON
CUST005004,MAC003604,STD,ACTIVE,LONDON
CUST005005,MAC003607,STD,ACTIVE,LONDON
CUST005006,MAC003608,STD,ACTIVE,LONDON
CUST005007,MAC003609,STD,ACTIVE,LONDON
CUST005008,MAC003610,STD,ACTIVE,LONDON
CUST005009,MAC003611,STD,ACTIVE,LONDON
CUST005010,MAC003612,STD,ACTIVE,LONDON
CUST005011,MAC003613,STD,ACTIVE,LONDON
CUST005012,MAC003614,STD,ACTIVE,LONDON
CUST005013,MAC003615,STD,ACTIVE,LONDON
CUST005014,MAC003616,STD,ACTIVE,LONDON
CUST005015,MAC003618,STD,ACTIVE,LONDON
CUST005016,MAC003619,STD,ACTIVE,LONDON
CUST005017,MAC003620,STD,ACTIVE,LONDON
CUST005018,MAC003621,STD,ACTIVE,LONDON
CUST005019,MAC003622,STD,ACTIVE,LONDON
CUST005020,MAC003623,STD,ACTIVE,LONDON
CUST005021,MAC003624,STD,ACTIVE,LONDON
CUST005022,MAC003625,STD,ACTIVE,LONDON
CUST005023,MAC003627,STD,ACTIVE,LONDON
CUST005024,MAC003628,STD,ACTIVE,LONDON
CUST005025,MAC003629,STD,ACTIVE,LONDON
CUST005026,MAC003630,STD,ACTIVE,LONDON
CUST005027,MAC003631,STD,ACTIVE,LONDON
CUST005028,MAC003632,STD,ACTIVE,LONDON
CUST005029,MAC003633,STD,ACTIVE,LONDON
CUST005030,MAC003635,STD,ACTIVE,LONDON
CUST005031,MAC003636,STD,ACTIVE,LONDON
CUST005032,MAC003639,STD,ACTIVE,LONDON
CUST005033,MAC003640,STD,ACTIVE,LONDON
CUST005034,MAC003641,STD,ACTIVE,LONDON
CUST005035,MAC003642,STD,ACTIVE,LONDON
CUST005036,MAC003644,STD,ACTIVE,LONDON
CUST005037,MAC003645,STD,ACTIVE,LONDON
CUST005038,MAC003646,STD,ACTIVE,LONDON
CUST005039,MAC003647,STD,ACTIVE,LONDON
CUST005040,MAC003650,STD,ACTIVE,LONDON
CUST005041,MAC003651,STD,ACTIVE,LONDON
CUST005042,MAC003653,STD,ACTIVE,LONDON
CUST005043,MAC003654,STD,ACTIVE,LONDON
CUST005044,MAC003655,STD,ACTIVE,LONDON
CUST005045,MAC003656,STD,ACTIVE,LONDON
CUST005046,MAC003657,STD,ACTIVE,LONDON
CUST005047,MAC003658,STD,ACTIVE,LONDON
CUST005048,MAC003659,STD,ACTIVE,LONDON
CUST005049,MAC003660,STD,ACTIVE,LONDON
CUST005050,MAC003662,STD,ACTIVE,LONDON
CUST005051,MAC003663,STD,ACTIVE,LONDON
CUST005052,MAC003664,STD,ACTIVE,LONDON
CUST005053,MAC003667,STD,ACTIVE,LONDON
CUST005054,MAC003668,STD,ACTIVE,LONDON
CUST005055,MAC003670,STD,ACTIVE,LONDON
CUST005056,MAC003671,STD,ACTIVE,LONDON
CUST005057,MAC003672,STD,ACTIVE,LONDON
CUST005058,MAC003673,STD,ACTIVE,LONDON
CUST005059,MAC003674,STD,ACTIVE,LONDON
CUST005060,MAC003676,STD,ACTIVE,LONDON
CUST005061,MAC003678,STD,ACTIVE,LONDON
CUST005062,MAC003680,STD,ACTIVE,LONDON
CUST005063,MAC003681,STD,ACTIVE,LONDON
CUST005064,MAC003683,STD,ACTIVE,LONDON
CUST005065,MAC003685,STD,ACTIVE,LONDON
CUST005066,MAC003686,STD,ACTIVE,LONDON
CUST005067,MAC003687,STD,ACTIVE,LONDON
CUST005068,MAC003688,STD,ACTIVE,LONDON
CUST005069,MAC003689,STD,ACTIVE,LONDON
CUST005070,MAC003690,STD,ACTIVE,LONDON
CUST005071,MAC003691,STD,ACTIVE,LONDON
CUST005072,MAC003692,STD,ACTIVE,LONDON
CUST005073,MAC003693,STD,ACTIVE,LONDON
CUST005074,MAC003694,STD,ACTIVE,LONDON
CUST005075,MAC003696,STD,ACTIVE,LONDON
CUST005076,MAC003697,STD,ACTIVE,LONDON
CUST005077,MAC003698,STD,ACTIVE,LONDON
CUST005078,MAC003699,STD,ACTIVE,LONDON
CUST005079,MAC003700,STD,ACTIVE,LONDON
CUST005080,MAC003701,STD,ACTIVE,LONDON
CUST005081,MAC003702,STD,ACTIVE,LONDON
CUST005082,MAC003704,STD,ACTIVE,LONDON
CUST005083,MAC003707,STD,ACTIVE,LONDON
CUST005084,MAC003709,STD,ACTIVE,LONDON
CUST005085,MAC003710,STD,ACTIVE,LONDON
CUST005086,MAC003711,STD,ACTIVE,LONDON
CUST005087,MAC003712,STD,ACTIVE,LONDON
CUST005088,MAC003714,STD,ACTIVE,LONDON
CUST005089,MAC003715,STD,ACTIVE,LONDON
CUST005090,MAC003716,STD,ACTIVE,LONDON
CUST005091,MAC003717,STD,ACTIVE,LONDON
CUST005092,MAC003718,STD,ACTIVE,LONDON
CUST005093,MAC003719,STD,ACTIVE,LONDON
CUST005094,MAC003720,STD,ACTIVE,LONDON
CUST005095,MAC003721,STD,ACTIVE,LONDON
CUST005096,MAC003724,STD,ACTIVE,LONDON
CUST005097,MAC003725,STD,ACTIVE,LONDON
CUST005098,MAC003726,STD,ACTIVE,LONDON
CUST005099,MAC003727,STD,ACTIVE,LONDON
CUST005100,MAC003729,STD,ACTIVE,LONDON
CUST005101,MAC003730,STD,ACTIVE,LONDON
CUST005102,MAC003731,STD,ACTIVE,LONDON
CUST005103,MAC003732,STD,ACTIVE,LONDON
CUST005104,MAC003733,STD,ACTIVE,LONDON
CUST005105,MAC003734,STD,ACTIVE,LONDON
CUST005106,MAC003735,STD,ACTIVE,LONDON
CUST005107,MAC003737,STD,ACTIVE,LONDON
CUST005108,MAC003739,STD,ACTIVE,LONDON
CUST005109,MAC003740,STD,ACTIVE,LONDON
CUST005110,MAC003741,STD,ACTIVE,LONDON
CUST005111,MAC003742,STD,ACTIVE,LONDON
CUST005112,MAC003743,STD,ACTIVE,LONDON
CUST005113,MAC003744,STD,ACTIVE,LONDON
CUST005114,MAC003746,STD,ACTIVE,LONDON
CUST005115,MAC003748,STD,ACTIVE,LONDON
CUST005116,MAC003749,STD,ACTIVE,LONDON
CUST005117,MAC003750,STD,ACTIVE,LONDON
CUST005118,MAC003751,STD,ACTIVE,LONDON
CUST005119,MAC003752,STD,ACTIVE,LONDON
CUST005120,MAC003754,STD,ACTIVE,LONDON
CUST005121,MAC003755,STD,ACTIVE,LONDON
CUST005122,MAC003756,STD,ACTIVE,LONDON
CUST005123,MAC003757,STD,ACTIVE,LONDON
CUST005124,MAC003759,STD,ACTIVE,LONDON
CUST005125,MAC003761,STD,ACTIVE,LONDON
CUST005126,MAC003763,STD,ACTIVE,LONDON
CUST005127,MAC003764,STD,ACTIVE,LONDON
CUST005128,MAC003765,STD,ACTIVE,LONDON
CUST005129,MAC003767,STD,ACTIVE,LONDON
CUST005130,MAC003768,STD,ACTIVE,LONDON
CUST005131,MAC003770,STD,ACTIVE,LONDON
CUST005132,MAC003772,STD,ACTIVE,LONDON
CUST005133,MAC003773,STD,ACTIVE,LONDON
CUST005134,MAC003774,STD,ACTIVE,LONDON
CUST005135,MAC003775,STD,ACTIVE,LONDON
CUST005136,MAC003776,STD,ACTIVE,LONDON
CUST005137,MAC003777,STD,ACTIVE,LONDON
CUST005138,MAC003778,STD,ACTIVE,LONDON
CUST005139,MAC003779,STD,ACTIVE,LONDON
CUST005140,MAC003780,STD,ACTIVE,LONDON
CUST005141,MAC003781,STD,ACTIVE,LONDON
CUST005142,MAC003784,STD,ACTIVE,LONDON
CUST005143,MAC003785,STD,ACTIVE,LONDON
CUST005144,MAC003786,STD,ACTIVE,LONDON
CUST005145,MAC003787,STD,ACTIVE,LONDON
CUST005146,MAC003789,STD,ACTIVE,LONDON
CUST005147,MAC003790,STD,ACTIVE,LONDON
CUST005148,MAC003791,STD,ACTIVE,LONDON
CUST005149,MAC003792,STD,ACTIVE,LONDON
CUST005150,MAC003793,STD,ACTIVE,LONDON
CUST005151,MAC003794,STD,ACTIVE,LONDON
CUST005152,MAC003795,STD,ACTIVE,LONDON
CUST005153,MAC003796,STD,ACTIVE,LONDON
CUST005154,MAC003797,STD,ACTIVE,LONDON
CUST005155,MAC003798,STD,ACTIVE,LONDON
CUST005156,MAC003799,STD,ACTIVE,LONDON
CUST005157,MAC003800,STD,ACTIVE,LONDON
CUST005158,MAC003801,STD,ACTIVE,LONDON
CUST005159,MAC003802,STD,ACTIVE,LONDON
CUST005160,MAC003803,STD,ACTIVE,LONDON
CUST005161,MAC003804,STD,ACTIVE,LONDON
CUST005162,MAC003805,STD,ACTIVE,LONDON
CUST005163,MAC003806,STD,ACTIVE,LONDON
CUST005164,MAC003809,STD,ACTIVE,LONDON
CUST005165,MAC003810,STD,ACTIVE,LONDON
CUST005166,MAC003811,STD,ACTIVE,LONDON
CUST005167,MAC003812,STD,ACTIVE,LONDON
CUST005168,MAC003813,STD,ACTIVE,LONDON
CUST005169,MAC003814,STD,ACTIVE,LONDON
CUST005170,MAC003815,STD,ACTIVE,LONDON
CUST005171,MAC003817,STD,ACTIVE,LONDON
CUST005172,MAC003818,STD,ACTIVE,LONDON
CUST005173,MAC003819,STD,ACTIVE,LONDON
CUST005174,MAC003821,STD,ACTIVE,LONDON
CUST005175,MAC003822,STD,ACTIVE,LONDON
CUST005176,MAC003824,STD,ACTIVE,LONDON
CUST005177,MAC003825,STD,ACTIVE,LONDON
CUST005178,MAC000296,STD,ACTIVE,LONDON
CUST005179,MAC000297,STD,ACTIVE,LONDON
CUST005180,MAC000299,STD,ACTIVE,LONDON
CUST005181,MAC000300,STD,ACTIVE,LONDON
CUST005182,MAC000301,STD,ACTIVE,LONDON
CUST005183,MAC000302,STD,ACTIVE,LONDON
CUST005184,MAC000304,STD,ACTIVE,LONDON
CUST005185,MAC000305,STD,ACTIVE,LONDON
CUST005186,MAC000306,STD,ACTIVE,LONDON
CUST005187,MAC000307,STD,ACTIVE,LONDON
CUST005188,MAC000308,STD,ACTIVE,LONDON
CUST005189,MAC000309,STD,ACTIVE,LONDON
CUST005190,MAC000310,STD,ACTIVE,LONDON
CUST005191,MAC000311,STD,ACTIVE,LONDON
CUST005192,MAC000312,STD,ACTIVE,LONDON
CUST005193,MAC000313,STD,ACTIVE,LONDON
CUST005194,MAC000314,STD,ACTIVE,LONDON
CUST005195,MAC000315,STD,ACTIVE,LONDON
CUST005196,MAC000316,STD,ACTIVE,LONDON
CUST005197,MAC000317,STD,ACTIVE,LONDON
CUST005198,MAC000318,STD,ACTIVE,LONDON
CUST005199,MAC000319,STD,ACTIVE,LONDON
CUST005200,MAC000320,STD,ACTIVE,LONDON
CUST005201,MAC000321,STD,ACTIVE,LONDON
CUST005202,MAC000322,STD,ACTIVE,LONDON
CUST005203,MAC000323,STD,ACTIVE,LONDON
CUST005204,MAC000324,STD,ACTIVE,LONDON
CUST005205,MAC000325,STD,ACTIVE,LONDON
CUST005206,MAC003826,STD,ACTIVE,LONDON
CUST005207,MAC003828,STD,ACTIVE,LONDON
CUST005208,MAC003830,STD,ACTIVE,LONDON
CUST005209,MAC003831,STD,ACTIVE,LONDON
CUST005210,MAC003832,STD,ACTIVE,LONDON
CUST005211,MAC003833,STD,ACTIVE,LONDON
CUST005212,MAC003834,STD,ACTIVE,LONDON
CUST005213,MAC003835,STD,ACTIVE,LONDON
CUST005214,MAC003836,STD,ACTIVE,LONDON
CUST005215,MAC003837,STD,ACTIVE,LONDON
CUST005216,MAC003838,STD,ACTIVE,LONDON
CUST005217,MAC003839,STD,ACTIVE,LONDON
CUST005218,MAC003840,STD,ACTIVE,LONDON
CUST005219,MAC003841,STD,ACTIVE,LONDON
CUST005220,MAC003842,STD,ACTIVE,LONDON
CUST005221,MAC003843,STD,ACTIVE,LONDON
CUST005222,MAC003844,STD,ACTIVE,LONDON
CUST005223,MAC003845,STD,ACTIVE,LONDON
CUST005224,MAC003846,STD,ACTIVE,LONDON
CUST005225,MAC003847,STD,ACTIVE,LONDON
CUST005226,MAC003849,STD,ACTIVE,LONDON
CUST005227,MAC003850,STD,ACTIVE,LONDON
CUST005228,MAC003851,STD,ACTIVE,LONDON
CUST005229,MAC003853,STD,ACTIVE,LONDON
CUST005230,MAC003854,STD,ACTIVE,LONDON
CUST005231,MAC003855,STD,ACTIVE,LONDON
CUST005232,MAC003856,STD,ACTIVE,LONDON
CUST005233,MAC003857,STD,ACTIVE,LONDON
CUST005234,MAC003858,STD,ACTIVE,LONDON
CUST005235,MAC003859,STD,ACTIVE,LONDON
CUST005236,MAC003860,STD,ACTIVE,LONDON
CUST005237,MAC003861,STD,ACTIVE,LONDON
CUST005238,MAC003863,STD,ACTIVE,LONDON
CUST005239,MAC003864,STD,ACTIVE,LONDON
CUST005240,MAC003866,STD,ACTIVE,LONDON
CUST005241,MAC003867,STD,ACTIVE,LONDON
CUST005242,MAC003868,STD,ACTIVE,LONDON
CUST005243,MAC003870,STD,ACTIVE,LONDON
CUST005244,MAC003871,STD,ACTIVE,LONDON
CUST005245,MAC003872,STD,ACTIVE,LONDON
CUST005246,MAC003873,STD,ACTIVE,LONDON
CUST005247,MAC003874,STD,ACTIVE,LONDON
CUST005248,MAC003875,STD,ACTIVE,LONDON
CUST005249,MAC003876,STD,ACTIVE,LONDON
CUST005250,MAC003877,STD,ACTIVE,LONDON
CUST005251,MAC003878,STD,ACTIVE,LONDON
CUST005252,MAC003879,STD,ACTIVE,LONDON
CUST005253,MAC003880,STD,ACTIVE,LONDON
CUST005254,MAC003881,STD,ACTIVE,LONDON
CUST005255,MAC003882,STD,ACTIVE,LONDON
CUST005256,MAC003883,STD,ACTIVE,LONDON
CUST005257,MAC003884,STD,ACTIVE,LONDON
CUST005258,MAC003885,STD,ACTIVE,LONDON
CUST005259,MAC003886,STD,ACTIVE,LONDON
CUST005260,MAC003887,STD,ACTIVE,LONDON
CUST005261,MAC003888,STD,ACTIVE,LONDON
CUST005262,MAC003889,STD,ACTIVE,LONDON
CUST005263,MAC003891,STD,ACTIVE,LONDON
CUST005264,MAC003893,STD,ACTIVE,LONDON
CUST005265,MAC003894,STD,ACTIVE,LONDON
CUST005266,MAC003896,STD,ACTIVE,LONDON
CUST005267,MAC003898,STD,ACTIVE,LONDON
CUST005268,MAC003900,STD,ACTIVE,LONDON
CUST005269,MAC003901,STD,ACTIVE,LONDON
CUST005270,MAC003902,STD,ACTIVE,LONDON
CUST005271,MAC003904,STD,ACTIVE,LONDON
CUST005272,MAC003905,STD,ACTIVE,LONDON
CUST005273,MAC003906,STD,ACTIVE,LONDON
CUST005274,MAC003907,STD,ACTIVE,LONDON
CUST005275,MAC003908,STD,ACTIVE,LONDON
CUST005276,MAC003909,STD,ACTIVE,LONDON
CUST005277,MAC003910,STD,ACTIVE,LONDON
CUST005278,MAC003912,STD,ACTIVE,LONDON
CUST005279,MAC003913,STD,ACTIVE,LONDON
CUST005280,MAC003917,STD,ACTIVE,LONDON
CUST005281,MAC003918,STD,ACTIVE,LONDON
CUST005282,MAC003920,STD,ACTIVE,LONDON
CUST005283,MAC003921,STD,ACTIVE,LONDON
CUST005284,MAC003922,STD,ACTIVE,LONDON
CUST005285,MAC003923,STD,ACTIVE,LONDON
CUST005286,MAC003924,STD,ACTIVE,LONDON
CUST005287,MAC003925,STD,ACTIVE,LONDON
CUST005288,MAC003926,STD,ACTIVE,LONDON
CUST005289,MAC003927,STD,ACTIVE,LONDON
CUST005290,MAC003928,STD,ACTIVE,LONDON
CUST005291,MAC003929,STD,ACTIVE,LONDON
CUST005292,MAC003930,STD,ACTIVE,LONDON
CUST005293,MAC003931,STD,ACTIVE,LONDON
CUST005294,MAC003932,STD,ACTIVE,LONDON
CUST005295,MAC003933,STD,ACTIVE,LONDON
CUST005296,MAC003934,STD,ACTIVE,LONDON
CUST005297,MAC003935,STD,ACTIVE,LONDON
CUST005298,MAC003936,STD,ACTIVE,LONDON
CUST005299,MAC003937,STD,ACTIVE,LONDON
CUST005300,MAC003938,STD,ACTIVE,LONDON
CUST005301,MAC003939,STD,ACTIVE,LONDON
CUST005302,MAC003940,STD,ACTIVE,LONDON
CUST005303,MAC003941,STD,ACTIVE,LONDON
CUST005304,MAC003942,STD,ACTIVE,LONDON
CUST005305,MAC003943,STD,ACTIVE,LONDON
CUST005306,MAC003944,STD,ACTIVE,LONDON
CUST005307,MAC003945,STD,ACTIVE,LONDON
CUST005308,MAC003946,STD,ACTIVE,LONDON
CUST005309,MAC003948,STD,ACTIVE,LONDON
CUST005310,MAC003949,STD,ACTIVE,LONDON
CUST005311,MAC003950,STD,ACTIVE,LONDON
CUST005312,MAC003952,STD,ACTIVE,LONDON
CUST005313,MAC003953,STD,ACTIVE,LONDON
CUST005314,MAC003955,STD,ACTIVE,LONDON
CUST005315,MAC003956,STD,ACTIVE,LONDON
CUST005316,MAC003957,STD,ACTIVE,LONDON
CUST005317,MAC003958,STD,ACTIVE,LONDON
CUST005318,MAC003959,STD,ACTIVE,LONDON
CUST005319,MAC003961,STD,ACTIVE,LONDON
CUST005320,MAC003962,STD,ACTIVE,LONDON
CUST005321,MAC003963,STD,ACTIVE,LONDON
CUST005322,MAC003964,STD,ACTIVE,LONDON
CUST005323,MAC003965,STD,ACTIVE,LONDON
CUST005324,MAC003966,STD,ACTIVE,LONDON
CUST005325,MAC003969,STD,ACTIVE,LONDON
CUST005326,MAC003970,STD,ACTIVE,LONDON
CUST005327,MAC003971,STD,ACTIVE,LONDON
CUST005328,MAC003972,STD,ACTIVE,LONDON
CUST005329,MAC003974,STD,ACTIVE,LONDON
CUST005330,MAC003976,STD,ACTIVE,LONDON
CUST005331,MAC003978,STD,ACTIVE,LONDON
CUST005332,MAC003979,STD,ACTIVE,LONDON
CUST005333,MAC003980,STD,ACTIVE,LONDON
CUST005334,MAC003981,STD,ACTIVE,LONDON
CUST005335,MAC003983,STD,ACTIVE,LONDON
CUST005336,MAC003985,STD,ACTIVE,LONDON
CUST005337,MAC003986,STD,ACTIVE,LONDON
CUST005338,MAC003987,STD,ACTIVE,LONDON
CUST005339,MAC003990,STD,ACTIVE,LONDON
CUST005340,MAC003992,STD,ACTIVE,LONDON
CUST005341,MAC003993,STD,ACTIVE,LONDON
CUST005342,MAC003994,STD,ACTIVE,LONDON
CUST005343,MAC003995,STD,ACTIVE,LONDON
CUST005344,MAC003996,STD,ACTIVE,LONDON
CUST005345,MAC003997,STD,ACTIVE,LONDON
CUST005346,MAC003999,STD,ACTIVE,LONDON
CUST005347,MAC004002,STD,ACTIVE,LONDON
CUST005348,MAC004003,STD,ACTIVE,LONDON
CUST005349,MAC004004,STD,ACTIVE,LONDON
CUST005350,MAC004005,STD,ACTIVE,LONDON
CUST005351,MAC004006,STD,ACTIVE,LONDON
CUST005352,MAC004007,STD,ACTIVE,LONDON
CUST005353,MAC004009,STD,ACTIVE,LONDON
CUST005354,MAC004010,STD,ACTIVE,LONDON
CUST005355,MAC004011,STD,ACTIVE,LONDON
CUST005356,MAC004013,STD,ACTIVE,LONDON
CUST005357,MAC004014,STD,ACTIVE,LONDON
CUST005358,MAC004015,STD,ACTIVE,LONDON
CUST005359,MAC004016,STD,ACTIVE,LONDON
CUST005360,MAC004017,STD,ACTIVE,LONDON
CUST005361,MAC004018,STD,ACTIVE,LONDON
CUST005362,MAC004019,STD,ACTIVE,LONDON
CUST005363,MAC004020,STD,ACTIVE,LONDON
CUST005364,MAC004022,STD,ACTIVE,LONDON
CUST005365,MAC004023,STD,ACTIVE,LONDON
CUST005366,MAC004026,STD,ACTIVE,LONDON
CUST005367,MAC004027,STD,ACTIVE,LONDON
CUST005368,MAC004028,STD,ACTIVE,LONDON
CUST005369,MAC004029,STD,ACTIVE,LONDON
CUST005370,MAC004030,STD,ACTIVE,LONDON
CUST005371,MAC004032,STD,ACTIVE,LONDON
CUST005372,MAC004033,STD,ACTIVE,LONDON
CUST005373,MAC004034,STD,ACTIVE,LONDON
CUST005374,MAC004036,STD,ACTIVE,LONDON
CUST005375,MAC004038,STD,ACTIVE,LONDON
CUST005376,MAC004039,STD,ACTIVE,LONDON
CUST005377,MAC004040,STD,ACTIVE,LONDON
CUST005378,MAC004041,STD,ACTIVE,LONDON
CUST005379,MAC004042,STD,ACTIVE,LONDON
CUST005380,MAC004043,STD,ACTIVE,LONDON
CUST005381,MAC004044,STD,ACTIVE,LONDON
CUST005382,MAC004045,STD,ACTIVE,LONDON
CUST005383,MAC004046,STD,ACTIVE,LONDON
CUST005384,MAC004047,STD,ACTIVE,LONDON
CUST005385,MAC004048,STD,ACTIVE,LONDON
CUST005386,MAC004049,STD,ACTIVE,LONDON
CUST005387,MAC004051,STD,ACTIVE,LONDON
CUST005388,MAC004052,STD,ACTIVE,LONDON
CUST005389,MAC004055,STD,ACTIVE,LONDON
CUST005390,MAC004056,STD,ACTIVE,LONDON
CUST005391,MAC004057,STD,ACTIVE,LONDON
CUST005392,MAC004058,STD,ACTIVE,LONDON
CUST005393,MAC004059,STD,ACTIVE,LONDON
CUST005394,MAC004060,STD,ACTIVE,LONDON
CUST005395,MAC004061,STD,ACTIVE,LONDON
CUST005396,MAC004063,STD,ACTIVE,LONDON
CUST005397,MAC004064,STD,ACTIVE,LONDON
CUST005398,MAC004067,STD,ACTIVE,LONDON
CUST005399,MAC004068,STD,ACTIVE,LONDON
CUST005400,MAC004069,STD,ACTIVE,LONDON
CUST005401,MAC004070,STD,ACTIVE,LONDON
CUST005402,MAC004071,STD,ACTIVE,LONDON
CUST005403,MAC004072,STD,ACTIVE,LONDON
CUST005404,MAC004073,STD,ACTIVE,LONDON
CUST005405,MAC004074,STD,ACTIVE,LONDON
CUST005406,MAC004075,STD,ACTIVE,LONDON
CUST005407,MAC004077,STD,ACTIVE,LONDON
CUST005408,MAC004078,STD,ACTIVE,LONDON
CUST005409,MAC004079,STD,ACTIVE,LONDON
CUST005410,MAC004080,STD,ACTIVE,LONDON
CUST005411,MAC004081,STD,ACTIVE,LONDON
CUST005412,MAC004082,STD,ACTIVE,LONDON
CUST005413,MAC004084,STD,ACTIVE,LONDON
CUST005414,MAC004085,STD,ACTIVE,LONDON
CUST005415,MAC004086,STD,ACTIVE,LONDON
CUST005416,MAC004087,STD,ACTIVE,LONDON
CUST005417,MAC004088,STD,ACTIVE,LONDON
CUST005418,MAC004089,STD,ACTIVE,LONDON
CUST005419,MAC004090,STD,ACTIVE,LONDON
CUST005420,MAC004092,STD,ACTIVE,LONDON
CUST005421,MAC004093,STD,ACTIVE,LONDON
CUST005422,MAC004094,STD,ACTIVE,LONDON
CUST005423,MAC004095,STD,ACTIVE,LONDON
CUST005424,MAC004096,STD,ACTIVE,LONDON
CUST005425,MAC004097,STD,ACTIVE,LONDON
CUST005426,MAC004098,STD,ACTIVE,LONDON
CUST005427,MAC004099,STD,ACTIVE,LONDON
CUST005428,MAC004101,STD,ACTIVE,LONDON
CUST005429,MAC004102,STD,ACTIVE,LONDON
CUST005430,MAC004103,STD,ACTIVE,LONDON
CUST005431,MAC004104,STD,ACTIVE,LONDON
CUST005432,MAC004105,STD,ACTIVE,LONDON
CUST005433,MAC004108,STD,ACTIVE,LONDON
CUST005434,MAC004109,STD,ACTIVE,LONDON
CUST005435,MAC004110,STD,ACTIVE,LONDON
CUST005436,MAC004111,STD,ACTIVE,LONDON
CUST005437,MAC004112,STD,ACTIVE,LONDON
CUST005438,MAC004113,STD,ACTIVE,LONDON
CUST005439,MAC004114,STD,ACTIVE,LONDON
CUST005440,MAC004115,STD,ACTIVE,LONDON
CUST005441,MAC004116,STD,ACTIVE,LONDON
CUST005442,MAC004117,STD,ACTIVE,LONDON
CUST005443,MAC004119,STD,ACTIVE,LONDON
CUST005444,MAC004120,STD,ACTIVE,LONDON
CUST005445,MAC004121,STD,ACTIVE,LONDON
CUST005446,MAC004123,STD,ACTIVE,LONDON
CUST005447,MAC004124,STD,ACTIVE,LONDON
CUST005448,MAC004125,STD,ACTIVE,LONDON
CUST005449,MAC004127,STD,ACTIVE,LONDON
CUST005450,MAC004128,STD,ACTIVE,LONDON
CUST005451,MAC004129,STD,ACTIVE,LONDON
CUST005452,MAC004130,STD,ACTIVE,LONDON
CUST005453,MAC004131,STD,ACTIVE,LONDON
CUST005454,MAC004132,STD,ACTIVE,LONDON
CUST005455,MAC004133,STD,ACTIVE,LONDON
CUST005456,MAC004134,STD,ACTIVE,LONDON
CUST005457,MAC004135,STD,ACTIVE,LONDON
CUST005458,MAC004136,STD,ACTIVE,LONDON
CUST005459,MAC004137,STD,ACTIVE,LONDON
CUST005460,MAC004138,STD,ACTIVE,LONDON
CUST005461,MAC004139,STD,ACTIVE,LONDON
CUST005462,MAC004140,STD,ACTIVE,LONDON
CUST005463,MAC004141,STD,ACTIVE,LONDON
CUST005464,MAC004142,STD,ACTIVE,LONDON
CUST005465,MAC004143,STD,ACTIVE,LONDON
CUST005466,MAC004145,STD,ACTIVE,LONDON
CUST005467,MAC004146,STD,ACTIVE,LONDON
CUST005468,MAC004147,STD,ACTIVE,LONDON
CUST005469,MAC004148,STD,ACTIVE,LONDON
CUST005470,MAC004150,STD,ACTIVE,LONDON
CUST005471,MAC004151,STD,ACTIVE,LONDON
CUST005472,MAC004153,STD,ACTIVE,LONDON
CUST005473,MAC004154,STD,ACTIVE,LONDON
CUST005474,MAC004156,STD,ACTIVE,LONDON
CUST005475,MAC004158,STD,ACTIVE,LONDON
CUST005476,MAC004160,STD,ACTIVE,LONDON
CUST005477,MAC004161,STD,ACTIVE,LONDON
CUST005478,MAC004162,STD,ACTIVE,LONDON
CUST005479,MAC004163,STD,ACTIVE,LONDON
CUST005480,MAC004164,STD,ACTIVE,LONDON
CUST005481,MAC004165,STD,ACTIVE,LONDON
CUST005482,MAC004166,STD,ACTIVE,LONDON
CUST005483,MAC004167,STD,ACTIVE,LONDON
CUST005484,MAC004168,STD,ACTIVE,LONDON
CUST005485,MAC004169,STD,ACTIVE,LONDON
CUST005486,MAC004171,STD,ACTIVE,LONDON
CUST005487,MAC004172,STD,ACTIVE,LONDON
CUST005488,MAC004173,STD,ACTIVE,LONDON
CUST005489,MAC004174,STD,ACTIVE,LONDON
CUST005490,MAC004175,STD,ACTIVE,LONDON
CUST005491,MAC004176,STD,ACTIVE,LONDON
CUST005492,MAC004177,STD,ACTIVE,LONDON
CUST005493,MAC004178,STD,ACTIVE,LONDON
CUST005494,MAC004179,STD,ACTIVE,LONDON
CUST005495,MAC004180,STD,ACTIVE,LONDON
CUST005496,MAC004181,STD,ACTIVE,LONDON
CUST005497,MAC004182,STD,ACTIVE,LONDON
CUST005498,MAC004183,STD,ACTIVE,LONDON
CUST005499,MAC004185,STD,ACTIVE,LONDON
CUST005500,MAC004186,STD,ACTIVE,LONDON
CUST005501,MAC004187,STD,ACTIVE,LONDON
CUST005502,MAC004188,STD,ACTIVE,LONDON
CUST005503,MAC004190,STD,ACTIVE,LONDON
CUST005504,MAC004191,STD,ACTIVE,LONDON
CUST005505,MAC004192,STD,ACTIVE,LONDON
CUST005506,MAC004193,STD,ACTIVE,LONDON
CUST005507,MAC004194,STD,ACTIVE,LONDON
CUST005508,MAC004195,STD,ACTIVE,LONDON
CUST005509,MAC004196,STD,ACTIVE,LONDON
CUST005510,MAC004197,STD,ACTIVE,LONDON
CUST005511,MAC004198,STD,ACTIVE,LONDON
CUST005512,MAC004199,STD,ACTIVE,LONDON
CUST005513,MAC004200,STD,ACTIVE,LONDON
CUST005514,MAC004201,STD,ACTIVE,LONDON
CUST005515,MAC004202,STD,ACTIVE,LONDON
CUST005516,MAC004203,STD,ACTIVE,LONDON
CUST005517,MAC004204,STD,ACTIVE,LONDON
CUST005518,MAC004205,STD,ACTIVE,LONDON
CUST005519,MAC004207,STD,ACTIVE,LONDON
CUST005520,MAC004208,STD,ACTIVE,LONDON
CUST005521,MAC004209,STD,ACTIVE,LONDON
CUST005522,MAC004210,STD,ACTIVE,LONDON
CUST005523,MAC004211,STD,ACTIVE,LONDON
CUST005524,MAC004212,STD,ACTIVE,LONDON
CUST005525,MAC004213,STD,ACTIVE,LONDON
CUST005526,MAC004214,STD,ACTIVE,LONDON
CUST005527,MAC004215,STD,ACTIVE,LONDON
CUST005528,MAC004216,STD,ACTIVE,LONDON
CUST005529,MAC004217,STD,ACTIVE,LONDON
CUST005530,MAC004219,STD,ACTIVE,LONDON
CUST005531,MAC004220,STD,ACTIVE,LONDON
CUST005532,MAC004221,STD,ACTIVE,LONDON
CUST005533,MAC004222,STD,ACTIVE,LONDON
CUST005534,MAC004224,STD,ACTIVE,LONDON
CUST005535,MAC004225,STD,ACTIVE,LONDON
CUST005536,MAC004226,STD,ACTIVE,LONDON
CUST005537,MAC004227,STD,ACTIVE,LONDON
CUST005538,MAC004228,STD,ACTIVE,LONDON
CUST005539,MAC004230,STD,ACTIVE,LONDON
CUST005540,MAC004232,STD,ACTIVE,LONDON
CUST005541,MAC004233,STD,ACTIVE,LONDON
CUST005542,MAC004235,STD,ACTIVE,LONDON
CUST005543,MAC004237,STD,ACTIVE,LONDON
CUST005544,MAC004238,STD,ACTIVE,LONDON
CUST005545,MAC004240,STD,ACTIVE,LONDON
CUST005546,MAC004241,STD,ACTIVE,LONDON
CUST005547,MAC004242,STD,ACTIVE,LONDON
CUST005548,MAC004243,STD,ACTIVE,LONDON
CUST005549,MAC004244,STD,ACTIVE,LONDON
CUST005550,MAC004247,STD,ACTIVE,LONDON
CUST005551,MAC004248,STD,ACTIVE,LONDON
CUST005552,MAC004249,STD,ACTIVE,LONDON
CUST005553,MAC004250,STD,ACTIVE,LONDON
CUST005554,MAC004251,STD,ACTIVE,LONDON
CUST005555,MAC004252,STD,ACTIVE,LONDON
CUST005556,MAC004253,STD,ACTIVE,LONDON
CUST005557,MAC004254,STD,ACTIVE,LONDON
CUST005558,MAC004255,STD,ACTIVE,LONDON
CUST005559,MAC004256,STD,ACTIVE,LONDON
CUST005560,MAC004257,STD,ACTIVE,LONDON
CUST005561,MAC004259,STD,ACTIVE,LONDON
CUST005562,MAC004261,STD,ACTIVE,LONDON
CUST005563,MAC004262,STD,ACTIVE,LONDON
CUST005564,MAC004265,STD,ACTIVE,LONDON
CUST005565,MAC004266,STD,ACTIVE,LONDON
CUST005566,MAC004267,STD,ACTIVE,LONDON
