meter_id,LCLid,meter_type,manufacturer,status,install_date,region
MTR000001,MAC000002,SMART,LANDIS_GYR,ACTIVE,2012-01-01,LONDON
MTR000002,MAC000003,SMART,LANDIS_GYR,ACTIVE,2012-01-01,LONDON
MTR000003,MAC000004,SMART,LANDIS_GYR,ACTIVE,2012-01-01,LONDON
MTR000004,MAC000006,SMART,LANDIS_GYR,ACTIVE,2012-01-01,LONDON
MTR000005,MAC000007,SMART,LANDIS_GYR,ACTIVE,2012-01-01,LONDON
MTR000006,MAC000008,SMART,LANDIS_GYR,ACTIVE,2012-01-01,LONDON
MTR000007,MAC000009,SMART,LANDIS_GYR,ACTIVE,2012-01-01,LONDON
MTR000008,MAC000010,SMART,LANDIS_GYR,ACTIVE,2012-01-01,LONDON
MTR000009,MAC000011,SMART,LANDIS_GYR,ACTIVE,2012-01-01,LONDON
MTR000010,MAC000012,SMART,LANDIS_GYR,ACTIVE,2012-01-01,LONDON
MTR000011,MAC000013,SMART,LANDIS_GYR,ACTIVE,2012-01-01,LONDON
MTR000012,MAC000016,SMART,LANDIS_GYR,ACTIVE,2012-01-01,LONDON
MTR000013,MAC000018,SMART,LANDIS_GYR,ACTIVE,2012-01-01,LONDON
MTR000014,MAC000019,SMART,LANDIS_GYR,ACTIVE,2012-01-01,LONDON
MTR000015,MAC000020,SMART,LANDIS_GYR,ACTIVE,2012-01-01,LONDON
MTR000016,MAC000021,SMART,LANDIS_GYR,ACTIVE,2012-01-01,LONDON
MTR000017,MAC000022,SMART,LANDIS_GYR,ACTIVE,2012-01-01,LONDON
MTR000018,MAC000023,SMART,LANDIS_GYR,ACTIVE,2012-01-01,LONDON
MTR000019,MAC000024,SMART,LANDIS_GYR,ACTIVE,2012-01-01,LONDON
MTR000020,MAC000025,SMART,LANDIS_GYR,ACTIVE,2012-01-01,LONDON
MTR000021,MAC000026,SMART,LANDIS_GYR,ACTIVE,2012-01-01,LONDON
MTR000022,MAC000027,SMART,LANDIS_GYR,ACTIVE,2012-01-01,LONDON
MTR000023,MAC000028,SMART,LANDIS_GYR,ACTIVE,2012-01-01,LONDON
MTR000024,MAC000029,SMART,LANDIS_GYR,ACTIVE,2012-01-01,LONDON
MTR000025,MAC000030,SMART,LANDIS_GYR,ACTIVE,2012-01-01,LONDON
MTR000026,MAC000032,SMART,LANDIS_GYR,ACTIVE,2012-01-01,LONDON
MTR000027,MAC000033,SMART,LANDIS_GYR,ACTIVE,2012-01-01,LONDON
MTR000028,MAC000034,SMART,LANDIS_GYR,ACTIVE,2012-01-01,LONDON
MTR000029,MAC000035,SMART,LANDIS_GYR,ACTIVE,2012-01-01,LONDON
MTR000030,MAC000036,SMART,LANDIS_GYR,ACTIVE,2012-01-01,LONDON
MTR000031,MAC000037,SMART,LANDIS_GYR,ACTIVE,2012-01-01,LONDON
MTR000032,MAC000038,SMART,LANDIS_GYR,ACTIVE,2012-01-01,LONDON
MTR000033,MAC000039,SMART,LANDIS_GYR,ACTIVE,2012-01-01,LONDON
MTR000034,MAC000040,SMART,LANDIS_GYR,ACTIVE,2012-01-01,LONDON
MTR000035,MAC000041,SMART,LANDIS_GYR,ACTIVE,2012-01-01,LONDON
MTR000036,MAC000042,SMART,LANDIS_GYR,ACTIVE,2012-01-01,LONDON
MTR000037,MAC000043,SMART,LANDIS_GYR,ACTIVE,2012-01-01,LONDON
MTR000038,MAC000045,SMART,LANDIS_GYR,ACTIVE,2012-01-01,LONDON
MTR000039,MAC000047,SMART,LANDIS_GYR,ACTIVE,2012-01-01,LONDON
MTR000040,MAC000049,SMART,LANDIS_GYR,ACTIVE,2012-01-01,LONDON
MTR000041,MAC000050,SMART,LANDIS_GYR,ACTIVE,2012-01-01,LONDON
MTR000042,MAC000053,SMART,LANDIS_GYR,ACTIVE,2012-01-01,LONDON
MTR000043,MAC000054,SMART,LANDIS_GYR,ACTIVE,2012-01-01,LONDON
MTR000044,MAC000055,SMART,LANDIS_GYR,ACTIVE,2012-01-01,LONDON
MTR000045,MAC000056,SMART,LANDIS_GYR,ACTIVE,2012-01-01,LONDON
MTR000046,MAC000057,SMART,LANDIS_GYR,ACTIVE,2012-01-01,LONDON
MTR000047,MAC000058,SMART,LANDIS_GYR,ACTIVE,2012-01-01,LONDON
MTR000048,MAC000059,SMART,LANDIS_GYR,ACTIVE,2012-01-01,LONDON
MTR000049,MAC000060,SMART,LANDIS_GYR,ACTIVE,2012-01-01,LONDON
MTR000050,MAC000061,SMART,LANDIS_GYR,ACTIVE,2012-01-01,LONDON
MTR000051,MAC000062,SMART,LANDIS_GYR,ACTIVE,2012-01-01,LONDON
MTR000052,MAC000063,SMART,LANDIS_GYR,ACTIVE,2012-01-01,LONDON
MTR000053,MAC000066,SMART,LANDIS_GYR,ACTIVE,2012-01-01,LONDON
MTR000054,MAC000067,SMART,LANDIS_GYR,ACTIVE,2012-01-01,LONDON
MTR000055,MAC000068,SMART,LANDIS_GYR,ACTIVE,2012-01-01,LONDON
MTR000056,MAC000069,SMART,LANDIS_GYR,ACTIVE,2012-01-01,LONDON
MTR000057,MAC000326,SMART,LANDIS_GYR,ACTIVE,2012-01-01,LONDON
MTR000058,MAC000327,SMART,LANDIS_GYR,ACTIVE,2012-01-01,LONDON
MTR000059,MAC000329,SMART,LANDIS_GYR,ACTIVE,2012-01-01,LONDON
MTR000060,MAC000330,SMART,LANDIS_GYR,ACTIVE,2012-01-01,LONDON
MTR000061,MAC000331,SMART,LANDIS_GYR,ACTIVE,2012-01-01,LONDON
MTR000062,MAC000332,SMART,LANDIS_GYR,ACTIVE,2012-01-01,LONDON
MTR000063,MAC000333,SMART,LANDIS_GYR,ACTIVE,2012-01-01,LONDON
MTR000064,MAC000334,SMART,LANDIS_GYR,ACTIVE,2012-01-01,LONDON
MTR000065,MAC000335,SMART,LANDIS_GYR,ACTIVE,2012-01-01,LONDON
MTR000066,MAC000337,SMART,LANDIS_GYR,ACTIVE,2012-01-01,LONDON
MTR000067,MAC000338,SMART,LANDIS_GYR,ACTIVE,2012-01-01,LONDON
MTR000068,MAC000340,SMART,LANDIS_GYR,ACTIVE,2012-01-01,LONDON
MTR000069,MAC000341,SMART,LANDIS_GYR,ACTIVE,2012-01-01,LONDON
MTR000070,MAC000343,SMART,LANDIS_GYR,ACTIVE,2012-01-01,LONDON
MTR000071,MAC000345,SMART,LANDIS_GYR,ACTIVE,2012-01-01,LONDON
MTR000072,MAC000346,SMART,LANDIS_GYR,ACTIVE,2012-01-01,LONDON
MTR000073,MAC000347,SMART,LANDIS_GYR,ACTIVE,2012-01-01,LONDON
MTR000074,MAC000348,SMART,LANDIS_GYR,ACTIVE,2012-01-01,LONDON
MTR000075,MAC000349,SMART,LANDIS_GYR,ACTIVE,2012-01-01,LONDON
MTR000076,MAC000350,SMART,LANDIS_GYR,ACTIVE,2012-01-01,LONDON
MTR000077,MAC000351,SMART,LANDIS_GYR,ACTIVE,2012-01-01,LONDON
MTR000078,MAC000353,SMART,LANDIS_GYR,ACTIVE,2012-01-01,LONDON
MTR000079,MAC000355,SMART,LANDIS_GYR,ACTIVE,2012-01-01,LONDON
MTR000080,MAC000356,SMART,LANDIS_GYR,ACTIVE,2012-01-01,LONDON
MTR000081,MAC000357,SMART,LANDIS_GYR,ACTIVE,2012-01-01,LONDON
MTR000082,MAC000358,SMART,LANDIS_GYR,ACTIVE,2012-01-01,LONDON
MTR000083,MAC000359,SMART,LANDIS_GYR,ACTIVE,2012-01-01,LONDON
MTR000084,MAC000360,SMART,LANDIS_GYR,ACTIVE,2012-01-01,LONDON
MTR000085,MAC000361,SMART,LANDIS_GYR,ACTIVE,2012-01-01,LONDON
MTR000086,MAC000362,SMART,LANDIS_GYR,ACTIVE,2012-01-01,LONDON
MTR000087,MAC000363,SMART,LANDIS_GYR,ACTIVE,2012-01-01,LONDON
MTR000088,MAC004268,SMART,LANDIS_GYR,ACTIVE,2012-01-01,LONDON
MTR000089,MAC004269,SMART,LANDIS_GYR,ACTIVE,2012-01-01,LONDON
MTR000090,MAC004271,SMART,LANDIS_GYR,ACTIVE,2012-01-01,LONDON
MTR000091,MAC004272,SMART,LANDIS_GYR,ACTIVE,2012-01-01,LONDON
MTR000092,MAC004273,SMART,LANDIS_GYR,ACTIVE,2012-01-01,LONDON
MTR000093,MAC004274,SMART,LANDIS_GYR,ACTIVE,2012-01-01,LONDON
MTR000094,MAC004275,SMART,LANDIS_GYR,ACTIVE,2012-01-01,LONDON
MTR000095,MAC004276,SMART,LANDIS_GYR,ACTIVE,2012-01-01,LONDON
MTR000096,MAC004277,SMART,LANDIS_GYR,ACTIVE,2012-01-01,LONDON
MTR000097,MAC004278,SMART,LANDIS_GYR,ACTIVE,2012-01-01,LONDON
MTR000098,MAC004279,SMART,LANDIS_GYR,ACTIVE,2012-01-01,LONDON
MTR000099,MAC004280,SMART,LANDIS_GYR,ACTIVE,2012-01-01,LONDON
MTR000100,MAC004281,SMART,LANDIS_GYR,ACTIVE,2012-01-01,LONDON
MTR000101,MAC004282,SMART,LANDIS_GYR,ACTIVE,2012-01-01,LONDON
MTR000102,MAC004284,SMART,LANDIS_GYR,ACTIVE,2012-01-01,LONDON
MTR000103,MAC004285,SMART,LANDIS_GYR,ACTIVE,2012-01-01,LONDON
MTR000104,MAC004286,SMART,LANDIS_GYR,ACTIVE,2012-01-01,LONDON
MTR000105,MAC004287,SMART,LANDIS_GYR,ACTIVE,2012-01-01,LONDON
MTR000106,MAC004288,SMART,LANDIS_GYR,ACTIVE,2012-01-01,LONDON
MTR000107,MAC004289,SMART,LANDIS_GYR,ACTIVE,2012-01-01,LONDON
MTR000108,MAC004290,SMART,LANDIS_GYR,ACTIVE,2012-01-01,LONDON
MTR000109,MAC004291,SMART,LANDIS_GYR,ACTIVE,2012-01-01,LONDON
MTR000110,MAC004292,SMART,LANDIS_GYR,ACTIVE,2012-01-01,LONDON
MTR000111,MAC004293,SMART,LANDIS_GYR,ACTIVE,2012-01-01,LONDON
MTR000112,MAC004294,SMART,LANDIS_GYR,ACTIVE,2012-01-01,LONDON
MTR000113,MAC004295,SMART,LANDIS_GYR,ACTIVE,2012-01-01,LONDON
MTR000114,MAC004296,SMART,LANDIS_GYR,ACTIVE,2012-01-01,LONDON
MTR000115,MAC004297,SMART,LANDIS_GYR,ACTIVE,2012-01-01,LONDON
MTR000116,MAC004298,SMART,LANDIS_GYR,ACTIVE,2012-01-01,LONDON
MTR000117,MAC004299,SMART,LANDIS_GYR,ACTIVE,2012-01-01,LONDON
MTR000118,MAC004300,SMART,LANDIS_GYR,ACTIVE,2012-01-01,LONDON
MTR000119,MAC004301,SMART,LANDIS_GYR,ACTIVE,2012-01-01,LONDON
MTR000120,MAC004302,SMART,LANDIS_GYR,ACTIVE,2012-01-01,LONDON
MTR000121,MAC004304,SMART,LANDIS_GYR,ACTIVE,2012-01-01,LONDON
MTR000122,MAC004305,SMART,LANDIS_GYR,ACTIVE,2012-01-01,LONDON
MTR000123,MAC004306,SMART,LANDIS_GYR,ACTIVE,2012-01-01,LONDON
MTR000124,MAC004308,SMART,LANDIS_GYR,ACTIVE,2012-01-01,LONDON
MTR000125,MAC004310,SMART,LANDIS_GYR,ACTIVE,2012-01-01,LONDON
MTR000126,MAC004311,SMART,LANDIS_GYR,ACTIVE,2012-01-01,LONDON
MTR000127,MAC004312,SMART,LANDIS_GYR,ACTIVE,2012-01-01,LONDON
MTR000128,MAC004313,SMART,LANDIS_GYR,ACTIVE,2012-01-01,LONDON
MTR000129,MAC004314,SMART,LANDIS_GYR,ACTIVE,2012-01-01,LONDON
MTR000130,MAC004316,SMART,LANDIS_GYR,ACTIVE,2012-01-01,LONDON
MTR000131,MAC004317,SMART,LANDIS_GYR,ACTIVE,2012-01-01,LONDON
MTR000132,MAC004319,SMART,LANDIS_GYR,ACTIVE,2012-01-01,LONDON
MTR000133,MAC004321,SMART,LANDIS_GYR,ACTIVE,2012-01-01,LONDON
MTR000134,MAC004322,SMART,LANDIS_GYR,ACTIVE,2012-01-01,LONDON
MTR000135,MAC004324,SMART,LANDIS_GYR,ACTIVE,2012-01-01,LONDON
MTR000136,MAC004325,SMART,LANDIS_GYR,ACTIVE,2012-01-01,LONDON
MTR000137,MAC004326,SMART,LANDIS_GYR,ACTIVE,2012-01-01,LONDON
MTR000138,MAC004327,SMART,LANDIS_GYR,ACTIVE,2012-01-01,LONDON
MTR000139,MAC004328,SMART,LANDIS_GYR,ACTIVE,2012-01-01,LONDON
MTR000140,MAC004329,SMART,LANDIS_GYR,ACTIVE,2012-01-01,LONDON
MTR000141,MAC004330,SMART,LANDIS_GYR,ACTIVE,2012-01-01,LONDON
MTR000142,MAC004332,SMART,LANDIS_GYR,ACTIVE,2012-01-01,LONDON
MTR000143,MAC004333,SMART,LANDIS_GYR,ACTIVE,2012-01-01,LONDON
MTR000144,MAC004335,SMART,LANDIS_GYR,ACTIVE,2012-01-01,LONDON
MTR000145,MAC004336,SMART,LANDIS_GYR,ACTIVE,2012-01-01,LONDON
MTR000146,MAC004337,SMART,LANDIS_GYR,ACTIVE,2012-01-01,LONDON
MTR000147,MAC004338,SMART,LANDIS_GYR,ACTIVE,2012-01-01,LONDON
MTR000148,MAC004339,SMART,LANDIS_GYR,ACTIVE,2012-01-01,LONDON
MTR000149,MAC004340,SMART,LANDIS_GYR,ACTIVE,2012-01-01,LONDON
MTR000150,MAC004341,SMART,LANDIS_GYR,ACTIVE,2012-01-01,LONDON
MTR000151,MAC004342,SMART,LANDIS_GYR,ACTIVE,2012-01-01,LONDON
MTR000152,MAC004343,SMART,LANDIS_GYR,ACTIVE,2012-01-01,LONDON
MTR000153,MAC004344,SMART,LANDIS_GYR,ACTIVE,2012-01-01,LONDON
MTR000154,MAC004345,SMART,LANDIS_GYR,ACTIVE,2012-01-01,LONDON
MTR000155,MAC004348,SMART,LANDIS_GYR,ACTIVE,2012-01-01,LONDON
MTR000156,MAC004349,SMART,LANDIS_GYR,ACTIVE,2012-01-01,LONDON
MTR000157,MAC004351,SMART,LANDIS_GYR,ACTIVE,2012-01-01,LONDON
MTR000158,MAC004352,SMART,LANDIS_GYR,ACTIVE,2012-01-01,LONDON
MTR000159,MAC004353,SMART,LANDIS_GYR,ACTIVE,2012-01-01,LONDON
MTR000160,MAC004355,SMART,LANDIS_GYR,ACTIVE,2012-01-01,LONDON
MTR000161,MAC004356,SMART,LANDIS_GYR,ACTIVE,2012-01-01,LONDON
MTR000162,MAC004357,SMART,LANDIS_GYR,ACTIVE,2012-01-01,LONDON
MTR000163,MAC004358,SMART,LANDIS_GYR,ACTIVE,2012-01-01,LONDON
MTR000164,MAC004359,SMART,LANDIS_GYR,ACTIVE,2012-01-01,LONDON
MTR000165,MAC004360,SMART,LANDIS_GYR,ACTIVE,2012-01-01,LONDON
MTR000166,MAC004364,SMART,LANDIS_GYR,ACTIVE,2012-01-01,LONDON
MTR000167,MAC004365,SMART,LANDIS_GYR,ACTIVE,2012-01-01,LONDON
MTR000168,MAC004367,SMART,LANDIS_GYR,ACTIVE,2012-01-01,LONDON
MTR000169,MAC004368,SMART,LANDIS_GYR,ACTIVE,2012-01-01,LONDON
MTR000170,MAC004369,SMART,LANDIS_GYR,ACTIVE,2012-01-01,LONDON
MTR000171,MAC004370,SMART,LANDIS_GYR,ACTIVE,2012-01-01,LONDON
MTR000172,MAC004371,SMART,LANDIS_GYR,ACTIVE,2012-01-01,LONDON
MTR000173,MAC004372,SMART,LANDIS_GYR,ACTIVE,2012-01-01,LONDON
MTR000174,MAC004373,SMART,LANDIS_GYR,ACTIVE,2012-01-01,LONDON
MTR000175,MAC004375,SMART,LANDIS_GYR,ACTIVE,2012-01-01,LONDON
MTR000176,MAC004376,SMART,LANDIS_GYR,ACTIVE,2012-01-01,LONDON
MTR000177,MAC004377,SMART,LANDIS_GYR,ACTIVE,2012-01-01,LONDON
MTR000178,MAC004378,SMART,LANDIS_GYR,ACTIVE,2012-01-01,LONDON
MTR000179,MAC004379,SMART,LANDIS_GYR,ACTIVE,2012-01-01,LONDON
MTR000180,MAC004380,SMART,LANDIS_GYR,ACTIVE,2012-01-01,LONDON
MTR000181,MAC004382,SMART,LANDIS_GYR,ACTIVE,2012-01-01,LONDON
MTR000182,MAC004383,SMART,LANDIS_GYR,ACTIVE,2012-01-01,LONDON
MTR000183,MAC004384,SMART,LANDIS_GYR,ACTIVE,2012-01-01,LONDON
MTR000184,MAC004385,SMART,LANDIS_GYR,ACTIVE,2012-01-01,LONDON
MTR000185,MAC004386,SMART,LANDIS_GYR,ACTIVE,2012-01-01,LONDON
MTR000186,MAC004387,SMART,LANDIS_GYR,ACTIVE,2012-01-01,LONDON
MTR000187,MAC004388,SMART,LANDIS_GYR,ACTIVE,2012-01-01,LONDON
MTR000188,MAC004389,SMART,LANDIS_GYR,ACTIVE,2012-01-01,LONDON
MTR000189,MAC004390,SMART,LANDIS_GYR,ACTIVE,2012-01-01,LONDON
MTR000190,MAC004391,SMART,LANDIS_GYR,ACTIVE,2012-01-01,LONDON
MTR000191,MAC004393,SMART,LANDIS_GYR,ACTIVE,2012-01-01,LONDON
MTR000192,MAC004394,SMART,LANDIS_GYR,ACTIVE,2012-01-01,LONDON
MTR000193,MAC004395,SMART,LANDIS_GYR,ACTIVE,2012-01-01,LONDON
MTR000194,MAC004397,SMART,LANDIS_GYR,ACTIVE,2012-01-01,LONDON
MTR000195,MAC004398,SMART,LANDIS_GYR,ACTIVE,2012-01-01,LONDON
MTR000196,MAC004401,SMART,LANDIS_GYR,ACTIVE,2012-01-01,LONDON
MTR000197,MAC004402,SMART,LANDIS_GYR,ACTIVE,2012-01-01,LONDON
MTR000198,MAC004403,SMART,LANDIS_GYR,ACTIVE,2012-01-01,LONDON
MTR000199,MAC004404,SMART,LANDIS_GYR,ACTIVE,2012-01-01,LONDON
MTR000200,MAC004405,SMART,LANDIS_GYR,ACTIVE,2012-01-01,LONDON
MTR000201,MAC004406,SMART,LANDIS_GYR,ACTIVE,2012-01-01,LONDON
MTR000202,MAC004407,SMART,LANDIS_GYR,ACTIVE,2012-01-01,LONDON
MTR000203,MAC004409,SMART,LANDIS_GYR,ACTIVE,2012-01-01,LONDON
MTR000204,MAC004410,SMART,LANDIS_GYR,ACTIVE,2012-01-01,LONDON
MTR000205,MAC004411,SMART,LANDIS_GYR,ACTIVE,2012-01-01,LONDON
MTR000206,MAC004412,SMART,LANDIS_GYR,ACTIVE,2012-01-01,LONDON
MTR000207,MAC004413,SMART,LANDIS_GYR,ACTIVE,2012-01-01,LONDON
MTR000208,MAC004414,SMART,LANDIS_GYR,ACTIVE,2012-01-01,LONDON
MTR000209,MAC004415,SMART,LANDIS_GYR,ACTIVE,2012-01-01,LONDON
MTR000210,MAC004416,SMART,LANDIS_GYR,ACTIVE,2012-01-01,LONDON
MTR000211,MAC004417,SMART,LANDIS_GYR,ACTIVE,2012-01-01,LONDON
MTR000212,MAC004418,SMART,LANDIS_GYR,ACTIVE,2012-01-01,LONDON
MTR000213,MAC004420,SMART,LANDIS_GYR,ACTIVE,2012-01-01,LONDON
MTR000214,MAC004421,SMART,LANDIS_GYR,ACTIVE,2012-01-01,LONDON
MTR000215,MAC004423,SMART,LANDIS_GYR,ACTIVE,2012-01-01,LONDON
MTR000216,MAC004425,SMART,LANDIS_GYR,ACTIVE,2012-01-01,LONDON
MTR000217,MAC004426,SMART,LANDIS_GYR,ACTIVE,2012-01-01,LONDON
MTR000218,MAC004427,SMART,LANDIS_GYR,ACTIVE,2012-01-01,LONDON
MTR000219,MAC004428,SMART,LANDIS_GYR,ACTIVE,2012-01-01,LONDON
MTR000220,MAC004429,SMART,LANDIS_GYR,ACTIVE,2012-01-01,LONDON
MTR000221,MAC004430,SMART,LANDIS_GYR,ACTIVE,2012-01-01,LONDON
MTR000222,MAC004431,SMART,LANDIS_GYR,ACTIVE,2012-01-01,LONDON
MTR000223,MAC004432,SMART,LANDIS_GYR,ACTIVE,2012-01-01,LONDON
MTR000224,MAC004433,SMART,LANDIS_GYR,ACTIVE,2012-01-01,LONDON
MTR000225,MAC004434,SMART,LANDIS_GYR,ACTIVE,2012-01-01,LONDON
MTR000226,MAC004435,SMART,LANDIS_GYR,ACTIVE,2012-01-01,LONDON
MTR000227,MAC004437,SMART,LANDIS_GYR,ACTIVE,2012-01-01,LONDON
MTR000228,MAC004438,SMART,LANDIS_GYR,ACTIVE,2012-01-01,LONDON
MTR000229,MAC004440,SMART,LANDIS_GYR,ACTIVE,2012-01-01,LONDON
MTR000230,MAC004441,SMART,LANDIS_GYR,ACTIVE,2012-01-01,LONDON
MTR000231,MAC004442,SMART,LANDIS_GYR,ACTIVE,2012-01-01,LONDON
MTR000232,MAC004443,SMART,LANDIS_GYR,ACTIVE,2012-01-01,LONDON
MTR000233,MAC004444,SMART,LANDIS_GYR,ACTIVE,2012-01-01,LONDON
MTR000234,MAC004446,SMART,LANDIS_GYR,ACTIVE,2012-01-01,LONDON
MTR000235,MAC004447,SMART,LANDIS_GYR,ACTIVE,2012-01-01,LONDON
MTR000236,MAC004450,SMART,LANDIS_GYR,ACTIVE,2012-01-01,LONDON
MTR000237,MAC004452,SMART,LANDIS_GYR,ACTIVE,2012-01-01,LONDON
MTR000238,MAC004453,SMART,LANDIS_GYR,ACTIVE,2012-01-01,LONDON
MTR000239,MAC004454,SMART,LANDIS_GYR,ACTIVE,2012-01-01,LONDON
MTR000240,MAC004455,SMART,LANDIS_GYR,ACTIVE,2012-01-01,LONDON
MTR000241,MAC004457,SMART,LANDIS_GYR,ACTIVE,2012-01-01,LONDON
MTR000242,MAC004458,SMART,LANDIS_GYR,ACTIVE,2012-01-01,LONDON
MTR000243,MAC004459,SMART,LANDIS_GYR,ACTIVE,2012-01-01,LONDON
MTR000244,MAC004460,SMART,LANDIS_GYR,ACTIVE,2012-01-01,LONDON
MTR000245,MAC004461,SMART,LANDIS_GYR,ACTIVE,2012-01-01,LONDON
MTR000246,MAC004462,SMART,LANDIS_GYR,ACTIVE,2012-01-01,LONDON
MTR000247,MAC004463,SMART,LANDIS_GYR,ACTIVE,2012-01-01,LONDON
MTR000248,MAC004464,SMART,LANDIS_GYR,ACTIVE,2012-01-01,LONDON
MTR000249,MAC004465,SMART,LANDIS_GYR,ACTIVE,2012-01-01,LONDON
MTR000250,MAC004466,SMART,LANDIS_GYR,ACTIVE,2012-01-01,LONDON
MTR000251,MAC004468,SMART,LANDIS_GYR,ACTIVE,2012-01-01,LONDON
MTR000252,MAC004469,SMART,LANDIS_GYR,ACTIVE,2012-01-01,LONDON
MTR000253,MAC004470,SMART,LANDIS_GYR,ACTIVE,2012-01-01,LONDON
MTR000254,MAC004471,SMART,LANDIS_GYR,ACTIVE,2012-01-01,LONDON
MTR000255,MAC004472,SMART,LANDIS_GYR,ACTIVE,2012-01-01,LONDON
MTR000256,MAC004473,SMART,LANDIS_GYR,ACTIVE,2012-01-01,LONDON
MTR000257,MAC004474,SMART,LANDIS_GYR,ACTIVE,2012-01-01,LONDON
MTR000258,MAC004475,SMART,LANDIS_GYR,ACTIVE,2012-01-01,LONDON
MTR000259,MAC004476,SMART,LANDIS_GYR,ACTIVE,2012-01-01,LONDON
MTR000260,MAC004477,SMART,LANDIS_GYR,ACTIVE,2012-01-01,LONDON
MTR000261,MAC004478,SMART,LANDIS_GYR,ACTIVE,2012-01-01,LONDON
MTR000262,MAC004479,SMART,LANDIS_GYR,ACTIVE,2012-01-01,LONDON
MTR000263,MAC004480,SMART,LANDIS_GYR,ACTIVE,2012-01-01,LONDON
MTR000264,MAC004481,SMART,LANDIS_GYR,ACTIVE,2012-01-01,LONDON
MTR000265,MAC004482,SMART,LANDIS_GYR,ACTIVE,2012-01-01,LONDON
MTR000266,MAC004483,SMART,LANDIS_GYR,ACTIVE,2012-01-01,LONDON
MTR000267,MAC004484,SMART,LANDIS_GYR,ACTIVE,2012-01-01,LONDON
MTR000268,MAC004486,SMART,LANDIS_GYR,ACTIVE,2012-01-01,LONDON
MTR000269,MAC004487,SMART,LANDIS_GYR,ACTIVE,2012-01-01,LONDON
MTR000270,MAC004488,SMART,LANDIS_GYR,ACTIVE,2012-01-01,LONDON
MTR000271,MAC004489,SMART,LANDIS_GYR,ACTIVE,2012-01-01,LONDON
MTR000272,MAC004490,SMART,LANDIS_GYR,ACTIVE,2012-01-01,LONDON
MTR000273,MAC004492,SMART,LANDIS_GYR,ACTIVE,2012-01-01,LONDON
MTR000274,MAC004494,SMART,LANDIS_GYR,ACTIVE,2012-01-01,LONDON
MTR000275,MAC004495,SMART,LANDIS_GYR,ACTIVE,2012-01-01,LONDON
MTR000276,MAC004496,SMART,LANDIS_GYR,ACTIVE,2012-01-01,LONDON
MTR000277,MAC004498,SMART,LANDIS_GYR,ACTIVE,2012-01-01,LONDON
MTR000278,MAC004499,SMART,LANDIS_GYR,ACTIVE,2012-01-01,LONDON
MTR000279,MAC004500,SMART,LANDIS_GYR,ACTIVE,2012-01-01,LONDON
MTR000280,MAC004501,SMART,LANDIS_GYR,ACTIVE,2012-01-01,LONDON
MTR000281,MAC004502,SMART,LANDIS_GYR,ACTIVE,2012-01-01,LONDON
MTR000282,MAC004503,SMART,LANDIS_GYR,ACTIVE,2012-01-01,LONDON
MTR000283,MAC004504,SMART,LANDIS_GYR,ACTIVE,2012-01-01,LONDON
MTR000284,MAC004505,SMART,LANDIS_GYR,ACTIVE,2012-01-01,LONDON
MTR000285,MAC004507,SMART,LANDIS_GYR,ACTIVE,2012-01-01,LONDON
MTR000286,MAC004508,SMART,LANDIS_GYR,ACTIVE,2012-01-01,LONDON
MTR000287,MAC004510,SMART,LANDIS_GYR,ACTIVE,2012-01-01,LONDON
MTR000288,MAC004511,SMART,LANDIS_GYR,ACTIVE,2012-01-01,LONDON
MTR000289,MAC004512,SMART,LANDIS_GYR,ACTIVE,2012-01-01,LONDON
MTR000290,MAC004513,SMART,LANDIS_GYR,ACTIVE,2012-01-01,LONDON
MTR000291,MAC004514,SMART,LANDIS_GYR,ACTIVE,2012-01-01,LONDON
MTR000292,MAC004515,SMART,LANDIS_GYR,ACTIVE,2012-01-01,LONDON
MTR000293,MAC004516,SMART,LANDIS_GYR,ACTIVE,2012-01-01,LONDON
MTR000294,MAC004517,SMART,LANDIS_GYR,ACTIVE,2012-01-01,LONDON
MTR000295,MAC004518,SMART,LANDIS_GYR,ACTIVE,2012-01-01,LONDON
MTR000296,MAC004519,SMART,LANDIS_GYR,ACTIVE,2012-01-01,LONDON
MTR000297,MAC004520,SMART,LANDIS_GYR,ACTIVE,2012-01-01,LONDON
MTR000298,MAC004521,SMART,LANDIS_GYR,ACTIVE,2012-01-01,LONDON
MTR000299,MAC004522,SMART,LANDIS_GYR,ACTIVE,2012-01-01,LONDON
MTR000300,MAC004523,SMART,LANDIS_GYR,ACTIVE,2012-01-01,LONDON
MTR000301,MAC004524,SMART,LANDIS_GYR,ACTIVE,2012-01-01,LONDON
MTR000302,MAC004526,SMART,LANDIS_GYR,ACTIVE,2012-01-01,LONDON
MTR000303,MAC004527,SMART,LANDIS_GYR,ACTIVE,2012-01-01,LONDON
MTR000304,MAC004528,SMART,LANDIS_GYR,ACTIVE,2012-01-01,LONDON
MTR000305,MAC004529,SMART,LANDIS_GYR,ACTIVE,2012-01-01,LONDON
MTR000306,MAC004530,SMART,LANDIS_GYR,ACTIVE,2012-01-01,LONDON
MTR000307,MAC004531,SMART,LANDIS_GYR,ACTIVE,2012-01-01,LONDON
MTR000308,MAC004532,SMART,LANDIS_GYR,ACTIVE,2012-01-01,LONDON
MTR000309,MAC004533,SMART,LANDIS_GYR,ACTIVE,2012-01-01,LONDON
MTR000310,MAC004534,SMART,LANDIS_GYR,ACTIVE,2012-01-01,LONDON
MTR000311,MAC004535,SMART,LANDIS_GYR,ACTIVE,2012-01-01,LONDON
MTR000312,MAC004536,SMART,LANDIS_GYR,ACTIVE,2012-01-01,LONDON
MTR000313,MAC004537,SMART,LANDIS_GYR,ACTIVE,2012-01-01,LONDON
MTR000314,MAC004538,SMART,LANDIS_GYR,ACTIVE,2012-01-01,LONDON
MTR000315,MAC004539,SMART,LANDIS_GYR,ACTIVE,2012-01-01,LONDON
MTR000316,MAC004540,SMART,LANDIS_GYR,ACTIVE,2012-01-01,LONDON
MTR000317,MAC004541,SMART,LANDIS_GYR,ACTIVE,2012-01-01,LONDON
MTR000318,MAC004542,SMART,LANDIS_GYR,ACTIVE,2012-01-01,LONDON
MTR000319,MAC004544,SMART,LANDIS_GYR,ACTIVE,2012-01-01,LONDON
MTR000320,MAC004545,SMART,LANDIS_GYR,ACTIVE,2012-01-01,LONDON
MTR000321,MAC004546,SMART,LANDIS_GYR,ACTIVE,2012-01-01,LONDON
MTR000322,MAC004547,SMART,LANDIS_GYR,ACTIVE,2012-01-01,LONDON
MTR000323,MAC004548,SMART,LANDIS_GYR,ACTIVE,2012-01-01,LONDON
MTR000324,MAC004549,SMART,LANDIS_GYR,ACTIVE,2012-01-01,LONDON
MTR000325,MAC004550,SMART,LANDIS_GYR,ACTIVE,2012-01-01,LONDON
MTR000326,MAC004552,SMART,LANDIS_GYR,ACTIVE,2012-01-01,LONDON
MTR000327,MAC004553,SMART,LANDIS_GYR,ACTIVE,2012-01-01,LONDON
MTR000328,MAC004554,SMART,LANDIS_GYR,ACTIVE,2012-01-01,LONDON
MTR000329,MAC004555,SMART,LANDIS_GYR,ACTIVE,2012-01-01,LONDON
MTR000330,MAC004556,SMART,LANDIS_GYR,ACTIVE,2012-01-01,LONDON
MTR000331,MAC004557,SMART,LANDIS_GYR,ACTIVE,2012-01-01,LONDON
MTR000332,MAC004558,SMART,LANDIS_GYR,ACTIVE,2012-01-01,LONDON
MTR000333,MAC004560,SMART,LANDIS_GYR,ACTIVE,2012-01-01,LONDON
MTR000334,MAC004562,SMART,LANDIS_GYR,ACTIVE,2012-01-01,LONDON
MTR000335,MAC004563,SMART,LANDIS_GYR,ACTIVE,2012-01-01,LONDON
MTR000336,MAC004564,SMART,LANDIS_GYR,ACTIVE,2012-01-01,LONDON
MTR000337,MAC004565,SMART,LANDIS_GYR,ACTIVE,2012-01-01,LONDON
MTR000338,MAC004566,SMART,LANDIS_GYR,ACTIVE,2012-01-01,LONDON
MTR000339,MAC004567,SMART,LANDIS_GYR,ACTIVE,2012-01-01,LONDON
MTR000340,MAC004569,SMART,LANDIS_GYR,ACTIVE,2012-01-01,LONDON
MTR000341,MAC004570,SMART,LANDIS_GYR,ACTIVE,2012-01-01,LONDON
MTR000342,MAC004571,SMART,LANDIS_GYR,ACTIVE,2012-01-01,LONDON
MTR000343,MAC004572,SMART,LANDIS_GYR,ACTIVE,2012-01-01,LONDON
MTR000344,MAC004573,SMART,LANDIS_GYR,ACTIVE,2012-01-01,LONDON
MTR000345,MAC004574,SMART,LANDIS_GYR,ACTIVE,2012-01-01,LONDON
MTR000346,MAC004575,SMART,LANDIS_GYR,ACTIVE,2012-01-01,LONDON
MTR000347,MAC004576,SMART,LANDIS_GYR,ACTIVE,2012-01-01,LONDON
MTR000348,MAC004577,SMART,LANDIS_GYR,ACTIVE,2012-01-01,LONDON
MTR000349,MAC004578,SMART,LANDIS_GYR,ACTIVE,2012-01-01,LONDON
MTR000350,MAC004579,SMART,LANDIS_GYR,ACTIVE,2012-01-01,LONDON
MTR000351,MAC004580,SMART,LANDIS_GYR,ACTIVE,2012-01-01,LONDON
MTR000352,MAC004581,SMART,LANDIS_GYR,ACTIVE,2012-01-01,LONDON
MTR000353,MAC004582,SMART,LANDIS_GYR,ACTIVE,2012-01-01,LONDON
MTR000354,MAC004583,SMART,LANDIS_GYR,ACTIVE,2012-01-01,LONDON
MTR000355,MAC004584,SMART,LANDIS_GYR,ACTIVE,2012-01-01,LONDON
MTR000356,MAC004585,SMART,LANDIS_GYR,ACTIVE,2012-01-01,LONDON
MTR000357,MAC004586,SMART,LANDIS_GYR,ACTIVE,2012-01-01,LONDON
MTR000358,MAC004587,SMART,LANDIS_GYR,ACTIVE,2012-01-01,LONDON
MTR000359,MAC004588,SMART,LANDIS_GYR,ACTIVE,2012-01-01,LONDON
MTR000360,MAC004589,SMART,LANDIS_GYR,ACTIVE,2012-01-01,LONDON
MTR000361,MAC004591,SMART,LANDIS_GYR,ACTIVE,2012-01-01,LONDON
MTR000362,MAC004594,SMART,LANDIS_GYR,ACTIVE,2012-01-01,LONDON
MTR000363,MAC004595,SMART,LANDIS_GYR,ACTIVE,2012-01-01,LONDON
MTR000364,MAC004596,SMART,LANDIS_GYR,ACTIVE,2012-01-01,LONDON
MTR000365,MAC004597,SMART,LANDIS_GYR,ACTIVE,2012-01-01,LONDON
MTR000366,MAC004598,SMART,LANDIS_GYR,ACTIVE,2012-01-01,LONDON
MTR000367,MAC004599,SMART,LANDIS_GYR,ACTIVE,2012-01-01,LONDON
MTR000368,MAC004600,SMART,LANDIS_GYR,ACTIVE,2012-01-01,LONDON
MTR000369,MAC004601,SMART,LANDIS_GYR,ACTIVE,2012-01-01,LONDON
MTR000370,MAC004602,SMART,LANDIS_GYR,ACTIVE,2012-01-01,LONDON
MTR000371,MAC004603,SMART,LANDIS_GYR,ACTIVE,2012-01-01,LONDON
MTR000372,MAC004607,SMART,LANDIS_GYR,ACTIVE,2012-01-01,LONDON
MTR000373,MAC004608,SMART,LANDIS_GYR,ACTIVE,2012-01-01,LONDON
MTR000374,MAC004612,SMART,LANDIS_GYR,ACTIVE,2012-01-01,LONDON
MTR000375,MAC004613,SMART,LANDIS_GYR,ACTIVE,2012-01-01,LONDON
MTR000376,MAC004614,SMART,LANDIS_GYR,ACTIVE,2012-01-01,LONDON
MTR000377,MAC004615,SMART,LANDIS_GYR,ACTIVE,2012-01-01,LONDON
MTR000378,MAC004616,SMART,LANDIS_GYR,ACTIVE,2012-01-01,LONDON
MTR000379,MAC004617,SMART,LANDIS_GYR,ACTIVE,2012-01-01,LONDON
MTR000380,MAC004618,SMART,LANDIS_GYR,ACTIVE,2012-01-01,LONDON
MTR000381,MAC004619,SMART,LANDIS_GYR,ACTIVE,2012-01-01,LONDON
MTR000382,MAC004624,SMART,LANDIS_GYR,ACTIVE,2012-01-01,LONDON
MTR000383,MAC004625,SMART,LANDIS_GYR,ACTIVE,2012-01-01,LONDON
MTR000384,MAC004626,SMART,LANDIS_GYR,ACTIVE,2012-01-01,LONDON
MTR000385,MAC000364,SMART,LANDIS_GYR,ACTIVE,2012-01-01,LONDON
MTR000386,MAC000365,SMART,LANDIS_GYR,ACTIVE,2012-01-01,LONDON
MTR000387,MAC000367,SMART,LANDIS_GYR,ACTIVE,2012-01-01,LONDON
MTR000388,MAC000368,SMART,LANDIS_GYR,ACTIVE,2012-01-01,LONDON
MTR000389,MAC000370,SMART,LANDIS_GYR,ACTIVE,2012-01-01,LONDON
MTR000390,MAC000371,SMART,LANDIS_GYR,ACTIVE,2012-01-01,LONDON
MTR000391,MAC000372,SMART,LANDIS_GYR,ACTIVE,2012-01-01,LONDON
MTR000392,MAC000373,SMART,LANDIS_GYR,ACTIVE,2012-01-01,LONDON
MTR000393,MAC000374,SMART,LANDIS_GYR,ACTIVE,2012-01-01,LONDON
MTR000394,MAC000375,SMART,LANDIS_GYR,ACTIVE,2012-01-01,LONDON
MTR000395,MAC000376,SMART,LANDIS_GYR,ACTIVE,2012-01-01,LONDON
MTR000396,MAC000377,SMART,LANDIS_GYR,ACTIVE,2012-01-01,LONDON
MTR000397,MAC000378,SMART,LANDIS_GYR,ACTIVE,2012-01-01,LONDON
MTR000398,MAC000379,SMART,LANDIS_GYR,ACTIVE,2012-01-01,LONDON
MTR000399,MAC000380,SMART,LANDIS_GYR,ACTIVE,2012-01-01,LONDON
MTR000400,MAC000381,SMART,LANDIS_GYR,ACTIVE,2012-01-01,LONDON
MTR000401,MAC000382,SMART,LANDIS_GYR,ACTIVE,2012-01-01,LONDON
MTR000402,MAC000385,SMART,LANDIS_GYR,ACTIVE,2012-01-01,LONDON
MTR000403,MAC000386,SMART,LANDIS_GYR,ACTIVE,2012-01-01,LONDON
MTR000404,MAC000387,SMART,LANDIS_GYR,ACTIVE,2012-01-01,LONDON
MTR000405,MAC000388,SMART,LANDIS_GYR,ACTIVE,2012-01-01,LONDON
MTR000406,MAC000389,SMART,LANDIS_GYR,ACTIVE,2012-01-01,LONDON
MTR000407,MAC000390,SMART,LANDIS_GYR,ACTIVE,2012-01-01,LONDON
MTR000408,MAC000391,SMART,LANDIS_GYR,ACTIVE,2012-01-01,LONDON
MTR000409,MAC000393,SMART,LANDIS_GYR,ACTIVE,2012-01-01,LONDON
MTR000410,MAC000394,SMART,LANDIS_GYR,ACTIVE,2012-01-01,LONDON
MTR000411,MAC000396,SMART,LANDIS_GYR,ACTIVE,2012-01-01,LONDON
MTR000412,MAC000397,SMART,LANDIS_GYR,ACTIVE,2012-01-01,LONDON
MTR000413,MAC000398,SMART,LANDIS_GYR,ACTIVE,2012-01-01,LONDON
MTR000414,MAC000399,SMART,LANDIS_GYR,ACTIVE,2012-01-01,LONDON
MTR000415,MAC004627,SMART,LANDIS_GYR,ACTIVE,2012-01-01,LONDON
MTR000416,MAC004628,SMART,LANDIS_GYR,ACTIVE,2012-01-01,LONDON
MTR000417,MAC004629,SMART,LANDIS_GYR,ACTIVE,2012-01-01,LONDON
MTR000418,MAC004630,SMART,LANDIS_GYR,ACTIVE,2012-01-01,LONDON
MTR000419,MAC004631,SMART,LANDIS_GYR,ACTIVE,2012-01-01,LONDON
MTR000420,MAC004632,SMART,LANDIS_GYR,ACTIVE,2012-01-01,LONDON
MTR000421,MAC004634,SMART,LANDIS_GYR,ACTIVE,2012-01-01,LONDON
MTR000422,MAC004635,SMART,LANDIS_GYR,ACTIVE,2012-01-01,LONDON
MTR000423,MAC004636,SMART,LANDIS_GYR,ACTIVE,2012-01-01,LONDON
MTR000424,MAC004637,SMART,LANDIS_GYR,ACTIVE,2012-01-01,LONDON
MTR000425,MAC004638,SMART,LANDIS_GYR,ACTIVE,2012-01-01,LONDON
MTR000426,MAC004642,SMART,LANDIS_GYR,ACTIVE,2012-01-01,LONDON
MTR000427,MAC004643,SMART,LANDIS_GYR,ACTIVE,2012-01-01,LONDON
MTR000428,MAC004644,SMART,LANDIS_GYR,ACTIVE,2012-01-01,LONDON
MTR000429,MAC004645,SMART,LANDIS_GYR,ACTIVE,2012-01-01,LONDON
MTR000430,MAC004646,SMART,LANDIS_GYR,ACTIVE,2012-01-01,LONDON
MTR000431,MAC004647,SMART,LANDIS_GYR,ACTIVE,2012-01-01,LONDON
MTR000432,MAC004648,SMART,LANDIS_GYR,ACTIVE,2012-01-01,LONDON
MTR000433,MAC004649,SMART,LANDIS_GYR,ACTIVE,2012-01-01,LONDON
MTR000434,MAC004650,SMART,LANDIS_GYR,ACTIVE,2012-01-01,LONDON
MTR000435,MAC004651,SMART,LANDIS_GYR,ACTIVE,2012-01-01,LONDON
MTR000436,MAC004652,SMART,LANDIS_GYR,ACTIVE,2012-01-01,LONDON
MTR000437,MAC004653,SMART,LANDIS_GYR,ACTIVE,2012-01-01,LONDON
MTR000438,MAC004654,SMART,LANDIS_GYR,ACTIVE,2012-01-01,LONDON
MTR000439,MAC004656,SMART,LANDIS_GYR,ACTIVE,2012-01-01,LONDON
MTR000440,MAC004658,SMART,LANDIS_GYR,ACTIVE,2012-01-01,LONDON
MTR000441,MAC004659,SMART,LANDIS_GYR,ACTIVE,2012-01-01,LONDON
MTR000442,MAC004660,SMART,LANDIS_GYR,ACTIVE,2012-01-01,LONDON
MTR000443,MAC004662,SMART,LANDIS_GYR,ACTIVE,2012-01-01,LONDON
MTR000444,MAC004663,SMART,LANDIS_GYR,ACTIVE,2012-01-01,LONDON
MTR000445,MAC004664,SMART,LANDIS_GYR,ACTIVE,2012-01-01,LONDON
MTR000446,MAC004665,SMART,LANDIS_GYR,ACTIVE,2012-01-01,LONDON
MTR000447,MAC004666,SMART,LANDIS_GYR,ACTIVE,2012-01-01,LONDON
MTR000448,MAC004667,SMART,LANDIS_GYR,ACTIVE,2012-01-01,LONDON
MTR000449,MAC004671,SMART,LANDIS_GYR,ACTIVE,2012-01-01,LONDON
MTR000450,MAC004672,SMART,LANDIS_GYR,ACTIVE,2012-01-01,LONDON
MTR000451,MAC004673,SMART,LANDIS_GYR,ACTIVE,2012-01-01,LONDON
MTR000452,MAC004674,SMART,LANDIS_GYR,ACTIVE,2012-01-01,LONDON
MTR000453,MAC004675,SMART,LANDIS_GYR,ACTIVE,2012-01-01,LONDON
MTR000454,MAC004676,SMART,LANDIS_GYR,ACTIVE,2012-01-01,LONDON
MTR000455,MAC004677,SMART,LANDIS_GYR,ACTIVE,2012-01-01,LONDON
MTR000456,MAC004678,SMART,LANDIS_GYR,ACTIVE,2012-01-01,LONDON
MTR000457,MAC004679,SMART,LANDIS_GYR,ACTIVE,2012-01-01,LONDON
MTR000458,MAC004680,SMART,LANDIS_GYR,ACTIVE,2012-01-01,LONDON
MTR000459,MAC004681,SMART,LANDIS_GYR,ACTIVE,2012-01-01,LONDON
MTR000460,MAC004682,SMART,LANDIS_GYR,ACTIVE,2012-01-01,LONDON
MTR000461,MAC004684,SMART,LANDIS_GYR,ACTIVE,2012-01-01,LONDON
MTR000462,MAC004685,SMART,LANDIS_GYR,ACTIVE,2012-01-01,LONDON
MTR000463,MAC004686,SMART,LANDIS_GYR,ACTIVE,2012-01-01,LONDON
MTR000464,MAC004688,SMART,LANDIS_GYR,ACTIVE,2012-01-01,LONDON
MTR000465,MAC004690,SMART,LANDIS_GYR,ACTIVE,2012-01-01,LONDON
MTR000466,MAC004692,SMART,LANDIS_GYR,ACTIVE,2012-01-01,LONDON
MTR000467,MAC004694,SMART,LANDIS_GYR,ACTIVE,2012-01-01,LONDON
MTR000468,MAC004695,SMART,LANDIS_GYR,ACTIVE,2012-01-01,LONDON
MTR000469,MAC004696,SMART,LANDIS_GYR,ACTIVE,2012-01-01,LONDON
MTR000470,MAC004698,SMART,LANDIS_GYR,ACTIVE,2012-01-01,LONDON
MTR000471,MAC004699,SMART,LANDIS_GYR,ACTIVE,2012-01-01,LONDON
MTR000472,MAC004700,SMART,LANDIS_GYR,ACTIVE,2012-01-01,LONDON
MTR000473,MAC004701,SMART,LANDIS_GYR,ACTIVE,2012-01-01,LONDON
MTR000474,MAC004702,SMART,LANDIS_GYR,ACTIVE,2012-01-01,LONDON
MTR000475,MAC004703,SMART,LANDIS_GYR,ACTIVE,2012-01-01,LONDON
MTR000476,MAC004704,SMART,LANDIS_GYR,ACTIVE,2012-01-01,LONDON
MTR000477,MAC004705,SMART,LANDIS_GYR,ACTIVE,2012-01-01,LONDON
MTR000478,MAC004706,SMART,LANDIS_GYR,ACTIVE,2012-01-01,LONDON
MTR000479,MAC004707,SMART,LANDIS_GYR,ACTIVE,2012-01-01,LONDON
MTR000480,MAC004708,SMART,LANDIS_GYR,ACTIVE,2012-01-01,LONDON
MTR000481,MAC004712,SMART,LANDIS_GYR,ACTIVE,2012-01-01,LONDON
MTR000482,MAC004715,SMART,LANDIS_GYR,ACTIVE,2012-01-01,LONDON
MTR000483,MAC004717,SMART,LANDIS_GYR,ACTIVE,2012-01-01,LONDON
MTR000484,MAC004718,SMART,LANDIS_GYR,ACTIVE,2012-01-01,LONDON
MTR000485,MAC004721,SMART,LANDIS_GYR,ACTIVE,2012-01-01,LONDON
MTR000486,MAC004723,SMART,LANDIS_GYR,ACTIVE,2012-01-01,LONDON
MTR000487,MAC004724,SMART,LANDIS_GYR,ACTIVE,2012-01-01,LONDON
MTR000488,MAC004725,SMART,LANDIS_GYR,ACTIVE,2012-01-01,LONDON
MTR000489,MAC004726,SMART,LANDIS_GYR,ACTIVE,2012-01-01,LONDON
MTR000490,MAC004727,SMART,LANDIS_GYR,ACTIVE,2012-01-01,LONDON
MTR000491,MAC004729,SMART,LANDIS_GYR,ACTIVE,2012-01-01,LONDON
MTR000492,MAC004730,SMART,LANDIS_GYR,ACTIVE,2012-01-01,LONDON
MTR000493,MAC004732,SMART,LANDIS_GYR,ACTIVE,2012-01-01,LONDON
MTR000494,MAC004734,SMART,LANDIS_GYR,ACTIVE,2012-01-01,LONDON
MTR000495,MAC004735,SMART,LANDIS_GYR,ACTIVE,2012-01-01,LONDON
MTR000496,MAC004736,SMART,LANDIS_GYR,ACTIVE,2012-01-01,LONDON
MTR000497,MAC004737,SMART,LANDIS_GYR,ACTIVE,2012-01-01,LONDON
MTR000498,MAC004738,SMART,LANDIS_GYR,ACTIVE,2012-01-01,LONDON
MTR000499,MAC004739,SMART,LANDIS_GYR,ACTIVE,2012-01-01,LONDON
MTR000500,MAC004740,SMART,LANDIS_GYR,ACTIVE,2012-01-01,LONDON
MTR000501,MAC004741,SMART,LANDIS_GYR,ACTIVE,2012-01-01,LONDON
MTR000502,MAC004742,SMART,LANDIS_GYR,ACTIVE,2012-01-01,LONDON
MTR000503,MAC004743,SMART,LANDIS_GYR,ACTIVE,2012-01-01,LONDON
MTR000504,MAC004745,SMART,LANDIS_GYR,ACTIVE,2012-01-01,LONDON
MTR000505,MAC004747,SMART,LANDIS_GYR,ACTIVE,2012-01-01,LONDON
MTR000506,MAC004748,SMART,LANDIS_GYR,ACTIVE,2012-01-01,LONDON
MTR000507,MAC004749,SMART,LANDIS_GYR,ACTIVE,2012-01-01,LONDON
MTR000508,MAC004750,SMART,LANDIS_GYR,ACTIVE,2012-01-01,LONDON
MTR000509,MAC004752,SMART,LANDIS_GYR,ACTIVE,2012-01-01,LONDON
MTR000510,MAC004754,SMART,LANDIS_GYR,ACTIVE,2012-01-01,LONDON
MTR000511,MAC004756,SMART,LANDIS_GYR,ACTIVE,2012-01-01,LONDON
MTR000512,MAC004758,SMART,LANDIS_GYR,ACTIVE,2012-01-01,LONDON
MTR000513,MAC004759,SMART,LANDIS_GYR,ACTIVE,2012-01-01,LONDON
MTR000514,MAC004760,SMART,LANDIS_GYR,ACTIVE,2012-01-01,LONDON
MTR000515,MAC004761,SMART,LANDIS_GYR,ACTIVE,2012-01-01,LONDON
MTR000516,MAC004763,SMART,LANDIS_GYR,ACTIVE,2012-01-01,LONDON
MTR000517,MAC004764,SMART,LANDIS_GYR,ACTIVE,2012-01-01,LONDON
MTR000518,MAC004766,SMART,LANDIS_GYR,ACTIVE,2012-01-01,LONDON
MTR000519,MAC004769,SMART,LANDIS_GYR,ACTIVE,2012-01-01,LONDON
MTR000520,MAC004771,SMART,LANDIS_GYR,ACTIVE,2012-01-01,LONDON
MTR000521,MAC004772,SMART,LANDIS_GYR,ACTIVE,2012-01-01,LONDON
MTR000522,MAC004773,SMART,LANDIS_GYR,ACTIVE,2012-01-01,LONDON
MTR000523,MAC004774,SMART,LANDIS_GYR,ACTIVE,2012-01-01,LONDON
MTR000524,MAC004775,SMART,LANDIS_GYR,ACTIVE,2012-01-01,LONDON
MTR000525,MAC004776,SMART,LANDIS_GYR,ACTIVE,2012-01-01,LONDON
MTR000526,MAC004777,SMART,LANDIS_GYR,ACTIVE,2012-01-01,LONDON
MTR000527,MAC004778,SMART,LANDIS_GYR,ACTIVE,2012-01-01,LONDON
MTR000528,MAC004779,SMART,LANDIS_GYR,ACTIVE,2012-01-01,LONDON
MTR000529,MAC004780,SMART,LANDIS_GYR,ACTIVE,2012-01-01,LONDON
MTR000530,MAC004781,SMART,LANDIS_GYR,ACTIVE,2012-01-01,LONDON
MTR000531,MAC004782,SMART,LANDIS_GYR,ACTIVE,2012-01-01,LONDON
MTR000532,MAC004784,SMART,LANDIS_GYR,ACTIVE,2012-01-01,LONDON
MTR000533,MAC004785,SMART,LANDIS_GYR,ACTIVE,2012-01-01,LONDON
MTR000534,MAC004786,SMART,LANDIS_GYR,ACTIVE,2012-01-01,LONDON
MTR000535,MAC004787,SMART,LANDIS_GYR,ACTIVE,2012-01-01,LONDON
MTR000536,MAC004788,SMART,LANDIS_GYR,ACTIVE,2012-01-01,LONDON
MTR000537,MAC004790,SMART,LANDIS_GYR,ACTIVE,2012-01-01,LONDON
MTR000538,MAC004791,SMART,LANDIS_GYR,ACTIVE,2012-01-01,LONDON
MTR000539,MAC004792,SMART,LANDIS_GYR,ACTIVE,2012-01-01,LONDON
MTR000540,MAC004793,SMART,LANDIS_GYR,ACTIVE,2012-01-01,LONDON
MTR000541,MAC004794,SMART,LANDIS_GYR,ACTIVE,2012-01-01,LONDON
MTR000542,MAC004796,SMART,LANDIS_GYR,ACTIVE,2012-01-01,LONDON
MTR000543,MAC004797,SMART,LANDIS_GYR,ACTIVE,2012-01-01,LONDON
MTR000544,MAC004798,SMART,LANDIS_GYR,ACTIVE,2012-01-01,LONDON
MTR000545,MAC004799,SMART,LANDIS_GYR,ACTIVE,2012-01-01,LONDON
MTR000546,MAC004800,SMART,LANDIS_GYR,ACTIVE,2012-01-01,LONDON
MTR000547,MAC004801,SMART,LANDIS_GYR,ACTIVE,2012-01-01,LONDON
MTR000548,MAC004802,SMART,LANDIS_GYR,ACTIVE,2012-01-01,LONDON
MTR000549,MAC004803,SMART,LANDIS_GYR,ACTIVE,2012-01-01,LONDON
MTR000550,MAC004804,SMART,LANDIS_GYR,ACTIVE,2012-01-01,LONDON
MTR000551,MAC004805,SMART,LANDIS_GYR,ACTIVE,2012-01-01,LONDON
MTR000552,MAC004806,SMART,LANDIS_GYR,ACTIVE,2012-01-01,LONDON
MTR000553,MAC004807,SMART,LANDIS_GYR,ACTIVE,2012-01-01,LONDON
MTR000554,MAC004808,SMART,LANDIS_GYR,ACTIVE,2012-01-01,LONDON
MTR000555,MAC004809,SMART,LANDIS_GYR,ACTIVE,2012-01-01,LONDON
MTR000556,MAC004810,SMART,LANDIS_GYR,ACTIVE,2012-01-01,LONDON
MTR000557,MAC004812,SMART,LANDIS_GYR,ACTIVE,2012-01-01,LONDON
MTR000558,MAC004813,SMART,LANDIS_GYR,ACTIVE,2012-01-01,LONDON
MTR000559,MAC004815,SMART,LANDIS_GYR,ACTIVE,2012-01-01,LONDON
MTR000560,MAC004816,SMART,LANDIS_GYR,ACTIVE,2012-01-01,LONDON
MTR000561,MAC004817,SMART,LANDIS_GYR,ACTIVE,2012-01-01,LONDON
MTR000562,MAC004819,SMART,LANDIS_GYR,ACTIVE,2012-01-01,LONDON
MTR000563,MAC004820,SMART,LANDIS_GYR,ACTIVE,2012-01-01,LONDON
MTR000564,MAC004823,SMART,LANDIS_GYR,ACTIVE,2012-01-01,LONDON
MTR000565,MAC004824,SMART,LANDIS_GYR,ACTIVE,2012-01-01,LONDON
MTR000566,MAC004826,SMART,LANDIS_GYR,ACTIVE,2012-01-01,LONDON
MTR000567,MAC004828,SMART,LANDIS_GYR,ACTIVE,2012-01-01,LONDON
MTR000568,MAC004829,SMART,LANDIS_GYR,ACTIVE,2012-01-01,LONDON
MTR000569,MAC004830,SMART,LANDIS_GYR,ACTIVE,2012-01-01,LONDON
MTR000570,MAC004831,SMART,LANDIS_GYR,ACTIVE,2012-01-01,LONDON
MTR000571,MAC004833,SMART,LANDIS_GYR,ACTIVE,2012-01-01,LONDON
MTR000572,MAC004834,SMART,LANDIS_GYR,ACTIVE,2012-01-01,LONDON
MTR000573,MAC004835,SMART,LANDIS_GYR,ACTIVE,2012-01-01,LONDON
MTR000574,MAC004836,SMART,LANDIS_GYR,ACTIVE,2012-01-01,LONDON
MTR000575,MAC004839,SMART,LANDIS_GYR,ACTIVE,2012-01-01,LONDON
MTR000576,MAC004840,SMART,LANDIS_GYR,ACTIVE,2012-01-01,LONDON
MTR000577,MAC004841,SMART,LANDIS_GYR,ACTIVE,2012-01-01,LONDON
MTR000578,MAC004842,SMART,LANDIS_GYR,ACTIVE,2012-01-01,LONDON
MTR000579,MAC004843,SMART,LANDIS_GYR,ACTIVE,2012-01-01,LONDON
MTR000580,MAC004844,SMART,LANDIS_GYR,ACTIVE,2012-01-01,LONDON
MTR000581,MAC004845,SMART,LANDIS_GYR,ACTIVE,2012-01-01,LONDON
MTR000582,MAC004846,SMART,LANDIS_GYR,ACTIVE,2012-01-01,LONDON
MTR000583,MAC004847,SMART,LANDIS_GYR,ACTIVE,2012-01-01,LONDON
MTR000584,MAC004848,SMART,LANDIS_GYR,ACTIVE,2012-01-01,LONDON
MTR000585,MAC004849,SMART,LANDIS_GYR,ACTIVE,2012-01-01,LONDON
MTR000586,MAC004850,SMART,LANDIS_GYR,ACTIVE,2012-01-01,LONDON
MTR000587,MAC004852,SMART,LANDIS_GYR,ACTIVE,2012-01-01,LONDON
MTR000588,MAC004853,SMART,LANDIS_GYR,ACTIVE,2012-01-01,LONDON
MTR000589,MAC004854,SMART,LANDIS_GYR,ACTIVE,2012-01-01,LONDON
MTR000590,MAC004856,SMART,LANDIS_GYR,ACTIVE,2012-01-01,LONDON
MTR000591,MAC004857,SMART,LANDIS_GYR,ACTIVE,2012-01-01,LONDON
MTR000592,MAC004858,SMART,LANDIS_GYR,ACTIVE,2012-01-01,LONDON
MTR000593,MAC004859,SMART,LANDIS_GYR,ACTIVE,2012-01-01,LONDON
MTR000594,MAC004860,SMART,LANDIS_GYR,ACTIVE,2012-01-01,LONDON
MTR000595,MAC004861,SMART,LANDIS_GYR,ACTIVE,2012-01-01,LONDON
MTR000596,MAC004862,SMART,LANDIS_GYR,ACTIVE,2012-01-01,LONDON
MTR000597,MAC004863,SMART,LANDIS_GYR,ACTIVE,2012-01-01,LONDON
MTR000598,MAC004864,SMART,LANDIS_GYR,ACTIVE,2012-01-01,LONDON
MTR000599,MAC004865,SMART,LANDIS_GYR,ACTIVE,2012-01-01,LONDON
MTR000600,MAC004866,SMART,LANDIS_GYR,ACTIVE,2012-01-01,LONDON
MTR000601,MAC004867,SMART,LANDIS_GYR,ACTIVE,2012-01-01,LONDON
MTR000602,MAC004868,SMART,LANDIS_GYR,ACTIVE,2012-01-01,LONDON
MTR000603,MAC004869,SMART,LANDIS_GYR,ACTIVE,2012-01-01,LONDON
MTR000604,MAC004870,SMART,LANDIS_GYR,ACTIVE,2012-01-01,LONDON
MTR000605,MAC004871,SMART,LANDIS_GYR,ACTIVE,2012-01-01,LONDON
MTR000606,MAC004872,SMART,LANDIS_GYR,ACTIVE,2012-01-01,LONDON
MTR000607,MAC004873,SMART,LANDIS_GYR,ACTIVE,2012-01-01,LONDON
MTR000608,MAC004874,SMART,LANDIS_GYR,ACTIVE,2012-01-01,LONDON
MTR000609,MAC004875,SMART,LANDIS_GYR,ACTIVE,2012-01-01,LONDON
MTR000610,MAC004876,SMART,LANDIS_GYR,ACTIVE,2012-01-01,LONDON
MTR000611,MAC004877,SMART,LANDIS_GYR,ACTIVE,2012-01-01,LONDON
MTR000612,MAC004878,SMART,LANDIS_GYR,ACTIVE,2012-01-01,LONDON
MTR000613,MAC004879,SMART,LANDIS_GYR,ACTIVE,2012-01-01,LONDON
MTR000614,MAC004881,SMART,LANDIS_GYR,ACTIVE,2012-01-01,LONDON
MTR000615,MAC004882,SMART,LANDIS_GYR,ACTIVE,2012-01-01,LONDON
MTR000616,MAC004884,SMART,LANDIS_GYR,ACTIVE,2012-01-01,LONDON
MTR000617,MAC004885,SMART,LANDIS_GYR,ACTIVE,2012-01-01,LONDON
MTR000618,MAC004886,SMART,LANDIS_GYR,ACTIVE,2012-01-01,LONDON
MTR000619,MAC004887,SMART,LANDIS_GYR,ACTIVE,2012-01-01,LONDON
MTR000620,MAC004888,SMART,LANDIS_GYR,ACTIVE,2012-01-01,LONDON
MTR000621,MAC004889,SMART,LANDIS_GYR,ACTIVE,2012-01-01,LONDON
MTR000622,MAC004890,SMART,LANDIS_GYR,ACTIVE,2012-01-01,LONDON
MTR000623,MAC004891,SMART,LANDIS_GYR,ACTIVE,2012-01-01,LONDON
MTR000624,MAC004892,SMART,LANDIS_GYR,ACTIVE,2012-01-01,LONDON
MTR000625,MAC004894,SMART,LANDIS_GYR,ACTIVE,2012-01-01,LONDON
MTR000626,MAC004895,SMART,LANDIS_GYR,ACTIVE,2012-01-01,LONDON
MTR000627,MAC004896,SMART,LANDIS_GYR,ACTIVE,2012-01-01,LONDON
MTR000628,MAC004897,SMART,LANDIS_GYR,ACTIVE,2012-01-01,LONDON
MTR000629,MAC004898,SMART,LANDIS_GYR,ACTIVE,2012-01-01,LONDON
MTR000630,MAC004899,SMART,LANDIS_GYR,ACTIVE,2012-01-01,LONDON
MTR000631,MAC004900,SMART,LANDIS_GYR,ACTIVE,2012-01-01,LONDON
MTR000632,MAC004901,SMART,LANDIS_GYR,ACTIVE,2012-01-01,LONDON
MTR000633,MAC004902,SMART,LANDIS_GYR,ACTIVE,2012-01-01,LONDON
MTR000634,MAC004903,SMART,LANDIS_GYR,ACTIVE,2012-01-01,LONDON
MTR000635,MAC004904,SMART,LANDIS_GYR,ACTIVE,2012-01-01,LONDON
MTR000636,MAC004905,SMART,LANDIS_GYR,ACTIVE,2012-01-01,LONDON
MTR000637,MAC004906,SMART,LANDIS_GYR,ACTIVE,2012-01-01,LONDON
MTR000638,MAC004907,SMART,LANDIS_GYR,ACTIVE,2012-01-01,LONDON
MTR000639,MAC004908,SMART,LANDIS_GYR,ACTIVE,2012-01-01,LONDON
MTR000640,MAC004909,SMART,LANDIS_GYR,ACTIVE,2012-01-01,LONDON
MTR000641,MAC004911,SMART,LANDIS_GYR,ACTIVE,2012-01-01,LONDON
MTR000642,MAC004912,SMART,LANDIS_GYR,ACTIVE,2012-01-01,LONDON
MTR000643,MAC004913,SMART,LANDIS_GYR,ACTIVE,2012-01-01,LONDON
MTR000644,MAC004914,SMART,LANDIS_GYR,ACTIVE,2012-01-01,LONDON
MTR000645,MAC004915,SMART,LANDIS_GYR,ACTIVE,2012-01-01,LONDON
MTR000646,MAC004916,SMART,LANDIS_GYR,ACTIVE,2012-01-01,LONDON
MTR000647,MAC004918,SMART,LANDIS_GYR,ACTIVE,2012-01-01,LONDON
MTR000648,MAC004919,SMART,LANDIS_GYR,ACTIVE,2012-01-01,LONDON
MTR000649,MAC004920,SMART,LANDIS_GYR,ACTIVE,2012-01-01,LONDON
MTR000650,MAC004922,SMART,LANDIS_GYR,ACTIVE,2012-01-01,LONDON
MTR000651,MAC004923,SMART,LANDIS_GYR,ACTIVE,2012-01-01,LONDON
MTR000652,MAC004924,SMART,LANDIS_GYR,ACTIVE,2012-01-01,LONDON
MTR000653,MAC004925,SMART,LANDIS_GYR,ACTIVE,2012-01-01,LONDON
MTR000654,MAC004927,SMART,LANDIS_GYR,ACTIVE,2012-01-01,LONDON
MTR000655,MAC004928,SMART,LANDIS_GYR,ACTIVE,2012-01-01,LONDON
MTR000656,MAC004929,SMART,LANDIS_GYR,ACTIVE,2012-01-01,LONDON
MTR000657,MAC004930,SMART,LANDIS_GYR,ACTIVE,2012-01-01,LONDON
MTR000658,MAC004931,SMART,LANDIS_GYR,ACTIVE,2012-01-01,LONDON
MTR000659,MAC004933,SMART,LANDIS_GYR,ACTIVE,2012-01-01,LONDON
MTR000660,MAC004934,SMART,LANDIS_GYR,ACTIVE,2012-01-01,LONDON
MTR000661,MAC004935,SMART,LANDIS_GYR,ACTIVE,2012-01-01,LONDON
MTR000662,MAC004936,SMART,LANDIS_GYR,ACTIVE,2012-01-01,LONDON
MTR000663,MAC004938,SMART,LANDIS_GYR,ACTIVE,2012-01-01,LONDON
MTR000664,MAC004939,SMART,LANDIS_GYR,ACTIVE,2012-01-01,LONDON
MTR000665,MAC004940,SMART,LANDIS_GYR,ACTIVE,2012-01-01,LONDON
MTR000666,MAC004941,SMART,LANDIS_GYR,ACTIVE,2012-01-01,LONDON
MTR000667,MAC004942,SMART,LANDIS_GYR,ACTIVE,2012-01-01,LONDON
MTR000668,MAC004943,SMART,LANDIS_GYR,ACTIVE,2012-01-01,LONDON
MTR000669,MAC004944,SMART,LANDIS_GYR,ACTIVE,2012-01-01,LONDON
MTR000670,MAC004945,SMART,LANDIS_GYR,ACTIVE,2012-01-01,LONDON
MTR000671,MAC004946,SMART,LANDIS_GYR,ACTIVE,2012-01-01,LONDON
MTR000672,MAC004947,SMART,LANDIS_GYR,ACTIVE,2012-01-01,LONDON
MTR000673,MAC004950,SMART,LANDIS_GYR,ACTIVE,2012-01-01,LONDON
MTR000674,MAC004951,SMART,LANDIS_GYR,ACTIVE,2012-01-01,LONDON
MTR000675,MAC004953,SMART,LANDIS_GYR,ACTIVE,2012-01-01,LONDON
MTR000676,MAC004954,SMART,LANDIS_GYR,ACTIVE,2012-01-01,LONDON
MTR000677,MAC004957,SMART,LANDIS_GYR,ACTIVE,2012-01-01,LONDON
MTR000678,MAC004958,SMART,LANDIS_GYR,ACTIVE,2012-01-01,LONDON
MTR000679,MAC004959,SMART,LANDIS_GYR,ACTIVE,2012-01-01,LONDON
MTR000680,MAC004960,SMART,LANDIS_GYR,ACTIVE,2012-01-01,LONDON
MTR000681,MAC004961,SMART,LANDIS_GYR,ACTIVE,2012-01-01,LONDON
MTR000682,MAC004962,SMART,LANDIS_GYR,ACTIVE,2012-01-01,LONDON
MTR000683,MAC004963,SMART,LANDIS_GYR,ACTIVE,2012-01-01,LONDON
MTR000684,MAC004964,SMART,LANDIS_GYR,ACTIVE,2012-01-01,LONDON
MTR000685,MAC004966,SMART,LANDIS_GYR,ACTIVE,2012-01-01,LONDON
MTR000686,MAC004967,SMART,LANDIS_GYR,ACTIVE,2012-01-01,LONDON
MTR000687,MAC004970,SMART,LANDIS_GYR,ACTIVE,2012-01-01,LONDON
MTR000688,MAC004971,SMART,LANDIS_GYR,ACTIVE,2012-01-01,LONDON
MTR000689,MAC004972,SMART,LANDIS_GYR,ACTIVE,2012-01-01,LONDON
MTR000690,MAC004973,SMART,LANDIS_GYR,ACTIVE,2012-01-01,LONDON
MTR000691,MAC004974,SMART,LANDIS_GYR,ACTIVE,2012-01-01,LONDON
MTR000692,MAC004975,SMART,LANDIS_GYR,ACTIVE,2012-01-01,LONDON
MTR000693,MAC004976,SMART,LANDIS_GYR,ACTIVE,2012-01-01,LONDON
MTR000694,MAC004978,SMART,LANDIS_GYR,ACTIVE,2012-01-01,LONDON
MTR000695,MAC004980,SMART,LANDIS_GYR,ACTIVE,2012-01-01,LONDON
MTR000696,MAC004981,SMART,LANDIS_GYR,ACTIVE,2012-01-01,LONDON
MTR000697,MAC004982,SMART,LANDIS_GYR,ACTIVE,2012-01-01,LONDON
MTR000698,MAC004983,SMART,LANDIS_GYR,ACTIVE,2012-01-01,LONDON
MTR000699,MAC004984,SMART,LANDIS_GYR,ACTIVE,2012-01-01,LONDON
MTR000700,MAC004985,SMART,LANDIS_GYR,ACTIVE,2012-01-01,LONDON
MTR000701,MAC004986,SMART,LANDIS_GYR,ACTIVE,2012-01-01,LONDON
MTR000702,MAC004987,SMART,LANDIS_GYR,ACTIVE,2012-01-01,LONDON
MTR000703,MAC004989,SMART,LANDIS_GYR,ACTIVE,2012-01-01,LONDON
MTR000704,MAC004991,SMART,LANDIS_GYR,ACTIVE,2012-01-01,LONDON
MTR000705,MAC004992,SMART,LANDIS_GYR,ACTIVE,2012-01-01,LONDON
MTR000706,MAC004993,SMART,LANDIS_GYR,ACTIVE,2012-01-01,LONDON
MTR000707,MAC004994,SMART,LANDIS_GYR,ACTIVE,2012-01-01,LONDON
MTR000708,MAC004995,SMART,LANDIS_GYR,ACTIVE,2012-01-01,LONDON
MTR000709,MAC004996,SMART,LANDIS_GYR,ACTIVE,2012-01-01,LONDON
MTR000710,MAC004997,SMART,LANDIS_GYR,ACTIVE,2012-01-01,LONDON
MTR000711,MAC004998,SMART,LANDIS_GYR,ACTIVE,2012-01-01,LONDON
MTR000712,MAC004999,SMART,LANDIS_GYR,ACTIVE,2012-01-01,LONDON
MTR000713,MAC005000,SMART,LANDIS_GYR,ACTIVE,2012-01-01,LONDON
MTR000714,MAC005001,SMART,LANDIS_GYR,ACTIVE,2012-01-01,LONDON
MTR000715,MAC005002,SMART,LANDIS_GYR,ACTIVE,2012-01-01,LONDON
MTR000716,MAC005003,SMART,LANDIS_GYR,ACTIVE,2012-01-01,LONDON
MTR000717,MAC005004,SMART,LANDIS_GYR,ACTIVE,2012-01-01,LONDON
MTR000718,MAC005005,SMART,LANDIS_GYR,ACTIVE,2012-01-01,LONDON
MTR000719,MAC005007,SMART,LANDIS_GYR,ACTIVE,2012-01-01,LONDON
MTR000720,MAC000400,SMART,LANDIS_GYR,ACTIVE,2012-01-01,LONDON
MTR000721,MAC000403,SMART,LANDIS_GYR,ACTIVE,2012-01-01,LONDON
MTR000722,MAC000404,SMART,LANDIS_GYR,ACTIVE,2012-01-01,LONDON
MTR000723,MAC000405,SMART,LANDIS_GYR,ACTIVE,2012-01-01,LONDON
MTR000724,MAC000407,SMART,LANDIS_GYR,ACTIVE,2012-01-01,LONDON
MTR000725,MAC000409,SMART,LANDIS_GYR,ACTIVE,2012-01-01,LONDON
MTR000726,MAC000410,SMART,LANDIS_GYR,ACTIVE,2012-01-01,LONDON
MTR000727,MAC000411,SMART,LANDIS_GYR,ACTIVE,2012-01-01,LONDON
MTR000728,MAC000412,SMART,LANDIS_GYR,ACTIVE,2012-01-01,LONDON
MTR000729,MAC000413,SMART,LANDIS_GYR,ACTIVE,2012-01-01,LONDON
MTR000730,MAC000414,SMART,LANDIS_GYR,ACTIVE,2012-01-01,LONDON
MTR000731,MAC000415,SMART,LANDIS_GYR,ACTIVE,2012-01-01,LONDON
MTR000732,MAC000416,SMART,LANDIS_GYR,ACTIVE,2012-01-01,LONDON
MTR000733,MAC000417,SMART,LANDIS_GYR,ACTIVE,2012-01-01,LONDON
MTR000734,MAC000419,SMART,LANDIS_GYR,ACTIVE,2012-01-01,LONDON
MTR000735,MAC000420,SMART,LANDIS_GYR,ACTIVE,2012-01-01,LONDON
MTR000736,MAC000422,SMART,LANDIS_GYR,ACTIVE,2012-01-01,LONDON
MTR000737,MAC000423,SMART,LANDIS_GYR,ACTIVE,2012-01-01,LONDON
MTR000738,MAC000424,SMART,LANDIS_GYR,ACTIVE,2012-01-01,LONDON
MTR000739,MAC000425,SMART,LANDIS_GYR,ACTIVE,2012-01-01,LONDON
MTR000740,MAC000426,SMART,LANDIS_GYR,ACTIVE,2012-01-01,LONDON
MTR000741,MAC000427,SMART,LANDIS_GYR,ACTIVE,2012-01-01,LONDON
MTR000742,MAC000428,SMART,LANDIS_GYR,ACTIVE,2012-01-01,LONDON
MTR000743,MAC000429,SMART,LANDIS_GYR,ACTIVE,2012-01-01,LONDON
MTR000744,MAC000430,SMART,LANDIS_GYR,ACTIVE,2012-01-01,LONDON
MTR000745,MAC000431,SMART,LANDIS_GYR,ACTIVE,2012-01-01,LONDON
MTR000746,MAC000432,SMART,LANDIS_GYR,ACTIVE,2012-01-01,LONDON
MTR000747,MAC000434,SMART,LANDIS_GYR,ACTIVE,2012-01-01,LONDON
MTR000748,MAC000435,SMART,LANDIS_GYR,ACTIVE,2012-01-01,LONDON
MTR000749,MAC000436,SMART,LANDIS_GYR,ACTIVE,2012-01-01,LONDON
MTR000750,MAC005008,SMART,LANDIS_GYR,ACTIVE,2012-01-01,LONDON
MTR000751,MAC005009,SMART,LANDIS_GYR,ACTIVE,2012-01-01,LONDON
MTR000752,MAC005010,SMART,LANDIS_GYR,ACTIVE,2012-01-01,LONDON
MTR000753,MAC005012,SMART,LANDIS_GYR,ACTIVE,2012-01-01,LONDON
MTR000754,MAC005014,SMART,LANDIS_GYR,ACTIVE,2012-01-01,LONDON
MTR000755,MAC005015,SMART,LANDIS_GYR,ACTIVE,2012-01-01,LONDON
MTR000756,MAC005016,SMART,LANDIS_GYR,ACTIVE,2012-01-01,LONDON
MTR000757,MAC005018,SMART,LANDIS_GYR,ACTIVE,2012-01-01,LONDON
MTR000758,MAC005019,SMART,LANDIS_GYR,ACTIVE,2012-01-01,LONDON
MTR000759,MAC005020,SMART,LANDIS_GYR,ACTIVE,2012-01-01,LONDON
MTR000760,MAC005021,SMART,LANDIS_GYR,ACTIVE,2012-01-01,LONDON
MTR000761,MAC005024,SMART,LANDIS_GYR,ACTIVE,2012-01-01,LONDON
MTR000762,MAC005025,SMART,LANDIS_GYR,ACTIVE,2012-01-01,LONDON
MTR000763,MAC005026,SMART,LANDIS_GYR,ACTIVE,2012-01-01,LONDON
MTR000764,MAC005027,SMART,LANDIS_GYR,ACTIVE,2012-01-01,LONDON
MTR000765,MAC005028,SMART,LANDIS_GYR,ACTIVE,2012-01-01,LONDON
MTR000766,MAC005029,SMART,LANDIS_GYR,ACTIVE,2012-01-01,LONDON
MTR000767,MAC005030,SMART,LANDIS_GYR,ACTIVE,2012-01-01,LONDON
MTR000768,MAC005032,SMART,LANDIS_GYR,ACTIVE,2012-01-01,LONDON
MTR000769,MAC005033,SMART,LANDIS_GYR,ACTIVE,2012-01-01,LONDON
MTR000770,MAC005035,SMART,LANDIS_GYR,ACTIVE,2012-01-01,LONDON
MTR000771,MAC005036,SMART,LANDIS_GYR,ACTIVE,2012-01-01,LONDON
MTR000772,MAC005037,SMART,LANDIS_GYR,ACTIVE,2012-01-01,LONDON
MTR000773,MAC005038,SMART,LANDIS_GYR,ACTIVE,2012-01-01,LONDON
MTR000774,MAC005040,SMART,LANDIS_GYR,ACTIVE,2012-01-01,LONDON
MTR000775,MAC005041,SMART,LANDIS_GYR,ACTIVE,2012-01-01,LONDON
MTR000776,MAC005042,SMART,LANDIS_GYR,ACTIVE,2012-01-01,LONDON
MTR000777,MAC005043,SMART,LANDIS_GYR,ACTIVE,2012-01-01,LONDON
MTR000778,MAC005044,SMART,LANDIS_GYR,ACTIVE,2012-01-01,LONDON
MTR000779,MAC005045,SMART,LANDIS_GYR,ACTIVE,2012-01-01,LONDON
MTR000780,MAC005046,SMART,LANDIS_GYR,ACTIVE,2012-01-01,LONDON
MTR000781,MAC005047,SMART,LANDIS_GYR,ACTIVE,2012-01-01,LONDON
MTR000782,MAC005048,SMART,LANDIS_GYR,ACTIVE,2012-01-01,LONDON
MTR000783,MAC005049,SMART,LANDIS_GYR,ACTIVE,2012-01-01,LONDON
MTR000784,MAC005050,SMART,LANDIS_GYR,ACTIVE,2012-01-01,LONDON
MTR000785,MAC005051,SMART,LANDIS_GYR,ACTIVE,2012-01-01,LONDON
MTR000786,MAC005052,SMART,LANDIS_GYR,ACTIVE,2012-01-01,LONDON
MTR000787,MAC005053,SMART,LANDIS_GYR,ACTIVE,2012-01-01,LONDON
MTR000788,MAC005054,SMART,LANDIS_GYR,ACTIVE,2012-01-01,LONDON
MTR000789,MAC005055,SMART,LANDIS_GYR,ACTIVE,2012-01-01,LONDON
MTR000790,MAC005056,SMART,LANDIS_GYR,ACTIVE,2012-01-01,LONDON
MTR000791,MAC005058,SMART,LANDIS_GYR,ACTIVE,2012-01-01,LONDON
MTR000792,MAC005060,SMART,LANDIS_GYR,ACTIVE,2012-01-01,LONDON
MTR000793,MAC005061,SMART,LANDIS_GYR,ACTIVE,2012-01-01,LONDON
MTR000794,MAC005062,SMART,LANDIS_GYR,ACTIVE,2012-01-01,LONDON
MTR000795,MAC005063,SMART,LANDIS_GYR,ACTIVE,2012-01-01,LONDON
MTR000796,MAC005064,SMART,LANDIS_GYR,ACTIVE,2012-01-01,LONDON
MTR000797,MAC005065,SMART,LANDIS_GYR,ACTIVE,2012-01-01,LONDON
MTR000798,MAC005066,SMART,LANDIS_GYR,ACTIVE,2012-01-01,LONDON
MTR000799,MAC005067,SMART,LANDIS_GYR,ACTIVE,2012-01-01,LONDON
MTR000800,MAC005071,SMART,LANDIS_GYR,ACTIVE,2012-01-01,LONDON
MTR000801,MAC005072,SMART,LANDIS_GYR,ACTIVE,2012-01-01,LONDON
MTR000802,MAC005073,SMART,LANDIS_GYR,ACTIVE,2012-01-01,LONDON
MTR000803,MAC005074,SMART,LANDIS_GYR,ACTIVE,2012-01-01,LONDON
MTR000804,MAC005075,SMART,LANDIS_GYR,ACTIVE,2012-01-01,LONDON
MTR000805,MAC005077,SMART,LANDIS_GYR,ACTIVE,2012-01-01,LONDON
MTR000806,MAC005078,SMART,LANDIS_GYR,ACTIVE,2012-01-01,LONDON
MTR000807,MAC005079,SMART,LANDIS_GYR,ACTIVE,2012-01-01,LONDON
MTR000808,MAC005081,SMART,LANDIS_GYR,ACTIVE,2012-01-01,LONDON
MTR000809,MAC005082,SMART,LANDIS_GYR,ACTIVE,2012-01-01,LONDON
MTR000810,MAC005084,SMART,LANDIS_GYR,ACTIVE,2012-01-01,LONDON
MTR000811,MAC005086,SMART,LANDIS_GYR,ACTIVE,2012-01-01,LONDON
MTR000812,MAC005087,SMART,LANDIS_GYR,ACTIVE,2012-01-01,LONDON
MTR000813,MAC005088,SMART,LANDIS_GYR,ACTIVE,2012-01-01,LONDON
MTR000814,MAC005089,SMART,LANDIS_GYR,ACTIVE,2012-01-01,LONDON
MTR000815,MAC005090,SMART,LANDIS_GYR,ACTIVE,2012-01-01,LONDON
MTR000816,MAC005092,SMART,LANDIS_GYR,ACTIVE,2012-01-01,LONDON
MTR000817,MAC005094,SMART,LANDIS_GYR,ACTIVE,2012-01-01,LONDON
MTR000818,MAC005095,SMART,LANDIS_GYR,ACTIVE,2012-01-01,LONDON
MTR000819,MAC005096,SMART,LANDIS_GYR,ACTIVE,2012-01-01,LONDON
MTR000820,MAC005097,SMART,LANDIS_GYR,ACTIVE,2012-01-01,LONDON
MTR000821,MAC005098,SMART,LANDIS_GYR,ACTIVE,2012-01-01,LONDON
MTR000822,MAC005099,SMART,LANDIS_GYR,ACTIVE,2012-01-01,LONDON
MTR000823,MAC005100,SMART,LANDIS_GYR,ACTIVE,2012-01-01,LONDON
MTR000824,MAC005101,SMART,LANDIS_GYR,ACTIVE,2012-01-01,LONDON
MTR000825,MAC005103,SMART,LANDIS_GYR,ACTIVE,2012-01-01,LONDON
MTR000826,MAC005104,SMART,LANDIS_GYR,ACTIVE,2012-01-01,LONDON
MTR000827,MAC005105,SMART,LANDIS_GYR,ACTIVE,2012-01-01,LONDON
MTR000828,MAC005107,SMART,LANDIS_GYR,ACTIVE,2012-01-01,LONDON
MTR000829,MAC005108,SMART,LANDIS_GYR,ACTIVE,2012-01-01,LONDON
MTR000830,MAC005109,SMART,LANDIS_GYR,ACTIVE,2012-01-01,LONDON
MTR000831,MAC005112,SMART,LANDIS_GYR,ACTIVE,2012-01-01,LONDON
MTR000832,MAC005113,SMART,LANDIS_GYR,ACTIVE,2012-01-01,LONDON
MTR000833,MAC005114,SMART,LANDIS_GYR,ACTIVE,2012-01-01,LONDON
MTR000834,MAC005115,SMART,LANDIS_GYR,ACTIVE,2012-01-01,LONDON
MTR000835,MAC005116,SMART,LANDIS_GYR,ACTIVE,2012-01-01,LONDON
MTR000836,MAC005117,SMART,LANDIS_GYR,ACTIVE,2012-01-01,LONDON
MTR000837,MAC005118,SMART,LANDIS_GYR,ACTIVE,2012-01-01,LONDON
MTR000838,MAC005119,SMART,LANDIS_GYR,ACTIVE,2012-01-01,LONDON
MTR000839,MAC005120,SMART,LANDIS_GYR,ACTIVE,2012-01-01,LONDON
MTR000840,MAC005123,SMART,LANDIS_GYR,ACTIVE,2012-01-01,LONDON
MTR000841,MAC005125,SMART,LANDIS_GYR,ACTIVE,2012-01-01,LONDON
MTR000842,MAC005126,SMART,LANDIS_GYR,ACTIVE,2012-01-01,LONDON
MTR000843,MAC005128,SMART,LANDIS_GYR,ACTIVE,2012-01-01,LONDON
MTR000844,MAC005129,SMART,LANDIS_GYR,ACTIVE,2012-01-01,LONDON
MTR000845,MAC005130,SMART,LANDIS_GYR,ACTIVE,2012-01-01,LONDON
MTR000846,MAC005131,SMART,LANDIS_GYR,ACTIVE,2012-01-01,LONDON
MTR000847,MAC005132,SMART,LANDIS_GYR,ACTIVE,2012-01-01,LONDON
MTR000848,MAC005133,SMART,LANDIS_GYR,ACTIVE,2012-01-01,LONDON
MTR000849,MAC005135,SMART,LANDIS_GYR,ACTIVE,2012-01-01,LONDON
MTR000850,MAC005136,SMART,LANDIS_GYR,ACTIVE,2012-01-01,LONDON
MTR000851,MAC005137,SMART,LANDIS_GYR,ACTIVE,2012-01-01,LONDON
MTR000852,MAC005138,SMART,LANDIS_GYR,ACTIVE,2012-01-01,LONDON
MTR000853,MAC005139,SMART,LANDIS_GYR,ACTIVE,2012-01-01,LONDON
MTR000854,MAC005140,SMART,LANDIS_GYR,ACTIVE,2012-01-01,LONDON
MTR000855,MAC005141,SMART,LANDIS_GYR,ACTIVE,2012-01-01,LONDON
MTR000856,MAC005142,SMART,LANDIS_GYR,ACTIVE,2012-01-01,LONDON
MTR000857,MAC005143,SMART,LANDIS_GYR,ACTIVE,2012-01-01,LONDON
MTR000858,MAC005144,SMART,LANDIS_GYR,ACTIVE,2012-01-01,LONDON
MTR000859,MAC005145,SMART,LANDIS_GYR,ACTIVE,2012-01-01,LONDON
MTR000860,MAC005151,SMART,LANDIS_GYR,ACTIVE,2012-01-01,LONDON
MTR000861,MAC005153,SMART,LANDIS_GYR,ACTIVE,2012-01-01,LONDON
MTR000862,MAC005154,SMART,LANDIS_GYR,ACTIVE,2012-01-01,LONDON
MTR000863,MAC005155,SMART,LANDIS_GYR,ACTIVE,2012-01-01,LONDON
MTR000864,MAC005156,SMART,LANDIS_GYR,ACTIVE,2012-01-01,LONDON
MTR000865,MAC005158,SMART,LANDIS_GYR,ACTIVE,2012-01-01,LONDON
MTR000866,MAC005163,SMART,LANDIS_GYR,ACTIVE,2012-01-01,LONDON
MTR000867,MAC005165,SMART,LANDIS_GYR,ACTIVE,2012-01-01,LONDON
MTR000868,MAC005166,SMART,LANDIS_GYR,ACTIVE,2012-01-01,LONDON
MTR000869,MAC005167,SMART,LANDIS_GYR,ACTIVE,2012-01-01,LONDON
MTR000870,MAC005168,SMART,LANDIS_GYR,ACTIVE,2012-01-01,LONDON
MTR000871,MAC005169,SMART,LANDIS_GYR,ACTIVE,2012-01-01,LONDON
MTR000872,MAC005170,SMART,LANDIS_GYR,ACTIVE,2012-01-01,LONDON
MTR000873,MAC005174,SMART,LANDIS_GYR,ACTIVE,2012-01-01,LONDON
MTR000874,MAC005175,SMART,LANDIS_GYR,ACTIVE,2012-01-01,LONDON
MTR000875,MAC005176,SMART,LANDIS_GYR,ACTIVE,2012-01-01,LONDON
MTR000876,MAC005177,SMART,LANDIS_GYR,ACTIVE,2012-01-01,LONDON
MTR000877,MAC005178,SMART,LANDIS_GYR,ACTIVE,2012-01-01,LONDON
MTR000878,MAC005181,SMART,LANDIS_GYR,ACTIVE,2012-01-01,LONDON
MTR000879,MAC005182,SMART,LANDIS_GYR,ACTIVE,2012-01-01,LONDON
MTR000880,MAC005183,SMART,LANDIS_GYR,ACTIVE,2012-01-01,LONDON
MTR000881,MAC005185,SMART,LANDIS_GYR,ACTIVE,2012-01-01,LONDON
MTR000882,MAC005187,SMART,LANDIS_GYR,ACTIVE,2012-01-01,LONDON
MTR000883,MAC005188,SMART,LANDIS_GYR,ACTIVE,2012-01-01,LONDON
MTR000884,MAC005191,SMART,LANDIS_GYR,ACTIVE,2012-01-01,LONDON
MTR000885,MAC005192,SMART,LANDIS_GYR,ACTIVE,2012-01-01,LONDON
MTR000886,MAC005193,SMART,LANDIS_GYR,ACTIVE,2012-01-01,LONDON
MTR000887,MAC005194,SMART,LANDIS_GYR,ACTIVE,2012-01-01,LONDON
MTR000888,MAC005195,SMART,LANDIS_GYR,ACTIVE,2012-01-01,LONDON
MTR000889,MAC005196,SMART,LANDIS_GYR,ACTIVE,2012-01-01,LONDON
MTR000890,MAC005198,SMART,LANDIS_GYR,ACTIVE,2012-01-01,LONDON
MTR000891,MAC005199,SMART,LANDIS_GYR,ACTIVE,2012-01-01,LONDON
MTR000892,MAC005201,SMART,LANDIS_GYR,ACTIVE,2012-01-01,LONDON
MTR000893,MAC005202,SMART,LANDIS_GYR,ACTIVE,2012-01-01,LONDON
MTR000894,MAC005203,SMART,LANDIS_GYR,ACTIVE,2012-01-01,LONDON
MTR000895,MAC005205,SMART,LANDIS_GYR,ACTIVE,2012-01-01,LONDON
MTR000896,MAC005206,SMART,LANDIS_GYR,ACTIVE,2012-01-01,LONDON
MTR000897,MAC005208,SMART,LANDIS_GYR,ACTIVE,2012-01-01,LONDON
MTR000898,MAC005209,SMART,LANDIS_GYR,ACTIVE,2012-01-01,LONDON
MTR000899,MAC005210,SMART,LANDIS_GYR,ACTIVE,2012-01-01,LONDON
MTR000900,MAC005211,SMART,LANDIS_GYR,ACTIVE,2012-01-01,LONDON
MTR000901,MAC005213,SMART,LANDIS_GYR,ACTIVE,2012-01-01,LONDON
MTR000902,MAC005214,SMART,LANDIS_GYR,ACTIVE,2012-01-01,LONDON
MTR000903,MAC005215,SMART,LANDIS_GYR,ACTIVE,2012-01-01,LONDON
MTR000904,MAC005216,SMART,LANDIS_GYR,ACTIVE,2012-01-01,LONDON
MTR000905,MAC005217,SMART,LANDIS_GYR,ACTIVE,2012-01-01,LONDON
MTR000906,MAC005218,SMART,LANDIS_GYR,ACTIVE,2012-01-01,LONDON
MTR000907,MAC005219,SMART,LANDIS_GYR,ACTIVE,2012-01-01,LONDON
MTR000908,MAC005220,SMART,LANDIS_GYR,ACTIVE,2012-01-01,LONDON
MTR000909,MAC005221,SMART,LANDIS_GYR,ACTIVE,2012-01-01,LONDON
MTR000910,MAC005222,SMART,LANDIS_GYR,ACTIVE,2012-01-01,LONDON
MTR000911,MAC005223,SMART,LANDIS_GYR,ACTIVE,2012-01-01,LONDON
MTR000912,MAC005224,SMART,LANDIS_GYR,ACTIVE,2012-01-01,LONDON
MTR000913,MAC005225,SMART,LANDIS_GYR,ACTIVE,2012-01-01,LONDON
MTR000914,MAC005226,SMART,LANDIS_GYR,ACTIVE,2012-01-01,LONDON
MTR000915,MAC005227,SMART,LANDIS_GYR,ACTIVE,2012-01-01,LONDON
MTR000916,MAC005228,SMART,LANDIS_GYR,ACTIVE,2012-01-01,LONDON
MTR000917,MAC005229,SMART,LANDIS_GYR,ACTIVE,2012-01-01,LONDON
MTR000918,MAC005230,SMART,LANDIS_GYR,ACTIVE,2012-01-01,LONDON
MTR000919,MAC005231,SMART,LANDIS_GYR,ACTIVE,2012-01-01,LONDON
MTR000920,MAC005232,SMART,LANDIS_GYR,ACTIVE,2012-01-01,LONDON
MTR000921,MAC005233,SMART,LANDIS_GYR,ACTIVE,2012-01-01,LONDON
MTR000922,MAC005234,SMART,LANDIS_GYR,ACTIVE,2012-01-01,LONDON
MTR000923,MAC005235,SMART,LANDIS_GYR,ACTIVE,2012-01-01,LONDON
MTR000924,MAC005236,SMART,LANDIS_GYR,ACTIVE,2012-01-01,LONDON
MTR000925,MAC005237,SMART,LANDIS_GYR,ACTIVE,2012-01-01,LONDON
MTR000926,MAC005238,SMART,LANDIS_GYR,ACTIVE,2012-01-01,LONDON
MTR000927,MAC005239,SMART,LANDIS_GYR,ACTIVE,2012-01-01,LONDON
MTR000928,MAC005241,SMART,LANDIS_GYR,ACTIVE,2012-01-01,LONDON
MTR000929,MAC005242,SMART,LANDIS_GYR,ACTIVE,2012-01-01,LONDON
MTR000930,MAC005243,SMART,LANDIS_GYR,ACTIVE,2012-01-01,LONDON
MTR000931,MAC005244,SMART,LANDIS_GYR,ACTIVE,2012-01-01,LONDON
MTR000932,MAC005245,SMART,LANDIS_GYR,ACTIVE,2012-01-01,LONDON
MTR000933,MAC005246,SMART,LANDIS_GYR,ACTIVE,2012-01-01,LONDON
MTR000934,MAC005247,SMART,LANDIS_GYR,ACTIVE,2012-01-01,LONDON
MTR000935,MAC005248,SMART,LANDIS_GYR,ACTIVE,2012-01-01,LONDON
MTR000936,MAC005249,SMART,LANDIS_GYR,ACTIVE,2012-01-01,LONDON
MTR000937,MAC005251,SMART,LANDIS_GYR,ACTIVE,2012-01-01,LONDON
MTR000938,MAC005252,SMART,LANDIS_GYR,ACTIVE,2012-01-01,LONDON
MTR000939,MAC005253,SMART,LANDIS_GYR,ACTIVE,2012-01-01,LONDON
MTR000940,MAC005254,SMART,LANDIS_GYR,ACTIVE,2012-01-01,LONDON
MTR000941,MAC005257,SMART,LANDIS_GYR,ACTIVE,2012-01-01,LONDON
MTR000942,MAC005258,SMART,LANDIS_GYR,ACTIVE,2012-01-01,LONDON
MTR000943,MAC005259,SMART,LANDIS_GYR,ACTIVE,2012-01-01,LONDON
MTR000944,MAC005260,SMART,LANDIS_GYR,ACTIVE,2012-01-01,LONDON
MTR000945,MAC005261,SMART,LANDIS_GYR,ACTIVE,2012-01-01,LONDON
MTR000946,MAC005262,SMART,LANDIS_GYR,ACTIVE,2012-01-01,LONDON
MTR000947,MAC005263,SMART,LANDIS_GYR,ACTIVE,2012-01-01,LONDON
MTR000948,MAC005264,SMART,LANDIS_GYR,ACTIVE,2012-01-01,LONDON
MTR000949,MAC005265,SMART,LANDIS_GYR,ACTIVE,2012-01-01,LONDON
MTR000950,MAC005267,SMART,LANDIS_GYR,ACTIVE,2012-01-01,LONDON
MTR000951,MAC005268,SMART,LANDIS_GYR,ACTIVE,2012-01-01,LONDON
MTR000952,MAC005269,SMART,LANDIS_GYR,ACTIVE,2012-01-01,LONDON
MTR000953,MAC005270,SMART,LANDIS_GYR,ACTIVE,2012-01-01,LONDON
MTR000954,MAC005272,SMART,LANDIS_GYR,ACTIVE,2012-01-01,LONDON
MTR000955,MAC005273,SMART,LANDIS_GYR,ACTIVE,2012-01-01,LONDON
MTR000956,MAC005274,SMART,LANDIS_GYR,ACTIVE,2012-01-01,LONDON
MTR000957,MAC005275,SMART,LANDIS_GYR,ACTIVE,2012-01-01,LONDON
MTR000958,MAC005276,SMART,LANDIS_GYR,ACTIVE,2012-01-01,LONDON
MTR000959,MAC005277,SMART,LANDIS_GYR,ACTIVE,2012-01-01,LONDON
MTR000960,MAC005280,SMART,LANDIS_GYR,ACTIVE,2012-01-01,LONDON
MTR000961,MAC005282,SMART,LANDIS_GYR,ACTIVE,2012-01-01,LONDON
MTR000962,MAC005283,SMART,LANDIS_GYR,ACTIVE,2012-01-01,LONDON
MTR000963,MAC005285,SMART,LANDIS_GYR,ACTIVE,2012-01-01,LONDON
MTR000964,MAC005286,SMART,LANDIS_GYR,ACTIVE,2012-01-01,LONDON
MTR000965,MAC005287,SMART,LANDIS_GYR,ACTIVE,2012-01-01,LONDON
MTR000966,MAC005288,SMART,LANDIS_GYR,ACTIVE,2012-01-01,LONDON
MTR000967,MAC005289,SMART,LANDIS_GYR,ACTIVE,2012-01-01,LONDON
MTR000968,MAC005293,SMART,LANDIS_GYR,ACTIVE,2012-01-01,LONDON
MTR000969,MAC005294,SMART,LANDIS_GYR,ACTIVE,2012-01-01,LONDON
MTR000970,MAC005295,SMART,LANDIS_GYR,ACTIVE,2012-01-01,LONDON
MTR000971,MAC005296,SMART,LANDIS_GYR,ACTIVE,2012-01-01,LONDON
MTR000972,MAC005297,SMART,LANDIS_GYR,ACTIVE,2012-01-01,LONDON
MTR000973,MAC005298,SMART,LANDIS_GYR,ACTIVE,2012-01-01,LONDON
MTR000974,MAC005299,SMART,LANDIS_GYR,ACTIVE,2012-01-01,LONDON
MTR000975,MAC005300,SMART,LANDIS_GYR,ACTIVE,2012-01-01,LONDON
MTR000976,MAC005301,SMART,LANDIS_GYR,ACTIVE,2012-01-01,LONDON
MTR000977,MAC005302,SMART,LANDIS_GYR,ACTIVE,2012-01-01,LONDON
MTR000978,MAC005303,SMART,LANDIS_GYR,ACTIVE,2012-01-01,LONDON
MTR000979,MAC005304,SMART,LANDIS_GYR,ACTIVE,2012-01-01,LONDON
MTR000980,MAC005305,SMART,LANDIS_GYR,ACTIVE,2012-01-01,LONDON
MTR000981,MAC005307,SMART,LANDIS_GYR,ACTIVE,2012-01-01,LONDON
MTR000982,MAC005309,SMART,LANDIS_GYR,ACTIVE,2012-01-01,LONDON
MTR000983,MAC005311,SMART,LANDIS_GYR,ACTIVE,2012-01-01,LONDON
MTR000984,MAC005312,SMART,LANDIS_GYR,ACTIVE,2012-01-01,LONDON
MTR000985,MAC005313,SMART,LANDIS_GYR,ACTIVE,2012-01-01,LONDON
MTR000986,MAC005314,SMART,LANDIS_GYR,ACTIVE,2012-01-01,LONDON
MTR000987,MAC005315,SMART,LANDIS_GYR,ACTIVE,2012-01-01,LONDON
MTR000988,MAC005316,SMART,LANDIS_GYR,ACTIVE,2012-01-01,LONDON
MTR000989,MAC005317,SMART,LANDIS_GYR,ACTIVE,2012-01-01,LONDON
MTR000990,MAC005318,SMART,LANDIS_GYR,ACTIVE,2012-01-01,LONDON
MTR000991,MAC005319,SMART,LANDIS_GYR,ACTIVE,2012-01-01,LONDON
MTR000992,MAC005320,SMART,LANDIS_GYR,ACTIVE,2012-01-01,LONDON
MTR000993,MAC005322,SMART,LANDIS_GYR,ACTIVE,2012-01-01,LONDON
MTR000994,MAC005323,SMART,LANDIS_GYR,ACTIVE,2012-01-01,LONDON
MTR000995,MAC005325,SMART,LANDIS_GYR,ACTIVE,2012-01-01,LONDON
MTR000996,MAC005326,SMART,LANDIS_GYR,ACTIVE,2012-01-01,LONDON
MTR000997,MAC005327,SMART,LANDIS_GYR,ACTIVE,2012-01-01,LONDON
MTR000998,MAC005328,SMART,LANDIS_GYR,ACTIVE,2012-01-01,LONDON
MTR000999,MAC005329,SMART,LANDIS_GYR,ACTIVE,2012-01-01,LONDON
MTR001000,MAC005330,SMART,LANDIS_GYR,ACTIVE,2012-01-01,LONDON
MTR001001,MAC005331,SMART,LANDIS_GYR,ACTIVE,2012-01-01,LONDON
MTR001002,MAC005332,SMART,LANDIS_GYR,ACTIVE,2012-01-01,LONDON
MTR001003,MAC005333,SMART,LANDIS_GYR,ACTIVE,2012-01-01,LONDON
MTR001004,MAC005334,SMART,LANDIS_GYR,ACTIVE,2012-01-01,LONDON
MTR001005,MAC005335,SMART,LANDIS_GYR,ACTIVE,2012-01-01,LONDON
MTR001006,MAC005336,SMART,LANDIS_GYR,ACTIVE,2012-01-01,LONDON
MTR001007,MAC005337,SMART,LANDIS_GYR,ACTIVE,2012-01-01,LONDON
MTR001008,MAC005338,SMART,LANDIS_GYR,ACTIVE,2012-01-01,LONDON
MTR001009,MAC005339,SMART,LANDIS_GYR,ACTIVE,2012-01-01,LONDON
MTR001010,MAC005340,SMART,LANDIS_GYR,ACTIVE,2012-01-01,LONDON
MTR001011,MAC005343,SMART,LANDIS_GYR,ACTIVE,2012-01-01,LONDON
MTR001012,MAC005344,SMART,LANDIS_GYR,ACTIVE,2012-01-01,LONDON
MTR001013,MAC005345,SMART,LANDIS_GYR,ACTIVE,2012-01-01,LONDON
MTR001014,MAC005346,SMART,LANDIS_GYR,ACTIVE,2012-01-01,LONDON
MTR001015,MAC005348,SMART,LANDIS_GYR,ACTIVE,2012-01-01,LONDON
MTR001016,MAC005350,SMART,LANDIS_GYR,ACTIVE,2012-01-01,LONDON
MTR001017,MAC005351,SMART,LANDIS_GYR,ACTIVE,2012-01-01,LONDON
MTR001018,MAC005353,SMART,LANDIS_GYR,ACTIVE,2012-01-01,LONDON
MTR001019,MAC005355,SMART,LANDIS_GYR,ACTIVE,2012-01-01,LONDON
MTR001020,MAC005356,SMART,LANDIS_GYR,ACTIVE,2012-01-01,LONDON
MTR001021,MAC005357,SMART,LANDIS_GYR,ACTIVE,2012-01-01,LONDON
MTR001022,MAC005358,SMART,LANDIS_GYR,ACTIVE,2012-01-01,LONDON
MTR001023,MAC005360,SMART,LANDIS_GYR,ACTIVE,2012-01-01,LONDON
MTR001024,MAC005361,SMART,LANDIS_GYR,ACTIVE,2012-01-01,LONDON
MTR001025,MAC005362,SMART,LANDIS_GYR,ACTIVE,2012-01-01,LONDON
MTR001026,MAC005363,SMART,LANDIS_GYR,ACTIVE,2012-01-01,LONDON
MTR001027,MAC005364,SMART,LANDIS_GYR,ACTIVE,2012-01-01,LONDON
MTR001028,MAC005365,SMART,LANDIS_GYR,ACTIVE,2012-01-01,LONDON
MTR001029,MAC005366,SMART,LANDIS_GYR,ACTIVE,2012-01-01,LONDON
MTR001030,MAC005367,SMART,LANDIS_GYR,ACTIVE,2012-01-01,LONDON
MTR001031,MAC005369,SMART,LANDIS_GYR,ACTIVE,2012-01-01,LONDON
MTR001032,MAC005370,SMART,LANDIS_GYR,ACTIVE,2012-01-01,LONDON
MTR001033,MAC005371,SMART,LANDIS_GYR,ACTIVE,2012-01-01,LONDON
MTR001034,MAC005372,SMART,LANDIS_GYR,ACTIVE,2012-01-01,LONDON
MTR001035,MAC005373,SMART,LANDIS_GYR,ACTIVE,2012-01-01,LONDON
MTR001036,MAC005374,SMART,LANDIS_GYR,ACTIVE,2012-01-01,LONDON
MTR001037,MAC005375,SMART,LANDIS_GYR,ACTIVE,2012-01-01,LONDON
MTR001038,MAC005376,SMART,LANDIS_GYR,ACTIVE,2012-01-01,LONDON
MTR001039,MAC005377,SMART,LANDIS_GYR,ACTIVE,2012-01-01,LONDON
MTR001040,MAC005378,SMART,LANDIS_GYR,ACTIVE,2012-01-01,LONDON
MTR001041,MAC005379,SMART,LANDIS_GYR,ACTIVE,2012-01-01,LONDON
MTR001042,MAC005380,SMART,LANDIS_GYR,ACTIVE,2012-01-01,LONDON
MTR001043,MAC005381,SMART,LANDIS_GYR,ACTIVE,2012-01-01,LONDON
MTR001044,MAC005382,SMART,LANDIS_GYR,ACTIVE,2012-01-01,LONDON
MTR001045,MAC005383,SMART,LANDIS_GYR,ACTIVE,2012-01-01,LONDON
MTR001046,MAC005385,SMART,LANDIS_GYR,ACTIVE,2012-01-01,LONDON
MTR001047,MAC005386,SMART,LANDIS_GYR,ACTIVE,2012-01-01,LONDON
MTR001048,MAC005387,SMART,LANDIS_GYR,ACTIVE,2012-01-01,LONDON
MTR001049,MAC005388,SMART,LANDIS_GYR,ACTIVE,2012-01-01,LONDON
MTR001050,MAC005389,SMART,LANDIS_GYR,ACTIVE,2012-01-01,LONDON
MTR001051,MAC005390,SMART,LANDIS_GYR,ACTIVE,2012-01-01,LONDON
MTR001052,MAC005391,SMART,LANDIS_GYR,ACTIVE,2012-01-01,LONDON
MTR001053,MAC005392,SMART,LANDIS_GYR,ACTIVE,2012-01-01,LONDON
MTR001054,MAC000437,SMART,LANDIS_GYR,ACTIVE,2012-01-01,LONDON
MTR001055,MAC000438,SMART,LANDIS_GYR,ACTIVE,2012-01-01,LONDON
MTR001056,MAC000440,SMART,LANDIS_GYR,ACTIVE,2012-01-01,LONDON
MTR001057,MAC000441,SMART,LANDIS_GYR,ACTIVE,2012-01-01,LONDON
MTR001058,MAC000442,SMART,LANDIS_GYR,ACTIVE,2012-01-01,LONDON
MTR001059,MAC000443,SMART,LANDIS_GYR,ACTIVE,2012-01-01,LONDON
MTR001060,MAC000444,SMART,LANDIS_GYR,ACTIVE,2012-01-01,LONDON
MTR001061,MAC000445,SMART,LANDIS_GYR,ACTIVE,2012-01-01,LONDON
MTR001062,MAC000446,SMART,LANDIS_GYR,ACTIVE,2012-01-01,LONDON
MTR001063,MAC000448,SMART,LANDIS_GYR,ACTIVE,2012-01-01,LONDON
MTR001064,MAC000449,SMART,LANDIS_GYR,ACTIVE,2012-01-01,LONDON
MTR001065,MAC000450,SMART,LANDIS_GYR,ACTIVE,2012-01-01,LONDON
MTR001066,MAC000452,SMART,LANDIS_GYR,ACTIVE,2012-01-01,LONDON
MTR001067,MAC000453,SMART,LANDIS_GYR,ACTIVE,2012-01-01,LONDON
MTR001068,MAC000454,SMART,LANDIS_GYR,ACTIVE,2012-01-01,LONDON
MTR001069,MAC000455,SMART,LANDIS_GYR,ACTIVE,2012-01-01,LONDON
MTR001070,MAC000457,SMART,LANDIS_GYR,ACTIVE,2012-01-01,LONDON
MTR001071,MAC000458,SMART,LANDIS_GYR,ACTIVE,2012-01-01,LONDON
MTR001072,MAC000459,SMART,LANDIS_GYR,ACTIVE,2012-01-01,LONDON
MTR001073,MAC000460,SMART,LANDIS_GYR,ACTIVE,2012-01-01,LONDON
MTR001074,MAC000462,SMART,LANDIS_GYR,ACTIVE,2012-01-01,LONDON
MTR001075,MAC000463,SMART,LANDIS_GYR,ACTIVE,2012-01-01,LONDON
MTR001076,MAC000466,SMART,LANDIS_GYR,ACTIVE,2012-01-01,LONDON
MTR001077,MAC000468,SMART,LANDIS_GYR,ACTIVE,2012-01-01,LONDON
MTR001078,MAC000469,SMART,LANDIS_GYR,ACTIVE,2012-01-01,LONDON
MTR001079,MAC000471,SMART,LANDIS_GYR,ACTIVE,2012-01-01,LONDON
MTR001080,MAC000472,SMART,LANDIS_GYR,ACTIVE,2012-01-01,LONDON
MTR001081,MAC000473,SMART,LANDIS_GYR,ACTIVE,2012-01-01,LONDON
MTR001082,MAC000474,SMART,LANDIS_GYR,ACTIVE,2012-01-01,LONDON
MTR001083,MAC000476,SMART,LANDIS_GYR,ACTIVE,2012-01-01,LONDON
MTR001084,MAC000477,SMART,LANDIS_GYR,ACTIVE,2012-01-01,LONDON
MTR001085,MAC000479,SMART,LANDIS_GYR,ACTIVE,2012-01-01,LONDON
MTR001086,MAC005393,SMART,LANDIS_GYR,ACTIVE,2012-01-01,LONDON
MTR001087,MAC005394,SMART,LANDIS_GYR,ACTIVE,2012-01-01,LONDON
MTR001088,MAC005397,SMART,LANDIS_GYR,ACTIVE,2012-01-01,LONDON
MTR001089,MAC005398,SMART,LANDIS_GYR,ACTIVE,2012-01-01,LONDON
MTR001090,MAC005399,SMART,LANDIS_GYR,ACTIVE,2012-01-01,LONDON
MTR001091,MAC005400,SMART,LANDIS_GYR,ACTIVE,2012-01-01,LONDON
MTR001092,MAC005402,SMART,LANDIS_GYR,ACTIVE,2012-01-01,LONDON
MTR001093,MAC005403,SMART,LANDIS_GYR,ACTIVE,2012-01-01,LONDON
MTR001094,MAC005404,SMART,LANDIS_GYR,ACTIVE,2012-01-01,LONDON
MTR001095,MAC005405,SMART,LANDIS_GYR,ACTIVE,2012-01-01,LONDON
MTR001096,MAC005406,SMART,LANDIS_GYR,ACTIVE,2012-01-01,LONDON
MTR001097,MAC005407,SMART,LANDIS_GYR,ACTIVE,2012-01-01,LONDON
MTR001098,MAC005408,SMART,LANDIS_GYR,ACTIVE,2012-01-01,LONDON
MTR001099,MAC005409,SMART,LANDIS_GYR,ACTIVE,2012-01-01,LONDON
MTR001100,MAC005410,SMART,LANDIS_GYR,ACTIVE,2012-01-01,LONDON
MTR001101,MAC005411,SMART,LANDIS_GYR,ACTIVE,2012-01-01,LONDON
MTR001102,MAC005412,SMART,LANDIS_GYR,ACTIVE,2012-01-01,LONDON
MTR001103,MAC005414,SMART,LANDIS_GYR,ACTIVE,2012-01-01,LONDON
MTR001104,MAC005415,SMART,LANDIS_GYR,ACTIVE,2012-01-01,LONDON
MTR001105,MAC005416,SMART,LANDIS_GYR,ACTIVE,2012-01-01,LONDON
MTR001106,MAC005417,SMART,LANDIS_GYR,ACTIVE,2012-01-01,LONDON
MTR001107,MAC005418,SMART,LANDIS_GYR,ACTIVE,2012-01-01,LONDON
MTR001108,MAC005419,SMART,LANDIS_GYR,ACTIVE,2012-01-01,LONDON
MTR001109,MAC005420,SMART,LANDIS_GYR,ACTIVE,2012-01-01,LONDON
MTR001110,MAC005421,SMART,LANDIS_GYR,ACTIVE,2012-01-01,LONDON
MTR001111,MAC005422,SMART,LANDIS_GYR,ACTIVE,2012-01-01,LONDON
MTR001112,MAC005423,SMART,LANDIS_GYR,ACTIVE,2012-01-01,LONDON
MTR001113,MAC005424,SMART,LANDIS_GYR,ACTIVE,2012-01-01,LONDON
MTR001114,MAC005425,SMART,LANDIS_GYR,ACTIVE,2012-01-01,LONDON
MTR001115,MAC005426,SMART,LANDIS_GYR,ACTIVE,2012-01-01,LONDON
MTR001116,MAC005428,SMART,LANDIS_GYR,ACTIVE,2012-01-01,LONDON
MTR001117,MAC005430,SMART,LANDIS_GYR,ACTIVE,2012-01-01,LONDON
MTR001118,MAC005431,SMART,LANDIS_GYR,ACTIVE,2012-01-01,LONDON
MTR001119,MAC005433,SMART,LANDIS_GYR,ACTIVE,2012-01-01,LONDON
MTR001120,MAC005435,SMART,LANDIS_GYR,ACTIVE,2012-01-01,LONDON
MTR001121,MAC005436,SMART,LANDIS_GYR,ACTIVE,2012-01-01,LONDON
MTR001122,MAC005437,SMART,LANDIS_GYR,ACTIVE,2012-01-01,LONDON
MTR001123,MAC005438,SMART,LANDIS_GYR,ACTIVE,2012-01-01,LONDON
MTR001124,MAC005439,SMART,LANDIS_GYR,ACTIVE,2012-01-01,LONDON
MTR001125,MAC005440,SMART,LANDIS_GYR,ACTIVE,2012-01-01,LONDON
MTR001126,MAC005441,SMART,LANDIS_GYR,ACTIVE,2012-01-01,LONDON
MTR001127,MAC005442,SMART,LANDIS_GYR,ACTIVE,2012-01-01,LONDON
MTR001128,MAC005443,SMART,LANDIS_GYR,ACTIVE,2012-01-01,LONDON
MTR001129,MAC005444,SMART,LANDIS_GYR,ACTIVE,2012-01-01,LONDON
MTR001130,MAC005446,SMART,LANDIS_GYR,ACTIVE,2012-01-01,LONDON
MTR001131,MAC005447,SMART,LANDIS_GYR,ACTIVE,2012-01-01,LONDON
MTR001132,MAC005450,SMART,LANDIS_GYR,ACTIVE,2012-01-01,LONDON
MTR001133,MAC005451,SMART,LANDIS_GYR,ACTIVE,2012-01-01,LONDON
MTR001134,MAC005452,SMART,LANDIS_GYR,ACTIVE,2012-01-01,LONDON
MTR001135,MAC005453,SMART,LANDIS_GYR,ACTIVE,2012-01-01,LONDON
MTR001136,MAC005454,SMART,LANDIS_GYR,ACTIVE,2012-01-01,LONDON
MTR001137,MAC005455,SMART,LANDIS_GYR,ACTIVE,2012-01-01,LONDON
MTR001138,MAC005456,SMART,LANDIS_GYR,ACTIVE,2012-01-01,LONDON
MTR001139,MAC005457,SMART,LANDIS_GYR,ACTIVE,2012-01-01,LONDON
MTR001140,MAC005458,SMART,LANDIS_GYR,ACTIVE,2012-01-01,LONDON
MTR001141,MAC005459,SMART,LANDIS_GYR,ACTIVE,2012-01-01,LONDON
MTR001142,MAC005460,SMART,LANDIS_GYR,ACTIVE,2012-01-01,LONDON
MTR001143,MAC005461,SMART,LANDIS_GYR,ACTIVE,2012-01-01,LONDON
MTR001144,MAC005462,SMART,LANDIS_GYR,ACTIVE,2012-01-01,LONDON
MTR001145,MAC005463,SMART,LANDIS_GYR,ACTIVE,2012-01-01,LONDON
MTR001146,MAC005464,SMART,LANDIS_GYR,ACTIVE,2012-01-01,LONDON
MTR001147,MAC005466,SMART,LANDIS_GYR,ACTIVE,2012-01-01,LONDON
MTR001148,MAC005467,SMART,LANDIS_GYR,ACTIVE,2012-01-01,LONDON
MTR001149,MAC005468,SMART,LANDIS_GYR,ACTIVE,2012-01-01,LONDON
MTR001150,MAC005469,SMART,LANDIS_GYR,ACTIVE,2012-01-01,LONDON
MTR001151,MAC005471,SMART,LANDIS_GYR,ACTIVE,2012-01-01,LONDON
MTR001152,MAC005472,SMART,LANDIS_GYR,ACTIVE,2012-01-01,LONDON
MTR001153,MAC005475,SMART,LANDIS_GYR,ACTIVE,2012-01-01,LONDON
MTR001154,MAC005476,SMART,LANDIS_GYR,ACTIVE,2012-01-01,LONDON
MTR001155,MAC005478,SMART,LANDIS_GYR,ACTIVE,2012-01-01,LONDON
MTR001156,MAC005479,SMART,LANDIS_GYR,ACTIVE,2012-01-01,LONDON
MTR001157,MAC005480,SMART,LANDIS_GYR,ACTIVE,2012-01-01,LONDON
MTR001158,MAC005481,SMART,LANDIS_GYR,ACTIVE,2012-01-01,LONDON
MTR001159,MAC005483,SMART,LANDIS_GYR,ACTIVE,2012-01-01,LONDON
MTR001160,MAC005484,SMART,LANDIS_GYR,ACTIVE,2012-01-01,LONDON
MTR001161,MAC005485,SMART,LANDIS_GYR,ACTIVE,2012-01-01,LONDON
MTR001162,MAC005486,SMART,LANDIS_GYR,ACTIVE,2012-01-01,LONDON
MTR001163,MAC005487,SMART,LANDIS_GYR,ACTIVE,2012-01-01,LONDON
MTR001164,MAC005490,SMART,LANDIS_GYR,ACTIVE,2012-01-01,LONDON
MTR001165,MAC005491,SMART,LANDIS_GYR,ACTIVE,2012-01-01,LONDON
MTR001166,MAC005493,SMART,LANDIS_GYR,ACTIVE,2012-01-01,LONDON
MTR001167,MAC005494,SMART,LANDIS_GYR,ACTIVE,2012-01-01,LONDON
MTR001168,MAC005496,SMART,LANDIS_GYR,ACTIVE,2012-01-01,LONDON
MTR001169,MAC005497,SMART,LANDIS_GYR,ACTIVE,2012-01-01,LONDON
MTR001170,MAC005499,SMART,LANDIS_GYR,ACTIVE,2012-01-01,LONDON
MTR001171,MAC005500,SMART,LANDIS_GYR,ACTIVE,2012-01-01,LONDON
MTR001172,MAC005501,SMART,LANDIS_GYR,ACTIVE,2012-01-01,LONDON
MTR001173,MAC005502,SMART,LANDIS_GYR,ACTIVE,2012-01-01,LONDON
MTR001174,MAC005503,SMART,LANDIS_GYR,ACTIVE,2012-01-01,LONDON
MTR001175,MAC005504,SMART,LANDIS_GYR,ACTIVE,2012-01-01,LONDON
MTR001176,MAC005505,SMART,LANDIS_GYR,ACTIVE,2012-01-01,LONDON
MTR001177,MAC005506,SMART,LANDIS_GYR,ACTIVE,2012-01-01,LONDON
MTR001178,MAC005509,SMART,LANDIS_GYR,ACTIVE,2012-01-01,LONDON
MTR001179,MAC005511,SMART,LANDIS_GYR,ACTIVE,2012-01-01,LONDON
MTR001180,MAC005512,SMART,LANDIS_GYR,ACTIVE,2012-01-01,LONDON
MTR001181,MAC005513,SMART,LANDIS_GYR,ACTIVE,2012-01-01,LONDON
MTR001182,MAC005517,SMART,LANDIS_GYR,ACTIVE,2012-01-01,LONDON
MTR001183,MAC005518,SMART,LANDIS_GYR,ACTIVE,2012-01-01,LONDON
MTR001184,MAC005519,SMART,LANDIS_GYR,ACTIVE,2012-01-01,LONDON
MTR001185,MAC005520,SMART,LANDIS_GYR,ACTIVE,2012-01-01,LONDON
MTR001186,MAC005521,SMART,LANDIS_GYR,ACTIVE,2012-01-01,LONDON
MTR001187,MAC005523,SMART,LANDIS_GYR,ACTIVE,2012-01-01,LONDON
MTR001188,MAC005525,SMART,LANDIS_GYR,ACTIVE,2012-01-01,LONDON
MTR001189,MAC005526,SMART,LANDIS_GYR,ACTIVE,2012-01-01,LONDON
MTR001190,MAC005527,SMART,LANDIS_GYR,ACTIVE,2012-01-01,LONDON
MTR001191,MAC005528,SMART,LANDIS_GYR,ACTIVE,2012-01-01,LONDON
MTR001192,MAC005530,SMART,LANDIS_GYR,ACTIVE,2012-01-01,LONDON
MTR001193,MAC005531,SMART,LANDIS_GYR,ACTIVE,2012-01-01,LONDON
MTR001194,MAC005532,SMART,LANDIS_GYR,ACTIVE,2012-01-01,LONDON
MTR001195,MAC005534,SMART,LANDIS_GYR,ACTIVE,2012-01-01,LONDON
MTR001196,MAC005539,SMART,LANDIS_GYR,ACTIVE,2012-01-01,LONDON
MTR001197,MAC005540,SMART,LANDIS_GYR,ACTIVE,2012-01-01,LONDON
MTR001198,MAC005542,SMART,LANDIS_GYR,ACTIVE,2012-01-01,LONDON
MTR001199,MAC005543,SMART,LANDIS_GYR,ACTIVE,2012-01-01,LONDON
MTR001200,MAC005544,SMART,LANDIS_GYR,ACTIVE,2012-01-01,LONDON
MTR001201,MAC005545,SMART,LANDIS_GYR,ACTIVE,2012-01-01,LONDON
MTR001202,MAC005546,SMART,LANDIS_GYR,ACTIVE,2012-01-01,LONDON
MTR001203,MAC005547,SMART,LANDIS_GYR,ACTIVE,2012-01-01,LONDON
MTR001204,MAC005548,SMART,LANDIS_GYR,ACTIVE,2012-01-01,LONDON
MTR001205,MAC005552,SMART,LANDIS_GYR,ACTIVE,2012-01-01,LONDON
MTR001206,MAC005553,SMART,LANDIS_GYR,ACTIVE,2012-01-01,LONDON
MTR001207,MAC005554,SMART,LANDIS_GYR,ACTIVE,2012-01-01,LONDON
MTR001208,MAC005555,SMART,LANDIS_GYR,ACTIVE,2012-01-01,LONDON
MTR001209,MAC005556,SMART,LANDIS_GYR,ACTIVE,2012-01-01,LONDON
MTR001210,MAC005558,SMART,LANDIS_GYR,ACTIVE,2012-01-01,LONDON
MTR001211,MAC005559,SMART,LANDIS_GYR,ACTIVE,2012-01-01,LONDON
MTR001212,MAC005560,SMART,LANDIS_GYR,ACTIVE,2012-01-01,LONDON
MTR001213,MAC005561,SMART,LANDIS_GYR,ACTIVE,2012-01-01,LONDON
MTR001214,MAC005562,SMART,LANDIS_GYR,ACTIVE,2012-01-01,LONDON
MTR001215,MAC005563,SMART,LANDIS_GYR,ACTIVE,2012-01-01,LONDON
MTR001216,MAC005566,SMART,LANDIS_GYR,ACTIVE,2012-01-01,LONDON
MTR001217,MAC005567,SMART,LANDIS_GYR,ACTIVE,2012-01-01,LONDON
MTR001218,MAC000005,SMART,LANDIS_GYR,ACTIVE,2012-01-01,LONDON
MTR001219,MAC000014,SMART,LANDIS_GYR,ACTIVE,2012-01-01,LONDON
MTR001220,MAC000015,SMART,LANDIS_GYR,ACTIVE,2012-01-01,LONDON
MTR001221,MAC000017,SMART,LANDIS_GYR,ACTIVE,2012-01-01,LONDON
MTR001222,MAC000031,SMART,LANDIS_GYR,ACTIVE,2012-01-01,LONDON
MTR001223,MAC000044,SMART,LANDIS_GYR,ACTIVE,2012-01-01,LONDON
MTR001224,MAC000046,SMART,LANDIS_GYR,ACTIVE,2012-01-01,LONDON
MTR001225,MAC000048,SMART,LANDIS_GYR,ACTIVE,2012-01-01,LONDON
MTR001226,MAC000051,SMART,LANDIS_GYR,ACTIVE,2012-01-01,LONDON
MTR001227,MAC000052,SMART,LANDIS_GYR,ACTIVE,2012-01-01,LONDON
MTR001228,MAC000064,SMART,LANDIS_GYR,ACTIVE,2012-01-01,LONDON
MTR001229,MAC000065,SMART,LANDIS_GYR,ACTIVE,2012-01-01,LONDON
MTR001230,MAC000071,SMART,LANDIS_GYR,ACTIVE,2012-01-01,LONDON
MTR001231,MAC000075,SMART,LANDIS_GYR,ACTIVE,2012-01-01,LONDON
MTR001232,MAC000076,SMART,LANDIS_GYR,ACTIVE,2012-01-01,LONDON
MTR001233,MAC000082,SMART,LANDIS_GYR,ACTIVE,2012-01-01,LONDON
MTR001234,MAC000088,SMART,LANDIS_GYR,ACTIVE,2012-01-01,LONDON
MTR001235,MAC000106,SMART,LANDIS_GYR,ACTIVE,2012-01-01,LONDON
MTR001236,MAC000107,SMART,LANDIS_GYR,ACTIVE,2012-01-01,LONDON
MTR001237,MAC000109,SMART,LANDIS_GYR,ACTIVE,2012-01-01,LONDON
MTR001238,MAC000124,SMART,LANDIS_GYR,ACTIVE,2012-01-01,LONDON
MTR001239,MAC000139,SMART,LANDIS_GYR,ACTIVE,2012-01-01,LONDON
MTR001240,MAC000141,SMART,LANDIS_GYR,ACTIVE,2012-01-01,LONDON
MTR001241,MAC000146,SMART,LANDIS_GYR,ACTIVE,2012-01-01,LONDON
MTR001242,MAC000147,SMART,LANDIS_GYR,ACTIVE,2012-01-01,LONDON
MTR001243,MAC000158,SMART,LANDIS_GYR,ACTIVE,2012-01-01,LONDON
MTR001244,MAC000165,SMART,LANDIS_GYR,ACTIVE,2012-01-01,LONDON
MTR001245,MAC000170,SMART,LANDIS_GYR,ACTIVE,2012-01-01,LONDON
MTR001246,MAC000173,SMART,LANDIS_GYR,ACTIVE,2012-01-01,LONDON
MTR001247,MAC000186,SMART,LANDIS_GYR,ACTIVE,2012-01-01,LONDON
MTR001248,MAC000187,SMART,LANDIS_GYR,ACTIVE,2012-01-01,LONDON
MTR001249,MAC000193,SMART,LANDIS_GYR,ACTIVE,2012-01-01,LONDON
MTR001250,MAC000194,SMART,LANDIS_GYR,ACTIVE,2012-01-01,LONDON
MTR001251,MAC000195,SMART,LANDIS_GYR,ACTIVE,2012-01-01,LONDON
MTR001252,MAC000198,SMART,LANDIS_GYR,ACTIVE,2012-01-01,LONDON
MTR001253,MAC000219,SMART,LANDIS_GYR,ACTIVE,2012-01-01,LONDON
MTR001254,MAC000236,SMART,LANDIS_GYR,ACTIVE,2012-01-01,LONDON
MTR001255,MAC000247,SMART,LANDIS_GYR,ACTIVE,2012-01-01,LONDON
MTR001256,MAC000257,SMART,LANDIS_GYR,ACTIVE,2012-01-01,LONDON
MTR001257,MAC000259,SMART,LANDIS_GYR,ACTIVE,2012-01-01,LONDON
MTR001258,MAC000261,SMART,LANDIS_GYR,ACTIVE,2012-01-01,LONDON
MTR001259,MAC000265,SMART,LANDIS_GYR,ACTIVE,2012-01-01,LONDON
MTR001260,MAC000266,SMART,LANDIS_GYR,ACTIVE,2012-01-01,LONDON
MTR001261,MAC000278,SMART,LANDIS_GYR,ACTIVE,2012-01-01,LONDON
MTR001262,MAC000286,SMART,LANDIS_GYR,ACTIVE,2012-01-01,LONDON
MTR001263,MAC000288,SMART,LANDIS_GYR,ACTIVE,2012-01-01,LONDON
MTR001264,MAC000290,SMART,LANDIS_GYR,ACTIVE,2012-01-01,LONDON
MTR001265,MAC000292,SMART,LANDIS_GYR,ACTIVE,2012-01-01,LONDON
MTR001266,MAC000293,SMART,LANDIS_GYR,ACTIVE,2012-01-01,LONDON
MTR001267,MAC000298,SMART,LANDIS_GYR,ACTIVE,2012-01-01,LONDON
MTR001268,MAC000303,SMART,LANDIS_GYR,ACTIVE,2012-01-01,LONDON
MTR001269,MAC000328,SMART,LANDIS_GYR,ACTIVE,2012-01-01,LONDON
MTR001270,MAC000336,SMART,LANDIS_GYR,ACTIVE,2012-01-01,LONDON
MTR001271,MAC000339,SMART,LANDIS_GYR,ACTIVE,2012-01-01,LONDON
MTR001272,MAC000342,SMART,LANDIS_GYR,ACTIVE,2012-01-01,LONDON
MTR001273,MAC000344,SMART,LANDIS_GYR,ACTIVE,2012-01-01,LONDON
MTR001274,MAC000352,SMART,LANDIS_GYR,ACTIVE,2012-01-01,LONDON
MTR001275,MAC000354,SMART,LANDIS_GYR,ACTIVE,2012-01-01,LONDON
MTR001276,MAC000366,SMART,LANDIS_GYR,ACTIVE,2012-01-01,LONDON
MTR001277,MAC000369,SMART,LANDIS_GYR,ACTIVE,2012-01-01,LONDON
MTR001278,MAC000383,SMART,LANDIS_GYR,ACTIVE,2012-01-01,LONDON
MTR001279,MAC000384,SMART,LANDIS_GYR,ACTIVE,2012-01-01,LONDON
MTR001280,MAC000392,SMART,LANDIS_GYR,ACTIVE,2012-01-01,LONDON
MTR001281,MAC000395,SMART,LANDIS_GYR,ACTIVE,2012-01-01,LONDON
MTR001282,MAC000401,SMART,LANDIS_GYR,ACTIVE,2012-01-01,LONDON
MTR001283,MAC000402,SMART,LANDIS_GYR,ACTIVE,2012-01-01,LONDON
MTR001284,MAC000406,SMART,LANDIS_GYR,ACTIVE,2012-01-01,LONDON
MTR001285,MAC000408,SMART,LANDIS_GYR,ACTIVE,2012-01-01,LONDON
MTR001286,MAC000418,SMART,LANDIS_GYR,ACTIVE,2012-01-01,LONDON
MTR001287,MAC000421,SMART,LANDIS_GYR,ACTIVE,2012-01-01,LONDON
MTR001288,MAC000433,SMART,LANDIS_GYR,ACTIVE,2012-01-01,LONDON
MTR001289,MAC000439,SMART,LANDIS_GYR,ACTIVE,2012-01-01,LONDON
MTR001290,MAC000447,SMART,LANDIS_GYR,ACTIVE,2012-01-01,LONDON
MTR001291,MAC000451,SMART,LANDIS_GYR,ACTIVE,2012-01-01,LONDON
MTR001292,MAC000456,SMART,LANDIS_GYR,ACTIVE,2012-01-01,LONDON
MTR001293,MAC000461,SMART,LANDIS_GYR,ACTIVE,2012-01-01,LONDON
MTR001294,MAC000464,SMART,LANDIS_GYR,ACTIVE,2012-01-01,LONDON
MTR001295,MAC000465,SMART,LANDIS_GYR,ACTIVE,2012-01-01,LONDON
MTR001296,MAC000467,SMART,LANDIS_GYR,ACTIVE,2012-01-01,LONDON
MTR001297,MAC000470,SMART,LANDIS_GYR,ACTIVE,2012-01-01,LONDON
MTR001298,MAC000475,SMART,LANDIS_GYR,ACTIVE,2012-01-01,LONDON
MTR001299,MAC000478,SMART,LANDIS_GYR,ACTIVE,2012-01-01,LONDON
MTR001300,MAC000487,SMART,LANDIS_GYR,ACTIVE,2012-01-01,LONDON
MTR001301,MAC000494,SMART,LANDIS_GYR,ACTIVE,2012-01-01,LONDON
MTR001302,MAC000497,SMART,LANDIS_GYR,ACTIVE,2012-01-01,LONDON
MTR001303,MAC000500,SMART,LANDIS_GYR,ACTIVE,2012-01-01,LONDON
MTR001304,MAC000512,SMART,LANDIS_GYR,ACTIVE,2012-01-01,LONDON
MTR001305,MAC000521,SMART,LANDIS_GYR,ACTIVE,2012-01-01,LONDON
MTR001306,MAC000523,SMART,LANDIS_GYR,ACTIVE,2012-01-01,LONDON
MTR001307,MAC000525,SMART,LANDIS_GYR,ACTIVE,2012-01-01,LONDON
MTR001308,MAC000529,SMART,LANDIS_GYR,ACTIVE,2012-01-01,LONDON
MTR001309,MAC000537,SMART,LANDIS_GYR,ACTIVE,2012-01-01,LONDON
MTR001310,MAC000544,SMART,LANDIS_GYR,ACTIVE,2012-01-01,LONDON
MTR001311,MAC000549,SMART,LANDIS_GYR,ACTIVE,2012-01-01,LONDON
MTR001312,MAC000561,SMART,LANDIS_GYR,ACTIVE,2012-01-01,LONDON
MTR001313,MAC000565,SMART,LANDIS_GYR,ACTIVE,2012-01-01,LONDON
MTR001314,MAC000582,SMART,LANDIS_GYR,ACTIVE,2012-01-01,LONDON
MTR001315,MAC000583,SMART,LANDIS_GYR,ACTIVE,2012-01-01,LONDON
MTR001316,MAC000584,SMART,LANDIS_GYR,ACTIVE,2012-01-01,LONDON
MTR001317,MAC000586,SMART,LANDIS_GYR,ACTIVE,2012-01-01,LONDON
MTR001318,MAC000587,SMART,LANDIS_GYR,ACTIVE,2012-01-01,LONDON
MTR001319,MAC000590,SMART,LANDIS_GYR,ACTIVE,2012-01-01,LONDON
MTR001320,MAC000593,SMART,LANDIS_GYR,ACTIVE,2012-01-01,LONDON
MTR001321,MAC000595,SMART,LANDIS_GYR,ACTIVE,2012-01-01,LONDON
MTR001322,MAC000598,SMART,LANDIS_GYR,ACTIVE,2012-01-01,LONDON
MTR001323,MAC000605,SMART,LANDIS_GYR,ACTIVE,2012-01-01,LONDON
MTR001324,MAC000609,SMART,LANDIS_GYR,ACTIVE,2012-01-01,LONDON
MTR001325,MAC000611,SMART,LANDIS_GYR,ACTIVE,2012-01-01,LONDON
MTR001326,MAC000617,SMART,LANDIS_GYR,ACTIVE,2012-01-01,LONDON
MTR001327,MAC000620,SMART,LANDIS_GYR,ACTIVE,2012-01-01,LONDON
MTR001328,MAC000628,SMART,LANDIS_GYR,ACTIVE,2012-01-01,LONDON
MTR001329,MAC000633,SMART,LANDIS_GYR,ACTIVE,2012-01-01,LONDON
MTR001330,MAC000635,SMART,LANDIS_GYR,ACTIVE,2012-01-01,LONDON
MTR001331,MAC000640,SMART,LANDIS_GYR,ACTIVE,2012-01-01,LONDON
MTR001332,MAC000641,SMART,LANDIS_GYR,ACTIVE,2012-01-01,LONDON
MTR001333,MAC000653,SMART,LANDIS_GYR,ACTIVE,2012-01-01,LONDON
MTR001334,MAC000665,SMART,LANDIS_GYR,ACTIVE,2012-01-01,LONDON
MTR001335,MAC000666,SMART,LANDIS_GYR,ACTIVE,2012-01-01,LONDON
MTR001336,MAC000672,SMART,LANDIS_GYR,ACTIVE,2012-01-01,LONDON
MTR001337,MAC000673,SMART,LANDIS_GYR,ACTIVE,2012-01-01,LONDON
MTR001338,MAC000680,SMART,LANDIS_GYR,ACTIVE,2012-01-01,LONDON
MTR001339,MAC000681,SMART,LANDIS_GYR,ACTIVE,2012-01-01,LONDON
MTR001340,MAC000683,SMART,LANDIS_GYR,ACTIVE,2012-01-01,LONDON
MTR001341,MAC000687,SMART,LANDIS_GYR,ACTIVE,2012-01-01,LONDON
MTR001342,MAC000688,SMART,LANDIS_GYR,ACTIVE,2012-01-01,LONDON
MTR001343,MAC000704,SMART,LANDIS_GYR,ACTIVE,2012-01-01,LONDON
MTR001344,MAC000708,SMART,LANDIS_GYR,ACTIVE,2012-01-01,LONDON
MTR001345,MAC000709,SMART,LANDIS_GYR,ACTIVE,2012-01-01,LONDON
MTR001346,MAC000710,SMART,LANDIS_GYR,ACTIVE,2012-01-01,LONDON
MTR001347,MAC000716,SMART,LANDIS_GYR,ACTIVE,2012-01-01,LONDON
MTR001348,MAC000719,SMART,LANDIS_GYR,ACTIVE,2012-01-01,LONDON
MTR001349,MAC000722,SMART,LANDIS_GYR,ACTIVE,2012-01-01,LONDON
MTR001350,MAC000725,SMART,LANDIS_GYR,ACTIVE,2012-01-01,LONDON
MTR001351,MAC000728,SMART,LANDIS_GYR,ACTIVE,2012-01-01,LONDON
MTR001352,MAC000738,SMART,LANDIS_GYR,ACTIVE,2012-01-01,LONDON
MTR001353,MAC000739,SMART,LANDIS_GYR,ACTIVE,2012-01-01,LONDON
MTR001354,MAC000751,SMART,LANDIS_GYR,ACTIVE,2012-01-01,LONDON
MTR001355,MAC000754,SMART,LANDIS_GYR,ACTIVE,2012-01-01,LONDON
MTR001356,MAC000755,SMART,LANDIS_GYR,ACTIVE,2012-01-01,LONDON
MTR001357,MAC000759,SMART,LANDIS_GYR,ACTIVE,2012-01-01,LONDON
MTR001358,MAC000766,SMART,LANDIS_GYR,ACTIVE,2012-01-01,LONDON
MTR001359,MAC000772,SMART,LANDIS_GYR,ACTIVE,2012-01-01,LONDON
MTR001360,MAC000775,SMART,LANDIS_GYR,ACTIVE,2012-01-01,LONDON
MTR001361,MAC000785,SMART,LANDIS_GYR,ACTIVE,2012-01-01,LONDON
MTR001362,MAC000789,SMART,LANDIS_GYR,ACTIVE,2012-01-01,LONDON
MTR001363,MAC000791,SMART,LANDIS_GYR,ACTIVE,2012-01-01,LONDON
MTR001364,MAC000797,SMART,LANDIS_GYR,ACTIVE,2012-01-01,LONDON
MTR001365,MAC000801,SMART,LANDIS_GYR,ACTIVE,2012-01-01,LONDON
MTR001366,MAC000803,SMART,LANDIS_GYR,ACTIVE,2012-01-01,LONDON
MTR001367,MAC000805,SMART,LANDIS_GYR,ACTIVE,2012-01-01,LONDON
MTR001368,MAC000810,SMART,LANDIS_GYR,ACTIVE,2012-01-01,LONDON
MTR001369,MAC000814,SMART,LANDIS_GYR,ACTIVE,2012-01-01,LONDON
MTR001370,MAC000817,SMART,LANDIS_GYR,ACTIVE,2012-01-01,LONDON
MTR001371,MAC000819,SMART,LANDIS_GYR,ACTIVE,2012-01-01,LONDON
MTR001372,MAC000821,SMART,LANDIS_GYR,ACTIVE,2012-01-01,LONDON
MTR001373,MAC000822,SMART,LANDIS_GYR,ACTIVE,2012-01-01,LONDON
MTR001374,MAC000828,SMART,LANDIS_GYR,ACTIVE,2012-01-01,LONDON
MTR001375,MAC000830,SMART,LANDIS_GYR,ACTIVE,2012-01-01,LONDON
MTR001376,MAC000834,SMART,LANDIS_GYR,ACTIVE,2012-01-01,LONDON
MTR001377,MAC000841,SMART,LANDIS_GYR,ACTIVE,2012-01-01,LONDON
MTR001378,MAC000845,SMART,LANDIS_GYR,ACTIVE,2012-01-01,LONDON
MTR001379,MAC000847,SMART,LANDIS_GYR,ACTIVE,2012-01-01,LONDON
MTR001380,MAC000851,SMART,LANDIS_GYR,ACTIVE,2012-01-01,LONDON
MTR001381,MAC000857,SMART,LANDIS_GYR,ACTIVE,2012-01-01,LONDON
MTR001382,MAC000859,SMART,LANDIS_GYR,ACTIVE,2012-01-01,LONDON
MTR001383,MAC000868,SMART,LANDIS_GYR,ACTIVE,2012-01-01,LONDON
MTR001384,MAC000877,SMART,LANDIS_GYR,ACTIVE,2012-01-01,LONDON
MTR001385,MAC000878,SMART,LANDIS_GYR,ACTIVE,2012-01-01,LONDON
MTR001386,MAC000879,SMART,LANDIS_GYR,ACTIVE,2012-01-01,LONDON
MTR001387,MAC000884,SMART,LANDIS_GYR,ACTIVE,2012-01-01,LONDON
MTR001388,MAC000887,SMART,LANDIS_GYR,ACTIVE,2012-01-01,LONDON
MTR001389,MAC000895,SMART,LANDIS_GYR,ACTIVE,2012-01-01,LONDON
MTR001390,MAC000898,SMART,LANDIS_GYR,ACTIVE,2012-01-01,LONDON
MTR001391,MAC000901,SMART,LANDIS_GYR,ACTIVE,2012-01-01,LONDON
MTR001392,MAC000480,SMART,LANDIS_GYR,ACTIVE,2012-01-01,LONDON
MTR001393,MAC000481,SMART,LANDIS_GYR,ACTIVE,2012-01-01,LONDON
MTR001394,MAC000482,SMART,LANDIS_GYR,ACTIVE,2012-01-01,LONDON
MTR001395,MAC000483,SMART,LANDIS_GYR,ACTIVE,2012-01-01,LONDON
MTR001396,MAC000484,SMART,LANDIS_GYR,ACTIVE,2012-01-01,LONDON
MTR001397,MAC000485,SMART,LANDIS_GYR,ACTIVE,2012-01-01,LONDON
MTR001398,MAC000486,SMART,LANDIS_GYR,ACTIVE,2012-01-01,LONDON
MTR001399,MAC000488,SMART,LANDIS_GYR,ACTIVE,2012-01-01,LONDON
MTR001400,MAC000489,SMART,LANDIS_GYR,ACTIVE,2012-01-01,LONDON
MTR001401,MAC000490,SMART,LANDIS_GYR,ACTIVE,2012-01-01,LONDON
MTR001402,MAC000491,SMART,LANDIS_GYR,ACTIVE,2012-01-01,LONDON
MTR001403,MAC000492,SMART,LANDIS_GYR,ACTIVE,2012-01-01,LONDON
MTR001404,MAC000493,SMART,LANDIS_GYR,ACTIVE,2012-01-01,LONDON
MTR001405,MAC000495,SMART,LANDIS_GYR,ACTIVE,2012-01-01,LONDON
MTR001406,MAC000496,SMART,LANDIS_GYR,ACTIVE,2012-01-01,LONDON
MTR001407,MAC000498,SMART,LANDIS_GYR,ACTIVE,2012-01-01,LONDON
MTR001408,MAC000499,SMART,LANDIS_GYR,ACTIVE,2012-01-01,LONDON
MTR001409,MAC000501,SMART,LANDIS_GYR,ACTIVE,2012-01-01,LONDON
MTR001410,MAC000502,SMART,LANDIS_GYR,ACTIVE,2012-01-01,LONDON
MTR001411,MAC000503,SMART,LANDIS_GYR,ACTIVE,2012-01-01,LONDON
MTR001412,MAC000504,SMART,LANDIS_GYR,ACTIVE,2012-01-01,LONDON
MTR001413,MAC000505,SMART,LANDIS_GYR,ACTIVE,2012-01-01,LONDON
MTR001414,MAC000506,SMART,LANDIS_GYR,ACTIVE,2012-01-01,LONDON
MTR001415,MAC000507,SMART,LANDIS_GYR,ACTIVE,2012-01-01,LONDON
MTR001416,MAC000508,SMART,LANDIS_GYR,ACTIVE,2012-01-01,LONDON
MTR001417,MAC000509,SMART,LANDIS_GYR,ACTIVE,2012-01-01,LONDON
MTR001418,MAC000510,SMART,LANDIS_GYR,ACTIVE,2012-01-01,LONDON
MTR001419,MAC000511,SMART,LANDIS_GYR,ACTIVE,2012-01-01,LONDON
MTR001420,MAC000513,SMART,LANDIS_GYR,ACTIVE,2012-01-01,LONDON
MTR001421,MAC000514,SMART,LANDIS_GYR,ACTIVE,2012-01-01,LONDON
MTR001422,MAC000515,SMART,LANDIS_GYR,ACTIVE,2012-01-01,LONDON
MTR001423,MAC000910,SMART,LANDIS_GYR,ACTIVE,2012-01-01,LONDON
MTR001424,MAC000913,SMART,LANDIS_GYR,ACTIVE,2012-01-01,LONDON
MTR001425,MAC000924,SMART,LANDIS_GYR,ACTIVE,2012-01-01,LONDON
MTR001426,MAC000931,SMART,LANDIS_GYR,ACTIVE,2012-01-01,LONDON
MTR001427,MAC000932,SMART,LANDIS_GYR,ACTIVE,2012-01-01,LONDON
MTR001428,MAC000935,SMART,LANDIS_GYR,ACTIVE,2012-01-01,LONDON
MTR001429,MAC000937,SMART,LANDIS_GYR,ACTIVE,2012-01-01,LONDON
MTR001430,MAC000938,SMART,LANDIS_GYR,ACTIVE,2012-01-01,LONDON
MTR001431,MAC000939,SMART,LANDIS_GYR,ACTIVE,2012-01-01,LONDON
MTR001432,MAC000942,SMART,LANDIS_GYR,ACTIVE,2012-01-01,LONDON
MTR001433,MAC000943,SMART,LANDIS_GYR,ACTIVE,2012-01-01,LONDON
MTR001434,MAC000944,SMART,LANDIS_GYR,ACTIVE,2012-01-01,LONDON
MTR001435,MAC000945,SMART,LANDIS_GYR,ACTIVE,2012-01-01,LONDON
MTR001436,MAC000946,SMART,LANDIS_GYR,ACTIVE,2012-01-01,LONDON
MTR001437,MAC000961,SMART,LANDIS_GYR,ACTIVE,2012-01-01,LONDON
MTR001438,MAC000965,SMART,LANDIS_GYR,ACTIVE,2012-01-01,LONDON
MTR001439,MAC000976,SMART,LANDIS_GYR,ACTIVE,2012-01-01,LONDON
MTR001440,MAC000982,SMART,LANDIS_GYR,ACTIVE,2012-01-01,LONDON
MTR001441,MAC000985,SMART,LANDIS_GYR,ACTIVE,2012-01-01,LONDON
MTR001442,MAC000991,SMART,LANDIS_GYR,ACTIVE,2012-01-01,LONDON
MTR001443,MAC000993,SMART,LANDIS_GYR,ACTIVE,2012-01-01,LONDON
MTR001444,MAC000994,SMART,LANDIS_GYR,ACTIVE,2012-01-01,LONDON
MTR001445,MAC000999,SMART,LANDIS_GYR,ACTIVE,2012-01-01,LONDON
MTR001446,MAC001004,SMART,LANDIS_GYR,ACTIVE,2012-01-01,LONDON
MTR001447,MAC001012,SMART,LANDIS_GYR,ACTIVE,2012-01-01,LONDON
MTR001448,MAC001013,SMART,LANDIS_GYR,ACTIVE,2012-01-01,LONDON
MTR001449,MAC001014,SMART,LANDIS_GYR,ACTIVE,2012-01-01,LONDON
MTR001450,MAC001015,SMART,LANDIS_GYR,ACTIVE,2012-01-01,LONDON
MTR001451,MAC001016,SMART,LANDIS_GYR,ACTIVE,2012-01-01,LONDON
MTR001452,MAC001023,SMART,LANDIS_GYR,ACTIVE,2012-01-01,LONDON
MTR001453,MAC001024,SMART,LANDIS_GYR,ACTIVE,2012-01-01,LONDON
MTR001454,MAC001025,SMART,LANDIS_GYR,ACTIVE,2012-01-01,LONDON
MTR001455,MAC001030,SMART,LANDIS_GYR,ACTIVE,2012-01-01,LONDON
MTR001456,MAC001033,SMART,LANDIS_GYR,ACTIVE,2012-01-01,LONDON
MTR001457,MAC001034,SMART,LANDIS_GYR,ACTIVE,2012-01-01,LONDON
MTR001458,MAC001057,SMART,LANDIS_GYR,ACTIVE,2012-01-01,LONDON
MTR001459,MAC001064,SMART,LANDIS_GYR,ACTIVE,2012-01-01,LONDON
MTR001460,MAC001074,SMART,LANDIS_GYR,ACTIVE,2012-01-01,LONDON
MTR001461,MAC001075,SMART,LANDIS_GYR,ACTIVE,2012-01-01,LONDON
MTR001462,MAC001087,SMART,LANDIS_GYR,ACTIVE,2012-01-01,LONDON
MTR001463,MAC001091,SMART,LANDIS_GYR,ACTIVE,2012-01-01,LONDON
MTR001464,MAC001092,SMART,LANDIS_GYR,ACTIVE,2012-01-01,LONDON
MTR001465,MAC001096,SMART,LANDIS_GYR,ACTIVE,2012-01-01,LONDON
MTR001466,MAC001097,SMART,LANDIS_GYR,ACTIVE,2012-01-01,LONDON
MTR001467,MAC001102,SMART,LANDIS_GYR,ACTIVE,2012-01-01,LONDON
MTR001468,MAC001103,SMART,LANDIS_GYR,ACTIVE,2012-01-01,LONDON
MTR001469,MAC001105,SMART,LANDIS_GYR,ACTIVE,2012-01-01,LONDON
MTR001470,MAC001107,SMART,LANDIS_GYR,ACTIVE,2012-01-01,LONDON
MTR001471,MAC001108,SMART,LANDIS_GYR,ACTIVE,2012-01-01,LONDON
MTR001472,MAC001110,SMART,LANDIS_GYR,ACTIVE,2012-01-01,LONDON
MTR001473,MAC001116,SMART,LANDIS_GYR,ACTIVE,2012-01-01,LONDON
MTR001474,MAC001118,SMART,LANDIS_GYR,ACTIVE,2012-01-01,LONDON
MTR001475,MAC001129,SMART,LANDIS_GYR,ACTIVE,2012-01-01,LONDON
MTR001476,MAC001132,SMART,LANDIS_GYR,ACTIVE,2012-01-01,LONDON
MTR001477,MAC001133,SMART,LANDIS_GYR,ACTIVE,2012-01-01,LONDON
MTR001478,MAC001136,SMART,LANDIS_GYR,ACTIVE,2012-01-01,LONDON
MTR001479,MAC001141,SMART,LANDIS_GYR,ACTIVE,2012-01-01,LONDON
MTR001480,MAC001142,SMART,LANDIS_GYR,ACTIVE,2012-01-01,LONDON
MTR001481,MAC001143,SMART,LANDIS_GYR,ACTIVE,2012-01-01,LONDON
MTR001482,MAC001147,SMART,LANDIS_GYR,ACTIVE,2012-01-01,LONDON
MTR001483,MAC001156,SMART,LANDIS_GYR,ACTIVE,2012-01-01,LONDON
MTR001484,MAC001165,SMART,LANDIS_GYR,ACTIVE,2012-01-01,LONDON
MTR001485,MAC001166,SMART,LANDIS_GYR,ACTIVE,2012-01-01,LONDON
MTR001486,MAC001169,SMART,LANDIS_GYR,ACTIVE,2012-01-01,LONDON
MTR001487,MAC001179,SMART,LANDIS_GYR,ACTIVE,2012-01-01,LONDON
MTR001488,MAC001182,SMART,LANDIS_GYR,ACTIVE,2012-01-01,LONDON
MTR001489,MAC001202,SMART,LANDIS_GYR,ACTIVE,2012-01-01,LONDON
MTR001490,MAC001206,SMART,LANDIS_GYR,ACTIVE,2012-01-01,LONDON
MTR001491,MAC001209,SMART,LANDIS_GYR,ACTIVE,2012-01-01,LONDON
MTR001492,MAC001219,SMART,LANDIS_GYR,ACTIVE,2012-01-01,LONDON
MTR001493,MAC001222,SMART,LANDIS_GYR,ACTIVE,2012-01-01,LONDON
MTR001494,MAC001228,SMART,LANDIS_GYR,ACTIVE,2012-01-01,LONDON
MTR001495,MAC001232,SMART,LANDIS_GYR,ACTIVE,2012-01-01,LONDON
MTR001496,MAC001245,SMART,LANDIS_GYR,ACTIVE,2012-01-01,LONDON
MTR001497,MAC001246,SMART,LANDIS_GYR,ACTIVE,2012-01-01,LONDON
MTR001498,MAC001254,SMART,LANDIS_GYR,ACTIVE,2012-01-01,LONDON
MTR001499,MAC001264,SMART,LANDIS_GYR,ACTIVE,2012-01-01,LONDON
MTR001500,MAC001270,SMART,LANDIS_GYR,ACTIVE,2012-01-01,LONDON
MTR001501,MAC001274,SMART,LANDIS_GYR,ACTIVE,2012-01-01,LONDON
MTR001502,MAC001279,SMART,LANDIS_GYR,ACTIVE,2012-01-01,LONDON
MTR001503,MAC001281,SMART,LANDIS_GYR,ACTIVE,2012-01-01,LONDON
MTR001504,MAC001285,SMART,LANDIS_GYR,ACTIVE,2012-01-01,LONDON
MTR001505,MAC001290,SMART,LANDIS_GYR,ACTIVE,2012-01-01,LONDON
MTR001506,MAC001297,SMART,LANDIS_GYR,ACTIVE,2012-01-01,LONDON
MTR001507,MAC001299,SMART,LANDIS_GYR,ACTIVE,2012-01-01,LONDON
MTR001508,MAC001303,SMART,LANDIS_GYR,ACTIVE,2012-01-01,LONDON
MTR001509,MAC001305,SMART,LANDIS_GYR,ACTIVE,2012-01-01,LONDON
MTR001510,MAC001318,SMART,LANDIS_GYR,ACTIVE,2012-01-01,LONDON
MTR001511,MAC001319,SMART,LANDIS_GYR,ACTIVE,2012-01-01,LONDON
MTR001512,MAC001322,SMART,LANDIS_GYR,ACTIVE,2012-01-01,LONDON
MTR001513,MAC001335,SMART,LANDIS_GYR,ACTIVE,2012-01-01,LONDON
MTR001514,MAC001336,SMART,LANDIS_GYR,ACTIVE,2012-01-01,LONDON
MTR001515,MAC001343,SMART,LANDIS_GYR,ACTIVE,2012-01-01,LONDON
MTR001516,MAC001351,SMART,LANDIS_GYR,ACTIVE,2012-01-01,LONDON
MTR001517,MAC001352,SMART,LANDIS_GYR,ACTIVE,2012-01-01,LONDON
MTR001518,MAC001360,SMART,LANDIS_GYR,ACTIVE,2012-01-01,LONDON
MTR001519,MAC001364,SMART,LANDIS_GYR,ACTIVE,2012-01-01,LONDON
MTR001520,MAC001366,SMART,LANDIS_GYR,ACTIVE,2012-01-01,LONDON
MTR001521,MAC001369,SMART,LANDIS_GYR,ACTIVE,2012-01-01,LONDON
MTR001522,MAC001372,SMART,LANDIS_GYR,ACTIVE,2012-01-01,LONDON
MTR001523,MAC001383,SMART,LANDIS_GYR,ACTIVE,2012-01-01,LONDON
MTR001524,MAC001386,SMART,LANDIS_GYR,ACTIVE,2012-01-01,LONDON
MTR001525,MAC001402,SMART,LANDIS_GYR,ACTIVE,2012-01-01,LONDON
MTR001526,MAC001405,SMART,LANDIS_GYR,ACTIVE,2012-01-01,LONDON
MTR001527,MAC001407,SMART,LANDIS_GYR,ACTIVE,2012-01-01,LONDON
MTR001528,MAC001410,SMART,LANDIS_GYR,ACTIVE,2012-01-01,LONDON
MTR001529,MAC001413,SMART,LANDIS_GYR,ACTIVE,2012-01-01,LONDON
MTR001530,MAC001414,SMART,LANDIS_GYR,ACTIVE,2012-01-01,LONDON
MTR001531,MAC001417,SMART,LANDIS_GYR,ACTIVE,2012-01-01,LONDON
MTR001532,MAC001420,SMART,LANDIS_GYR,ACTIVE,2012-01-01,LONDON
MTR001533,MAC001421,SMART,LANDIS_GYR,ACTIVE,2012-01-01,LONDON
MTR001534,MAC001429,SMART,LANDIS_GYR,ACTIVE,2012-01-01,LONDON
MTR001535,MAC001431,SMART,LANDIS_GYR,ACTIVE,2012-01-01,LONDON
MTR001536,MAC001435,SMART,LANDIS_GYR,ACTIVE,2012-01-01,LONDON
MTR001537,MAC001437,SMART,LANDIS_GYR,ACTIVE,2012-01-01,LONDON
MTR001538,MAC001440,SMART,LANDIS_GYR,ACTIVE,2012-01-01,LONDON
MTR001539,MAC001447,SMART,LANDIS_GYR,ACTIVE,2012-01-01,LONDON
MTR001540,MAC001449,SMART,LANDIS_GYR,ACTIVE,2012-01-01,LONDON
MTR001541,MAC001466,SMART,LANDIS_GYR,ACTIVE,2012-01-01,LONDON
MTR001542,MAC001470,SMART,LANDIS_GYR,ACTIVE,2012-01-01,LONDON
MTR001543,MAC001471,SMART,LANDIS_GYR,ACTIVE,2012-01-01,LONDON
MTR001544,MAC001475,SMART,LANDIS_GYR,ACTIVE,2012-01-01,LONDON
MTR001545,MAC001477,SMART,LANDIS_GYR,ACTIVE,2012-01-01,LONDON
MTR001546,MAC001480,SMART,LANDIS_GYR,ACTIVE,2012-01-01,LONDON
MTR001547,MAC001482,SMART,LANDIS_GYR,ACTIVE,2012-01-01,LONDON
MTR001548,MAC001487,SMART,LANDIS_GYR,ACTIVE,2012-01-01,LONDON
MTR001549,MAC001495,SMART,LANDIS_GYR,ACTIVE,2012-01-01,LONDON
MTR001550,MAC001505,SMART,LANDIS_GYR,ACTIVE,2012-01-01,LONDON
MTR001551,MAC001508,SMART,LANDIS_GYR,ACTIVE,2012-01-01,LONDON
MTR001552,MAC001509,SMART,LANDIS_GYR,ACTIVE,2012-01-01,LONDON
MTR001553,MAC001512,SMART,LANDIS_GYR,ACTIVE,2012-01-01,LONDON
MTR001554,MAC001529,SMART,LANDIS_GYR,ACTIVE,2012-01-01,LONDON
MTR001555,MAC001536,SMART,LANDIS_GYR,ACTIVE,2012-01-01,LONDON
MTR001556,MAC001538,SMART,LANDIS_GYR,ACTIVE,2012-01-01,LONDON
MTR001557,MAC001542,SMART,LANDIS_GYR,ACTIVE,2012-01-01,LONDON
MTR001558,MAC001547,SMART,LANDIS_GYR,ACTIVE,2012-01-01,LONDON
MTR001559,MAC001554,SMART,LANDIS_GYR,ACTIVE,2012-01-01,LONDON
MTR001560,MAC001556,SMART,LANDIS_GYR,ACTIVE,2012-01-01,LONDON
MTR001561,MAC001559,SMART,LANDIS_GYR,ACTIVE,2012-01-01,LONDON
MTR001562,MAC001564,SMART,LANDIS_GYR,ACTIVE,2012-01-01,LONDON
MTR001563,MAC001566,SMART,LANDIS_GYR,ACTIVE,2012-01-01,LONDON
MTR001564,MAC001576,SMART,LANDIS_GYR,ACTIVE,2012-01-01,LONDON
MTR001565,MAC001586,SMART,LANDIS_GYR,ACTIVE,2012-01-01,LONDON
MTR001566,MAC001590,SMART,LANDIS_GYR,ACTIVE,2012-01-01,LONDON
MTR001567,MAC001596,SMART,LANDIS_GYR,ACTIVE,2012-01-01,LONDON
MTR001568,MAC001597,SMART,LANDIS_GYR,ACTIVE,2012-01-01,LONDON
MTR001569,MAC001602,SMART,LANDIS_GYR,ACTIVE,2012-01-01,LONDON
MTR001570,MAC001610,SMART,LANDIS_GYR,ACTIVE,2012-01-01,LONDON
MTR001571,MAC001612,SMART,LANDIS_GYR,ACTIVE,2012-01-01,LONDON
MTR001572,MAC001614,SMART,LANDIS_GYR,ACTIVE,2012-01-01,LONDON
MTR001573,MAC001626,SMART,LANDIS_GYR,ACTIVE,2012-01-01,LONDON
MTR001574,MAC001636,SMART,LANDIS_GYR,ACTIVE,2012-01-01,LONDON
MTR001575,MAC001642,SMART,LANDIS_GYR,ACTIVE,2012-01-01,LONDON
MTR001576,MAC001645,SMART,LANDIS_GYR,ACTIVE,2012-01-01,LONDON
MTR001577,MAC001650,SMART,LANDIS_GYR,ACTIVE,2012-01-01,LONDON
MTR001578,MAC001651,SMART,LANDIS_GYR,ACTIVE,2012-01-01,LONDON
MTR001579,MAC001653,SMART,LANDIS_GYR,ACTIVE,2012-01-01,LONDON
MTR001580,MAC001655,SMART,LANDIS_GYR,ACTIVE,2012-01-01,LONDON
MTR001581,MAC001658,SMART,LANDIS_GYR,ACTIVE,2012-01-01,LONDON
MTR001582,MAC001660,SMART,LANDIS_GYR,ACTIVE,2012-01-01,LONDON
MTR001583,MAC001667,SMART,LANDIS_GYR,ACTIVE,2012-01-01,LONDON
MTR001584,MAC001680,SMART,LANDIS_GYR,ACTIVE,2012-01-01,LONDON
MTR001585,MAC001682,SMART,LANDIS_GYR,ACTIVE,2012-01-01,LONDON
MTR001586,MAC001686,SMART,LANDIS_GYR,ACTIVE,2012-01-01,LONDON
MTR001587,MAC001688,SMART,LANDIS_GYR,ACTIVE,2012-01-01,LONDON
MTR001588,MAC001693,SMART,LANDIS_GYR,ACTIVE,2012-01-01,LONDON
MTR001589,MAC001694,SMART,LANDIS_GYR,ACTIVE,2012-01-01,LONDON
MTR001590,MAC001700,SMART,LANDIS_GYR,ACTIVE,2012-01-01,LONDON
MTR001591,MAC001704,SMART,LANDIS_GYR,ACTIVE,2012-01-01,LONDON
MTR001592,MAC001706,SMART,LANDIS_GYR,ACTIVE,2012-01-01,LONDON
MTR001593,MAC001707,SMART,LANDIS_GYR,ACTIVE,2012-01-01,LONDON
MTR001594,MAC001712,SMART,LANDIS_GYR,ACTIVE,2012-01-01,LONDON
MTR001595,MAC001715,SMART,LANDIS_GYR,ACTIVE,2012-01-01,LONDON
MTR001596,MAC001718,SMART,LANDIS_GYR,ACTIVE,2012-01-01,LONDON
MTR001597,MAC001736,SMART,LANDIS_GYR,ACTIVE,2012-01-01,LONDON
MTR001598,MAC001741,SMART,LANDIS_GYR,ACTIVE,2012-01-01,LONDON
MTR001599,MAC001743,SMART,LANDIS_GYR,ACTIVE,2012-01-01,LONDON
MTR001600,MAC001750,SMART,LANDIS_GYR,ACTIVE,2012-01-01,LONDON
MTR001601,MAC001755,SMART,LANDIS_GYR,ACTIVE,2012-01-01,LONDON
MTR001602,MAC001756,SMART,LANDIS_GYR,ACTIVE,2012-01-01,LONDON
MTR001603,MAC001767,SMART,LANDIS_GYR,ACTIVE,2012-01-01,LONDON
MTR001604,MAC001770,SMART,LANDIS_GYR,ACTIVE,2012-01-01,LONDON
MTR001605,MAC001772,SMART,LANDIS_GYR,ACTIVE,2012-01-01,LONDON
MTR001606,MAC001773,SMART,LANDIS_GYR,ACTIVE,2012-01-01,LONDON
MTR001607,MAC001777,SMART,LANDIS_GYR,ACTIVE,2012-01-01,LONDON
MTR001608,MAC001778,SMART,LANDIS_GYR,ACTIVE,2012-01-01,LONDON
MTR001609,MAC001806,SMART,LANDIS_GYR,ACTIVE,2012-01-01,LONDON
MTR001610,MAC001814,SMART,LANDIS_GYR,ACTIVE,2012-01-01,LONDON
MTR001611,MAC001823,SMART,LANDIS_GYR,ACTIVE,2012-01-01,LONDON
MTR001612,MAC001825,SMART,LANDIS_GYR,ACTIVE,2012-01-01,LONDON
MTR001613,MAC001826,SMART,LANDIS_GYR,ACTIVE,2012-01-01,LONDON
MTR001614,MAC001830,SMART,LANDIS_GYR,ACTIVE,2012-01-01,LONDON
MTR001615,MAC001833,SMART,LANDIS_GYR,ACTIVE,2012-01-01,LONDON
MTR001616,MAC001835,SMART,LANDIS_GYR,ACTIVE,2012-01-01,LONDON
MTR001617,MAC001840,SMART,LANDIS_GYR,ACTIVE,2012-01-01,LONDON
MTR001618,MAC001847,SMART,LANDIS_GYR,ACTIVE,2012-01-01,LONDON
MTR001619,MAC001849,SMART,LANDIS_GYR,ACTIVE,2012-01-01,LONDON
MTR001620,MAC001851,SMART,LANDIS_GYR,ACTIVE,2012-01-01,LONDON
MTR001621,MAC001853,SMART,LANDIS_GYR,ACTIVE,2012-01-01,LONDON
MTR001622,MAC001855,SMART,LANDIS_GYR,ACTIVE,2012-01-01,LONDON
MTR001623,MAC001856,SMART,LANDIS_GYR,ACTIVE,2012-01-01,LONDON
MTR001624,MAC001857,SMART,LANDIS_GYR,ACTIVE,2012-01-01,LONDON
MTR001625,MAC001858,SMART,LANDIS_GYR,ACTIVE,2012-01-01,LONDON
MTR001626,MAC001861,SMART,LANDIS_GYR,ACTIVE,2012-01-01,LONDON
MTR001627,MAC001865,SMART,LANDIS_GYR,ACTIVE,2012-01-01,LONDON
MTR001628,MAC001873,SMART,LANDIS_GYR,ACTIVE,2012-01-01,LONDON
MTR001629,MAC001880,SMART,LANDIS_GYR,ACTIVE,2012-01-01,LONDON
MTR001630,MAC001904,SMART,LANDIS_GYR,ACTIVE,2012-01-01,LONDON
MTR001631,MAC001910,SMART,LANDIS_GYR,ACTIVE,2012-01-01,LONDON
MTR001632,MAC001912,SMART,LANDIS_GYR,ACTIVE,2012-01-01,LONDON
MTR001633,MAC001925,SMART,LANDIS_GYR,ACTIVE,2012-01-01,LONDON
MTR001634,MAC001928,SMART,LANDIS_GYR,ACTIVE,2012-01-01,LONDON
MTR001635,MAC001942,SMART,LANDIS_GYR,ACTIVE,2012-01-01,LONDON
MTR001636,MAC001951,SMART,LANDIS_GYR,ACTIVE,2012-01-01,LONDON
MTR001637,MAC001952,SMART,LANDIS_GYR,ACTIVE,2012-01-01,LONDON
MTR001638,MAC001969,SMART,LANDIS_GYR,ACTIVE,2012-01-01,LONDON
MTR001639,MAC001976,SMART,LANDIS_GYR,ACTIVE,2012-01-01,LONDON
MTR001640,MAC001984,SMART,LANDIS_GYR,ACTIVE,2012-01-01,LONDON
MTR001641,MAC001993,SMART,LANDIS_GYR,ACTIVE,2012-01-01,LONDON
MTR001642,MAC001998,SMART,LANDIS_GYR,ACTIVE,2012-01-01,LONDON
MTR001643,MAC002005,SMART,LANDIS_GYR,ACTIVE,2012-01-01,LONDON
MTR001644,MAC002006,SMART,LANDIS_GYR,ACTIVE,2012-01-01,LONDON
MTR001645,MAC002011,SMART,LANDIS_GYR,ACTIVE,2012-01-01,LONDON
MTR001646,MAC002013,SMART,LANDIS_GYR,ACTIVE,2012-01-01,LONDON
MTR001647,MAC002017,SMART,LANDIS_GYR,ACTIVE,2012-01-01,LONDON
MTR001648,MAC002022,SMART,LANDIS_GYR,ACTIVE,2012-01-01,LONDON
MTR001649,MAC002029,SMART,LANDIS_GYR,ACTIVE,2012-01-01,LONDON
MTR001650,MAC002030,SMART,LANDIS_GYR,ACTIVE,2012-01-01,LONDON
MTR001651,MAC002039,SMART,LANDIS_GYR,ACTIVE,2012-01-01,LONDON
MTR001652,MAC002040,SMART,LANDIS_GYR,ACTIVE,2012-01-01,LONDON
MTR001653,MAC002046,SMART,LANDIS_GYR,ACTIVE,2012-01-01,LONDON
MTR001654,MAC002052,SMART,LANDIS_GYR,ACTIVE,2012-01-01,LONDON
MTR001655,MAC002060,SMART,LANDIS_GYR,ACTIVE,2012-01-01,LONDON
MTR001656,MAC002061,SMART,LANDIS_GYR,ACTIVE,2012-01-01,LONDON
MTR001657,MAC002073,SMART,LANDIS_GYR,ACTIVE,2012-01-01,LONDON
MTR001658,MAC002075,SMART,LANDIS_GYR,ACTIVE,2012-01-01,LONDON
MTR001659,MAC002083,SMART,LANDIS_GYR,ACTIVE,2012-01-01,LONDON
MTR001660,MAC002084,SMART,LANDIS_GYR,ACTIVE,2012-01-01,LONDON
MTR001661,MAC002092,SMART,LANDIS_GYR,ACTIVE,2012-01-01,LONDON
MTR001662,MAC002093,SMART,LANDIS_GYR,ACTIVE,2012-01-01,LONDON
MTR001663,MAC002098,SMART,LANDIS_GYR,ACTIVE,2012-01-01,LONDON
MTR001664,MAC002099,SMART,LANDIS_GYR,ACTIVE,2012-01-01,LONDON
MTR001665,MAC002102,SMART,LANDIS_GYR,ACTIVE,2012-01-01,LONDON
MTR001666,MAC002106,SMART,LANDIS_GYR,ACTIVE,2012-01-01,LONDON
MTR001667,MAC002108,SMART,LANDIS_GYR,ACTIVE,2012-01-01,LONDON
MTR001668,MAC002110,SMART,LANDIS_GYR,ACTIVE,2012-01-01,LONDON
MTR001669,MAC002111,SMART,LANDIS_GYR,ACTIVE,2012-01-01,LONDON
MTR001670,MAC002113,SMART,LANDIS_GYR,ACTIVE,2012-01-01,LONDON
MTR001671,MAC002118,SMART,LANDIS_GYR,ACTIVE,2012-01-01,LONDON
MTR001672,MAC002119,SMART,LANDIS_GYR,ACTIVE,2012-01-01,LONDON
MTR001673,MAC002122,SMART,LANDIS_GYR,ACTIVE,2012-01-01,LONDON
MTR001674,MAC002126,SMART,LANDIS_GYR,ACTIVE,2012-01-01,LONDON
MTR001675,MAC002131,SMART,LANDIS_GYR,ACTIVE,2012-01-01,LONDON
MTR001676,MAC002132,SMART,LANDIS_GYR,ACTIVE,2012-01-01,LONDON
MTR001677,MAC002134,SMART,LANDIS_GYR,ACTIVE,2012-01-01,LONDON
MTR001678,MAC002140,SMART,LANDIS_GYR,ACTIVE,2012-01-01,LONDON
MTR001679,MAC002147,SMART,LANDIS_GYR,ACTIVE,2012-01-01,LONDON
MTR001680,MAC002148,SMART,LANDIS_GYR,ACTIVE,2012-01-01,LONDON
MTR001681,MAC002154,SMART,LANDIS_GYR,ACTIVE,2012-01-01,LONDON
MTR001682,MAC002156,SMART,LANDIS_GYR,ACTIVE,2012-01-01,LONDON
MTR001683,MAC002164,SMART,LANDIS_GYR,ACTIVE,2012-01-01,LONDON
MTR001684,MAC002166,SMART,LANDIS_GYR,ACTIVE,2012-01-01,LONDON
MTR001685,MAC002167,SMART,LANDIS_GYR,ACTIVE,2012-01-01,LONDON
MTR001686,MAC002176,SMART,LANDIS_GYR,ACTIVE,2012-01-01,LONDON
MTR001687,MAC002182,SMART,LANDIS_GYR,ACTIVE,2012-01-01,LONDON
MTR001688,MAC002183,SMART,LANDIS_GYR,ACTIVE,2012-01-01,LONDON
MTR001689,MAC002188,SMART,LANDIS_GYR,ACTIVE,2012-01-01,LONDON
MTR001690,MAC002193,SMART,LANDIS_GYR,ACTIVE,2012-01-01,LONDON
MTR001691,MAC002199,SMART,LANDIS_GYR,ACTIVE,2012-01-01,LONDON
MTR001692,MAC002201,SMART,LANDIS_GYR,ACTIVE,2012-01-01,LONDON
MTR001693,MAC002215,SMART,LANDIS_GYR,ACTIVE,2012-01-01,LONDON
MTR001694,MAC002217,SMART,LANDIS_GYR,ACTIVE,2012-01-01,LONDON
MTR001695,MAC002219,SMART,LANDIS_GYR,ACTIVE,2012-01-01,LONDON
MTR001696,MAC002222,SMART,LANDIS_GYR,ACTIVE,2012-01-01,LONDON
MTR001697,MAC002225,SMART,LANDIS_GYR,ACTIVE,2012-01-01,LONDON
MTR001698,MAC002226,SMART,LANDIS_GYR,ACTIVE,2012-01-01,LONDON
MTR001699,MAC002227,SMART,LANDIS_GYR,ACTIVE,2012-01-01,LONDON
MTR001700,MAC002230,SMART,LANDIS_GYR,ACTIVE,2012-01-01,LONDON
MTR001701,MAC002232,SMART,LANDIS_GYR,ACTIVE,2012-01-01,LONDON
MTR001702,MAC002236,SMART,LANDIS_GYR,ACTIVE,2012-01-01,LONDON
MTR001703,MAC002238,SMART,LANDIS_GYR,ACTIVE,2012-01-01,LONDON
MTR001704,MAC002240,SMART,LANDIS_GYR,ACTIVE,2012-01-01,LONDON
MTR001705,MAC002242,SMART,LANDIS_GYR,ACTIVE,2012-01-01,LONDON
MTR001706,MAC002243,SMART,LANDIS_GYR,ACTIVE,2012-01-01,LONDON
MTR001707,MAC002246,SMART,LANDIS_GYR,ACTIVE,2012-01-01,LONDON
MTR001708,MAC002247,SMART,LANDIS_GYR,ACTIVE,2012-01-01,LONDON
MTR001709,MAC002264,SMART,LANDIS_GYR,ACTIVE,2012-01-01,LONDON
MTR001710,MAC002265,SMART,LANDIS_GYR,ACTIVE,2012-01-01,LONDON
MTR001711,MAC002268,SMART,LANDIS_GYR,ACTIVE,2012-01-01,LONDON
MTR001712,MAC002277,SMART,LANDIS_GYR,ACTIVE,2012-01-01,LONDON
MTR001713,MAC002280,SMART,LANDIS_GYR,ACTIVE,2012-01-01,LONDON
MTR001714,MAC002281,SMART,LANDIS_GYR,ACTIVE,2012-01-01,LONDON
MTR001715,MAC002290,SMART,LANDIS_GYR,ACTIVE,2012-01-01,LONDON
MTR001716,MAC002291,SMART,LANDIS_GYR,ACTIVE,2012-01-01,LONDON
MTR001717,MAC002292,SMART,LANDIS_GYR,ACTIVE,2012-01-01,LONDON
MTR001718,MAC002300,SMART,LANDIS_GYR,ACTIVE,2012-01-01,LONDON
MTR001719,MAC002318,SMART,LANDIS_GYR,ACTIVE,2012-01-01,LONDON
MTR001720,MAC002324,SMART,LANDIS_GYR,ACTIVE,2012-01-01,LONDON
MTR001721,MAC002334,SMART,LANDIS_GYR,ACTIVE,2012-01-01,LONDON
MTR001722,MAC002336,SMART,LANDIS_GYR,ACTIVE,2012-01-01,LONDON
MTR001723,MAC002344,SMART,LANDIS_GYR,ACTIVE,2012-01-01,LONDON
MTR001724,MAC002346,SMART,LANDIS_GYR,ACTIVE,2012-01-01,LONDON
MTR001725,MAC002357,SMART,LANDIS_GYR,ACTIVE,2012-01-01,LONDON
MTR001726,MAC002398,SMART,LANDIS_GYR,ACTIVE,2012-01-01,LONDON
MTR001727,MAC002404,SMART,LANDIS_GYR,ACTIVE,2012-01-01,LONDON
MTR001728,MAC002413,SMART,LANDIS_GYR,ACTIVE,2012-01-01,LONDON
MTR001729,MAC002418,SMART,LANDIS_GYR,ACTIVE,2012-01-01,LONDON
MTR001730,MAC002421,SMART,LANDIS_GYR,ACTIVE,2012-01-01,LONDON
MTR001731,MAC002432,SMART,LANDIS_GYR,ACTIVE,2012-01-01,LONDON
MTR001732,MAC002433,SMART,LANDIS_GYR,ACTIVE,2012-01-01,LONDON
MTR001733,MAC002439,SMART,LANDIS_GYR,ACTIVE,2012-01-01,LONDON
MTR001734,MAC002444,SMART,LANDIS_GYR,ACTIVE,2012-01-01,LONDON
MTR001735,MAC002445,SMART,LANDIS_GYR,ACTIVE,2012-01-01,LONDON
MTR001736,MAC002446,SMART,LANDIS_GYR,ACTIVE,2012-01-01,LONDON
MTR001737,MAC002448,SMART,LANDIS_GYR,ACTIVE,2012-01-01,LONDON
MTR001738,MAC002452,SMART,LANDIS_GYR,ACTIVE,2012-01-01,LONDON
MTR001739,MAC002455,SMART,LANDIS_GYR,ACTIVE,2012-01-01,LONDON
MTR001740,MAC002457,SMART,LANDIS_GYR,ACTIVE,2012-01-01,LONDON
MTR001741,MAC002463,SMART,LANDIS_GYR,ACTIVE,2012-01-01,LONDON
MTR001742,MAC002464,SMART,LANDIS_GYR,ACTIVE,2012-01-01,LONDON
MTR001743,MAC002470,SMART,LANDIS_GYR,ACTIVE,2012-01-01,LONDON
MTR001744,MAC002472,SMART,LANDIS_GYR,ACTIVE,2012-01-01,LONDON
MTR001745,MAC002473,SMART,LANDIS_GYR,ACTIVE,2012-01-01,LONDON
MTR001746,MAC002476,SMART,LANDIS_GYR,ACTIVE,2012-01-01,LONDON
MTR001747,MAC002482,SMART,LANDIS_GYR,ACTIVE,2012-01-01,LONDON
MTR001748,MAC002484,SMART,LANDIS_GYR,ACTIVE,2012-01-01,LONDON
MTR001749,MAC002486,SMART,LANDIS_GYR,ACTIVE,2012-01-01,LONDON
MTR001750,MAC002488,SMART,LANDIS_GYR,ACTIVE,2012-01-01,LONDON
MTR001751,MAC002490,SMART,LANDIS_GYR,ACTIVE,2012-01-01,LONDON
MTR001752,MAC002491,SMART,LANDIS_GYR,ACTIVE,2012-01-01,LONDON
MTR001753,MAC002496,SMART,LANDIS_GYR,ACTIVE,2012-01-01,LONDON
MTR001754,MAC002497,SMART,LANDIS_GYR,ACTIVE,2012-01-01,LONDON
MTR001755,MAC002507,SMART,LANDIS_GYR,ACTIVE,2012-01-01,LONDON
MTR001756,MAC002508,SMART,LANDIS_GYR,ACTIVE,2012-01-01,LONDON
MTR001757,MAC002520,SMART,LANDIS_GYR,ACTIVE,2012-01-01,LONDON
MTR001758,MAC002533,SMART,LANDIS_GYR,ACTIVE,2012-01-01,LONDON
MTR001759,MAC002534,SMART,LANDIS_GYR,ACTIVE,2012-01-01,LONDON
MTR001760,MAC000516,SMART,LANDIS_GYR,ACTIVE,2012-01-01,LONDON
MTR001761,MAC000517,SMART,LANDIS_GYR,ACTIVE,2012-01-01,LONDON
MTR001762,MAC000518,SMART,LANDIS_GYR,ACTIVE,2012-01-01,LONDON
MTR001763,MAC000519,SMART,LANDIS_GYR,ACTIVE,2012-01-01,LONDON
MTR001764,MAC000520,SMART,LANDIS_GYR,ACTIVE,2012-01-01,LONDON
MTR001765,MAC000522,SMART,LANDIS_GYR,ACTIVE,2012-01-01,LONDON
MTR001766,MAC000524,SMART,LANDIS_GYR,ACTIVE,2012-01-01,LONDON
MTR001767,MAC000526,SMART,LANDIS_GYR,ACTIVE,2012-01-01,LONDON
MTR001768,MAC000527,SMART,LANDIS_GYR,ACTIVE,2012-01-01,LONDON
MTR001769,MAC000528,SMART,LANDIS_GYR,ACTIVE,2012-01-01,LONDON
MTR001770,MAC000530,SMART,LANDIS_GYR,ACTIVE,2012-01-01,LONDON
MTR001771,MAC000531,SMART,LANDIS_GYR,ACTIVE,2012-01-01,LONDON
MTR001772,MAC000532,SMART,LANDIS_GYR,ACTIVE,2012-01-01,LONDON
MTR001773,MAC000533,SMART,LANDIS_GYR,ACTIVE,2012-01-01,LONDON
MTR001774,MAC000534,SMART,LANDIS_GYR,ACTIVE,2012-01-01,LONDON
MTR001775,MAC000535,SMART,LANDIS_GYR,ACTIVE,2012-01-01,LONDON
MTR001776,MAC000536,SMART,LANDIS_GYR,ACTIVE,2012-01-01,LONDON
MTR001777,MAC000538,SMART,LANDIS_GYR,ACTIVE,2012-01-01,LONDON
MTR001778,MAC000539,SMART,LANDIS_GYR,ACTIVE,2012-01-01,LONDON
MTR001779,MAC000540,SMART,LANDIS_GYR,ACTIVE,2012-01-01,LONDON
MTR001780,MAC000541,SMART,LANDIS_GYR,ACTIVE,2012-01-01,LONDON
MTR001781,MAC000542,SMART,LANDIS_GYR,ACTIVE,2012-01-01,LONDON
MTR001782,MAC000543,SMART,LANDIS_GYR,ACTIVE,2012-01-01,LONDON
MTR001783,MAC000545,SMART,LANDIS_GYR,ACTIVE,2012-01-01,LONDON
MTR001784,MAC000546,SMART,LANDIS_GYR,ACTIVE,2012-01-01,LONDON
MTR001785,MAC000547,SMART,LANDIS_GYR,ACTIVE,2012-01-01,LONDON
MTR001786,MAC000548,SMART,LANDIS_GYR,ACTIVE,2012-01-01,LONDON
MTR001787,MAC000550,SMART,LANDIS_GYR,ACTIVE,2012-01-01,LONDON
MTR001788,MAC000551,SMART,LANDIS_GYR,ACTIVE,2012-01-01,LONDON
MTR001789,MAC000552,SMART,LANDIS_GYR,ACTIVE,2012-01-01,LONDON
MTR001790,MAC000553,SMART,LANDIS_GYR,ACTIVE,2012-01-01,LONDON
MTR001791,MAC000554,SMART,LANDIS_GYR,ACTIVE,2012-01-01,LONDON
MTR001792,MAC002536,SMART,LANDIS_GYR,ACTIVE,2012-01-01,LONDON
MTR001793,MAC002552,SMART,LANDIS_GYR,ACTIVE,2012-01-01,LONDON
MTR001794,MAC002560,SMART,LANDIS_GYR,ACTIVE,2012-01-01,LONDON
MTR001795,MAC002566,SMART,LANDIS_GYR,ACTIVE,2012-01-01,LONDON
MTR001796,MAC002568,SMART,LANDIS_GYR,ACTIVE,2012-01-01,LONDON
MTR001797,MAC002574,SMART,LANDIS_GYR,ACTIVE,2012-01-01,LONDON
MTR001798,MAC002578,SMART,LANDIS_GYR,ACTIVE,2012-01-01,LONDON
MTR001799,MAC002585,SMART,LANDIS_GYR,ACTIVE,2012-01-01,LONDON
MTR001800,MAC002586,SMART,LANDIS_GYR,ACTIVE,2012-01-01,LONDON
MTR001801,MAC002589,SMART,LANDIS_GYR,ACTIVE,2012-01-01,LONDON
MTR001802,MAC002593,SMART,LANDIS_GYR,ACTIVE,2012-01-01,LONDON
MTR001803,MAC002596,SMART,LANDIS_GYR,ACTIVE,2012-01-01,LONDON
MTR001804,MAC002602,SMART,LANDIS_GYR,ACTIVE,2012-01-01,LONDON
MTR001805,MAC002604,SMART,LANDIS_GYR,ACTIVE,2012-01-01,LONDON
MTR001806,MAC002609,SMART,LANDIS_GYR,ACTIVE,2012-01-01,LONDON
MTR001807,MAC002614,SMART,LANDIS_GYR,ACTIVE,2012-01-01,LONDON
MTR001808,MAC002618,SMART,LANDIS_GYR,ACTIVE,2012-01-01,LONDON
MTR001809,MAC002622,SMART,LANDIS_GYR,ACTIVE,2012-01-01,LONDON
MTR001810,MAC002625,SMART,LANDIS_GYR,ACTIVE,2012-01-01,LONDON
MTR001811,MAC002633,SMART,LANDIS_GYR,ACTIVE,2012-01-01,LONDON
MTR001812,MAC002634,SMART,LANDIS_GYR,ACTIVE,2012-01-01,LONDON
MTR001813,MAC002645,SMART,LANDIS_GYR,ACTIVE,2012-01-01,LONDON
MTR001814,MAC002665,SMART,LANDIS_GYR,ACTIVE,2012-01-01,LONDON
MTR001815,MAC002668,SMART,LANDIS_GYR,ACTIVE,2012-01-01,LONDON
MTR001816,MAC002672,SMART,LANDIS_GYR,ACTIVE,2012-01-01,LONDON
MTR001817,MAC002673,SMART,LANDIS_GYR,ACTIVE,2012-01-01,LONDON
MTR001818,MAC002675,SMART,LANDIS_GYR,ACTIVE,2012-01-01,LONDON
MTR001819,MAC002677,SMART,LANDIS_GYR,ACTIVE,2012-01-01,LONDON
MTR001820,MAC002678,SMART,LANDIS_GYR,ACTIVE,2012-01-01,LONDON
MTR001821,MAC002679,SMART,LANDIS_GYR,ACTIVE,2012-01-01,LONDON
MTR001822,MAC002680,SMART,LANDIS_GYR,ACTIVE,2012-01-01,LONDON
MTR001823,MAC002686,SMART,LANDIS_GYR,ACTIVE,2012-01-01,LONDON
MTR001824,MAC002690,SMART,LANDIS_GYR,ACTIVE,2012-01-01,LONDON
MTR001825,MAC002692,SMART,LANDIS_GYR,ACTIVE,2012-01-01,LONDON
MTR001826,MAC002694,SMART,LANDIS_GYR,ACTIVE,2012-01-01,LONDON
MTR001827,MAC002695,SMART,LANDIS_GYR,ACTIVE,2012-01-01,LONDON
MTR001828,MAC002701,SMART,LANDIS_GYR,ACTIVE,2012-01-01,LONDON
MTR001829,MAC002710,SMART,LANDIS_GYR,ACTIVE,2012-01-01,LONDON
MTR001830,MAC002712,SMART,LANDIS_GYR,ACTIVE,2012-01-01,LONDON
MTR001831,MAC002713,SMART,LANDIS_GYR,ACTIVE,2012-01-01,LONDON
MTR001832,MAC002722,SMART,LANDIS_GYR,ACTIVE,2012-01-01,LONDON
MTR001833,MAC002726,SMART,LANDIS_GYR,ACTIVE,2012-01-01,LONDON
MTR001834,MAC002728,SMART,LANDIS_GYR,ACTIVE,2012-01-01,LONDON
MTR001835,MAC002732,SMART,LANDIS_GYR,ACTIVE,2012-01-01,LONDON
MTR001836,MAC002738,SMART,LANDIS_GYR,ACTIVE,2012-01-01,LONDON
MTR001837,MAC002741,SMART,LANDIS_GYR,ACTIVE,2012-01-01,LONDON
MTR001838,MAC002758,SMART,LANDIS_GYR,ACTIVE,2012-01-01,LONDON
MTR001839,MAC002765,SMART,LANDIS_GYR,ACTIVE,2012-01-01,LONDON
MTR001840,MAC002769,SMART,LANDIS_GYR,ACTIVE,2012-01-01,LONDON
MTR001841,MAC002774,SMART,LANDIS_GYR,ACTIVE,2012-01-01,LONDON
MTR001842,MAC002786,SMART,LANDIS_GYR,ACTIVE,2012-01-01,LONDON
MTR001843,MAC002792,SMART,LANDIS_GYR,ACTIVE,2012-01-01,LONDON
MTR001844,MAC002794,SMART,LANDIS_GYR,ACTIVE,2012-01-01,LONDON
MTR001845,MAC002795,SMART,LANDIS_GYR,ACTIVE,2012-01-01,LONDON
MTR001846,MAC002797,SMART,LANDIS_GYR,ACTIVE,2012-01-01,LONDON
MTR001847,MAC002798,SMART,LANDIS_GYR,ACTIVE,2012-01-01,LONDON
MTR001848,MAC002800,SMART,LANDIS_GYR,ACTIVE,2012-01-01,LONDON
MTR001849,MAC002809,SMART,LANDIS_GYR,ACTIVE,2012-01-01,LONDON
MTR001850,MAC002811,SMART,LANDIS_GYR,ACTIVE,2012-01-01,LONDON
MTR001851,MAC002814,SMART,LANDIS_GYR,ACTIVE,2012-01-01,LONDON
MTR001852,MAC002826,SMART,LANDIS_GYR,ACTIVE,2012-01-01,LONDON
MTR001853,MAC002827,SMART,LANDIS_GYR,ACTIVE,2012-01-01,LONDON
MTR001854,MAC002833,SMART,LANDIS_GYR,ACTIVE,2012-01-01,LONDON
MTR001855,MAC002836,SMART,LANDIS_GYR,ACTIVE,2012-01-01,LONDON
MTR001856,MAC002839,SMART,LANDIS_GYR,ACTIVE,2012-01-01,LONDON
MTR001857,MAC002845,SMART,LANDIS_GYR,ACTIVE,2012-01-01,LONDON
MTR001858,MAC002848,SMART,LANDIS_GYR,ACTIVE,2012-01-01,LONDON
MTR001859,MAC002855,SMART,LANDIS_GYR,ACTIVE,2012-01-01,LONDON
MTR001860,MAC002861,SMART,LANDIS_GYR,ACTIVE,2012-01-01,LONDON
MTR001861,MAC002864,SMART,LANDIS_GYR,ACTIVE,2012-01-01,LONDON
MTR001862,MAC002868,SMART,LANDIS_GYR,ACTIVE,2012-01-01,LONDON
MTR001863,MAC002869,SMART,LANDIS_GYR,ACTIVE,2012-01-01,LONDON
MTR001864,MAC002874,SMART,LANDIS_GYR,ACTIVE,2012-01-01,LONDON
MTR001865,MAC002879,SMART,LANDIS_GYR,ACTIVE,2012-01-01,LONDON
MTR001866,MAC002881,SMART,LANDIS_GYR,ACTIVE,2012-01-01,LONDON
MTR001867,MAC002886,SMART,LANDIS_GYR,ACTIVE,2012-01-01,LONDON
MTR001868,MAC002891,SMART,LANDIS_GYR,ACTIVE,2012-01-01,LONDON
MTR001869,MAC002894,SMART,LANDIS_GYR,ACTIVE,2012-01-01,LONDON
MTR001870,MAC002895,SMART,LANDIS_GYR,ACTIVE,2012-01-01,LONDON
MTR001871,MAC002897,SMART,LANDIS_GYR,ACTIVE,2012-01-01,LONDON
MTR001872,MAC002901,SMART,LANDIS_GYR,ACTIVE,2012-01-01,LONDON
MTR001873,MAC002909,SMART,LANDIS_GYR,ACTIVE,2012-01-01,LONDON
MTR001874,MAC002910,SMART,LANDIS_GYR,ACTIVE,2012-01-01,LONDON
MTR001875,MAC002915,SMART,LANDIS_GYR,ACTIVE,2012-01-01,LONDON
MTR001876,MAC002918,SMART,LANDIS_GYR,ACTIVE,2012-01-01,LONDON
MTR001877,MAC002925,SMART,LANDIS_GYR,ACTIVE,2012-01-01,LONDON
MTR001878,MAC002926,SMART,LANDIS_GYR,ACTIVE,2012-01-01,LONDON
MTR001879,MAC002927,SMART,LANDIS_GYR,ACTIVE,2012-01-01,LONDON
MTR001880,MAC002930,SMART,LANDIS_GYR,ACTIVE,2012-01-01,LONDON
MTR001881,MAC002931,SMART,LANDIS_GYR,ACTIVE,2012-01-01,LONDON
MTR001882,MAC002932,SMART,LANDIS_GYR,ACTIVE,2012-01-01,LONDON
MTR001883,MAC002935,SMART,LANDIS_GYR,ACTIVE,2012-01-01,LONDON
MTR001884,MAC002951,SMART,LANDIS_GYR,ACTIVE,2012-01-01,LONDON
MTR001885,MAC002954,SMART,LANDIS_GYR,ACTIVE,2012-01-01,LONDON
MTR001886,MAC002959,SMART,LANDIS_GYR,ACTIVE,2012-01-01,LONDON
MTR001887,MAC002963,SMART,LANDIS_GYR,ACTIVE,2012-01-01,LONDON
MTR001888,MAC002970,SMART,LANDIS_GYR,ACTIVE,2012-01-01,LONDON
MTR001889,MAC002971,SMART,LANDIS_GYR,ACTIVE,2012-01-01,LONDON
MTR001890,MAC002982,SMART,LANDIS_GYR,ACTIVE,2012-01-01,LONDON
MTR001891,MAC002983,SMART,LANDIS_GYR,ACTIVE,2012-01-01,LONDON
MTR001892,MAC002985,SMART,LANDIS_GYR,ACTIVE,2012-01-01,LONDON
MTR001893,MAC002992,SMART,LANDIS_GYR,ACTIVE,2012-01-01,LONDON
MTR001894,MAC002995,SMART,LANDIS_GYR,ACTIVE,2012-01-01,LONDON
MTR001895,MAC002997,SMART,LANDIS_GYR,ACTIVE,2012-01-01,LONDON
MTR001896,MAC003019,SMART,LANDIS_GYR,ACTIVE,2012-01-01,LONDON
MTR001897,MAC003035,SMART,LANDIS_GYR,ACTIVE,2012-01-01,LONDON
MTR001898,MAC003037,SMART,LANDIS_GYR,ACTIVE,2012-01-01,LONDON
MTR001899,MAC003043,SMART,LANDIS_GYR,ACTIVE,2012-01-01,LONDON
MTR001900,MAC003044,SMART,LANDIS_GYR,ACTIVE,2012-01-01,LONDON
MTR001901,MAC003045,SMART,LANDIS_GYR,ACTIVE,2012-01-01,LONDON
MTR001902,MAC003047,SMART,LANDIS_GYR,ACTIVE,2012-01-01,LONDON
MTR001903,MAC003049,SMART,LANDIS_GYR,ACTIVE,2012-01-01,LONDON
MTR001904,MAC003055,SMART,LANDIS_GYR,ACTIVE,2012-01-01,LONDON
MTR001905,MAC003061,SMART,LANDIS_GYR,ACTIVE,2012-01-01,LONDON
MTR001906,MAC003068,SMART,LANDIS_GYR,ACTIVE,2012-01-01,LONDON
MTR001907,MAC003069,SMART,LANDIS_GYR,ACTIVE,2012-01-01,LONDON
MTR001908,MAC003080,SMART,LANDIS_GYR,ACTIVE,2012-01-01,LONDON
MTR001909,MAC003082,SMART,LANDIS_GYR,ACTIVE,2012-01-01,LONDON
MTR001910,MAC003088,SMART,LANDIS_GYR,ACTIVE,2012-01-01,LONDON
MTR001911,MAC003094,SMART,LANDIS_GYR,ACTIVE,2012-01-01,LONDON
MTR001912,MAC003097,SMART,LANDIS_GYR,ACTIVE,2012-01-01,LONDON
MTR001913,MAC003099,SMART,LANDIS_GYR,ACTIVE,2012-01-01,LONDON
MTR001914,MAC003102,SMART,LANDIS_GYR,ACTIVE,2012-01-01,LONDON
MTR001915,MAC003111,SMART,LANDIS_GYR,ACTIVE,2012-01-01,LONDON
MTR001916,MAC003116,SMART,LANDIS_GYR,ACTIVE,2012-01-01,LONDON
MTR001917,MAC003120,SMART,LANDIS_GYR,ACTIVE,2012-01-01,LONDON
MTR001918,MAC003124,SMART,LANDIS_GYR,ACTIVE,2012-01-01,LONDON
MTR001919,MAC003135,SMART,LANDIS_GYR,ACTIVE,2012-01-01,LONDON
MTR001920,MAC003140,SMART,LANDIS_GYR,ACTIVE,2012-01-01,LONDON
MTR001921,MAC003145,SMART,LANDIS_GYR,ACTIVE,2012-01-01,LONDON
MTR001922,MAC003151,SMART,LANDIS_GYR,ACTIVE,2012-01-01,LONDON
MTR001923,MAC003155,SMART,LANDIS_GYR,ACTIVE,2012-01-01,LONDON
MTR001924,MAC003156,SMART,LANDIS_GYR,ACTIVE,2012-01-01,LONDON
MTR001925,MAC003157,SMART,LANDIS_GYR,ACTIVE,2012-01-01,LONDON
MTR001926,MAC003165,SMART,LANDIS_GYR,ACTIVE,2012-01-01,LONDON
MTR001927,MAC003170,SMART,LANDIS_GYR,ACTIVE,2012-01-01,LONDON
MTR001928,MAC003175,SMART,LANDIS_GYR,ACTIVE,2012-01-01,LONDON
MTR001929,MAC003178,SMART,LANDIS_GYR,ACTIVE,2012-01-01,LONDON
MTR001930,MAC003180,SMART,LANDIS_GYR,ACTIVE,2012-01-01,LONDON
MTR001931,MAC003185,SMART,LANDIS_GYR,ACTIVE,2012-01-01,LONDON
MTR001932,MAC003196,SMART,LANDIS_GYR,ACTIVE,2012-01-01,LONDON
MTR001933,MAC003198,SMART,LANDIS_GYR,ACTIVE,2012-01-01,LONDON
MTR001934,MAC003201,SMART,LANDIS_GYR,ACTIVE,2012-01-01,LONDON
MTR001935,MAC003202,SMART,LANDIS_GYR,ACTIVE,2012-01-01,LONDON
MTR001936,MAC003211,SMART,LANDIS_GYR,ACTIVE,2012-01-01,LONDON
MTR001937,MAC003221,SMART,LANDIS_GYR,ACTIVE,2012-01-01,LONDON
MTR001938,MAC003238,SMART,LANDIS_GYR,ACTIVE,2012-01-01,LONDON
MTR001939,MAC003245,SMART,LANDIS_GYR,ACTIVE,2012-01-01,LONDON
MTR001940,MAC003247,SMART,LANDIS_GYR,ACTIVE,2012-01-01,LONDON
MTR001941,MAC003256,SMART,LANDIS_GYR,ACTIVE,2012-01-01,LONDON
MTR001942,MAC003257,SMART,LANDIS_GYR,ACTIVE,2012-01-01,LONDON
MTR001943,MAC003259,SMART,LANDIS_GYR,ACTIVE,2012-01-01,LONDON
MTR001944,MAC003262,SMART,LANDIS_GYR,ACTIVE,2012-01-01,LONDON
MTR001945,MAC003265,SMART,LANDIS_GYR,ACTIVE,2012-01-01,LONDON
MTR001946,MAC003268,SMART,LANDIS_GYR,ACTIVE,2012-01-01,LONDON
MTR001947,MAC003269,SMART,LANDIS_GYR,ACTIVE,2012-01-01,LONDON
MTR001948,MAC003272,SMART,LANDIS_GYR,ACTIVE,2012-01-01,LONDON
MTR001949,MAC003274,SMART,LANDIS_GYR,ACTIVE,2012-01-01,LONDON
MTR001950,MAC003277,SMART,LANDIS_GYR,ACTIVE,2012-01-01,LONDON
MTR001951,MAC003285,SMART,LANDIS_GYR,ACTIVE,2012-01-01,LONDON
MTR001952,MAC003286,SMART,LANDIS_GYR,ACTIVE,2012-01-01,LONDON
MTR001953,MAC003298,SMART,LANDIS_GYR,ACTIVE,2012-01-01,LONDON
MTR001954,MAC003308,SMART,LANDIS_GYR,ACTIVE,2012-01-01,LONDON
MTR001955,MAC003315,SMART,LANDIS_GYR,ACTIVE,2012-01-01,LONDON
MTR001956,MAC003321,SMART,LANDIS_GYR,ACTIVE,2012-01-01,LONDON
MTR001957,MAC003331,SMART,LANDIS_GYR,ACTIVE,2012-01-01,LONDON
MTR001958,MAC003333,SMART,LANDIS_GYR,ACTIVE,2012-01-01,LONDON
MTR001959,MAC003334,SMART,LANDIS_GYR,ACTIVE,2012-01-01,LONDON
MTR001960,MAC003337,SMART,LANDIS_GYR,ACTIVE,2012-01-01,LONDON
MTR001961,MAC003338,SMART,LANDIS_GYR,ACTIVE,2012-01-01,LONDON
MTR001962,MAC003347,SMART,LANDIS_GYR,ACTIVE,2012-01-01,LONDON
MTR001963,MAC003358,SMART,LANDIS_GYR,ACTIVE,2012-01-01,LONDON
MTR001964,MAC003360,SMART,LANDIS_GYR,ACTIVE,2012-01-01,LONDON
MTR001965,MAC003365,SMART,LANDIS_GYR,ACTIVE,2012-01-01,LONDON
MTR001966,MAC003366,SMART,LANDIS_GYR,ACTIVE,2012-01-01,LONDON
MTR001967,MAC003372,SMART,LANDIS_GYR,ACTIVE,2012-01-01,LONDON
MTR001968,MAC003379,SMART,LANDIS_GYR,ACTIVE,2012-01-01,LONDON
MTR001969,MAC003387,SMART,LANDIS_GYR,ACTIVE,2012-01-01,LONDON
MTR001970,MAC003390,SMART,LANDIS_GYR,ACTIVE,2012-01-01,LONDON
MTR001971,MAC003396,SMART,LANDIS_GYR,ACTIVE,2012-01-01,LONDON
MTR001972,MAC003399,SMART,LANDIS_GYR,ACTIVE,2012-01-01,LONDON
MTR001973,MAC003409,SMART,LANDIS_GYR,ACTIVE,2012-01-01,LONDON
MTR001974,MAC003414,SMART,LANDIS_GYR,ACTIVE,2012-01-01,LONDON
MTR001975,MAC003419,SMART,LANDIS_GYR,ACTIVE,2012-01-01,LONDON
MTR001976,MAC003425,SMART,LANDIS_GYR,ACTIVE,2012-01-01,LONDON
MTR001977,MAC003427,SMART,LANDIS_GYR,ACTIVE,2012-01-01,LONDON
MTR001978,MAC003429,SMART,LANDIS_GYR,ACTIVE,2012-01-01,LONDON
MTR001979,MAC003430,SMART,LANDIS_GYR,ACTIVE,2012-01-01,LONDON
MTR001980,MAC003434,SMART,LANDIS_GYR,ACTIVE,2012-01-01,LONDON
MTR001981,MAC003436,SMART,LANDIS_GYR,ACTIVE,2012-01-01,LONDON
MTR001982,MAC003439,SMART,LANDIS_GYR,ACTIVE,2012-01-01,LONDON
MTR001983,MAC003461,SMART,LANDIS_GYR,ACTIVE,2012-01-01,LONDON
MTR001984,MAC003467,SMART,LANDIS_GYR,ACTIVE,2012-01-01,LONDON
MTR001985,MAC003471,SMART,LANDIS_GYR,ACTIVE,2012-01-01,LONDON
MTR001986,MAC003472,SMART,LANDIS_GYR,ACTIVE,2012-01-01,LONDON
MTR001987,MAC003474,SMART,LANDIS_GYR,ACTIVE,2012-01-01,LONDON
MTR001988,MAC003476,SMART,LANDIS_GYR,ACTIVE,2012-01-01,LONDON
MTR001989,MAC003483,SMART,LANDIS_GYR,ACTIVE,2012-01-01,LONDON
MTR001990,MAC003489,SMART,LANDIS_GYR,ACTIVE,2012-01-01,LONDON
MTR001991,MAC003502,SMART,LANDIS_GYR,ACTIVE,2012-01-01,LONDON
MTR001992,MAC003503,SMART,LANDIS_GYR,ACTIVE,2012-01-01,LONDON
MTR001993,MAC003505,SMART,LANDIS_GYR,ACTIVE,2012-01-01,LONDON
MTR001994,MAC003513,SMART,LANDIS_GYR,ACTIVE,2012-01-01,LONDON
MTR001995,MAC003523,SMART,LANDIS_GYR,ACTIVE,2012-01-01,LONDON
MTR001996,MAC003524,SMART,LANDIS_GYR,ACTIVE,2012-01-01,LONDON
MTR001997,MAC003525,SMART,LANDIS_GYR,ACTIVE,2012-01-01,LONDON
MTR001998,MAC003528,SMART,LANDIS_GYR,ACTIVE,2012-01-01,LONDON
MTR001999,MAC003531,SMART,LANDIS_GYR,ACTIVE,2012-01-01,LONDON
MTR002000,MAC003536,SMART,LANDIS_GYR,ACTIVE,2012-01-01,LONDON
MTR002001,MAC003539,SMART,LANDIS_GYR,ACTIVE,2012-01-01,LONDON
MTR002002,MAC003541,SMART,LANDIS_GYR,ACTIVE,2012-01-01,LONDON
MTR002003,MAC003544,SMART,LANDIS_GYR,ACTIVE,2012-01-01,LONDON
MTR002004,MAC003545,SMART,LANDIS_GYR,ACTIVE,2012-01-01,LONDON
MTR002005,MAC003550,SMART,LANDIS_GYR,ACTIVE,2012-01-01,LONDON
MTR002006,MAC003555,SMART,LANDIS_GYR,ACTIVE,2012-01-01,LONDON
MTR002007,MAC003559,SMART,LANDIS_GYR,ACTIVE,2012-01-01,LONDON
MTR002008,MAC003560,SMART,LANDIS_GYR,ACTIVE,2012-01-01,LONDON
MTR002009,MAC003571,SMART,LANDIS_GYR,ACTIVE,2012-01-01,LONDON
MTR002010,MAC003580,SMART,LANDIS_GYR,ACTIVE,2012-01-01,LONDON
MTR002011,MAC003581,SMART,LANDIS_GYR,ACTIVE,2012-01-01,LONDON
MTR002012,MAC003588,SMART,LANDIS_GYR,ACTIVE,2012-01-01,LONDON
MTR002013,MAC003605,SMART,LANDIS_GYR,ACTIVE,2012-01-01,LONDON
MTR002014,MAC003606,SMART,LANDIS_GYR,ACTIVE,2012-01-01,LONDON
MTR002015,MAC003617,SMART,LANDIS_GYR,ACTIVE,2012-01-01,LONDON
MTR002016,MAC003626,SMART,LANDIS_GYR,ACTIVE,2012-01-01,LONDON
MTR002017,MAC003634,SMART,LANDIS_GYR,ACTIVE,2012-01-01,LONDON
MTR002018,MAC003637,SMART,LANDIS_GYR,ACTIVE,2012-01-01,LONDON
MTR002019,MAC003638,SMART,LANDIS_GYR,ACTIVE,2012-01-01,LONDON
MTR002020,MAC003643,SMART,LANDIS_GYR,ACTIVE,2012-01-01,LONDON
MTR002021,MAC003648,SMART,LANDIS_GYR,ACTIVE,2012-01-01,LONDON
MTR002022,MAC003649,SMART,LANDIS_GYR,ACTIVE,2012-01-01,LONDON
MTR002023,MAC003652,SMART,LANDIS_GYR,ACTIVE,2012-01-01,LONDON
MTR002024,MAC003661,SMART,LANDIS_GYR,ACTIVE,2012-01-01,LONDON
MTR002025,MAC003665,SMART,LANDIS_GYR,ACTIVE,2012-01-01,LONDON
MTR002026,MAC003666,SMART,LANDIS_GYR,ACTIVE,2012-01-01,LONDON
MTR002027,MAC003669,SMART,LANDIS_GYR,ACTIVE,2012-01-01,LONDON
MTR002028,MAC003675,SMART,LANDIS_GYR,ACTIVE,2012-01-01,LONDON
MTR002029,MAC003677,SMART,LANDIS_GYR,ACTIVE,2012-01-01,LONDON
MTR002030,MAC003679,SMART,LANDIS_GYR,ACTIVE,2012-01-01,LONDON
MTR002031,MAC003682,SMART,LANDIS_GYR,ACTIVE,2012-01-01,LONDON
MTR002032,MAC003684,SMART,LANDIS_GYR,ACTIVE,2012-01-01,LONDON
MTR002033,MAC003695,SMART,LANDIS_GYR,ACTIVE,2012-01-01,LONDON
MTR002034,MAC003703,SMART,LANDIS_GYR,ACTIVE,2012-01-01,LONDON
MTR002035,MAC003705,SMART,LANDIS_GYR,ACTIVE,2012-01-01,LONDON
MTR002036,MAC003706,SMART,LANDIS_GYR,ACTIVE,2012-01-01,LONDON
MTR002037,MAC003708,SMART,LANDIS_GYR,ACTIVE,2012-01-01,LONDON
MTR002038,MAC003713,SMART,LANDIS_GYR,ACTIVE,2012-01-01,LONDON
MTR002039,MAC003722,SMART,LANDIS_GYR,ACTIVE,2012-01-01,LONDON
MTR002040,MAC003723,SMART,LANDIS_GYR,ACTIVE,2012-01-01,LONDON
MTR002041,MAC003728,SMART,LANDIS_GYR,ACTIVE,2012-01-01,LONDON
MTR002042,MAC003736,SMART,LANDIS_GYR,ACTIVE,2012-01-01,LONDON
MTR002043,MAC003738,SMART,LANDIS_GYR,ACTIVE,2012-01-01,LONDON
MTR002044,MAC003745,SMART,LANDIS_GYR,ACTIVE,2012-01-01,LONDON
MTR002045,MAC003747,SMART,LANDIS_GYR,ACTIVE,2012-01-01,LONDON
MTR002046,MAC003753,SMART,LANDIS_GYR,ACTIVE,2012-01-01,LONDON
MTR002047,MAC003758,SMART,LANDIS_GYR,ACTIVE,2012-01-01,LONDON
MTR002048,MAC003760,SMART,LANDIS_GYR,ACTIVE,2012-01-01,LONDON
MTR002049,MAC003762,SMART,LANDIS_GYR,ACTIVE,2012-01-01,LONDON
MTR002050,MAC003766,SMART,LANDIS_GYR,ACTIVE,2012-01-01,LONDON
MTR002051,MAC003769,SMART,LANDIS_GYR,ACTIVE,2012-01-01,LONDON
MTR002052,MAC003771,SMART,LANDIS_GYR,ACTIVE,2012-01-01,LONDON
MTR002053,MAC003782,SMART,LANDIS_GYR,ACTIVE,2012-01-01,LONDON
MTR002054,MAC003783,SMART,LANDIS_GYR,ACTIVE,2012-01-01,LONDON
MTR002055,MAC003788,SMART,LANDIS_GYR,ACTIVE,2012-01-01,LONDON
MTR002056,MAC003807,SMART,LANDIS_GYR,ACTIVE,2012-01-01,LONDON
MTR002057,MAC003808,SMART,LANDIS_GYR,ACTIVE,2012-01-01,LONDON
MTR002058,MAC003816,SMART,LANDIS_GYR,ACTIVE,2012-01-01,LONDON
MTR002059,MAC003820,SMART,LANDIS_GYR,ACTIVE,2012-01-01,LONDON
MTR002060,MAC003823,SMART,LANDIS_GYR,ACTIVE,2012-01-01,LONDON
MTR002061,MAC003827,SMART,LANDIS_GYR,ACTIVE,2012-01-01,LONDON
MTR002062,MAC003829,SMART,LANDIS_GYR,ACTIVE,2012-01-01,LONDON
MTR002063,MAC003848,SMART,LANDIS_GYR,ACTIVE,2012-01-01,LONDON
MTR002064,MAC003852,SMART,LANDIS_GYR,ACTIVE,2012-01-01,LONDON
MTR002065,MAC003862,SMART,LANDIS_GYR,ACTIVE,2012-01-01,LONDON
MTR002066,MAC003865,SMART,LANDIS_GYR,ACTIVE,2012-01-01,LONDON
MTR002067,MAC003869,SMART,LANDIS_GYR,ACTIVE,2012-01-01,LONDON
MTR002068,MAC003890,SMART,LANDIS_GYR,ACTIVE,2012-01-01,LONDON
MTR002069,MAC003892,SMART,LANDIS_GYR,ACTIVE,2012-01-01,LONDON
MTR002070,MAC003895,SMART,LANDIS_GYR,ACTIVE,2012-01-01,LONDON
MTR002071,MAC003897,SMART,LANDIS_GYR,ACTIVE,2012-01-01,LONDON
MTR002072,MAC003899,SMART,LANDIS_GYR,ACTIVE,2012-01-01,LONDON
MTR002073,MAC003903,SMART,LANDIS_GYR,ACTIVE,2012-01-01,LONDON
MTR002074,MAC003911,SMART,LANDIS_GYR,ACTIVE,2012-01-01,LONDON
MTR002075,MAC003914,SMART,LANDIS_GYR,ACTIVE,2012-01-01,LONDON
MTR002076,MAC003915,SMART,LANDIS_GYR,ACTIVE,2012-01-01,LONDON
MTR002077,MAC003916,SMART,LANDIS_GYR,ACTIVE,2012-01-01,LONDON
MTR002078,MAC003919,SMART,LANDIS_GYR,ACTIVE,2012-01-01,LONDON
MTR002079,MAC003947,SMART,LANDIS_GYR,ACTIVE,2012-01-01,LONDON
MTR002080,MAC003951,SMART,LANDIS_GYR,ACTIVE,2012-01-01,LONDON
MTR002081,MAC003954,SMART,LANDIS_GYR,ACTIVE,2012-01-01,LONDON
MTR002082,MAC003960,SMART,LANDIS_GYR,ACTIVE,2012-01-01,LONDON
MTR002083,MAC003967,SMART,LANDIS_GYR,ACTIVE,2012-01-01,LONDON
MTR002084,MAC003968,SMART,LANDIS_GYR,ACTIVE,2012-01-01,LONDON
MTR002085,MAC003973,SMART,LANDIS_GYR,ACTIVE,2012-01-01,LONDON
MTR002086,MAC003975,SMART,LANDIS_GYR,ACTIVE,2012-01-01,LONDON
MTR002087,MAC003977,SMART,LANDIS_GYR,ACTIVE,2012-01-01,LONDON
MTR002088,MAC003982,SMART,LANDIS_GYR,ACTIVE,2012-01-01,LONDON
MTR002089,MAC003984,SMART,LANDIS_GYR,ACTIVE,2012-01-01,LONDON
MTR002090,MAC003988,SMART,LANDIS_GYR,ACTIVE,2012-01-01,LONDON
MTR002091,MAC003989,SMART,LANDIS_GYR,ACTIVE,2012-01-01,LONDON
MTR002092,MAC003991,SMART,LANDIS_GYR,ACTIVE,2012-01-01,LONDON
MTR002093,MAC003998,SMART,LANDIS_GYR,ACTIVE,2012-01-01,LONDON
MTR002094,MAC004000,SMART,LANDIS_GYR,ACTIVE,2012-01-01,LONDON
MTR002095,MAC004001,SMART,LANDIS_GYR,ACTIVE,2012-01-01,LONDON
MTR002096,MAC004008,SMART,LANDIS_GYR,ACTIVE,2012-01-01,LONDON
MTR002097,MAC004012,SMART,LANDIS_GYR,ACTIVE,2012-01-01,LONDON
MTR002098,MAC004021,SMART,LANDIS_GYR,ACTIVE,2012-01-01,LONDON
MTR002099,MAC004024,SMART,LANDIS_GYR,ACTIVE,2012-01-01,LONDON
MTR002100,MAC004025,SMART,LANDIS_GYR,ACTIVE,2012-01-01,LONDON
MTR002101,MAC004031,SMART,LANDIS_GYR,ACTIVE,2012-01-01,LONDON
MTR002102,MAC004035,SMART,LANDIS_GYR,ACTIVE,2012-01-01,LONDON
MTR002103,MAC004037,SMART,LANDIS_GYR,ACTIVE,2012-01-01,LONDON
MTR002104,MAC004050,SMART,LANDIS_GYR,ACTIVE,2012-01-01,LONDON
MTR002105,MAC004053,SMART,LANDIS_GYR,ACTIVE,2012-01-01,LONDON
MTR002106,MAC004054,SMART,LANDIS_GYR,ACTIVE,2012-01-01,LONDON
MTR002107,MAC004062,SMART,LANDIS_GYR,ACTIVE,2012-01-01,LONDON
MTR002108,MAC004065,SMART,LANDIS_GYR,ACTIVE,2012-01-01,LONDON
MTR002109,MAC004066,SMART,LANDIS_GYR,ACTIVE,2012-01-01,LONDON
MTR002110,MAC004076,SMART,LANDIS_GYR,ACTIVE,2012-01-01,LONDON
MTR002111,MAC004083,SMART,LANDIS_GYR,ACTIVE,2012-01-01,LONDON
MTR002112,MAC004091,SMART,LANDIS_GYR,ACTIVE,2012-01-01,LONDON
MTR002113,MAC004100,SMART,LANDIS_GYR,ACTIVE,2012-01-01,LONDON
MTR002114,MAC004106,SMART,LANDIS_GYR,ACTIVE,2012-01-01,LONDON
MTR002115,MAC004107,SMART,LANDIS_GYR,ACTIVE,2012-01-01,LONDON
MTR002116,MAC004118,SMART,LANDIS_GYR,ACTIVE,2012-01-01,LONDON
MTR002117,MAC004122,SMART,LANDIS_GYR,ACTIVE,2012-01-01,LONDON
MTR002118,MAC004126,SMART,LANDIS_GYR,ACTIVE,2012-01-01,LONDON
MTR002119,MAC004144,SMART,LANDIS_GYR,ACTIVE,2012-01-01,LONDON
MTR002120,MAC004149,SMART,LANDIS_GYR,ACTIVE,2012-01-01,LONDON
MTR002121,MAC004152,SMART,LANDIS_GYR,ACTIVE,2012-01-01,LONDON
MTR002122,MAC004155,SMART,LANDIS_GYR,ACTIVE,2012-01-01,LONDON
MTR002123,MAC004157,SMART,LANDIS_GYR,ACTIVE,2012-01-01,LONDON
MTR002124,MAC004159,SMART,LANDIS_GYR,ACTIVE,2012-01-01,LONDON
MTR002125,MAC004170,SMART,LANDIS_GYR,ACTIVE,2012-01-01,LONDON
MTR002126,MAC004184,SMART,LANDIS_GYR,ACTIVE,2012-01-01,LONDON
MTR002127,MAC004189,SMART,LANDIS_GYR,ACTIVE,2012-01-01,LONDON
MTR002128,MAC004206,SMART,LANDIS_GYR,ACTIVE,2012-01-01,LONDON
MTR002129,MAC004218,SMART,LANDIS_GYR,ACTIVE,2012-01-01,LONDON
MTR002130,MAC004223,SMART,LANDIS_GYR,ACTIVE,2012-01-01,LONDON
MTR002131,MAC004229,SMART,LANDIS_GYR,ACTIVE,2012-01-01,LONDON
MTR002132,MAC004231,SMART,LANDIS_GYR,ACTIVE,2012-01-01,LONDON
MTR002133,MAC004234,SMART,LANDIS_GYR,ACTIVE,2012-01-01,LONDON
MTR002134,MAC004236,SMART,LANDIS_GYR,ACTIVE,2012-01-01,LONDON
MTR002135,MAC004239,SMART,LANDIS_GYR,ACTIVE,2012-01-01,LONDON
MTR002136,MAC004245,SMART,LANDIS_GYR,ACTIVE,2012-01-01,LONDON
MTR002137,MAC004246,SMART,LANDIS_GYR,ACTIVE,2012-01-01,LONDON
MTR002138,MAC004258,SMART,LANDIS_GYR,ACTIVE,2012-01-01,LONDON
MTR002139,MAC004260,SMART,LANDIS_GYR,ACTIVE,2012-01-01,LONDON
MTR002140,MAC004263,SMART,LANDIS_GYR,ACTIVE,2012-01-01,LONDON
MTR002141,MAC004264,SMART,LANDIS_GYR,ACTIVE,2012-01-01,LONDON
MTR002142,MAC004270,SMART,LANDIS_GYR,ACTIVE,2012-01-01,LONDON
MTR002143,MAC004283,SMART,LANDIS_GYR,ACTIVE,2012-01-01,LONDON
MTR002144,MAC004303,SMART,LANDIS_GYR,ACTIVE,2012-01-01,LONDON
MTR002145,MAC004307,SMART,LANDIS_GYR,ACTIVE,2012-01-01,LONDON
MTR002146,MAC004309,SMART,LANDIS_GYR,ACTIVE,2012-01-01,LONDON
MTR002147,MAC004315,SMART,LANDIS_GYR,ACTIVE,2012-01-01,LONDON
MTR002148,MAC004318,SMART,LANDIS_GYR,ACTIVE,2012-01-01,LONDON
MTR002149,MAC004320,SMART,LANDIS_GYR,ACTIVE,2012-01-01,LONDON
MTR002150,MAC004323,SMART,LANDIS_GYR,ACTIVE,2012-01-01,LONDON
MTR002151,MAC004331,SMART,LANDIS_GYR,ACTIVE,2012-01-01,LONDON
MTR002152,MAC004334,SMART,LANDIS_GYR,ACTIVE,2012-01-01,LONDON
MTR002153,MAC004346,SMART,LANDIS_GYR,ACTIVE,2012-01-01,LONDON
MTR002154,MAC004347,SMART,LANDIS_GYR,ACTIVE,2012-01-01,LONDON
MTR002155,MAC004350,SMART,LANDIS_GYR,ACTIVE,2012-01-01,LONDON
MTR002156,MAC004354,SMART,LANDIS_GYR,ACTIVE,2012-01-01,LONDON
MTR002157,MAC004361,SMART,LANDIS_GYR,ACTIVE,2012-01-01,LONDON
MTR002158,MAC004362,SMART,LANDIS_GYR,ACTIVE,2012-01-01,LONDON
MTR002159,MAC000555,SMART,LANDIS_GYR,ACTIVE,2012-01-01,LONDON
MTR002160,MAC000556,SMART,LANDIS_GYR,ACTIVE,2012-01-01,LONDON
MTR002161,MAC000557,SMART,LANDIS_GYR,ACTIVE,2012-01-01,LONDON
MTR002162,MAC000558,SMART,LANDIS_GYR,ACTIVE,2012-01-01,LONDON
MTR002163,MAC000559,SMART,LANDIS_GYR,ACTIVE,2012-01-01,LONDON
MTR002164,MAC000560,SMART,LANDIS_GYR,ACTIVE,2012-01-01,LONDON
MTR002165,MAC000562,SMART,LANDIS_GYR,ACTIVE,2012-01-01,LONDON
MTR002166,MAC000563,SMART,LANDIS_GYR,ACTIVE,2012-01-01,LONDON
MTR002167,MAC000564,SMART,LANDIS_GYR,ACTIVE,2012-01-01,LONDON
MTR002168,MAC000566,SMART,LANDIS_GYR,ACTIVE,2012-01-01,LONDON
MTR002169,MAC000567,SMART,LANDIS_GYR,ACTIVE,2012-01-01,LONDON
MTR002170,MAC000568,SMART,LANDIS_GYR,ACTIVE,2012-01-01,LONDON
MTR002171,MAC000569,SMART,LANDIS_GYR,ACTIVE,2012-01-01,LONDON
MTR002172,MAC000570,SMART,LANDIS_GYR,ACTIVE,2012-01-01,LONDON
MTR002173,MAC000571,SMART,LANDIS_GYR,ACTIVE,2012-01-01,LONDON
MTR002174,MAC000572,SMART,LANDIS_GYR,ACTIVE,2012-01-01,LONDON
MTR002175,MAC000573,SMART,LANDIS_GYR,ACTIVE,2012-01-01,LONDON
MTR002176,MAC000574,SMART,LANDIS_GYR,ACTIVE,2012-01-01,LONDON
MTR002177,MAC000575,SMART,LANDIS_GYR,ACTIVE,2012-01-01,LONDON
MTR002178,MAC000576,SMART,LANDIS_GYR,ACTIVE,2012-01-01,LONDON
MTR002179,MAC000577,SMART,LANDIS_GYR,ACTIVE,2012-01-01,LONDON
MTR002180,MAC000578,SMART,LANDIS_GYR,ACTIVE,2012-01-01,LONDON
MTR002181,MAC000579,SMART,LANDIS_GYR,ACTIVE,2012-01-01,LONDON
MTR002182,MAC000580,SMART,LANDIS_GYR,ACTIVE,2012-01-01,LONDON
MTR002183,MAC000581,SMART,LANDIS_GYR,ACTIVE,2012-01-01,LONDON
MTR002184,MAC000585,SMART,LANDIS_GYR,ACTIVE,2012-01-01,LONDON
MTR002185,MAC000588,SMART,LANDIS_GYR,ACTIVE,2012-01-01,LONDON
MTR002186,MAC000589,SMART,LANDIS_GYR,ACTIVE,2012-01-01,LONDON
MTR002187,MAC000591,SMART,LANDIS_GYR,ACTIVE,2012-01-01,LONDON
MTR002188,MAC000592,SMART,LANDIS_GYR,ACTIVE,2012-01-01,LONDON
MTR002189,MAC004363,SMART,LANDIS_GYR,ACTIVE,2012-01-01,LONDON
MTR002190,MAC004366,SMART,LANDIS_GYR,ACTIVE,2012-01-01,LONDON
MTR002191,MAC004374,SMART,LANDIS_GYR,ACTIVE,2012-01-01,LONDON
MTR002192,MAC004381,SMART,LANDIS_GYR,ACTIVE,2012-01-01,LONDON
MTR002193,MAC004392,SMART,LANDIS_GYR,ACTIVE,2012-01-01,LONDON
MTR002194,MAC004396,SMART,LANDIS_GYR,ACTIVE,2012-01-01,LONDON
MTR002195,MAC004399,SMART,LANDIS_GYR,ACTIVE,2012-01-01,LONDON
MTR002196,MAC004400,SMART,LANDIS_GYR,ACTIVE,2012-01-01,LONDON
MTR002197,MAC004408,SMART,LANDIS_GYR,ACTIVE,2012-01-01,LONDON
MTR002198,MAC004419,SMART,LANDIS_GYR,ACTIVE,2012-01-01,LONDON
MTR002199,MAC004422,SMART,LANDIS_GYR,ACTIVE,2012-01-01,LONDON
MTR002200,MAC004424,SMART,LANDIS_GYR,ACTIVE,2012-01-01,LONDON
MTR002201,MAC004436,SMART,LANDIS_GYR,ACTIVE,2012-01-01,LONDON
MTR002202,MAC004439,SMART,LANDIS_GYR,ACTIVE,2012-01-01,LONDON
MTR002203,MAC004445,SMART,LANDIS_GYR,ACTIVE,2012-01-01,LONDON
MTR002204,MAC004448,SMART,LANDIS_GYR,ACTIVE,2012-01-01,LONDON
MTR002205,MAC004449,SMART,LANDIS_GYR,ACTIVE,2012-01-01,LONDON
MTR002206,MAC004451,SMART,LANDIS_GYR,ACTIVE,2012-01-01,LONDON
MTR002207,MAC004456,SMART,LANDIS_GYR,ACTIVE,2012-01-01,LONDON
MTR002208,MAC004467,SMART,LANDIS_GYR,ACTIVE,2012-01-01,LONDON
MTR002209,MAC004485,SMART,LANDIS_GYR,ACTIVE,2012-01-01,LONDON
MTR002210,MAC004491,SMART,LANDIS_GYR,ACTIVE,2012-01-01,LONDON
MTR002211,MAC004493,SMART,LANDIS_GYR,ACTIVE,2012-01-01,LONDON
MTR002212,MAC004497,SMART,LANDIS_GYR,ACTIVE,2012-01-01,LONDON
MTR002213,MAC004506,SMART,LANDIS_GYR,ACTIVE,2012-01-01,LONDON
MTR002214,MAC004509,SMART,LANDIS_GYR,ACTIVE,2012-01-01,LONDON
MTR002215,MAC004525,SMART,LANDIS_GYR,ACTIVE,2012-01-01,LONDON
MTR002216,MAC004543,SMART,LANDIS_GYR,ACTIVE,2012-01-01,LONDON
MTR002217,MAC004551,SMART,LANDIS_GYR,ACTIVE,2012-01-01,LONDON
MTR002218,MAC004559,SMART,LANDIS_GYR,ACTIVE,2012-01-01,LONDON
MTR002219,MAC004561,SMART,LANDIS_GYR,ACTIVE,2012-01-01,LONDON
MTR002220,MAC004568,SMART,LANDIS_GYR,ACTIVE,2012-01-01,LONDON
MTR002221,MAC004590,SMART,LANDIS_GYR,ACTIVE,2012-01-01,LONDON
MTR002222,MAC004592,SMART,LANDIS_GYR,ACTIVE,2012-01-01,LONDON
MTR002223,MAC004593,SMART,LANDIS_GYR,ACTIVE,2012-01-01,LONDON
MTR002224,MAC004604,SMART,LANDIS_GYR,ACTIVE,2012-01-01,LONDON
MTR002225,MAC004605,SMART,LANDIS_GYR,ACTIVE,2012-01-01,LONDON
MTR002226,MAC004606,SMART,LANDIS_GYR,ACTIVE,2012-01-01,LONDON
MTR002227,MAC004609,SMART,LANDIS_GYR,ACTIVE,2012-01-01,LONDON
MTR002228,MAC004610,SMART,LANDIS_GYR,ACTIVE,2012-01-01,LONDON
MTR002229,MAC004611,SMART,LANDIS_GYR,ACTIVE,2012-01-01,LONDON
MTR002230,MAC004620,SMART,LANDIS_GYR,ACTIVE,2012-01-01,LONDON
MTR002231,MAC004621,SMART,LANDIS_GYR,ACTIVE,2012-01-01,LONDON
MTR002232,MAC004622,SMART,LANDIS_GYR,ACTIVE,2012-01-01,LONDON
MTR002233,MAC004623,SMART,LANDIS_GYR,ACTIVE,2012-01-01,LONDON
MTR002234,MAC004633,SMART,LANDIS_GYR,ACTIVE,2012-01-01,LONDON
MTR002235,MAC004639,SMART,LANDIS_GYR,ACTIVE,2012-01-01,LONDON
MTR002236,MAC004640,SMART,LANDIS_GYR,ACTIVE,2012-01-01,LONDON
MTR002237,MAC004641,SMART,LANDIS_GYR,ACTIVE,2012-01-01,LONDON
MTR002238,MAC004655,SMART,LANDIS_GYR,ACTIVE,2012-01-01,LONDON
MTR002239,MAC004657,SMART,LANDIS_GYR,ACTIVE,2012-01-01,LONDON
MTR002240,MAC004661,SMART,LANDIS_GYR,ACTIVE,2012-01-01,LONDON
MTR002241,MAC004668,SMART,LANDIS_GYR,ACTIVE,2012-01-01,LONDON
MTR002242,MAC004669,SMART,LANDIS_GYR,ACTIVE,2012-01-01,LONDON
MTR002243,MAC004670,SMART,LANDIS_GYR,ACTIVE,2012-01-01,LONDON
MTR002244,MAC004683,SMART,LANDIS_GYR,ACTIVE,2012-01-01,LONDON
MTR002245,MAC004687,SMART,LANDIS_GYR,ACTIVE,2012-01-01,LONDON
MTR002246,MAC004689,SMART,LANDIS_GYR,ACTIVE,2012-01-01,LONDON
MTR002247,MAC004691,SMART,LANDIS_GYR,ACTIVE,2012-01-01,LONDON
MTR002248,MAC004693,SMART,LANDIS_GYR,ACTIVE,2012-01-01,LONDON
MTR002249,MAC004697,SMART,LANDIS_GYR,ACTIVE,2012-01-01,LONDON
MTR002250,MAC004709,SMART,LANDIS_GYR,ACTIVE,2012-01-01,LONDON
MTR002251,MAC004710,SMART,LANDIS_GYR,ACTIVE,2012-01-01,LONDON
MTR002252,MAC004711,SMART,LANDIS_GYR,ACTIVE,2012-01-01,LONDON
MTR002253,MAC004713,SMART,LANDIS_GYR,ACTIVE,2012-01-01,LONDON
MTR002254,MAC004714,SMART,LANDIS_GYR,ACTIVE,2012-01-01,LONDON
MTR002255,MAC004716,SMART,LANDIS_GYR,ACTIVE,2012-01-01,LONDON
MTR002256,MAC004719,SMART,LANDIS_GYR,ACTIVE,2012-01-01,LONDON
MTR002257,MAC004720,SMART,LANDIS_GYR,ACTIVE,2012-01-01,LONDON
MTR002258,MAC004722,SMART,LANDIS_GYR,ACTIVE,2012-01-01,LONDON
MTR002259,MAC004728,SMART,LANDIS_GYR,ACTIVE,2012-01-01,LONDON
MTR002260,MAC004731,SMART,LANDIS_GYR,ACTIVE,2012-01-01,LONDON
MTR002261,MAC004733,SMART,LANDIS_GYR,ACTIVE,2012-01-01,LONDON
MTR002262,MAC004744,SMART,LANDIS_GYR,ACTIVE,2012-01-01,LONDON
MTR002263,MAC004746,SMART,LANDIS_GYR,ACTIVE,2012-01-01,LONDON
MTR002264,MAC004751,SMART,LANDIS_GYR,ACTIVE,2012-01-01,LONDON
MTR002265,MAC004753,SMART,LANDIS_GYR,ACTIVE,2012-01-01,LONDON
MTR002266,MAC004755,SMART,LANDIS_GYR,ACTIVE,2012-01-01,LONDON
MTR002267,MAC004757,SMART,LANDIS_GYR,ACTIVE,2012-01-01,LONDON
MTR002268,MAC004762,SMART,LANDIS_GYR,ACTIVE,2012-01-01,LONDON
MTR002269,MAC004765,SMART,LANDIS_GYR,ACTIVE,2012-01-01,LONDON
MTR002270,MAC004767,SMART,LANDIS_GYR,ACTIVE,2012-01-01,LONDON
MTR002271,MAC004768,SMART,LANDIS_GYR,ACTIVE,2012-01-01,LONDON
MTR002272,MAC004770,SMART,LANDIS_GYR,ACTIVE,2012-01-01,LONDON
MTR002273,MAC004783,SMART,LANDIS_GYR,ACTIVE,2012-01-01,LONDON
MTR002274,MAC004789,SMART,LANDIS_GYR,ACTIVE,2012-01-01,LONDON
MTR002275,MAC004795,SMART,LANDIS_GYR,ACTIVE,2012-01-01,LONDON
MTR002276,MAC004811,SMART,LANDIS_GYR,ACTIVE,2012-01-01,LONDON
MTR002277,MAC004814,SMART,LANDIS_GYR,ACTIVE,2012-01-01,LONDON
MTR002278,MAC004818,SMART,LANDIS_GYR,ACTIVE,2012-01-01,LONDON
MTR002279,MAC004821,SMART,LANDIS_GYR,ACTIVE,2012-01-01,LONDON
MTR002280,MAC004822,SMART,LANDIS_GYR,ACTIVE,2012-01-01,LONDON
MTR002281,MAC004825,SMART,LANDIS_GYR,ACTIVE,2012-01-01,LONDON
MTR002282,MAC004827,SMART,LANDIS_GYR,ACTIVE,2012-01-01,LONDON
MTR002283,MAC004832,SMART,LANDIS_GYR,ACTIVE,2012-01-01,LONDON
MTR002284,MAC004837,SMART,LANDIS_GYR,ACTIVE,2012-01-01,LONDON
MTR002285,MAC004838,SMART,LANDIS_GYR,ACTIVE,2012-01-01,LONDON
MTR002286,MAC004851,SMART,LANDIS_GYR,ACTIVE,2012-01-01,LONDON
MTR002287,MAC004855,SMART,LANDIS_GYR,ACTIVE,2012-01-01,LONDON
MTR002288,MAC004880,SMART,LANDIS_GYR,ACTIVE,2012-01-01,LONDON
MTR002289,MAC004883,SMART,LANDIS_GYR,ACTIVE,2012-01-01,LONDON
MTR002290,MAC004893,SMART,LANDIS_GYR,ACTIVE,2012-01-01,LONDON
MTR002291,MAC004910,SMART,LANDIS_GYR,ACTIVE,2012-01-01,LONDON
MTR002292,MAC004917,SMART,LANDIS_GYR,ACTIVE,2012-01-01,LONDON
MTR002293,MAC004921,SMART,LANDIS_GYR,ACTIVE,2012-01-01,LONDON
MTR002294,MAC004926,SMART,LANDIS_GYR,ACTIVE,2012-01-01,LONDON
MTR002295,MAC004932,SMART,LANDIS_GYR,ACTIVE,2012-01-01,LONDON
MTR002296,MAC004937,SMART,LANDIS_GYR,ACTIVE,2012-01-01,LONDON
MTR002297,MAC004948,SMART,LANDIS_GYR,ACTIVE,2012-01-01,LONDON
MTR002298,MAC004949,SMART,LANDIS_GYR,ACTIVE,2012-01-01,LONDON
MTR002299,MAC004952,SMART,LANDIS_GYR,ACTIVE,2012-01-01,LONDON
MTR002300,MAC004955,SMART,LANDIS_GYR,ACTIVE,2012-01-01,LONDON
MTR002301,MAC004956,SMART,LANDIS_GYR,ACTIVE,2012-01-01,LONDON
MTR002302,MAC004965,SMART,LANDIS_GYR,ACTIVE,2012-01-01,LONDON
MTR002303,MAC004968,SMART,LANDIS_GYR,ACTIVE,2012-01-01,LONDON
MTR002304,MAC004969,SMART,LANDIS_GYR,ACTIVE,2012-01-01,LONDON
MTR002305,MAC004977,SMART,LANDIS_GYR,ACTIVE,2012-01-01,LONDON
MTR002306,MAC004979,SMART,LANDIS_GYR,ACTIVE,2012-01-01,LONDON
MTR002307,MAC004988,SMART,LANDIS_GYR,ACTIVE,2012-01-01,LONDON
MTR002308,MAC004990,SMART,LANDIS_GYR,ACTIVE,2012-01-01,LONDON
MTR002309,MAC005006,SMART,LANDIS_GYR,ACTIVE,2012-01-01,LONDON
MTR002310,MAC005011,SMART,LANDIS_GYR,ACTIVE,2012-01-01,LONDON
MTR002311,MAC005013,SMART,LANDIS_GYR,ACTIVE,2012-01-01,LONDON
MTR002312,MAC005017,SMART,LANDIS_GYR,ACTIVE,2012-01-01,LONDON
MTR002313,MAC005022,SMART,LANDIS_GYR,ACTIVE,2012-01-01,LONDON
MTR002314,MAC005023,SMART,LANDIS_GYR,ACTIVE,2012-01-01,LONDON
MTR002315,MAC005031,SMART,LANDIS_GYR,ACTIVE,2012-01-01,LONDON
MTR002316,MAC005034,SMART,LANDIS_GYR,ACTIVE,2012-01-01,LONDON
MTR002317,MAC005039,SMART,LANDIS_GYR,ACTIVE,2012-01-01,LONDON
MTR002318,MAC005057,SMART,LANDIS_GYR,ACTIVE,2012-01-01,LONDON
MTR002319,MAC005059,SMART,LANDIS_GYR,ACTIVE,2012-01-01,LONDON
MTR002320,MAC005068,SMART,LANDIS_GYR,ACTIVE,2012-01-01,LONDON
MTR002321,MAC005069,SMART,LANDIS_GYR,ACTIVE,2012-01-01,LONDON
MTR002322,MAC005070,SMART,LANDIS_GYR,ACTIVE,2012-01-01,LONDON
MTR002323,MAC005076,SMART,LANDIS_GYR,ACTIVE,2012-01-01,LONDON
MTR002324,MAC005080,SMART,LANDIS_GYR,ACTIVE,2012-01-01,LONDON
MTR002325,MAC005083,SMART,LANDIS_GYR,ACTIVE,2012-01-01,LONDON
MTR002326,MAC005085,SMART,LANDIS_GYR,ACTIVE,2012-01-01,LONDON
MTR002327,MAC005091,SMART,LANDIS_GYR,ACTIVE,2012-01-01,LONDON
MTR002328,MAC005093,SMART,LANDIS_GYR,ACTIVE,2012-01-01,LONDON
MTR002329,MAC005102,SMART,LANDIS_GYR,ACTIVE,2012-01-01,LONDON
MTR002330,MAC005106,SMART,LANDIS_GYR,ACTIVE,2012-01-01,LONDON
MTR002331,MAC005110,SMART,LANDIS_GYR,ACTIVE,2012-01-01,LONDON
MTR002332,MAC005111,SMART,LANDIS_GYR,ACTIVE,2012-01-01,LONDON
MTR002333,MAC005121,SMART,LANDIS_GYR,ACTIVE,2012-01-01,LONDON
MTR002334,MAC005122,SMART,LANDIS_GYR,ACTIVE,2012-01-01,LONDON
MTR002335,MAC005124,SMART,LANDIS_GYR,ACTIVE,2012-01-01,LONDON
MTR002336,MAC005127,SMART,LANDIS_GYR,ACTIVE,2012-01-01,LONDON
MTR002337,MAC005134,SMART,LANDIS_GYR,ACTIVE,2012-01-01,LONDON
MTR002338,MAC005146,SMART,LANDIS_GYR,ACTIVE,2012-01-01,LONDON
MTR002339,MAC005147,SMART,LANDIS_GYR,ACTIVE,2012-01-01,LONDON
MTR002340,MAC005148,SMART,LANDIS_GYR,ACTIVE,2012-01-01,LONDON
MTR002341,MAC005149,SMART,LANDIS_GYR,ACTIVE,2012-01-01,LONDON
MTR002342,MAC005150,SMART,LANDIS_GYR,ACTIVE,2012-01-01,LONDON
MTR002343,MAC005152,SMART,LANDIS_GYR,ACTIVE,2012-01-01,LONDON
MTR002344,MAC005157,SMART,LANDIS_GYR,ACTIVE,2012-01-01,LONDON
MTR002345,MAC005159,SMART,LANDIS_GYR,ACTIVE,2012-01-01,LONDON
MTR002346,MAC005160,SMART,LANDIS_GYR,ACTIVE,2012-01-01,LONDON
MTR002347,MAC005161,SMART,LANDIS_GYR,ACTIVE,2012-01-01,LONDON
MTR002348,MAC005162,SMART,LANDIS_GYR,ACTIVE,2012-01-01,LONDON
MTR002349,MAC005164,SMART,LANDIS_GYR,ACTIVE,2012-01-01,LONDON
MTR002350,MAC005171,SMART,LANDIS_GYR,ACTIVE,2012-01-01,LONDON
MTR002351,MAC005172,SMART,LANDIS_GYR,ACTIVE,2012-01-01,LONDON
MTR002352,MAC005173,SMART,LANDIS_GYR,ACTIVE,2012-01-01,LONDON
MTR002353,MAC005179,SMART,LANDIS_GYR,ACTIVE,2012-01-01,LONDON
MTR002354,MAC005180,SMART,LANDIS_GYR,ACTIVE,2012-01-01,LONDON
MTR002355,MAC005184,SMART,LANDIS_GYR,ACTIVE,2012-01-01,LONDON
MTR002356,MAC005186,SMART,LANDIS_GYR,ACTIVE,2012-01-01,LONDON
MTR002357,MAC005189,SMART,LANDIS_GYR,ACTIVE,2012-01-01,LONDON
MTR002358,MAC005190,SMART,LANDIS_GYR,ACTIVE,2012-01-01,LONDON
MTR002359,MAC005197,SMART,LANDIS_GYR,ACTIVE,2012-01-01,LONDON
MTR002360,MAC005200,SMART,LANDIS_GYR,ACTIVE,2012-01-01,LONDON
MTR002361,MAC005204,SMART,LANDIS_GYR,ACTIVE,2012-01-01,LONDON
MTR002362,MAC005207,SMART,LANDIS_GYR,ACTIVE,2012-01-01,LONDON
MTR002363,MAC005212,SMART,LANDIS_GYR,ACTIVE,2012-01-01,LONDON
MTR002364,MAC005240,SMART,LANDIS_GYR,ACTIVE,2012-01-01,LONDON
MTR002365,MAC005250,SMART,LANDIS_GYR,ACTIVE,2012-01-01,LONDON
MTR002366,MAC005255,SMART,LANDIS_GYR,ACTIVE,2012-01-01,LONDON
MTR002367,MAC005256,SMART,LANDIS_GYR,ACTIVE,2012-01-01,LONDON
MTR002368,MAC005266,SMART,LANDIS_GYR,ACTIVE,2012-01-01,LONDON
MTR002369,MAC005271,SMART,LANDIS_GYR,ACTIVE,2012-01-01,LONDON
MTR002370,MAC005278,SMART,LANDIS_GYR,ACTIVE,2012-01-01,LONDON
MTR002371,MAC005279,SMART,LANDIS_GYR,ACTIVE,2012-01-01,LONDON
MTR002372,MAC005281,SMART,LANDIS_GYR,ACTIVE,2012-01-01,LONDON
MTR002373,MAC005284,SMART,LANDIS_GYR,ACTIVE,2012-01-01,LONDON
MTR002374,MAC005290,SMART,LANDIS_GYR,ACTIVE,2012-01-01,LONDON
MTR002375,MAC005291,SMART,LANDIS_GYR,ACTIVE,2012-01-01,LONDON
MTR002376,MAC005292,SMART,LANDIS_GYR,ACTIVE,2012-01-01,LONDON
MTR002377,MAC005306,SMART,LANDIS_GYR,ACTIVE,2012-01-01,LONDON
MTR002378,MAC005308,SMART,LANDIS_GYR,ACTIVE,2012-01-01,LONDON
MTR002379,MAC005310,SMART,LANDIS_GYR,ACTIVE,2012-01-01,LONDON
MTR002380,MAC005321,SMART,LANDIS_GYR,ACTIVE,2012-01-01,LONDON
MTR002381,MAC005324,SMART,LANDIS_GYR,ACTIVE,2012-01-01,LONDON
MTR002382,MAC005341,SMART,LANDIS_GYR,ACTIVE,2012-01-01,LONDON
MTR002383,MAC005342,SMART,LANDIS_GYR,ACTIVE,2012-01-01,LONDON
MTR002384,MAC005347,SMART,LANDIS_GYR,ACTIVE,2012-01-01,LONDON
MTR002385,MAC005349,SMART,LANDIS_GYR,ACTIVE,2012-01-01,LONDON
MTR002386,MAC005352,SMART,LANDIS_GYR,ACTIVE,2012-01-01,LONDON
MTR002387,MAC005354,SMART,LANDIS_GYR,ACTIVE,2012-01-01,LONDON
MTR002388,MAC005359,SMART,LANDIS_GYR,ACTIVE,2012-01-01,LONDON
MTR002389,MAC005368,SMART,LANDIS_GYR,ACTIVE,2012-01-01,LONDON
MTR002390,MAC005384,SMART,LANDIS_GYR,ACTIVE,2012-01-01,LONDON
MTR002391,MAC005395,SMART,LANDIS_GYR,ACTIVE,2012-01-01,LONDON
MTR002392,MAC005396,SMART,LANDIS_GYR,ACTIVE,2012-01-01,LONDON
MTR002393,MAC005401,SMART,LANDIS_GYR,ACTIVE,2012-01-01,LONDON
MTR002394,MAC005413,SMART,LANDIS_GYR,ACTIVE,2012-01-01,LONDON
MTR002395,MAC005427,SMART,LANDIS_GYR,ACTIVE,2012-01-01,LONDON
MTR002396,MAC005429,SMART,LANDIS_GYR,ACTIVE,2012-01-01,LONDON
MTR002397,MAC005432,SMART,LANDIS_GYR,ACTIVE,2012-01-01,LONDON
MTR002398,MAC005434,SMART,LANDIS_GYR,ACTIVE,2012-01-01,LONDON
MTR002399,MAC005445,SMART,LANDIS_GYR,ACTIVE,2012-01-01,LONDON
MTR002400,MAC005448,SMART,LANDIS_GYR,ACTIVE,2012-01-01,LONDON
MTR002401,MAC005449,SMART,LANDIS_GYR,ACTIVE,2012-01-01,LONDON
MTR002402,MAC005465,SMART,LANDIS_GYR,ACTIVE,2012-01-01,LONDON
MTR002403,MAC005470,SMART,LANDIS_GYR,ACTIVE,2012-01-01,LONDON
MTR002404,MAC005473,SMART,LANDIS_GYR,ACTIVE,2012-01-01,LONDON
MTR002405,MAC005474,SMART,LANDIS_GYR,ACTIVE,2012-01-01,LONDON
MTR002406,MAC005477,SMART,LANDIS_GYR,ACTIVE,2012-01-01,LONDON
MTR002407,MAC005482,SMART,LANDIS_GYR,ACTIVE,2012-01-01,LONDON
MTR002408,MAC005488,SMART,LANDIS_GYR,ACTIVE,2012-01-01,LONDON
MTR002409,MAC005489,SMART,LANDIS_GYR,ACTIVE,2012-01-01,LONDON
MTR002410,MAC005492,SMART,LANDIS_GYR,ACTIVE,2012-01-01,LONDON
MTR002411,MAC005495,SMART,LANDIS_GYR,ACTIVE,2012-01-01,LONDON
MTR002412,MAC005498,SMART,LANDIS_GYR,ACTIVE,2012-01-01,LONDON
MTR002413,MAC005507,SMART,LANDIS_GYR,ACTIVE,2012-01-01,LONDON
MTR002414,MAC005508,SMART,LANDIS_GYR,ACTIVE,2012-01-01,LONDON
MTR002415,MAC005510,SMART,LANDIS_GYR,ACTIVE,2012-01-01,LONDON
MTR002416,MAC005514,SMART,LANDIS_GYR,ACTIVE,2012-01-01,LONDON
MTR002417,MAC005515,SMART,LANDIS_GYR,ACTIVE,2012-01-01,LONDON
MTR002418,MAC005516,SMART,LANDIS_GYR,ACTIVE,2012-01-01,LONDON
MTR002419,MAC005522,SMART,LANDIS_GYR,ACTIVE,2012-01-01,LONDON
MTR002420,MAC005524,SMART,LANDIS_GYR,ACTIVE,2012-01-01,LONDON
MTR002421,MAC005529,SMART,LANDIS_GYR,ACTIVE,2012-01-01,LONDON
MTR002422,MAC005533,SMART,LANDIS_GYR,ACTIVE,2012-01-01,LONDON
MTR002423,MAC005535,SMART,LANDIS_GYR,ACTIVE,2012-01-01,LONDON
MTR002424,MAC005536,SMART,LANDIS_GYR,ACTIVE,2012-01-01,LONDON
MTR002425,MAC005537,SMART,LANDIS_GYR,ACTIVE,2012-01-01,LONDON
MTR002426,MAC005538,SMART,LANDIS_GYR,ACTIVE,2012-01-01,LONDON
MTR002427,MAC005541,SMART,LANDIS_GYR,ACTIVE,2012-01-01,LONDON
MTR002428,MAC005549,SMART,LANDIS_GYR,ACTIVE,2012-01-01,LONDON
MTR002429,MAC005550,SMART,LANDIS_GYR,ACTIVE,2012-01-01,LONDON
MTR002430,MAC005551,SMART,LANDIS_GYR,ACTIVE,2012-01-01,LONDON
MTR002431,MAC005557,SMART,LANDIS_GYR,ACTIVE,2012-01-01,LONDON
MTR002432,MAC005564,SMART,LANDIS_GYR,ACTIVE,2012-01-01,LONDON
MTR002433,MAC005565,SMART,LANDIS_GYR,ACTIVE,2012-01-01,LONDON
MTR002434,MAC000594,SMART,LANDIS_GYR,ACTIVE,2012-01-01,LONDON
MTR002435,MAC000596,SMART,LANDIS_GYR,ACTIVE,2012-01-01,LONDON
MTR002436,MAC000597,SMART,LANDIS_GYR,ACTIVE,2012-01-01,LONDON
MTR002437,MAC000599,SMART,LANDIS_GYR,ACTIVE,2012-01-01,LONDON
MTR002438,MAC000600,SMART,LANDIS_GYR,ACTIVE,2012-01-01,LONDON
MTR002439,MAC000601,SMART,LANDIS_GYR,ACTIVE,2012-01-01,LONDON
MTR002440,MAC000602,SMART,LANDIS_GYR,ACTIVE,2012-01-01,LONDON
MTR002441,MAC000603,SMART,LANDIS_GYR,ACTIVE,2012-01-01,LONDON
MTR002442,MAC000604,SMART,LANDIS_GYR,ACTIVE,2012-01-01,LONDON
MTR002443,MAC000606,SMART,LANDIS_GYR,ACTIVE,2012-01-01,LONDON
MTR002444,MAC000607,SMART,LANDIS_GYR,ACTIVE,2012-01-01,LONDON
MTR002445,MAC000608,SMART,LANDIS_GYR,ACTIVE,2012-01-01,LONDON
MTR002446,MAC000610,SMART,LANDIS_GYR,ACTIVE,2012-01-01,LONDON
MTR002447,MAC000612,SMART,LANDIS_GYR,ACTIVE,2012-01-01,LONDON
MTR002448,MAC000613,SMART,LANDIS_GYR,ACTIVE,2012-01-01,LONDON
MTR002449,MAC000614,SMART,LANDIS_GYR,ACTIVE,2012-01-01,LONDON
MTR002450,MAC000615,SMART,LANDIS_GYR,ACTIVE,2012-01-01,LONDON
MTR002451,MAC000616,SMART,LANDIS_GYR,ACTIVE,2012-01-01,LONDON
MTR002452,MAC000618,SMART,LANDIS_GYR,ACTIVE,2012-01-01,LONDON
MTR002453,MAC000619,SMART,LANDIS_GYR,ACTIVE,2012-01-01,LONDON
MTR002454,MAC000621,SMART,LANDIS_GYR,ACTIVE,2012-01-01,LONDON
MTR002455,MAC000622,SMART,LANDIS_GYR,ACTIVE,2012-01-01,LONDON
MTR002456,MAC000623,SMART,LANDIS_GYR,ACTIVE,2012-01-01,LONDON
MTR002457,MAC000624,SMART,LANDIS_GYR,ACTIVE,2012-01-01,LONDON
MTR002458,MAC000625,SMART,LANDIS_GYR,ACTIVE,2012-01-01,LONDON
MTR002459,MAC000626,SMART,LANDIS_GYR,ACTIVE,2012-01-01,LONDON
MTR002460,MAC000627,SMART,LANDIS_GYR,ACTIVE,2012-01-01,LONDON
MTR002461,MAC000629,SMART,LANDIS_GYR,ACTIVE,2012-01-01,LONDON
MTR002462,MAC000630,SMART,LANDIS_GYR,ACTIVE,2012-01-01,LONDON
MTR002463,MAC000631,SMART,LANDIS_GYR,ACTIVE,2012-01-01,LONDON
MTR002464,MAC000632,SMART,LANDIS_GYR,ACTIVE,2012-01-01,LONDON
MTR002465,MAC000634,SMART,LANDIS_GYR,ACTIVE,2012-01-01,LONDON
MTR002466,MAC000636,SMART,LANDIS_GYR,ACTIVE,2012-01-01,LONDON
MTR002467,MAC000637,SMART,LANDIS_GYR,ACTIVE,2012-01-01,LONDON
MTR002468,MAC000638,SMART,LANDIS_GYR,ACTIVE,2012-01-01,LONDON
MTR002469,MAC000639,SMART,LANDIS_GYR,ACTIVE,2012-01-01,LONDON
MTR002470,MAC000642,SMART,LANDIS_GYR,ACTIVE,2012-01-01,LONDON
MTR002471,MAC000643,SMART,LANDIS_GYR,ACTIVE,2012-01-01,LONDON
MTR002472,MAC000644,SMART,LANDIS_GYR,ACTIVE,2012-01-01,LONDON
MTR002473,MAC000645,SMART,LANDIS_GYR,ACTIVE,2012-01-01,LONDON
MTR002474,MAC000646,SMART,LANDIS_GYR,ACTIVE,2012-01-01,LONDON
MTR002475,MAC000647,SMART,LANDIS_GYR,ACTIVE,2012-01-01,LONDON
MTR002476,MAC000648,SMART,LANDIS_GYR,ACTIVE,2012-01-01,LONDON
MTR002477,MAC000649,SMART,LANDIS_GYR,ACTIVE,2012-01-01,LONDON
MTR002478,MAC000650,SMART,LANDIS_GYR,ACTIVE,2012-01-01,LONDON
MTR002479,MAC000651,SMART,LANDIS_GYR,ACTIVE,2012-01-01,LONDON
MTR002480,MAC000652,SMART,LANDIS_GYR,ACTIVE,2012-01-01,LONDON
MTR002481,MAC000654,SMART,LANDIS_GYR,ACTIVE,2012-01-01,LONDON
MTR002482,MAC000655,SMART,LANDIS_GYR,ACTIVE,2012-01-01,LONDON
MTR002483,MAC000656,SMART,LANDIS_GYR,ACTIVE,2012-01-01,LONDON
MTR002484,MAC000657,SMART,LANDIS_GYR,ACTIVE,2012-01-01,LONDON
MTR002485,MAC000658,SMART,LANDIS_GYR,ACTIVE,2012-01-01,LONDON
MTR002486,MAC000659,SMART,LANDIS_GYR,ACTIVE,2012-01-01,LONDON
MTR002487,MAC000660,SMART,LANDIS_GYR,ACTIVE,2012-01-01,LONDON
MTR002488,MAC000661,SMART,LANDIS_GYR,ACTIVE,2012-01-01,LONDON
MTR002489,MAC000662,SMART,LANDIS_GYR,ACTIVE,2012-01-01,LONDON
MTR002490,MAC000663,SMART,LANDIS_GYR,ACTIVE,2012-01-01,LONDON
MTR002491,MAC000664,SMART,LANDIS_GYR,ACTIVE,2012-01-01,LONDON
MTR002492,MAC000667,SMART,LANDIS_GYR,ACTIVE,2012-01-01,LONDON
MTR002493,MAC000668,SMART,LANDIS_GYR,ACTIVE,2012-01-01,LONDON
MTR002494,MAC000669,SMART,LANDIS_GYR,ACTIVE,2012-01-01,LONDON
MTR002495,MAC000670,SMART,LANDIS_GYR,ACTIVE,2012-01-01,LONDON
MTR002496,MAC000671,SMART,LANDIS_GYR,ACTIVE,2012-01-01,LONDON
MTR002497,MAC000674,SMART,LANDIS_GYR,ACTIVE,2012-01-01,LONDON
MTR002498,MAC000675,SMART,LANDIS_GYR,ACTIVE,2012-01-01,LONDON
MTR002499,MAC000676,SMART,LANDIS_GYR,ACTIVE,2012-01-01,LONDON
MTR002500,MAC000677,SMART,LANDIS_GYR,ACTIVE,2012-01-01,LONDON
MTR002501,MAC000678,SMART,LANDIS_GYR,ACTIVE,2012-01-01,LONDON
MTR002502,MAC000679,SMART,LANDIS_GYR,ACTIVE,2012-01-01,LONDON
MTR002503,MAC000682,SMART,LANDIS_GYR,ACTIVE,2012-01-01,LONDON
MTR002504,MAC000684,SMART,LANDIS_GYR,ACTIVE,2012-01-01,LONDON
MTR002505,MAC000685,SMART,LANDIS_GYR,ACTIVE,2012-01-01,LONDON
MTR002506,MAC000686,SMART,LANDIS_GYR,ACTIVE,2012-01-01,LONDON
MTR002507,MAC000689,SMART,LANDIS_GYR,ACTIVE,2012-01-01,LONDON
MTR002508,MAC000690,SMART,LANDIS_GYR,ACTIVE,2012-01-01,LONDON
MTR002509,MAC000691,SMART,LANDIS_GYR,ACTIVE,2012-01-01,LONDON
MTR002510,MAC000692,SMART,LANDIS_GYR,ACTIVE,2012-01-01,LONDON
MTR002511,MAC000693,SMART,LANDIS_GYR,ACTIVE,2012-01-01,LONDON
MTR002512,MAC000694,SMART,LANDIS_GYR,ACTIVE,2012-01-01,LONDON
MTR002513,MAC000695,SMART,LANDIS_GYR,ACTIVE,2012-01-01,LONDON
MTR002514,MAC000696,SMART,LANDIS_GYR,ACTIVE,2012-01-01,LONDON
MTR002515,MAC000697,SMART,LANDIS_GYR,ACTIVE,2012-01-01,LONDON
MTR002516,MAC000698,SMART,LANDIS_GYR,ACTIVE,2012-01-01,LONDON
MTR002517,MAC000699,SMART,LANDIS_GYR,ACTIVE,2012-01-01,LONDON
MTR002518,MAC000700,SMART,LANDIS_GYR,ACTIVE,2012-01-01,LONDON
MTR002519,MAC000701,SMART,LANDIS_GYR,ACTIVE,2012-01-01,LONDON
MTR002520,MAC000702,SMART,LANDIS_GYR,ACTIVE,2012-01-01,LONDON
MTR002521,MAC000703,SMART,LANDIS_GYR,ACTIVE,2012-01-01,LONDON
MTR002522,MAC000705,SMART,LANDIS_GYR,ACTIVE,2012-01-01,LONDON
MTR002523,MAC000706,SMART,LANDIS_GYR,ACTIVE,2012-01-01,LONDON
MTR002524,MAC000707,SMART,LANDIS_GYR,ACTIVE,2012-01-01,LONDON
MTR002525,MAC000711,SMART,LANDIS_GYR,ACTIVE,2012-01-01,LONDON
MTR002526,MAC000712,SMART,LANDIS_GYR,ACTIVE,2012-01-01,LONDON
MTR002527,MAC000713,SMART,LANDIS_GYR,ACTIVE,2012-01-01,LONDON
MTR002528,MAC000714,SMART,LANDIS_GYR,ACTIVE,2012-01-01,LONDON
MTR002529,MAC000070,SMART,LANDIS_GYR,ACTIVE,2012-01-01,LONDON
MTR002530,MAC000072,SMART,LANDIS_GYR,ACTIVE,2012-01-01,LONDON
MTR002531,MAC000073,SMART,LANDIS_GYR,ACTIVE,2012-01-01,LONDON
MTR002532,MAC000074,SMART,LANDIS_GYR,ACTIVE,2012-01-01,LONDON
MTR002533,MAC000077,SMART,LANDIS_GYR,ACTIVE,2012-01-01,LONDON
MTR002534,MAC000078,SMART,LANDIS_GYR,ACTIVE,2012-01-01,LONDON
MTR002535,MAC000079,SMART,LANDIS_GYR,ACTIVE,2012-01-01,LONDON
MTR002536,MAC000080,SMART,LANDIS_GYR,ACTIVE,2012-01-01,LONDON
MTR002537,MAC000081,SMART,LANDIS_GYR,ACTIVE,2012-01-01,LONDON
MTR002538,MAC000083,SMART,LANDIS_GYR,ACTIVE,2012-01-01,LONDON
MTR002539,MAC000084,SMART,LANDIS_GYR,ACTIVE,2012-01-01,LONDON
MTR002540,MAC000085,SMART,LANDIS_GYR,ACTIVE,2012-01-01,LONDON
MTR002541,MAC000086,SMART,LANDIS_GYR,ACTIVE,2012-01-01,LONDON
MTR002542,MAC000087,SMART,LANDIS_GYR,ACTIVE,2012-01-01,LONDON
MTR002543,MAC000089,SMART,LANDIS_GYR,ACTIVE,2012-01-01,LONDON
MTR002544,MAC000090,SMART,LANDIS_GYR,ACTIVE,2012-01-01,LONDON
MTR002545,MAC000091,SMART,LANDIS_GYR,ACTIVE,2012-01-01,LONDON
MTR002546,MAC000092,SMART,LANDIS_GYR,ACTIVE,2012-01-01,LONDON
MTR002547,MAC000093,SMART,LANDIS_GYR,ACTIVE,2012-01-01,LONDON
MTR002548,MAC000094,SMART,LANDIS_GYR,ACTIVE,2012-01-01,LONDON
MTR002549,MAC000095,SMART,LANDIS_GYR,ACTIVE,2012-01-01,LONDON
MTR002550,MAC000096,SMART,LANDIS_GYR,ACTIVE,2012-01-01,LONDON
MTR002551,MAC000097,SMART,LANDIS_GYR,ACTIVE,2012-01-01,LONDON
MTR002552,MAC000098,SMART,LANDIS_GYR,ACTIVE,2012-01-01,LONDON
MTR002553,MAC000099,SMART,LANDIS_GYR,ACTIVE,2012-01-01,LONDON
MTR002554,MAC000100,SMART,LANDIS_GYR,ACTIVE,2012-01-01,LONDON
MTR002555,MAC000715,SMART,LANDIS_GYR,ACTIVE,2012-01-01,LONDON
MTR002556,MAC000717,SMART,LANDIS_GYR,ACTIVE,2012-01-01,LONDON
MTR002557,MAC000718,SMART,LANDIS_GYR,ACTIVE,2012-01-01,LONDON
MTR002558,MAC000720,SMART,LANDIS_GYR,ACTIVE,2012-01-01,LONDON
MTR002559,MAC000721,SMART,LANDIS_GYR,ACTIVE,2012-01-01,LONDON
MTR002560,MAC000723,SMART,LANDIS_GYR,ACTIVE,2012-01-01,LONDON
MTR002561,MAC000724,SMART,LANDIS_GYR,ACTIVE,2012-01-01,LONDON
MTR002562,MAC000726,SMART,LANDIS_GYR,ACTIVE,2012-01-01,LONDON
MTR002563,MAC000727,SMART,LANDIS_GYR,ACTIVE,2012-01-01,LONDON
MTR002564,MAC000729,SMART,LANDIS_GYR,ACTIVE,2012-01-01,LONDON
MTR002565,MAC000730,SMART,LANDIS_GYR,ACTIVE,2012-01-01,LONDON
MTR002566,MAC000731,SMART,LANDIS_GYR,ACTIVE,2012-01-01,LONDON
MTR002567,MAC000732,SMART,LANDIS_GYR,ACTIVE,2012-01-01,LONDON
MTR002568,MAC000733,SMART,LANDIS_GYR,ACTIVE,2012-01-01,LONDON
MTR002569,MAC000734,SMART,LANDIS_GYR,ACTIVE,2012-01-01,LONDON
MTR002570,MAC000735,SMART,LANDIS_GYR,ACTIVE,2012-01-01,LONDON
MTR002571,MAC000736,SMART,LANDIS_GYR,ACTIVE,2012-01-01,LONDON
MTR002572,MAC000737,SMART,LANDIS_GYR,ACTIVE,2012-01-01,LONDON
MTR002573,MAC000740,SMART,LANDIS_GYR,ACTIVE,2012-01-01,LONDON
MTR002574,MAC000741,SMART,LANDIS_GYR,ACTIVE,2012-01-01,LONDON
MTR002575,MAC000742,SMART,LANDIS_GYR,ACTIVE,2012-01-01,LONDON
MTR002576,MAC000743,SMART,LANDIS_GYR,ACTIVE,2012-01-01,LONDON
MTR002577,MAC000744,SMART,LANDIS_GYR,ACTIVE,2012-01-01,LONDON
MTR002578,MAC000745,SMART,LANDIS_GYR,ACTIVE,2012-01-01,LONDON
MTR002579,MAC000746,SMART,LANDIS_GYR,ACTIVE,2012-01-01,LONDON
MTR002580,MAC000747,SMART,LANDIS_GYR,ACTIVE,2012-01-01,LONDON
MTR002581,MAC000748,SMART,LANDIS_GYR,ACTIVE,2012-01-01,LONDON
MTR002582,MAC000749,SMART,LANDIS_GYR,ACTIVE,2012-01-01,LONDON
MTR002583,MAC000750,SMART,LANDIS_GYR,ACTIVE,2012-01-01,LONDON
MTR002584,MAC000752,SMART,LANDIS_GYR,ACTIVE,2012-01-01,LONDON
MTR002585,MAC000753,SMART,LANDIS_GYR,ACTIVE,2012-01-01,LONDON
MTR002586,MAC000756,SMART,LANDIS_GYR,ACTIVE,2012-01-01,LONDON
MTR002587,MAC000757,SMART,LANDIS_GYR,ACTIVE,2012-01-01,LONDON
MTR002588,MAC000758,SMART,LANDIS_GYR,ACTIVE,2012-01-01,LONDON
MTR002589,MAC000760,SMART,LANDIS_GYR,ACTIVE,2012-01-01,LONDON
MTR002590,MAC000761,SMART,LANDIS_GYR,ACTIVE,2012-01-01,LONDON
MTR002591,MAC000762,SMART,LANDIS_GYR,ACTIVE,2012-01-01,LONDON
MTR002592,MAC000763,SMART,LANDIS_GYR,ACTIVE,2012-01-01,LONDON
MTR002593,MAC000764,SMART,LANDIS_GYR,ACTIVE,2012-01-01,LONDON
MTR002594,MAC000765,SMART,LANDIS_GYR,ACTIVE,2012-01-01,LONDON
MTR002595,MAC000767,SMART,LANDIS_GYR,ACTIVE,2012-01-01,LONDON
MTR002596,MAC000768,SMART,LANDIS_GYR,ACTIVE,2012-01-01,LONDON
MTR002597,MAC000769,SMART,LANDIS_GYR,ACTIVE,2012-01-01,LONDON
MTR002598,MAC000770,SMART,LANDIS_GYR,ACTIVE,2012-01-01,LONDON
MTR002599,MAC000771,SMART,LANDIS_GYR,ACTIVE,2012-01-01,LONDON
MTR002600,MAC000773,SMART,LANDIS_GYR,ACTIVE,2012-01-01,LONDON
MTR002601,MAC000774,SMART,LANDIS_GYR,ACTIVE,2012-01-01,LONDON
MTR002602,MAC000776,SMART,LANDIS_GYR,ACTIVE,2012-01-01,LONDON
MTR002603,MAC000777,SMART,LANDIS_GYR,ACTIVE,2012-01-01,LONDON
MTR002604,MAC000778,SMART,LANDIS_GYR,ACTIVE,2012-01-01,LONDON
MTR002605,MAC000779,SMART,LANDIS_GYR,ACTIVE,2012-01-01,LONDON
MTR002606,MAC000780,SMART,LANDIS_GYR,ACTIVE,2012-01-01,LONDON
MTR002607,MAC000781,SMART,LANDIS_GYR,ACTIVE,2012-01-01,LONDON
MTR002608,MAC000782,SMART,LANDIS_GYR,ACTIVE,2012-01-01,LONDON
MTR002609,MAC000783,SMART,LANDIS_GYR,ACTIVE,2012-01-01,LONDON
MTR002610,MAC000784,SMART,LANDIS_GYR,ACTIVE,2012-01-01,LONDON
MTR002611,MAC000786,SMART,LANDIS_GYR,ACTIVE,2012-01-01,LONDON
MTR002612,MAC000787,SMART,LANDIS_GYR,ACTIVE,2012-01-01,LONDON
MTR002613,MAC000788,SMART,LANDIS_GYR,ACTIVE,2012-01-01,LONDON
MTR002614,MAC000790,SMART,LANDIS_GYR,ACTIVE,2012-01-01,LONDON
MTR002615,MAC000792,SMART,LANDIS_GYR,ACTIVE,2012-01-01,LONDON
MTR002616,MAC000793,SMART,LANDIS_GYR,ACTIVE,2012-01-01,LONDON
MTR002617,MAC000794,SMART,LANDIS_GYR,ACTIVE,2012-01-01,LONDON
MTR002618,MAC000795,SMART,LANDIS_GYR,ACTIVE,2012-01-01,LONDON
MTR002619,MAC000796,SMART,LANDIS_GYR,ACTIVE,2012-01-01,LONDON
MTR002620,MAC000798,SMART,LANDIS_GYR,ACTIVE,2012-01-01,LONDON
MTR002621,MAC000799,SMART,LANDIS_GYR,ACTIVE,2012-01-01,LONDON
MTR002622,MAC000800,SMART,LANDIS_GYR,ACTIVE,2012-01-01,LONDON
MTR002623,MAC000802,SMART,LANDIS_GYR,ACTIVE,2012-01-01,LONDON
MTR002624,MAC000804,SMART,LANDIS_GYR,ACTIVE,2012-01-01,LONDON
MTR002625,MAC000806,SMART,LANDIS_GYR,ACTIVE,2012-01-01,LONDON
MTR002626,MAC000807,SMART,LANDIS_GYR,ACTIVE,2012-01-01,LONDON
MTR002627,MAC000808,SMART,LANDIS_GYR,ACTIVE,2012-01-01,LONDON
MTR002628,MAC000809,SMART,LANDIS_GYR,ACTIVE,2012-01-01,LONDON
MTR002629,MAC000811,SMART,LANDIS_GYR,ACTIVE,2012-01-01,LONDON
MTR002630,MAC000812,SMART,LANDIS_GYR,ACTIVE,2012-01-01,LONDON
MTR002631,MAC000813,SMART,LANDIS_GYR,ACTIVE,2012-01-01,LONDON
MTR002632,MAC000815,SMART,LANDIS_GYR,ACTIVE,2012-01-01,LONDON
MTR002633,MAC000816,SMART,LANDIS_GYR,ACTIVE,2012-01-01,LONDON
MTR002634,MAC000818,SMART,LANDIS_GYR,ACTIVE,2012-01-01,LONDON
MTR002635,MAC000820,SMART,LANDIS_GYR,ACTIVE,2012-01-01,LONDON
MTR002636,MAC000823,SMART,LANDIS_GYR,ACTIVE,2012-01-01,LONDON
MTR002637,MAC000824,SMART,LANDIS_GYR,ACTIVE,2012-01-01,LONDON
MTR002638,MAC000825,SMART,LANDIS_GYR,ACTIVE,2012-01-01,LONDON
MTR002639,MAC000826,SMART,LANDIS_GYR,ACTIVE,2012-01-01,LONDON
MTR002640,MAC000827,SMART,LANDIS_GYR,ACTIVE,2012-01-01,LONDON
MTR002641,MAC000829,SMART,LANDIS_GYR,ACTIVE,2012-01-01,LONDON
MTR002642,MAC000831,SMART,LANDIS_GYR,ACTIVE,2012-01-01,LONDON
MTR002643,MAC000832,SMART,LANDIS_GYR,ACTIVE,2012-01-01,LONDON
MTR002644,MAC000833,SMART,LANDIS_GYR,ACTIVE,2012-01-01,LONDON
MTR002645,MAC000835,SMART,LANDIS_GYR,ACTIVE,2012-01-01,LONDON
MTR002646,MAC000836,SMART,LANDIS_GYR,ACTIVE,2012-01-01,LONDON
MTR002647,MAC000837,SMART,LANDIS_GYR,ACTIVE,2012-01-01,LONDON
MTR002648,MAC000838,SMART,LANDIS_GYR,ACTIVE,2012-01-01,LONDON
MTR002649,MAC000839,SMART,LANDIS_GYR,ACTIVE,2012-01-01,LONDON
MTR002650,MAC000840,SMART,LANDIS_GYR,ACTIVE,2012-01-01,LONDON
MTR002651,MAC000842,SMART,LANDIS_GYR,ACTIVE,2012-01-01,LONDON
MTR002652,MAC000843,SMART,LANDIS_GYR,ACTIVE,2012-01-01,LONDON
MTR002653,MAC000844,SMART,LANDIS_GYR,ACTIVE,2012-01-01,LONDON
MTR002654,MAC000846,SMART,LANDIS_GYR,ACTIVE,2012-01-01,LONDON
MTR002655,MAC000848,SMART,LANDIS_GYR,ACTIVE,2012-01-01,LONDON
MTR002656,MAC000849,SMART,LANDIS_GYR,ACTIVE,2012-01-01,LONDON
MTR002657,MAC000850,SMART,LANDIS_GYR,ACTIVE,2012-01-01,LONDON
MTR002658,MAC000852,SMART,LANDIS_GYR,ACTIVE,2012-01-01,LONDON
MTR002659,MAC000853,SMART,LANDIS_GYR,ACTIVE,2012-01-01,LONDON
MTR002660,MAC000854,SMART,LANDIS_GYR,ACTIVE,2012-01-01,LONDON
MTR002661,MAC000855,SMART,LANDIS_GYR,ACTIVE,2012-01-01,LONDON
MTR002662,MAC000856,SMART,LANDIS_GYR,ACTIVE,2012-01-01,LONDON
MTR002663,MAC000858,SMART,LANDIS_GYR,ACTIVE,2012-01-01,LONDON
MTR002664,MAC000860,SMART,LANDIS_GYR,ACTIVE,2012-01-01,LONDON
MTR002665,MAC000861,SMART,LANDIS_GYR,ACTIVE,2012-01-01,LONDON
MTR002666,MAC000862,SMART,LANDIS_GYR,ACTIVE,2012-01-01,LONDON
MTR002667,MAC000863,SMART,LANDIS_GYR,ACTIVE,2012-01-01,LONDON
MTR002668,MAC000864,SMART,LANDIS_GYR,ACTIVE,2012-01-01,LONDON
MTR002669,MAC000865,SMART,LANDIS_GYR,ACTIVE,2012-01-01,LONDON
MTR002670,MAC000866,SMART,LANDIS_GYR,ACTIVE,2012-01-01,LONDON
MTR002671,MAC000867,SMART,LANDIS_GYR,ACTIVE,2012-01-01,LONDON
MTR002672,MAC000869,SMART,LANDIS_GYR,ACTIVE,2012-01-01,LONDON
MTR002673,MAC000870,SMART,LANDIS_GYR,ACTIVE,2012-01-01,LONDON
MTR002674,MAC000871,SMART,LANDIS_GYR,ACTIVE,2012-01-01,LONDON
MTR002675,MAC000872,SMART,LANDIS_GYR,ACTIVE,2012-01-01,LONDON
MTR002676,MAC000873,SMART,LANDIS_GYR,ACTIVE,2012-01-01,LONDON
MTR002677,MAC000874,SMART,LANDIS_GYR,ACTIVE,2012-01-01,LONDON
MTR002678,MAC000875,SMART,LANDIS_GYR,ACTIVE,2012-01-01,LONDON
MTR002679,MAC000876,SMART,LANDIS_GYR,ACTIVE,2012-01-01,LONDON
MTR002680,MAC000880,SMART,LANDIS_GYR,ACTIVE,2012-01-01,LONDON
MTR002681,MAC000881,SMART,LANDIS_GYR,ACTIVE,2012-01-01,LONDON
MTR002682,MAC000882,SMART,LANDIS_GYR,ACTIVE,2012-01-01,LONDON
MTR002683,MAC000883,SMART,LANDIS_GYR,ACTIVE,2012-01-01,LONDON
MTR002684,MAC000885,SMART,LANDIS_GYR,ACTIVE,2012-01-01,LONDON
MTR002685,MAC000886,SMART,LANDIS_GYR,ACTIVE,2012-01-01,LONDON
MTR002686,MAC000888,SMART,LANDIS_GYR,ACTIVE,2012-01-01,LONDON
MTR002687,MAC000889,SMART,LANDIS_GYR,ACTIVE,2012-01-01,LONDON
MTR002688,MAC000890,SMART,LANDIS_GYR,ACTIVE,2012-01-01,LONDON
MTR002689,MAC000891,SMART,LANDIS_GYR,ACTIVE,2012-01-01,LONDON
MTR002690,MAC000892,SMART,LANDIS_GYR,ACTIVE,2012-01-01,LONDON
MTR002691,MAC000893,SMART,LANDIS_GYR,ACTIVE,2012-01-01,LONDON
MTR002692,MAC000894,SMART,LANDIS_GYR,ACTIVE,2012-01-01,LONDON
MTR002693,MAC000896,SMART,LANDIS_GYR,ACTIVE,2012-01-01,LONDON
MTR002694,MAC000897,SMART,LANDIS_GYR,ACTIVE,2012-01-01,LONDON
MTR002695,MAC000899,SMART,LANDIS_GYR,ACTIVE,2012-01-01,LONDON
MTR002696,MAC000900,SMART,LANDIS_GYR,ACTIVE,2012-01-01,LONDON
MTR002697,MAC000902,SMART,LANDIS_GYR,ACTIVE,2012-01-01,LONDON
MTR002698,MAC000903,SMART,LANDIS_GYR,ACTIVE,2012-01-01,LONDON
MTR002699,MAC000904,SMART,LANDIS_GYR,ACTIVE,2012-01-01,LONDON
MTR002700,MAC000905,SMART,LANDIS_GYR,ACTIVE,2012-01-01,LONDON
MTR002701,MAC000906,SMART,LANDIS_GYR,ACTIVE,2012-01-01,LONDON
MTR002702,MAC000907,SMART,LANDIS_GYR,ACTIVE,2012-01-01,LONDON
MTR002703,MAC000908,SMART,LANDIS_GYR,ACTIVE,2012-01-01,LONDON
MTR002704,MAC000909,SMART,LANDIS_GYR,ACTIVE,2012-01-01,LONDON
MTR002705,MAC000911,SMART,LANDIS_GYR,ACTIVE,2012-01-01,LONDON
MTR002706,MAC000912,SMART,LANDIS_GYR,ACTIVE,2012-01-01,LONDON
MTR002707,MAC000914,SMART,LANDIS_GYR,ACTIVE,2012-01-01,LONDON
MTR002708,MAC000915,SMART,LANDIS_GYR,ACTIVE,2012-01-01,LONDON
MTR002709,MAC000916,SMART,LANDIS_GYR,ACTIVE,2012-01-01,LONDON
MTR002710,MAC000917,SMART,LANDIS_GYR,ACTIVE,2012-01-01,LONDON
MTR002711,MAC000918,SMART,LANDIS_GYR,ACTIVE,2012-01-01,LONDON
MTR002712,MAC000919,SMART,LANDIS_GYR,ACTIVE,2012-01-01,LONDON
MTR002713,MAC000920,SMART,LANDIS_GYR,ACTIVE,2012-01-01,LONDON
MTR002714,MAC000921,SMART,LANDIS_GYR,ACTIVE,2012-01-01,LONDON
MTR002715,MAC000922,SMART,LANDIS_GYR,ACTIVE,2012-01-01,LONDON
MTR002716,MAC000923,SMART,LANDIS_GYR,ACTIVE,2012-01-01,LONDON
MTR002717,MAC000925,SMART,LANDIS_GYR,ACTIVE,2012-01-01,LONDON
MTR002718,MAC000926,SMART,LANDIS_GYR,ACTIVE,2012-01-01,LONDON
MTR002719,MAC000927,SMART,LANDIS_GYR,ACTIVE,2012-01-01,LONDON
MTR002720,MAC000928,SMART,LANDIS_GYR,ACTIVE,2012-01-01,LONDON
MTR002721,MAC000929,SMART,LANDIS_GYR,ACTIVE,2012-01-01,LONDON
MTR002722,MAC000930,SMART,LANDIS_GYR,ACTIVE,2012-01-01,LONDON
MTR002723,MAC000933,SMART,LANDIS_GYR,ACTIVE,2012-01-01,LONDON
MTR002724,MAC000934,SMART,LANDIS_GYR,ACTIVE,2012-01-01,LONDON
MTR002725,MAC000936,SMART,LANDIS_GYR,ACTIVE,2012-01-01,LONDON
MTR002726,MAC000940,SMART,LANDIS_GYR,ACTIVE,2012-01-01,LONDON
MTR002727,MAC000941,SMART,LANDIS_GYR,ACTIVE,2012-01-01,LONDON
MTR002728,MAC000947,SMART,LANDIS_GYR,ACTIVE,2012-01-01,LONDON
MTR002729,MAC000948,SMART,LANDIS_GYR,ACTIVE,2012-01-01,LONDON
MTR002730,MAC000949,SMART,LANDIS_GYR,ACTIVE,2012-01-01,LONDON
MTR002731,MAC000950,SMART,LANDIS_GYR,ACTIVE,2012-01-01,LONDON
MTR002732,MAC000951,SMART,LANDIS_GYR,ACTIVE,2012-01-01,LONDON
MTR002733,MAC000952,SMART,LANDIS_GYR,ACTIVE,2012-01-01,LONDON
MTR002734,MAC000953,SMART,LANDIS_GYR,ACTIVE,2012-01-01,LONDON
MTR002735,MAC000954,SMART,LANDIS_GYR,ACTIVE,2012-01-01,LONDON
MTR002736,MAC000955,SMART,LANDIS_GYR,ACTIVE,2012-01-01,LONDON
MTR002737,MAC000956,SMART,LANDIS_GYR,ACTIVE,2012-01-01,LONDON
MTR002738,MAC000957,SMART,LANDIS_GYR,ACTIVE,2012-01-01,LONDON
MTR002739,MAC000958,SMART,LANDIS_GYR,ACTIVE,2012-01-01,LONDON
MTR002740,MAC000959,SMART,LANDIS_GYR,ACTIVE,2012-01-01,LONDON
MTR002741,MAC000960,SMART,LANDIS_GYR,ACTIVE,2012-01-01,LONDON
MTR002742,MAC000962,SMART,LANDIS_GYR,ACTIVE,2012-01-01,LONDON
MTR002743,MAC000963,SMART,LANDIS_GYR,ACTIVE,2012-01-01,LONDON
MTR002744,MAC000964,SMART,LANDIS_GYR,ACTIVE,2012-01-01,LONDON
MTR002745,MAC000966,SMART,LANDIS_GYR,ACTIVE,2012-01-01,LONDON
MTR002746,MAC000967,SMART,LANDIS_GYR,ACTIVE,2012-01-01,LONDON
MTR002747,MAC000968,SMART,LANDIS_GYR,ACTIVE,2012-01-01,LONDON
MTR002748,MAC000969,SMART,LANDIS_GYR,ACTIVE,2012-01-01,LONDON
MTR002749,MAC000970,SMART,LANDIS_GYR,ACTIVE,2012-01-01,LONDON
MTR002750,MAC000971,SMART,LANDIS_GYR,ACTIVE,2012-01-01,LONDON
MTR002751,MAC000972,SMART,LANDIS_GYR,ACTIVE,2012-01-01,LONDON
MTR002752,MAC000973,SMART,LANDIS_GYR,ACTIVE,2012-01-01,LONDON
MTR002753,MAC000974,SMART,LANDIS_GYR,ACTIVE,2012-01-01,LONDON
MTR002754,MAC000975,SMART,LANDIS_GYR,ACTIVE,2012-01-01,LONDON
MTR002755,MAC000977,SMART,LANDIS_GYR,ACTIVE,2012-01-01,LONDON
MTR002756,MAC000978,SMART,LANDIS_GYR,ACTIVE,2012-01-01,LONDON
MTR002757,MAC000979,SMART,LANDIS_GYR,ACTIVE,2012-01-01,LONDON
MTR002758,MAC000980,SMART,LANDIS_GYR,ACTIVE,2012-01-01,LONDON
MTR002759,MAC000981,SMART,LANDIS_GYR,ACTIVE,2012-01-01,LONDON
MTR002760,MAC000983,SMART,LANDIS_GYR,ACTIVE,2012-01-01,LONDON
MTR002761,MAC000984,SMART,LANDIS_GYR,ACTIVE,2012-01-01,LONDON
MTR002762,MAC000986,SMART,LANDIS_GYR,ACTIVE,2012-01-01,LONDON
MTR002763,MAC000987,SMART,LANDIS_GYR,ACTIVE,2012-01-01,LONDON
MTR002764,MAC000988,SMART,LANDIS_GYR,ACTIVE,2012-01-01,LONDON
MTR002765,MAC000989,SMART,LANDIS_GYR,ACTIVE,2012-01-01,LONDON
MTR002766,MAC000990,SMART,LANDIS_GYR,ACTIVE,2012-01-01,LONDON
MTR002767,MAC000992,SMART,LANDIS_GYR,ACTIVE,2012-01-01,LONDON
MTR002768,MAC000995,SMART,LANDIS_GYR,ACTIVE,2012-01-01,LONDON
MTR002769,MAC000996,SMART,LANDIS_GYR,ACTIVE,2012-01-01,LONDON
MTR002770,MAC000997,SMART,LANDIS_GYR,ACTIVE,2012-01-01,LONDON
MTR002771,MAC000998,SMART,LANDIS_GYR,ACTIVE,2012-01-01,LONDON
MTR002772,MAC001000,SMART,LANDIS_GYR,ACTIVE,2012-01-01,LONDON
MTR002773,MAC001001,SMART,LANDIS_GYR,ACTIVE,2012-01-01,LONDON
MTR002774,MAC001002,SMART,LANDIS_GYR,ACTIVE,2012-01-01,LONDON
MTR002775,MAC001003,SMART,LANDIS_GYR,ACTIVE,2012-01-01,LONDON
MTR002776,MAC001005,SMART,LANDIS_GYR,ACTIVE,2012-01-01,LONDON
MTR002777,MAC001006,SMART,LANDIS_GYR,ACTIVE,2012-01-01,LONDON
MTR002778,MAC001007,SMART,LANDIS_GYR,ACTIVE,2012-01-01,LONDON
MTR002779,MAC001008,SMART,LANDIS_GYR,ACTIVE,2012-01-01,LONDON
MTR002780,MAC001009,SMART,LANDIS_GYR,ACTIVE,2012-01-01,LONDON
MTR002781,MAC001010,SMART,LANDIS_GYR,ACTIVE,2012-01-01,LONDON
MTR002782,MAC001011,SMART,LANDIS_GYR,ACTIVE,2012-01-01,LONDON
MTR002783,MAC001017,SMART,LANDIS_GYR,ACTIVE,2012-01-01,LONDON
MTR002784,MAC001018,SMART,LANDIS_GYR,ACTIVE,2012-01-01,LONDON
MTR002785,MAC001019,SMART,LANDIS_GYR,ACTIVE,2012-01-01,LONDON
MTR002786,MAC001020,SMART,LANDIS_GYR,ACTIVE,2012-01-01,LONDON
MTR002787,MAC001021,SMART,LANDIS_GYR,ACTIVE,2012-01-01,LONDON
MTR002788,MAC001022,SMART,LANDIS_GYR,ACTIVE,2012-01-01,LONDON
MTR002789,MAC001026,SMART,LANDIS_GYR,ACTIVE,2012-01-01,LONDON
MTR002790,MAC001027,SMART,LANDIS_GYR,ACTIVE,2012-01-01,LONDON
MTR002791,MAC001028,SMART,LANDIS_GYR,ACTIVE,2012-01-01,LONDON
MTR002792,MAC001029,SMART,LANDIS_GYR,ACTIVE,2012-01-01,LONDON
MTR002793,MAC001031,SMART,LANDIS_GYR,ACTIVE,2012-01-01,LONDON
MTR002794,MAC001032,SMART,LANDIS_GYR,ACTIVE,2012-01-01,LONDON
MTR002795,MAC001035,SMART,LANDIS_GYR,ACTIVE,2012-01-01,LONDON
MTR002796,MAC001036,SMART,LANDIS_GYR,ACTIVE,2012-01-01,LONDON
MTR002797,MAC001037,SMART,LANDIS_GYR,ACTIVE,2012-01-01,LONDON
MTR002798,MAC001038,SMART,LANDIS_GYR,ACTIVE,2012-01-01,LONDON
MTR002799,MAC001039,SMART,LANDIS_GYR,ACTIVE,2012-01-01,LONDON
MTR002800,MAC001040,SMART,LANDIS_GYR,ACTIVE,2012-01-01,LONDON
MTR002801,MAC001041,SMART,LANDIS_GYR,ACTIVE,2012-01-01,LONDON
MTR002802,MAC001042,SMART,LANDIS_GYR,ACTIVE,2012-01-01,LONDON
MTR002803,MAC001043,SMART,LANDIS_GYR,ACTIVE,2012-01-01,LONDON
MTR002804,MAC001044,SMART,LANDIS_GYR,ACTIVE,2012-01-01,LONDON
MTR002805,MAC001045,SMART,LANDIS_GYR,ACTIVE,2012-01-01,LONDON
MTR002806,MAC001046,SMART,LANDIS_GYR,ACTIVE,2012-01-01,LONDON
MTR002807,MAC001047,SMART,LANDIS_GYR,ACTIVE,2012-01-01,LONDON
MTR002808,MAC001048,SMART,LANDIS_GYR,ACTIVE,2012-01-01,LONDON
MTR002809,MAC001049,SMART,LANDIS_GYR,ACTIVE,2012-01-01,LONDON
MTR002810,MAC001050,SMART,LANDIS_GYR,ACTIVE,2012-01-01,LONDON
MTR002811,MAC001051,SMART,LANDIS_GYR,ACTIVE,2012-01-01,LONDON
MTR002812,MAC001052,SMART,LANDIS_GYR,ACTIVE,2012-01-01,LONDON
MTR002813,MAC001053,SMART,LANDIS_GYR,ACTIVE,2012-01-01,LONDON
MTR002814,MAC001054,SMART,LANDIS_GYR,ACTIVE,2012-01-01,LONDON
MTR002815,MAC001055,SMART,LANDIS_GYR,ACTIVE,2012-01-01,LONDON
MTR002816,MAC001056,SMART,LANDIS_GYR,ACTIVE,2012-01-01,LONDON
MTR002817,MAC001058,SMART,LANDIS_GYR,ACTIVE,2012-01-01,LONDON
MTR002818,MAC001059,SMART,LANDIS_GYR,ACTIVE,2012-01-01,LONDON
MTR002819,MAC001060,SMART,LANDIS_GYR,ACTIVE,2012-01-01,LONDON
MTR002820,MAC001061,SMART,LANDIS_GYR,ACTIVE,2012-01-01,LONDON
MTR002821,MAC001062,SMART,LANDIS_GYR,ACTIVE,2012-01-01,LONDON
MTR002822,MAC001063,SMART,LANDIS_GYR,ACTIVE,2012-01-01,LONDON
MTR002823,MAC001065,SMART,LANDIS_GYR,ACTIVE,2012-01-01,LONDON
MTR002824,MAC001066,SMART,LANDIS_GYR,ACTIVE,2012-01-01,LONDON
MTR002825,MAC001067,SMART,LANDIS_GYR,ACTIVE,2012-01-01,LONDON
MTR002826,MAC001068,SMART,LANDIS_GYR,ACTIVE,2012-01-01,LONDON
MTR002827,MAC001069,SMART,LANDIS_GYR,ACTIVE,2012-01-01,LONDON
MTR002828,MAC001070,SMART,LANDIS_GYR,ACTIVE,2012-01-01,LONDON
MTR002829,MAC001071,SMART,LANDIS_GYR,ACTIVE,2012-01-01,LONDON
MTR002830,MAC001072,SMART,LANDIS_GYR,ACTIVE,2012-01-01,LONDON
MTR002831,MAC001073,SMART,LANDIS_GYR,ACTIVE,2012-01-01,LONDON
MTR002832,MAC001076,SMART,LANDIS_GYR,ACTIVE,2012-01-01,LONDON
MTR002833,MAC001077,SMART,LANDIS_GYR,ACTIVE,2012-01-01,LONDON
MTR002834,MAC001078,SMART,LANDIS_GYR,ACTIVE,2012-01-01,LONDON
MTR002835,MAC001079,SMART,LANDIS_GYR,ACTIVE,2012-01-01,LONDON
MTR002836,MAC001080,SMART,LANDIS_GYR,ACTIVE,2012-01-01,LONDON
MTR002837,MAC001081,SMART,LANDIS_GYR,ACTIVE,2012-01-01,LONDON
MTR002838,MAC001082,SMART,LANDIS_GYR,ACTIVE,2012-01-01,LONDON
MTR002839,MAC001083,SMART,LANDIS_GYR,ACTIVE,2012-01-01,LONDON
MTR002840,MAC001084,SMART,LANDIS_GYR,ACTIVE,2012-01-01,LONDON
MTR002841,MAC001085,SMART,LANDIS_GYR,ACTIVE,2012-01-01,LONDON
MTR002842,MAC001086,SMART,LANDIS_GYR,ACTIVE,2012-01-01,LONDON
MTR002843,MAC001088,SMART,LANDIS_GYR,ACTIVE,2012-01-01,LONDON
MTR002844,MAC001089,SMART,LANDIS_GYR,ACTIVE,2012-01-01,LONDON
MTR002845,MAC001090,SMART,LANDIS_GYR,ACTIVE,2012-01-01,LONDON
MTR002846,MAC001093,SMART,LANDIS_GYR,ACTIVE,2012-01-01,LONDON
MTR002847,MAC001094,SMART,LANDIS_GYR,ACTIVE,2012-01-01,LONDON
MTR002848,MAC001095,SMART,LANDIS_GYR,ACTIVE,2012-01-01,LONDON
MTR002849,MAC001098,SMART,LANDIS_GYR,ACTIVE,2012-01-01,LONDON
MTR002850,MAC001099,SMART,LANDIS_GYR,ACTIVE,2012-01-01,LONDON
MTR002851,MAC001100,SMART,LANDIS_GYR,ACTIVE,2012-01-01,LONDON
MTR002852,MAC001101,SMART,LANDIS_GYR,ACTIVE,2012-01-01,LONDON
MTR002853,MAC001104,SMART,LANDIS_GYR,ACTIVE,2012-01-01,LONDON
MTR002854,MAC001106,SMART,LANDIS_GYR,ACTIVE,2012-01-01,LONDON
MTR002855,MAC001109,SMART,LANDIS_GYR,ACTIVE,2012-01-01,LONDON
MTR002856,MAC001111,SMART,LANDIS_GYR,ACTIVE,2012-01-01,LONDON
MTR002857,MAC001112,SMART,LANDIS_GYR,ACTIVE,2012-01-01,LONDON
MTR002858,MAC001113,SMART,LANDIS_GYR,ACTIVE,2012-01-01,LONDON
MTR002859,MAC001114,SMART,LANDIS_GYR,ACTIVE,2012-01-01,LONDON
MTR002860,MAC001115,SMART,LANDIS_GYR,ACTIVE,2012-01-01,LONDON
MTR002861,MAC001117,SMART,LANDIS_GYR,ACTIVE,2012-01-01,LONDON
MTR002862,MAC001119,SMART,LANDIS_GYR,ACTIVE,2012-01-01,LONDON
MTR002863,MAC001120,SMART,LANDIS_GYR,ACTIVE,2012-01-01,LONDON
MTR002864,MAC001121,SMART,LANDIS_GYR,ACTIVE,2012-01-01,LONDON
MTR002865,MAC001122,SMART,LANDIS_GYR,ACTIVE,2012-01-01,LONDON
MTR002866,MAC001123,SMART,LANDIS_GYR,ACTIVE,2012-01-01,LONDON
MTR002867,MAC001124,SMART,LANDIS_GYR,ACTIVE,2012-01-01,LONDON
MTR002868,MAC001125,SMART,LANDIS_GYR,ACTIVE,2012-01-01,LONDON
MTR002869,MAC001126,SMART,LANDIS_GYR,ACTIVE,2012-01-01,LONDON
MTR002870,MAC001127,SMART,LANDIS_GYR,ACTIVE,2012-01-01,LONDON
MTR002871,MAC001128,SMART,LANDIS_GYR,ACTIVE,2012-01-01,LONDON
MTR002872,MAC001130,SMART,LANDIS_GYR,ACTIVE,2012-01-01,LONDON
MTR002873,MAC001131,SMART,LANDIS_GYR,ACTIVE,2012-01-01,LONDON
MTR002874,MAC001134,SMART,LANDIS_GYR,ACTIVE,2012-01-01,LONDON
MTR002875,MAC001135,SMART,LANDIS_GYR,ACTIVE,2012-01-01,LONDON
MTR002876,MAC001137,SMART,LANDIS_GYR,ACTIVE,2012-01-01,LONDON
MTR002877,MAC001138,SMART,LANDIS_GYR,ACTIVE,2012-01-01,LONDON
MTR002878,MAC001139,SMART,LANDIS_GYR,ACTIVE,2012-01-01,LONDON
MTR002879,MAC001140,SMART,LANDIS_GYR,ACTIVE,2012-01-01,LONDON
MTR002880,MAC000101,SMART,LANDIS_GYR,ACTIVE,2012-01-01,LONDON
MTR002881,MAC000102,SMART,LANDIS_GYR,ACTIVE,2012-01-01,LONDON
MTR002882,MAC000103,SMART,LANDIS_GYR,ACTIVE,2012-01-01,LONDON
MTR002883,MAC000104,SMART,LANDIS_GYR,ACTIVE,2012-01-01,LONDON
MTR002884,MAC000105,SMART,LANDIS_GYR,ACTIVE,2012-01-01,LONDON
MTR002885,MAC000108,SMART,LANDIS_GYR,ACTIVE,2012-01-01,LONDON
MTR002886,MAC000110,SMART,LANDIS_GYR,ACTIVE,2012-01-01,LONDON
MTR002887,MAC000111,SMART,LANDIS_GYR,ACTIVE,2012-01-01,LONDON
MTR002888,MAC000112,SMART,LANDIS_GYR,ACTIVE,2012-01-01,LONDON
MTR002889,MAC000113,SMART,LANDIS_GYR,ACTIVE,2012-01-01,LONDON
MTR002890,MAC000114,SMART,LANDIS_GYR,ACTIVE,2012-01-01,LONDON
MTR002891,MAC000115,SMART,LANDIS_GYR,ACTIVE,2012-01-01,LONDON
MTR002892,MAC000116,SMART,LANDIS_GYR,ACTIVE,2012-01-01,LONDON
MTR002893,MAC000117,SMART,LANDIS_GYR,ACTIVE,2012-01-01,LONDON
MTR002894,MAC000118,SMART,LANDIS_GYR,ACTIVE,2012-01-01,LONDON
MTR002895,MAC000119,SMART,LANDIS_GYR,ACTIVE,2012-01-01,LONDON
MTR002896,MAC000120,SMART,LANDIS_GYR,ACTIVE,2012-01-01,LONDON
MTR002897,MAC000121,SMART,LANDIS_GYR,ACTIVE,2012-01-01,LONDON
MTR002898,MAC000122,SMART,LANDIS_GYR,ACTIVE,2012-01-01,LONDON
MTR002899,MAC000123,SMART,LANDIS_GYR,ACTIVE,2012-01-01,LONDON
MTR002900,MAC000125,SMART,LANDIS_GYR,ACTIVE,2012-01-01,LONDON
MTR002901,MAC000126,SMART,LANDIS_GYR,ACTIVE,2012-01-01,LONDON
MTR002902,MAC000127,SMART,LANDIS_GYR,ACTIVE,2012-01-01,LONDON
MTR002903,MAC000128,SMART,LANDIS_GYR,ACTIVE,2012-01-01,LONDON
MTR002904,MAC000129,SMART,LANDIS_GYR,ACTIVE,2012-01-01,LONDON
MTR002905,MAC000130,SMART,LANDIS_GYR,ACTIVE,2012-01-01,LONDON
MTR002906,MAC000131,SMART,LANDIS_GYR,ACTIVE,2012-01-01,LONDON
MTR002907,MAC001144,SMART,LANDIS_GYR,ACTIVE,2012-01-01,LONDON
MTR002908,MAC001145,SMART,LANDIS_GYR,ACTIVE,2012-01-01,LONDON
MTR002909,MAC001146,SMART,LANDIS_GYR,ACTIVE,2012-01-01,LONDON
MTR002910,MAC001148,SMART,LANDIS_GYR,ACTIVE,2012-01-01,LONDON
MTR002911,MAC001149,SMART,LANDIS_GYR,ACTIVE,2012-01-01,LONDON
MTR002912,MAC001150,SMART,LANDIS_GYR,ACTIVE,2012-01-01,LONDON
MTR002913,MAC001151,SMART,LANDIS_GYR,ACTIVE,2012-01-01,LONDON
MTR002914,MAC001152,SMART,LANDIS_GYR,ACTIVE,2012-01-01,LONDON
MTR002915,MAC001153,SMART,LANDIS_GYR,ACTIVE,2012-01-01,LONDON
MTR002916,MAC001154,SMART,LANDIS_GYR,ACTIVE,2012-01-01,LONDON
MTR002917,MAC001155,SMART,LANDIS_GYR,ACTIVE,2012-01-01,LONDON
MTR002918,MAC001157,SMART,LANDIS_GYR,ACTIVE,2012-01-01,LONDON
MTR002919,MAC001158,SMART,LANDIS_GYR,ACTIVE,2012-01-01,LONDON
MTR002920,MAC001159,SMART,LANDIS_GYR,ACTIVE,2012-01-01,LONDON
MTR002921,MAC001160,SMART,LANDIS_GYR,ACTIVE,2012-01-01,LONDON
MTR002922,MAC001161,SMART,LANDIS_GYR,ACTIVE,2012-01-01,LONDON
MTR002923,MAC001162,SMART,LANDIS_GYR,ACTIVE,2012-01-01,LONDON
MTR002924,MAC001163,SMART,LANDIS_GYR,ACTIVE,2012-01-01,LONDON
MTR002925,MAC001164,SMART,LANDIS_GYR,ACTIVE,2012-01-01,LONDON
MTR002926,MAC001167,SMART,LANDIS_GYR,ACTIVE,2012-01-01,LONDON
MTR002927,MAC001168,SMART,LANDIS_GYR,ACTIVE,2012-01-01,LONDON
MTR002928,MAC001170,SMART,LANDIS_GYR,ACTIVE,2012-01-01,LONDON
MTR002929,MAC001171,SMART,LANDIS_GYR,ACTIVE,2012-01-01,LONDON
MTR002930,MAC001172,SMART,LANDIS_GYR,ACTIVE,2012-01-01,LONDON
MTR002931,MAC001173,SMART,LANDIS_GYR,ACTIVE,2012-01-01,LONDON
MTR002932,MAC001174,SMART,LANDIS_GYR,ACTIVE,2012-01-01,LONDON
MTR002933,MAC001175,SMART,LANDIS_GYR,ACTIVE,2012-01-01,LONDON
MTR002934,MAC001176,SMART,LANDIS_GYR,ACTIVE,2012-01-01,LONDON
MTR002935,MAC001177,SMART,LANDIS_GYR,ACTIVE,2012-01-01,LONDON
MTR002936,MAC001178,SMART,LANDIS_GYR,ACTIVE,2012-01-01,LONDON
MTR002937,MAC001180,SMART,LANDIS_GYR,ACTIVE,2012-01-01,LONDON
MTR002938,MAC001181,SMART,LANDIS_GYR,ACTIVE,2012-01-01,LONDON
MTR002939,MAC001183,SMART,LANDIS_GYR,ACTIVE,2012-01-01,LONDON
MTR002940,MAC001184,SMART,LANDIS_GYR,ACTIVE,2012-01-01,LONDON
MTR002941,MAC001185,SMART,LANDIS_GYR,ACTIVE,2012-01-01,LONDON
MTR002942,MAC001186,SMART,LANDIS_GYR,ACTIVE,2012-01-01,LONDON
MTR002943,MAC001187,SMART,LANDIS_GYR,ACTIVE,2012-01-01,LONDON
MTR002944,MAC001188,SMART,LANDIS_GYR,ACTIVE,2012-01-01,LONDON
MTR002945,MAC001189,SMART,LANDIS_GYR,ACTIVE,2012-01-01,LONDON
MTR002946,MAC001190,SMART,LANDIS_GYR,ACTIVE,2012-01-01,LONDON
MTR002947,MAC001191,SMART,LANDIS_GYR,ACTIVE,2012-01-01,LONDON
MTR002948,MAC001192,SMART,LANDIS_GYR,ACTIVE,2012-01-01,LONDON
MTR002949,MAC001193,SMART,LANDIS_GYR,ACTIVE,2012-01-01,LONDON
MTR002950,MAC001194,SMART,LANDIS_GYR,ACTIVE,2012-01-01,LONDON
MTR002951,MAC001195,SMART,LANDIS_GYR,ACTIVE,2012-01-01,LONDON
MTR002952,MAC001196,SMART,LANDIS_GYR,ACTIVE,2012-01-01,LONDON
MTR002953,MAC001197,SMART,LANDIS_GYR,ACTIVE,2012-01-01,LONDON
MTR002954,MAC001198,SMART,LANDIS_GYR,ACTIVE,2012-01-01,LONDON
MTR002955,MAC001199,SMART,LANDIS_GYR,ACTIVE,2012-01-01,LONDON
MTR002956,MAC001200,SMART,LANDIS_GYR,ACTIVE,2012-01-01,LONDON
MTR002957,MAC001201,SMART,LANDIS_GYR,ACTIVE,2012-01-01,LONDON
MTR002958,MAC001203,SMART,LANDIS_GYR,ACTIVE,2012-01-01,LONDON
MTR002959,MAC001204,SMART,LANDIS_GYR,ACTIVE,2012-01-01,LONDON
MTR002960,MAC001205,SMART,LANDIS_GYR,ACTIVE,2012-01-01,LONDON
MTR002961,MAC001207,SMART,LANDIS_GYR,ACTIVE,2012-01-01,LONDON
MTR002962,MAC001208,SMART,LANDIS_GYR,ACTIVE,2012-01-01,LONDON
MTR002963,MAC001210,SMART,LANDIS_GYR,ACTIVE,2012-01-01,LONDON
MTR002964,MAC001211,SMART,LANDIS_GYR,ACTIVE,2012-01-01,LONDON
MTR002965,MAC001212,SMART,LANDIS_GYR,ACTIVE,2012-01-01,LONDON
MTR002966,MAC001213,SMART,LANDIS_GYR,ACTIVE,2012-01-01,LONDON
MTR002967,MAC001214,SMART,LANDIS_GYR,ACTIVE,2012-01-01,LONDON
MTR002968,MAC001215,SMART,LANDIS_GYR,ACTIVE,2012-01-01,LONDON
MTR002969,MAC001216,SMART,LANDIS_GYR,ACTIVE,2012-01-01,LONDON
MTR002970,MAC001217,SMART,LANDIS_GYR,ACTIVE,2012-01-01,LONDON
MTR002971,MAC001218,SMART,LANDIS_GYR,ACTIVE,2012-01-01,LONDON
MTR002972,MAC001220,SMART,LANDIS_GYR,ACTIVE,2012-01-01,LONDON
MTR002973,MAC001221,SMART,LANDIS_GYR,ACTIVE,2012-01-01,LONDON
MTR002974,MAC001223,SMART,LANDIS_GYR,ACTIVE,2012-01-01,LONDON
MTR002975,MAC001224,SMART,LANDIS_GYR,ACTIVE,2012-01-01,LONDON
MTR002976,MAC001225,SMART,LANDIS_GYR,ACTIVE,2012-01-01,LONDON
MTR002977,MAC001226,SMART,LANDIS_GYR,ACTIVE,2012-01-01,LONDON
MTR002978,MAC001227,SMART,LANDIS_GYR,ACTIVE,2012-01-01,LONDON
MTR002979,MAC001229,SMART,LANDIS_GYR,ACTIVE,2012-01-01,LONDON
MTR002980,MAC001230,SMART,LANDIS_GYR,ACTIVE,2012-01-01,LONDON
MTR002981,MAC001231,SMART,LANDIS_GYR,ACTIVE,2012-01-01,LONDON
MTR002982,MAC001233,SMART,LANDIS_GYR,ACTIVE,2012-01-01,LONDON
MTR002983,MAC001234,SMART,LANDIS_GYR,ACTIVE,2012-01-01,LONDON
MTR002984,MAC001235,SMART,LANDIS_GYR,ACTIVE,2012-01-01,LONDON
MTR002985,MAC001236,SMART,LANDIS_GYR,ACTIVE,2012-01-01,LONDON
MTR002986,MAC001237,SMART,LANDIS_GYR,ACTIVE,2012-01-01,LONDON
MTR002987,MAC001238,SMART,LANDIS_GYR,ACTIVE,2012-01-01,LONDON
MTR002988,MAC001239,SMART,LANDIS_GYR,ACTIVE,2012-01-01,LONDON
MTR002989,MAC001240,SMART,LANDIS_GYR,ACTIVE,2012-01-01,LONDON
MTR002990,MAC001241,SMART,LANDIS_GYR,ACTIVE,2012-01-01,LONDON
MTR002991,MAC001242,SMART,LANDIS_GYR,ACTIVE,2012-01-01,LONDON
MTR002992,MAC001243,SMART,LANDIS_GYR,ACTIVE,2012-01-01,LONDON
MTR002993,MAC001244,SMART,LANDIS_GYR,ACTIVE,2012-01-01,LONDON
MTR002994,MAC001247,SMART,LANDIS_GYR,ACTIVE,2012-01-01,LONDON
MTR002995,MAC001248,SMART,LANDIS_GYR,ACTIVE,2012-01-01,LONDON
MTR002996,MAC001249,SMART,LANDIS_GYR,ACTIVE,2012-01-01,LONDON
MTR002997,MAC001250,SMART,LANDIS_GYR,ACTIVE,2012-01-01,LONDON
MTR002998,MAC001251,SMART,LANDIS_GYR,ACTIVE,2012-01-01,LONDON
MTR002999,MAC001252,SMART,LANDIS_GYR,ACTIVE,2012-01-01,LONDON
MTR003000,MAC001253,SMART,LANDIS_GYR,ACTIVE,2012-01-01,LONDON
MTR003001,MAC001255,SMART,LANDIS_GYR,ACTIVE,2012-01-01,LONDON
MTR003002,MAC001256,SMART,LANDIS_GYR,ACTIVE,2012-01-01,LONDON
MTR003003,MAC001257,SMART,LANDIS_GYR,ACTIVE,2012-01-01,LONDON
MTR003004,MAC001258,SMART,LANDIS_GYR,ACTIVE,2012-01-01,LONDON
MTR003005,MAC001259,SMART,LANDIS_GYR,ACTIVE,2012-01-01,LONDON
MTR003006,MAC001260,SMART,LANDIS_GYR,ACTIVE,2012-01-01,LONDON
MTR003007,MAC001261,SMART,LANDIS_GYR,ACTIVE,2012-01-01,LONDON
MTR003008,MAC001262,SMART,LANDIS_GYR,ACTIVE,2012-01-01,LONDON
MTR003009,MAC001263,SMART,LANDIS_GYR,ACTIVE,2012-01-01,LONDON
MTR003010,MAC001265,SMART,LANDIS_GYR,ACTIVE,2012-01-01,LONDON
MTR003011,MAC001266,SMART,LANDIS_GYR,ACTIVE,2012-01-01,LONDON
MTR003012,MAC001267,SMART,LANDIS_GYR,ACTIVE,2012-01-01,LONDON
MTR003013,MAC001268,SMART,LANDIS_GYR,ACTIVE,2012-01-01,LONDON
MTR003014,MAC001269,SMART,LANDIS_GYR,ACTIVE,2012-01-01,LONDON
MTR003015,MAC001271,SMART,LANDIS_GYR,ACTIVE,2012-01-01,LONDON
MTR003016,MAC001272,SMART,LANDIS_GYR,ACTIVE,2012-01-01,LONDON
MTR003017,MAC001273,SMART,LANDIS_GYR,ACTIVE,2012-01-01,LONDON
MTR003018,MAC001275,SMART,LANDIS_GYR,ACTIVE,2012-01-01,LONDON
MTR003019,MAC001276,SMART,LANDIS_GYR,ACTIVE,2012-01-01,LONDON
MTR003020,MAC001277,SMART,LANDIS_GYR,ACTIVE,2012-01-01,LONDON
MTR003021,MAC001278,SMART,LANDIS_GYR,ACTIVE,2012-01-01,LONDON
MTR003022,MAC001280,SMART,LANDIS_GYR,ACTIVE,2012-01-01,LONDON
MTR003023,MAC001282,SMART,LANDIS_GYR,ACTIVE,2012-01-01,LONDON
MTR003024,MAC001283,SMART,LANDIS_GYR,ACTIVE,2012-01-01,LONDON
MTR003025,MAC001284,SMART,LANDIS_GYR,ACTIVE,2012-01-01,LONDON
MTR003026,MAC001286,SMART,LANDIS_GYR,ACTIVE,2012-01-01,LONDON
MTR003027,MAC001287,SMART,LANDIS_GYR,ACTIVE,2012-01-01,LONDON
MTR003028,MAC001288,SMART,LANDIS_GYR,ACTIVE,2012-01-01,LONDON
MTR003029,MAC001289,SMART,LANDIS_GYR,ACTIVE,2012-01-01,LONDON
MTR003030,MAC001291,SMART,LANDIS_GYR,ACTIVE,2012-01-01,LONDON
MTR003031,MAC001292,SMART,LANDIS_GYR,ACTIVE,2012-01-01,LONDON
MTR003032,MAC001293,SMART,LANDIS_GYR,ACTIVE,2012-01-01,LONDON
MTR003033,MAC001294,SMART,LANDIS_GYR,ACTIVE,2012-01-01,LONDON
MTR003034,MAC001295,SMART,LANDIS_GYR,ACTIVE,2012-01-01,LONDON
MTR003035,MAC001296,SMART,LANDIS_GYR,ACTIVE,2012-01-01,LONDON
MTR003036,MAC001298,SMART,LANDIS_GYR,ACTIVE,2012-01-01,LONDON
MTR003037,MAC001300,SMART,LANDIS_GYR,ACTIVE,2012-01-01,LONDON
MTR003038,MAC001301,SMART,LANDIS_GYR,ACTIVE,2012-01-01,LONDON
MTR003039,MAC001302,SMART,LANDIS_GYR,ACTIVE,2012-01-01,LONDON
MTR003040,MAC001304,SMART,LANDIS_GYR,ACTIVE,2012-01-01,LONDON
MTR003041,MAC001306,SMART,LANDIS_GYR,ACTIVE,2012-01-01,LONDON
MTR003042,MAC001307,SMART,LANDIS_GYR,ACTIVE,2012-01-01,LONDON
MTR003043,MAC001308,SMART,LANDIS_GYR,ACTIVE,2012-01-01,LONDON
MTR003044,MAC001309,SMART,LANDIS_GYR,ACTIVE,2012-01-01,LONDON
MTR003045,MAC001310,SMART,LANDIS_GYR,ACTIVE,2012-01-01,LONDON
MTR003046,MAC001311,SMART,LANDIS_GYR,ACTIVE,2012-01-01,LONDON
MTR003047,MAC001312,SMART,LANDIS_GYR,ACTIVE,2012-01-01,LONDON
MTR003048,MAC001313,SMART,LANDIS_GYR,ACTIVE,2012-01-01,LONDON
MTR003049,MAC001314,SMART,LANDIS_GYR,ACTIVE,2012-01-01,LONDON
MTR003050,MAC001315,SMART,LANDIS_GYR,ACTIVE,2012-01-01,LONDON
MTR003051,MAC001316,SMART,LANDIS_GYR,ACTIVE,2012-01-01,LONDON
MTR003052,MAC001317,SMART,LANDIS_GYR,ACTIVE,2012-01-01,LONDON
MTR003053,MAC001320,SMART,LANDIS_GYR,ACTIVE,2012-01-01,LONDON
MTR003054,MAC001321,SMART,LANDIS_GYR,ACTIVE,2012-01-01,LONDON
MTR003055,MAC001323,SMART,LANDIS_GYR,ACTIVE,2012-01-01,LONDON
MTR003056,MAC001324,SMART,LANDIS_GYR,ACTIVE,2012-01-01,LONDON
MTR003057,MAC001325,SMART,LANDIS_GYR,ACTIVE,2012-01-01,LONDON
MTR003058,MAC001326,SMART,LANDIS_GYR,ACTIVE,2012-01-01,LONDON
MTR003059,MAC001327,SMART,LANDIS_GYR,ACTIVE,2012-01-01,LONDON
MTR003060,MAC001328,SMART,LANDIS_GYR,ACTIVE,2012-01-01,LONDON
MTR003061,MAC001329,SMART,LANDIS_GYR,ACTIVE,2012-01-01,LONDON
MTR003062,MAC001330,SMART,LANDIS_GYR,ACTIVE,2012-01-01,LONDON
MTR003063,MAC001331,SMART,LANDIS_GYR,ACTIVE,2012-01-01,LONDON
MTR003064,MAC001332,SMART,LANDIS_GYR,ACTIVE,2012-01-01,LONDON
MTR003065,MAC001333,SMART,LANDIS_GYR,ACTIVE,2012-01-01,LONDON
MTR003066,MAC001334,SMART,LANDIS_GYR,ACTIVE,2012-01-01,LONDON
MTR003067,MAC001337,SMART,LANDIS_GYR,ACTIVE,2012-01-01,LONDON
MTR003068,MAC001338,SMART,LANDIS_GYR,ACTIVE,2012-01-01,LONDON
MTR003069,MAC001339,SMART,LANDIS_GYR,ACTIVE,2012-01-01,LONDON
MTR003070,MAC001340,SMART,LANDIS_GYR,ACTIVE,2012-01-01,LONDON
MTR003071,MAC001341,SMART,LANDIS_GYR,ACTIVE,2012-01-01,LONDON
MTR003072,MAC001342,SMART,LANDIS_GYR,ACTIVE,2012-01-01,LONDON
MTR003073,MAC001344,SMART,LANDIS_GYR,ACTIVE,2012-01-01,LONDON
MTR003074,MAC001345,SMART,LANDIS_GYR,ACTIVE,2012-01-01,LONDON
MTR003075,MAC001346,SMART,LANDIS_GYR,ACTIVE,2012-01-01,LONDON
MTR003076,MAC001347,SMART,LANDIS_GYR,ACTIVE,2012-01-01,LONDON
MTR003077,MAC001348,SMART,LANDIS_GYR,ACTIVE,2012-01-01,LONDON
MTR003078,MAC001349,SMART,LANDIS_GYR,ACTIVE,2012-01-01,LONDON
MTR003079,MAC001350,SMART,LANDIS_GYR,ACTIVE,2012-01-01,LONDON
MTR003080,MAC001353,SMART,LANDIS_GYR,ACTIVE,2012-01-01,LONDON
MTR003081,MAC001354,SMART,LANDIS_GYR,ACTIVE,2012-01-01,LONDON
MTR003082,MAC001355,SMART,LANDIS_GYR,ACTIVE,2012-01-01,LONDON
MTR003083,MAC001356,SMART,LANDIS_GYR,ACTIVE,2012-01-01,LONDON
MTR003084,MAC001357,SMART,LANDIS_GYR,ACTIVE,2012-01-01,LONDON
MTR003085,MAC001358,SMART,LANDIS_GYR,ACTIVE,2012-01-01,LONDON
MTR003086,MAC001359,SMART,LANDIS_GYR,ACTIVE,2012-01-01,LONDON
MTR003087,MAC001361,SMART,LANDIS_GYR,ACTIVE,2012-01-01,LONDON
MTR003088,MAC001362,SMART,LANDIS_GYR,ACTIVE,2012-01-01,LONDON
MTR003089,MAC001363,SMART,LANDIS_GYR,ACTIVE,2012-01-01,LONDON
MTR003090,MAC001365,SMART,LANDIS_GYR,ACTIVE,2012-01-01,LONDON
MTR003091,MAC001367,SMART,LANDIS_GYR,ACTIVE,2012-01-01,LONDON
MTR003092,MAC001368,SMART,LANDIS_GYR,ACTIVE,2012-01-01,LONDON
MTR003093,MAC001370,SMART,LANDIS_GYR,ACTIVE,2012-01-01,LONDON
MTR003094,MAC001371,SMART,LANDIS_GYR,ACTIVE,2012-01-01,LONDON
MTR003095,MAC001373,SMART,LANDIS_GYR,ACTIVE,2012-01-01,LONDON
MTR003096,MAC001374,SMART,LANDIS_GYR,ACTIVE,2012-01-01,LONDON
MTR003097,MAC001375,SMART,LANDIS_GYR,ACTIVE,2012-01-01,LONDON
MTR003098,MAC001376,SMART,LANDIS_GYR,ACTIVE,2012-01-01,LONDON
MTR003099,MAC001377,SMART,LANDIS_GYR,ACTIVE,2012-01-01,LONDON
MTR003100,MAC001378,SMART,LANDIS_GYR,ACTIVE,2012-01-01,LONDON
MTR003101,MAC001379,SMART,LANDIS_GYR,ACTIVE,2012-01-01,LONDON
MTR003102,MAC001380,SMART,LANDIS_GYR,ACTIVE,2012-01-01,LONDON
MTR003103,MAC001381,SMART,LANDIS_GYR,ACTIVE,2012-01-01,LONDON
MTR003104,MAC001382,SMART,LANDIS_GYR,ACTIVE,2012-01-01,LONDON
MTR003105,MAC001384,SMART,LANDIS_GYR,ACTIVE,2012-01-01,LONDON
MTR003106,MAC001385,SMART,LANDIS_GYR,ACTIVE,2012-01-01,LONDON
MTR003107,MAC001387,SMART,LANDIS_GYR,ACTIVE,2012-01-01,LONDON
MTR003108,MAC001388,SMART,LANDIS_GYR,ACTIVE,2012-01-01,LONDON
MTR003109,MAC001389,SMART,LANDIS_GYR,ACTIVE,2012-01-01,LONDON
MTR003110,MAC001390,SMART,LANDIS_GYR,ACTIVE,2012-01-01,LONDON
MTR003111,MAC001391,SMART,LANDIS_GYR,ACTIVE,2012-01-01,LONDON
MTR003112,MAC001392,SMART,LANDIS_GYR,ACTIVE,2012-01-01,LONDON
MTR003113,MAC001393,SMART,LANDIS_GYR,ACTIVE,2012-01-01,LONDON
MTR003114,MAC001394,SMART,LANDIS_GYR,ACTIVE,2012-01-01,LONDON
MTR003115,MAC001395,SMART,LANDIS_GYR,ACTIVE,2012-01-01,LONDON
MTR003116,MAC001396,SMART,LANDIS_GYR,ACTIVE,2012-01-01,LONDON
MTR003117,MAC001397,SMART,LANDIS_GYR,ACTIVE,2012-01-01,LONDON
MTR003118,MAC001398,SMART,LANDIS_GYR,ACTIVE,2012-01-01,LONDON
MTR003119,MAC001399,SMART,LANDIS_GYR,ACTIVE,2012-01-01,LONDON
MTR003120,MAC001400,SMART,LANDIS_GYR,ACTIVE,2012-01-01,LONDON
MTR003121,MAC001401,SMART,LANDIS_GYR,ACTIVE,2012-01-01,LONDON
MTR003122,MAC001403,SMART,LANDIS_GYR,ACTIVE,2012-01-01,LONDON
MTR003123,MAC001404,SMART,LANDIS_GYR,ACTIVE,2012-01-01,LONDON
MTR003124,MAC001406,SMART,LANDIS_GYR,ACTIVE,2012-01-01,LONDON
MTR003125,MAC001408,SMART,LANDIS_GYR,ACTIVE,2012-01-01,LONDON
MTR003126,MAC001409,SMART,LANDIS_GYR,ACTIVE,2012-01-01,LONDON
MTR003127,MAC001411,SMART,LANDIS_GYR,ACTIVE,2012-01-01,LONDON
MTR003128,MAC001412,SMART,LANDIS_GYR,ACTIVE,2012-01-01,LONDON
MTR003129,MAC001415,SMART,LANDIS_GYR,ACTIVE,2012-01-01,LONDON
MTR003130,MAC001416,SMART,LANDIS_GYR,ACTIVE,2012-01-01,LONDON
MTR003131,MAC001418,SMART,LANDIS_GYR,ACTIVE,2012-01-01,LONDON
MTR003132,MAC001419,SMART,LANDIS_GYR,ACTIVE,2012-01-01,LONDON
MTR003133,MAC001422,SMART,LANDIS_GYR,ACTIVE,2012-01-01,LONDON
MTR003134,MAC001423,SMART,LANDIS_GYR,ACTIVE,2012-01-01,LONDON
MTR003135,MAC001424,SMART,LANDIS_GYR,ACTIVE,2012-01-01,LONDON
MTR003136,MAC001425,SMART,LANDIS_GYR,ACTIVE,2012-01-01,LONDON
MTR003137,MAC001426,SMART,LANDIS_GYR,ACTIVE,2012-01-01,LONDON
MTR003138,MAC001427,SMART,LANDIS_GYR,ACTIVE,2012-01-01,LONDON
MTR003139,MAC001428,SMART,LANDIS_GYR,ACTIVE,2012-01-01,LONDON
MTR003140,MAC001430,SMART,LANDIS_GYR,ACTIVE,2012-01-01,LONDON
MTR003141,MAC001432,SMART,LANDIS_GYR,ACTIVE,2012-01-01,LONDON
MTR003142,MAC001433,SMART,LANDIS_GYR,ACTIVE,2012-01-01,LONDON
MTR003143,MAC001434,SMART,LANDIS_GYR,ACTIVE,2012-01-01,LONDON
MTR003144,MAC001436,SMART,LANDIS_GYR,ACTIVE,2012-01-01,LONDON
MTR003145,MAC001438,SMART,LANDIS_GYR,ACTIVE,2012-01-01,LONDON
MTR003146,MAC001439,SMART,LANDIS_GYR,ACTIVE,2012-01-01,LONDON
MTR003147,MAC001441,SMART,LANDIS_GYR,ACTIVE,2012-01-01,LONDON
MTR003148,MAC001442,SMART,LANDIS_GYR,ACTIVE,2012-01-01,LONDON
MTR003149,MAC001443,SMART,LANDIS_GYR,ACTIVE,2012-01-01,LONDON
MTR003150,MAC001444,SMART,LANDIS_GYR,ACTIVE,2012-01-01,LONDON
MTR003151,MAC001445,SMART,LANDIS_GYR,ACTIVE,2012-01-01,LONDON
MTR003152,MAC001446,SMART,LANDIS_GYR,ACTIVE,2012-01-01,LONDON
MTR003153,MAC001448,SMART,LANDIS_GYR,ACTIVE,2012-01-01,LONDON
MTR003154,MAC001450,SMART,LANDIS_GYR,ACTIVE,2012-01-01,LONDON
MTR003155,MAC001451,SMART,LANDIS_GYR,ACTIVE,2012-01-01,LONDON
MTR003156,MAC001452,SMART,LANDIS_GYR,ACTIVE,2012-01-01,LONDON
MTR003157,MAC001453,SMART,LANDIS_GYR,ACTIVE,2012-01-01,LONDON
MTR003158,MAC001454,SMART,LANDIS_GYR,ACTIVE,2012-01-01,LONDON
MTR003159,MAC001455,SMART,LANDIS_GYR,ACTIVE,2012-01-01,LONDON
MTR003160,MAC001456,SMART,LANDIS_GYR,ACTIVE,2012-01-01,LONDON
MTR003161,MAC001457,SMART,LANDIS_GYR,ACTIVE,2012-01-01,LONDON
MTR003162,MAC001458,SMART,LANDIS_GYR,ACTIVE,2012-01-01,LONDON
MTR003163,MAC001459,SMART,LANDIS_GYR,ACTIVE,2012-01-01,LONDON
MTR003164,MAC001460,SMART,LANDIS_GYR,ACTIVE,2012-01-01,LONDON
MTR003165,MAC001461,SMART,LANDIS_GYR,ACTIVE,2012-01-01,LONDON
MTR003166,MAC001462,SMART,LANDIS_GYR,ACTIVE,2012-01-01,LONDON
MTR003167,MAC001463,SMART,LANDIS_GYR,ACTIVE,2012-01-01,LONDON
MTR003168,MAC001464,SMART,LANDIS_GYR,ACTIVE,2012-01-01,LONDON
MTR003169,MAC001465,SMART,LANDIS_GYR,ACTIVE,2012-01-01,LONDON
MTR003170,MAC001467,SMART,LANDIS_GYR,ACTIVE,2012-01-01,LONDON
MTR003171,MAC001468,SMART,LANDIS_GYR,ACTIVE,2012-01-01,LONDON
MTR003172,MAC001469,SMART,LANDIS_GYR,ACTIVE,2012-01-01,LONDON
MTR003173,MAC001472,SMART,LANDIS_GYR,ACTIVE,2012-01-01,LONDON
MTR003174,MAC001473,SMART,LANDIS_GYR,ACTIVE,2012-01-01,LONDON
MTR003175,MAC001474,SMART,LANDIS_GYR,ACTIVE,2012-01-01,LONDON
MTR003176,MAC001476,SMART,LANDIS_GYR,ACTIVE,2012-01-01,LONDON
MTR003177,MAC001478,SMART,LANDIS_GYR,ACTIVE,2012-01-01,LONDON
MTR003178,MAC001479,SMART,LANDIS_GYR,ACTIVE,2012-01-01,LONDON
MTR003179,MAC001481,SMART,LANDIS_GYR,ACTIVE,2012-01-01,LONDON
MTR003180,MAC001483,SMART,LANDIS_GYR,ACTIVE,2012-01-01,LONDON
MTR003181,MAC001484,SMART,LANDIS_GYR,ACTIVE,2012-01-01,LONDON
MTR003182,MAC001485,SMART,LANDIS_GYR,ACTIVE,2012-01-01,LONDON
MTR003183,MAC001486,SMART,LANDIS_GYR,ACTIVE,2012-01-01,LONDON
MTR003184,MAC001488,SMART,LANDIS_GYR,ACTIVE,2012-01-01,LONDON
MTR003185,MAC001489,SMART,LANDIS_GYR,ACTIVE,2012-01-01,LONDON
MTR003186,MAC001490,SMART,LANDIS_GYR,ACTIVE,2012-01-01,LONDON
MTR003187,MAC001491,SMART,LANDIS_GYR,ACTIVE,2012-01-01,LONDON
MTR003188,MAC001492,SMART,LANDIS_GYR,ACTIVE,2012-01-01,LONDON
MTR003189,MAC001493,SMART,LANDIS_GYR,ACTIVE,2012-01-01,LONDON
MTR003190,MAC001494,SMART,LANDIS_GYR,ACTIVE,2012-01-01,LONDON
MTR003191,MAC001496,SMART,LANDIS_GYR,ACTIVE,2012-01-01,LONDON
MTR003192,MAC001497,SMART,LANDIS_GYR,ACTIVE,2012-01-01,LONDON
MTR003193,MAC001498,SMART,LANDIS_GYR,ACTIVE,2012-01-01,LONDON
MTR003194,MAC001499,SMART,LANDIS_GYR,ACTIVE,2012-01-01,LONDON
MTR003195,MAC001500,SMART,LANDIS_GYR,ACTIVE,2012-01-01,LONDON
MTR003196,MAC001501,SMART,LANDIS_GYR,ACTIVE,2012-01-01,LONDON
MTR003197,MAC001502,SMART,LANDIS_GYR,ACTIVE,2012-01-01,LONDON
MTR003198,MAC001503,SMART,LANDIS_GYR,ACTIVE,2012-01-01,LONDON
MTR003199,MAC001504,SMART,LANDIS_GYR,ACTIVE,2012-01-01,LONDON
MTR003200,MAC001506,SMART,LANDIS_GYR,ACTIVE,2012-01-01,LONDON
MTR003201,MAC001507,SMART,LANDIS_GYR,ACTIVE,2012-01-01,LONDON
MTR003202,MAC001510,SMART,LANDIS_GYR,ACTIVE,2012-01-01,LONDON
MTR003203,MAC001511,SMART,LANDIS_GYR,ACTIVE,2012-01-01,LONDON
MTR003204,MAC001513,SMART,LANDIS_GYR,ACTIVE,2012-01-01,LONDON
MTR003205,MAC001514,SMART,LANDIS_GYR,ACTIVE,2012-01-01,LONDON
MTR003206,MAC001515,SMART,LANDIS_GYR,ACTIVE,2012-01-01,LONDON
MTR003207,MAC001516,SMART,LANDIS_GYR,ACTIVE,2012-01-01,LONDON
MTR003208,MAC001517,SMART,LANDIS_GYR,ACTIVE,2012-01-01,LONDON
MTR003209,MAC001518,SMART,LANDIS_GYR,ACTIVE,2012-01-01,LONDON
MTR003210,MAC001519,SMART,LANDIS_GYR,ACTIVE,2012-01-01,LONDON
MTR003211,MAC001520,SMART,LANDIS_GYR,ACTIVE,2012-01-01,LONDON
MTR003212,MAC001521,SMART,LANDIS_GYR,ACTIVE,2012-01-01,LONDON
MTR003213,MAC001522,SMART,LANDIS_GYR,ACTIVE,2012-01-01,LONDON
MTR003214,MAC001523,SMART,LANDIS_GYR,ACTIVE,2012-01-01,LONDON
MTR003215,MAC001524,SMART,LANDIS_GYR,ACTIVE,2012-01-01,LONDON
MTR003216,MAC001525,SMART,LANDIS_GYR,ACTIVE,2012-01-01,LONDON
MTR003217,MAC001526,SMART,LANDIS_GYR,ACTIVE,2012-01-01,LONDON
MTR003218,MAC001527,SMART,LANDIS_GYR,ACTIVE,2012-01-01,LONDON
MTR003219,MAC001528,SMART,LANDIS_GYR,ACTIVE,2012-01-01,LONDON
MTR003220,MAC001530,SMART,LANDIS_GYR,ACTIVE,2012-01-01,LONDON
MTR003221,MAC001531,SMART,LANDIS_GYR,ACTIVE,2012-01-01,LONDON
MTR003222,MAC001532,SMART,LANDIS_GYR,ACTIVE,2012-01-01,LONDON
MTR003223,MAC001533,SMART,LANDIS_GYR,ACTIVE,2012-01-01,LONDON
MTR003224,MAC001534,SMART,LANDIS_GYR,ACTIVE,2012-01-01,LONDON
MTR003225,MAC001535,SMART,LANDIS_GYR,ACTIVE,2012-01-01,LONDON
MTR003226,MAC001537,SMART,LANDIS_GYR,ACTIVE,2012-01-01,LONDON
MTR003227,MAC001539,SMART,LANDIS_GYR,ACTIVE,2012-01-01,LONDON
MTR003228,MAC001540,SMART,LANDIS_GYR,ACTIVE,2012-01-01,LONDON
MTR003229,MAC001541,SMART,LANDIS_GYR,ACTIVE,2012-01-01,LONDON
MTR003230,MAC001543,SMART,LANDIS_GYR,ACTIVE,2012-01-01,LONDON
MTR003231,MAC001544,SMART,LANDIS_GYR,ACTIVE,2012-01-01,LONDON
MTR003232,MAC001545,SMART,LANDIS_GYR,ACTIVE,2012-01-01,LONDON
MTR003233,MAC001546,SMART,LANDIS_GYR,ACTIVE,2012-01-01,LONDON
MTR003234,MAC001548,SMART,LANDIS_GYR,ACTIVE,2012-01-01,LONDON
MTR003235,MAC001549,SMART,LANDIS_GYR,ACTIVE,2012-01-01,LONDON
MTR003236,MAC001550,SMART,LANDIS_GYR,ACTIVE,2012-01-01,LONDON
MTR003237,MAC001551,SMART,LANDIS_GYR,ACTIVE,2012-01-01,LONDON
MTR003238,MAC001552,SMART,LANDIS_GYR,ACTIVE,2012-01-01,LONDON
MTR003239,MAC001553,SMART,LANDIS_GYR,ACTIVE,2012-01-01,LONDON
MTR003240,MAC001555,SMART,LANDIS_GYR,ACTIVE,2012-01-01,LONDON
MTR003241,MAC001557,SMART,LANDIS_GYR,ACTIVE,2012-01-01,LONDON
MTR003242,MAC001558,SMART,LANDIS_GYR,ACTIVE,2012-01-01,LONDON
MTR003243,MAC001560,SMART,LANDIS_GYR,ACTIVE,2012-01-01,LONDON
MTR003244,MAC000132,SMART,LANDIS_GYR,ACTIVE,2012-01-01,LONDON
MTR003245,MAC000133,SMART,LANDIS_GYR,ACTIVE,2012-01-01,LONDON
MTR003246,MAC000134,SMART,LANDIS_GYR,ACTIVE,2012-01-01,LONDON
MTR003247,MAC000135,SMART,LANDIS_GYR,ACTIVE,2012-01-01,LONDON
MTR003248,MAC000136,SMART,LANDIS_GYR,ACTIVE,2012-01-01,LONDON
MTR003249,MAC000137,SMART,LANDIS_GYR,ACTIVE,2012-01-01,LONDON
MTR003250,MAC000138,SMART,LANDIS_GYR,ACTIVE,2012-01-01,LONDON
MTR003251,MAC000140,SMART,LANDIS_GYR,ACTIVE,2012-01-01,LONDON
MTR003252,MAC000142,SMART,LANDIS_GYR,ACTIVE,2012-01-01,LONDON
MTR003253,MAC000143,SMART,LANDIS_GYR,ACTIVE,2012-01-01,LONDON
MTR003254,MAC000144,SMART,LANDIS_GYR,ACTIVE,2012-01-01,LONDON
MTR003255,MAC000145,SMART,LANDIS_GYR,ACTIVE,2012-01-01,LONDON
MTR003256,MAC000148,SMART,LANDIS_GYR,ACTIVE,2012-01-01,LONDON
MTR003257,MAC000149,SMART,LANDIS_GYR,ACTIVE,2012-01-01,LONDON
MTR003258,MAC000150,SMART,LANDIS_GYR,ACTIVE,2012-01-01,LONDON
MTR003259,MAC000151,SMART,LANDIS_GYR,ACTIVE,2012-01-01,LONDON
MTR003260,MAC000152,SMART,LANDIS_GYR,ACTIVE,2012-01-01,LONDON
MTR003261,MAC000153,SMART,LANDIS_GYR,ACTIVE,2012-01-01,LONDON
MTR003262,MAC000154,SMART,LANDIS_GYR,ACTIVE,2012-01-01,LONDON
MTR003263,MAC000155,SMART,LANDIS_GYR,ACTIVE,2012-01-01,LONDON
MTR003264,MAC000156,SMART,LANDIS_GYR,ACTIVE,2012-01-01,LONDON
MTR003265,MAC000157,SMART,LANDIS_GYR,ACTIVE,2012-01-01,LONDON
MTR003266,MAC000159,SMART,LANDIS_GYR,ACTIVE,2012-01-01,LONDON
MTR003267,MAC000160,SMART,LANDIS_GYR,ACTIVE,2012-01-01,LONDON
MTR003268,MAC000161,SMART,LANDIS_GYR,ACTIVE,2012-01-01,LONDON
MTR003269,MAC000162,SMART,LANDIS_GYR,ACTIVE,2012-01-01,LONDON
MTR003270,MAC000163,SMART,LANDIS_GYR,ACTIVE,2012-01-01,LONDON
MTR003271,MAC000164,SMART,LANDIS_GYR,ACTIVE,2012-01-01,LONDON
MTR003272,MAC000166,SMART,LANDIS_GYR,ACTIVE,2012-01-01,LONDON
MTR003273,MAC001561,SMART,LANDIS_GYR,ACTIVE,2012-01-01,LONDON
MTR003274,MAC001562,SMART,LANDIS_GYR,ACTIVE,2012-01-01,LONDON
MTR003275,MAC001563,SMART,LANDIS_GYR,ACTIVE,2012-01-01,LONDON
MTR003276,MAC001565,SMART,LANDIS_GYR,ACTIVE,2012-01-01,LONDON
MTR003277,MAC001567,SMART,LANDIS_GYR,ACTIVE,2012-01-01,LONDON
MTR003278,MAC001568,SMART,LANDIS_GYR,ACTIVE,2012-01-01,LONDON
MTR003279,MAC001569,SMART,LANDIS_GYR,ACTIVE,2012-01-01,LONDON
MTR003280,MAC001570,SMART,LANDIS_GYR,ACTIVE,2012-01-01,LONDON
MTR003281,MAC001571,SMART,LANDIS_GYR,ACTIVE,2012-01-01,LONDON
MTR003282,MAC001572,SMART,LANDIS_GYR,ACTIVE,2012-01-01,LONDON
MTR003283,MAC001573,SMART,LANDIS_GYR,ACTIVE,2012-01-01,LONDON
MTR003284,MAC001574,SMART,LANDIS_GYR,ACTIVE,2012-01-01,LONDON
MTR003285,MAC001575,SMART,LANDIS_GYR,ACTIVE,2012-01-01,LONDON
MTR003286,MAC001577,SMART,LANDIS_GYR,ACTIVE,2012-01-01,LONDON
MTR003287,MAC001578,SMART,LANDIS_GYR,ACTIVE,2012-01-01,LONDON
MTR003288,MAC001579,SMART,LANDIS_GYR,ACTIVE,2012-01-01,LONDON
MTR003289,MAC001580,SMART,LANDIS_GYR,ACTIVE,2012-01-01,LONDON
MTR003290,MAC001581,SMART,LANDIS_GYR,ACTIVE,2012-01-01,LONDON
MTR003291,MAC001582,SMART,LANDIS_GYR,ACTIVE,2012-01-01,LONDON
MTR003292,MAC001583,SMART,LANDIS_GYR,ACTIVE,2012-01-01,LONDON
MTR003293,MAC001584,SMART,LANDIS_GYR,ACTIVE,2012-01-01,LONDON
MTR003294,MAC001585,SMART,LANDIS_GYR,ACTIVE,2012-01-01,LONDON
MTR003295,MAC001587,SMART,LANDIS_GYR,ACTIVE,2012-01-01,LONDON
MTR003296,MAC001588,SMART,LANDIS_GYR,ACTIVE,2012-01-01,LONDON
MTR003297,MAC001589,SMART,LANDIS_GYR,ACTIVE,2012-01-01,LONDON
MTR003298,MAC001591,SMART,LANDIS_GYR,ACTIVE,2012-01-01,LONDON
MTR003299,MAC001592,SMART,LANDIS_GYR,ACTIVE,2012-01-01,LONDON
MTR003300,MAC001593,SMART,LANDIS_GYR,ACTIVE,2012-01-01,LONDON
MTR003301,MAC001594,SMART,LANDIS_GYR,ACTIVE,2012-01-01,LONDON
MTR003302,MAC001595,SMART,LANDIS_GYR,ACTIVE,2012-01-01,LONDON
MTR003303,MAC001598,SMART,LANDIS_GYR,ACTIVE,2012-01-01,LONDON
MTR003304,MAC001599,SMART,LANDIS_GYR,ACTIVE,2012-01-01,LONDON
MTR003305,MAC001600,SMART,LANDIS_GYR,ACTIVE,2012-01-01,LONDON
MTR003306,MAC001601,SMART,LANDIS_GYR,ACTIVE,2012-01-01,LONDON
MTR003307,MAC001603,SMART,LANDIS_GYR,ACTIVE,2012-01-01,LONDON
MTR003308,MAC001604,SMART,LANDIS_GYR,ACTIVE,2012-01-01,LONDON
MTR003309,MAC001605,SMART,LANDIS_GYR,ACTIVE,2012-01-01,LONDON
MTR003310,MAC001606,SMART,LANDIS_GYR,ACTIVE,2012-01-01,LONDON
MTR003311,MAC001607,SMART,LANDIS_GYR,ACTIVE,2012-01-01,LONDON
MTR003312,MAC001608,SMART,LANDIS_GYR,ACTIVE,2012-01-01,LONDON
MTR003313,MAC001609,SMART,LANDIS_GYR,ACTIVE,2012-01-01,LONDON
MTR003314,MAC001611,SMART,LANDIS_GYR,ACTIVE,2012-01-01,LONDON
MTR003315,MAC001613,SMART,LANDIS_GYR,ACTIVE,2012-01-01,LONDON
MTR003316,MAC001615,SMART,LANDIS_GYR,ACTIVE,2012-01-01,LONDON
MTR003317,MAC001616,SMART,LANDIS_GYR,ACTIVE,2012-01-01,LONDON
MTR003318,MAC001617,SMART,LANDIS_GYR,ACTIVE,2012-01-01,LONDON
MTR003319,MAC001618,SMART,LANDIS_GYR,ACTIVE,2012-01-01,LONDON
MTR003320,MAC001619,SMART,LANDIS_GYR,ACTIVE,2012-01-01,LONDON
MTR003321,MAC001620,SMART,LANDIS_GYR,ACTIVE,2012-01-01,LONDON
MTR003322,MAC001621,SMART,LANDIS_GYR,ACTIVE,2012-01-01,LONDON
MTR003323,MAC001622,SMART,LANDIS_GYR,ACTIVE,2012-01-01,LONDON
MTR003324,MAC001623,SMART,LANDIS_GYR,ACTIVE,2012-01-01,LONDON
MTR003325,MAC001624,SMART,LANDIS_GYR,ACTIVE,2012-01-01,LONDON
MTR003326,MAC001625,SMART,LANDIS_GYR,ACTIVE,2012-01-01,LONDON
MTR003327,MAC001627,SMART,LANDIS_GYR,ACTIVE,2012-01-01,LONDON
MTR003328,MAC001628,SMART,LANDIS_GYR,ACTIVE,2012-01-01,LONDON
MTR003329,MAC001629,SMART,LANDIS_GYR,ACTIVE,2012-01-01,LONDON
MTR003330,MAC001630,SMART,LANDIS_GYR,ACTIVE,2012-01-01,LONDON
MTR003331,MAC001631,SMART,LANDIS_GYR,ACTIVE,2012-01-01,LONDON
MTR003332,MAC001632,SMART,LANDIS_GYR,ACTIVE,2012-01-01,LONDON
MTR003333,MAC001633,SMART,LANDIS_GYR,ACTIVE,2012-01-01,LONDON
MTR003334,MAC001634,SMART,LANDIS_GYR,ACTIVE,2012-01-01,LONDON
MTR003335,MAC001635,SMART,LANDIS_GYR,ACTIVE,2012-01-01,LONDON
MTR003336,MAC001637,SMART,LANDIS_GYR,ACTIVE,2012-01-01,LONDON
MTR003337,MAC001638,SMART,LANDIS_GYR,ACTIVE,2012-01-01,LONDON
MTR003338,MAC001639,SMART,LANDIS_GYR,ACTIVE,2012-01-01,LONDON
MTR003339,MAC001640,SMART,LANDIS_GYR,ACTIVE,2012-01-01,LONDON
MTR003340,MAC001641,SMART,LANDIS_GYR,ACTIVE,2012-01-01,LONDON
MTR003341,MAC001643,SMART,LANDIS_GYR,ACTIVE,2012-01-01,LONDON
MTR003342,MAC001644,SMART,LANDIS_GYR,ACTIVE,2012-01-01,LONDON
MTR003343,MAC001646,SMART,LANDIS_GYR,ACTIVE,2012-01-01,LONDON
MTR003344,MAC001647,SMART,LANDIS_GYR,ACTIVE,2012-01-01,LONDON
MTR003345,MAC001648,SMART,LANDIS_GYR,ACTIVE,2012-01-01,LONDON
MTR003346,MAC001649,SMART,LANDIS_GYR,ACTIVE,2012-01-01,LONDON
MTR003347,MAC001652,SMART,LANDIS_GYR,ACTIVE,2012-01-01,LONDON
MTR003348,MAC001654,SMART,LANDIS_GYR,ACTIVE,2012-01-01,LONDON
MTR003349,MAC001656,SMART,LANDIS_GYR,ACTIVE,2012-01-01,LONDON
MTR003350,MAC001657,SMART,LANDIS_GYR,ACTIVE,2012-01-01,LONDON
MTR003351,MAC001659,SMART,LANDIS_GYR,ACTIVE,2012-01-01,LONDON
MTR003352,MAC001661,SMART,LANDIS_GYR,ACTIVE,2012-01-01,LONDON
MTR003353,MAC001662,SMART,LANDIS_GYR,ACTIVE,2012-01-01,LONDON
MTR003354,MAC001663,SMART,LANDIS_GYR,ACTIVE,2012-01-01,LONDON
MTR003355,MAC001664,SMART,LANDIS_GYR,ACTIVE,2012-01-01,LONDON
MTR003356,MAC001665,SMART,LANDIS_GYR,ACTIVE,2012-01-01,LONDON
MTR003357,MAC001666,SMART,LANDIS_GYR,ACTIVE,2012-01-01,LONDON
MTR003358,MAC001668,SMART,LANDIS_GYR,ACTIVE,2012-01-01,LONDON
MTR003359,MAC001669,SMART,LANDIS_GYR,ACTIVE,2012-01-01,LONDON
MTR003360,MAC001670,SMART,LANDIS_GYR,ACTIVE,2012-01-01,LONDON
MTR003361,MAC001671,SMART,LANDIS_GYR,ACTIVE,2012-01-01,LONDON
MTR003362,MAC001672,SMART,LANDIS_GYR,ACTIVE,2012-01-01,LONDON
MTR003363,MAC001673,SMART,LANDIS_GYR,ACTIVE,2012-01-01,LONDON
MTR003364,MAC001674,SMART,LANDIS_GYR,ACTIVE,2012-01-01,LONDON
MTR003365,MAC001675,SMART,LANDIS_GYR,ACTIVE,2012-01-01,LONDON
MTR003366,MAC001676,SMART,LANDIS_GYR,ACTIVE,2012-01-01,LONDON
MTR003367,MAC001677,SMART,LANDIS_GYR,ACTIVE,2012-01-01,LONDON
MTR003368,MAC001678,SMART,LANDIS_GYR,ACTIVE,2012-01-01,LONDON
MTR003369,MAC001679,SMART,LANDIS_GYR,ACTIVE,2012-01-01,LONDON
MTR003370,MAC001681,SMART,LANDIS_GYR,ACTIVE,2012-01-01,LONDON
MTR003371,MAC001683,SMART,LANDIS_GYR,ACTIVE,2012-01-01,LONDON
MTR003372,MAC001684,SMART,LANDIS_GYR,ACTIVE,2012-01-01,LONDON
MTR003373,MAC001685,SMART,LANDIS_GYR,ACTIVE,2012-01-01,LONDON
MTR003374,MAC001687,SMART,LANDIS_GYR,ACTIVE,2012-01-01,LONDON
MTR003375,MAC001689,SMART,LANDIS_GYR,ACTIVE,2012-01-01,LONDON
MTR003376,MAC001690,SMART,LANDIS_GYR,ACTIVE,2012-01-01,LONDON
MTR003377,MAC001691,SMART,LANDIS_GYR,ACTIVE,2012-01-01,LONDON
MTR003378,MAC001692,SMART,LANDIS_GYR,ACTIVE,2012-01-01,LONDON
MTR003379,MAC001695,SMART,LANDIS_GYR,ACTIVE,2012-01-01,LONDON
MTR003380,MAC001696,SMART,LANDIS_GYR,ACTIVE,2012-01-01,LONDON
MTR003381,MAC001697,SMART,LANDIS_GYR,ACTIVE,2012-01-01,LONDON
MTR003382,MAC001698,SMART,LANDIS_GYR,ACTIVE,2012-01-01,LONDON
MTR003383,MAC001699,SMART,LANDIS_GYR,ACTIVE,2012-01-01,LONDON
MTR003384,MAC001701,SMART,LANDIS_GYR,ACTIVE,2012-01-01,LONDON
MTR003385,MAC001702,SMART,LANDIS_GYR,ACTIVE,2012-01-01,LONDON
MTR003386,MAC001703,SMART,LANDIS_GYR,ACTIVE,2012-01-01,LONDON
MTR003387,MAC001705,SMART,LANDIS_GYR,ACTIVE,2012-01-01,LONDON
MTR003388,MAC001708,SMART,LANDIS_GYR,ACTIVE,2012-01-01,LONDON
MTR003389,MAC001709,SMART,LANDIS_GYR,ACTIVE,2012-01-01,LONDON
MTR003390,MAC001710,SMART,LANDIS_GYR,ACTIVE,2012-01-01,LONDON
MTR003391,MAC001711,SMART,LANDIS_GYR,ACTIVE,2012-01-01,LONDON
MTR003392,MAC001713,SMART,LANDIS_GYR,ACTIVE,2012-01-01,LONDON
MTR003393,MAC001714,SMART,LANDIS_GYR,ACTIVE,2012-01-01,LONDON
MTR003394,MAC001716,SMART,LANDIS_GYR,ACTIVE,2012-01-01,LONDON
MTR003395,MAC001717,SMART,LANDIS_GYR,ACTIVE,2012-01-01,LONDON
MTR003396,MAC001719,SMART,LANDIS_GYR,ACTIVE,2012-01-01,LONDON
MTR003397,MAC001720,SMART,LANDIS_GYR,ACTIVE,2012-01-01,LONDON
MTR003398,MAC001721,SMART,LANDIS_GYR,ACTIVE,2012-01-01,LONDON
MTR003399,MAC001722,SMART,LANDIS_GYR,ACTIVE,2012-01-01,LONDON
MTR003400,MAC001723,SMART,LANDIS_GYR,ACTIVE,2012-01-01,LONDON
MTR003401,MAC001724,SMART,LANDIS_GYR,ACTIVE,2012-01-01,LONDON
MTR003402,MAC001725,SMART,LANDIS_GYR,ACTIVE,2012-01-01,LONDON
MTR003403,MAC001726,SMART,LANDIS_GYR,ACTIVE,2012-01-01,LONDON
MTR003404,MAC001727,SMART,LANDIS_GYR,ACTIVE,2012-01-01,LONDON
MTR003405,MAC001728,SMART,LANDIS_GYR,ACTIVE,2012-01-01,LONDON
MTR003406,MAC001729,SMART,LANDIS_GYR,ACTIVE,2012-01-01,LONDON
MTR003407,MAC001730,SMART,LANDIS_GYR,ACTIVE,2012-01-01,LONDON
MTR003408,MAC001731,SMART,LANDIS_GYR,ACTIVE,2012-01-01,LONDON
MTR003409,MAC001732,SMART,LANDIS_GYR,ACTIVE,2012-01-01,LONDON
MTR003410,MAC001733,SMART,LANDIS_GYR,ACTIVE,2012-01-01,LONDON
MTR003411,MAC001734,SMART,LANDIS_GYR,ACTIVE,2012-01-01,LONDON
MTR003412,MAC001735,SMART,LANDIS_GYR,ACTIVE,2012-01-01,LONDON
MTR003413,MAC001737,SMART,LANDIS_GYR,ACTIVE,2012-01-01,LONDON
MTR003414,MAC001738,SMART,LANDIS_GYR,ACTIVE,2012-01-01,LONDON
MTR003415,MAC001739,SMART,LANDIS_GYR,ACTIVE,2012-01-01,LONDON
MTR003416,MAC001740,SMART,LANDIS_GYR,ACTIVE,2012-01-01,LONDON
MTR003417,MAC001742,SMART,LANDIS_GYR,ACTIVE,2012-01-01,LONDON
MTR003418,MAC001744,SMART,LANDIS_GYR,ACTIVE,2012-01-01,LONDON
MTR003419,MAC001745,SMART,LANDIS_GYR,ACTIVE,2012-01-01,LONDON
MTR003420,MAC001746,SMART,LANDIS_GYR,ACTIVE,2012-01-01,LONDON
MTR003421,MAC001747,SMART,LANDIS_GYR,ACTIVE,2012-01-01,LONDON
MTR003422,MAC001748,SMART,LANDIS_GYR,ACTIVE,2012-01-01,LONDON
MTR003423,MAC001749,SMART,LANDIS_GYR,ACTIVE,2012-01-01,LONDON
MTR003424,MAC001751,SMART,LANDIS_GYR,ACTIVE,2012-01-01,LONDON
MTR003425,MAC001752,SMART,LANDIS_GYR,ACTIVE,2012-01-01,LONDON
MTR003426,MAC001753,SMART,LANDIS_GYR,ACTIVE,2012-01-01,LONDON
MTR003427,MAC001754,SMART,LANDIS_GYR,ACTIVE,2012-01-01,LONDON
MTR003428,MAC001757,SMART,LANDIS_GYR,ACTIVE,2012-01-01,LONDON
MTR003429,MAC001758,SMART,LANDIS_GYR,ACTIVE,2012-01-01,LONDON
MTR003430,MAC001759,SMART,LANDIS_GYR,ACTIVE,2012-01-01,LONDON
MTR003431,MAC001760,SMART,LANDIS_GYR,ACTIVE,2012-01-01,LONDON
MTR003432,MAC001761,SMART,LANDIS_GYR,ACTIVE,2012-01-01,LONDON
MTR003433,MAC001762,SMART,LANDIS_GYR,ACTIVE,2012-01-01,LONDON
MTR003434,MAC001763,SMART,LANDIS_GYR,ACTIVE,2012-01-01,LONDON
MTR003435,MAC001764,SMART,LANDIS_GYR,ACTIVE,2012-01-01,LONDON
MTR003436,MAC001765,SMART,LANDIS_GYR,ACTIVE,2012-01-01,LONDON
MTR003437,MAC001766,SMART,LANDIS_GYR,ACTIVE,2012-01-01,LONDON
MTR003438,MAC001768,SMART,LANDIS_GYR,ACTIVE,2012-01-01,LONDON
MTR003439,MAC001769,SMART,LANDIS_GYR,ACTIVE,2012-01-01,LONDON
MTR003440,MAC001771,SMART,LANDIS_GYR,ACTIVE,2012-01-01,LONDON
MTR003441,MAC001774,SMART,LANDIS_GYR,ACTIVE,2012-01-01,LONDON
MTR003442,MAC001775,SMART,LANDIS_GYR,ACTIVE,2012-01-01,LONDON
MTR003443,MAC001776,SMART,LANDIS_GYR,ACTIVE,2012-01-01,LONDON
MTR003444,MAC001779,SMART,LANDIS_GYR,ACTIVE,2012-01-01,LONDON
MTR003445,MAC001780,SMART,LANDIS_GYR,ACTIVE,2012-01-01,LONDON
MTR003446,MAC001781,SMART,LANDIS_GYR,ACTIVE,2012-01-01,LONDON
MTR003447,MAC001782,SMART,LANDIS_GYR,ACTIVE,2012-01-01,LONDON
MTR003448,MAC001783,SMART,LANDIS_GYR,ACTIVE,2012-01-01,LONDON
MTR003449,MAC001784,SMART,LANDIS_GYR,ACTIVE,2012-01-01,LONDON
MTR003450,MAC001785,SMART,LANDIS_GYR,ACTIVE,2012-01-01,LONDON
MTR003451,MAC001786,SMART,LANDIS_GYR,ACTIVE,2012-01-01,LONDON
MTR003452,MAC001787,SMART,LANDIS_GYR,ACTIVE,2012-01-01,LONDON
MTR003453,MAC001788,SMART,LANDIS_GYR,ACTIVE,2012-01-01,LONDON
MTR003454,MAC001789,SMART,LANDIS_GYR,ACTIVE,2012-01-01,LONDON
MTR003455,MAC001790,SMART,LANDIS_GYR,ACTIVE,2012-01-01,LONDON
MTR003456,MAC001791,SMART,LANDIS_GYR,ACTIVE,2012-01-01,LONDON
MTR003457,MAC001792,SMART,LANDIS_GYR,ACTIVE,2012-01-01,LONDON
MTR003458,MAC001793,SMART,LANDIS_GYR,ACTIVE,2012-01-01,LONDON
MTR003459,MAC001794,SMART,LANDIS_GYR,ACTIVE,2012-01-01,LONDON
MTR003460,MAC001795,SMART,LANDIS_GYR,ACTIVE,2012-01-01,LONDON
MTR003461,MAC001796,SMART,LANDIS_GYR,ACTIVE,2012-01-01,LONDON
MTR003462,MAC001797,SMART,LANDIS_GYR,ACTIVE,2012-01-01,LONDON
MTR003463,MAC001798,SMART,LANDIS_GYR,ACTIVE,2012-01-01,LONDON
MTR003464,MAC001799,SMART,LANDIS_GYR,ACTIVE,2012-01-01,LONDON
MTR003465,MAC001800,SMART,LANDIS_GYR,ACTIVE,2012-01-01,LONDON
MTR003466,MAC001801,SMART,LANDIS_GYR,ACTIVE,2012-01-01,LONDON
MTR003467,MAC001802,SMART,LANDIS_GYR,ACTIVE,2012-01-01,LONDON
MTR003468,MAC001803,SMART,LANDIS_GYR,ACTIVE,2012-01-01,LONDON
MTR003469,MAC001804,SMART,LANDIS_GYR,ACTIVE,2012-01-01,LONDON
MTR003470,MAC001805,SMART,LANDIS_GYR,ACTIVE,2012-01-01,LONDON
MTR003471,MAC001807,SMART,LANDIS_GYR,ACTIVE,2012-01-01,LONDON
MTR003472,MAC001808,SMART,LANDIS_GYR,ACTIVE,2012-01-01,LONDON
MTR003473,MAC001809,SMART,LANDIS_GYR,ACTIVE,2012-01-01,LONDON
MTR003474,MAC001810,SMART,LANDIS_GYR,ACTIVE,2012-01-01,LONDON
MTR003475,MAC001811,SMART,LANDIS_GYR,ACTIVE,2012-01-01,LONDON
MTR003476,MAC001812,SMART,LANDIS_GYR,ACTIVE,2012-01-01,LONDON
MTR003477,MAC001813,SMART,LANDIS_GYR,ACTIVE,2012-01-01,LONDON
MTR003478,MAC001815,SMART,LANDIS_GYR,ACTIVE,2012-01-01,LONDON
MTR003479,MAC001816,SMART,LANDIS_GYR,ACTIVE,2012-01-01,LONDON
MTR003480,MAC001817,SMART,LANDIS_GYR,ACTIVE,2012-01-01,LONDON
MTR003481,MAC001818,SMART,LANDIS_GYR,ACTIVE,2012-01-01,LONDON
MTR003482,MAC001819,SMART,LANDIS_GYR,ACTIVE,2012-01-01,LONDON
MTR003483,MAC001820,SMART,LANDIS_GYR,ACTIVE,2012-01-01,LONDON
MTR003484,MAC001821,SMART,LANDIS_GYR,ACTIVE,2012-01-01,LONDON
MTR003485,MAC001822,SMART,LANDIS_GYR,ACTIVE,2012-01-01,LONDON
MTR003486,MAC001824,SMART,LANDIS_GYR,ACTIVE,2012-01-01,LONDON
MTR003487,MAC001827,SMART,LANDIS_GYR,ACTIVE,2012-01-01,LONDON
MTR003488,MAC001828,SMART,LANDIS_GYR,ACTIVE,2012-01-01,LONDON
MTR003489,MAC001829,SMART,LANDIS_GYR,ACTIVE,2012-01-01,LONDON
MTR003490,MAC001831,SMART,LANDIS_GYR,ACTIVE,2012-01-01,LONDON
MTR003491,MAC001832,SMART,LANDIS_GYR,ACTIVE,2012-01-01,LONDON
MTR003492,MAC001834,SMART,LANDIS_GYR,ACTIVE,2012-01-01,LONDON
MTR003493,MAC001836,SMART,LANDIS_GYR,ACTIVE,2012-01-01,LONDON
MTR003494,MAC001837,SMART,LANDIS_GYR,ACTIVE,2012-01-01,LONDON
MTR003495,MAC001838,SMART,LANDIS_GYR,ACTIVE,2012-01-01,LONDON
MTR003496,MAC001839,SMART,LANDIS_GYR,ACTIVE,2012-01-01,LONDON
MTR003497,MAC001841,SMART,LANDIS_GYR,ACTIVE,2012-01-01,LONDON
MTR003498,MAC001842,SMART,LANDIS_GYR,ACTIVE,2012-01-01,LONDON
MTR003499,MAC001843,SMART,LANDIS_GYR,ACTIVE,2012-01-01,LONDON
MTR003500,MAC001844,SMART,LANDIS_GYR,ACTIVE,2012-01-01,LONDON
MTR003501,MAC001845,SMART,LANDIS_GYR,ACTIVE,2012-01-01,LONDON
MTR003502,MAC001846,SMART,LANDIS_GYR,ACTIVE,2012-01-01,LONDON
MTR003503,MAC001848,SMART,LANDIS_GYR,ACTIVE,2012-01-01,LONDON
MTR003504,MAC001850,SMART,LANDIS_GYR,ACTIVE,2012-01-01,LONDON
MTR003505,MAC001852,SMART,LANDIS_GYR,ACTIVE,2012-01-01,LONDON
MTR003506,MAC001854,SMART,LANDIS_GYR,ACTIVE,2012-01-01,LONDON
MTR003507,MAC001859,SMART,LANDIS_GYR,ACTIVE,2012-01-01,LONDON
MTR003508,MAC001860,SMART,LANDIS_GYR,ACTIVE,2012-01-01,LONDON
MTR003509,MAC001862,SMART,LANDIS_GYR,ACTIVE,2012-01-01,LONDON
MTR003510,MAC001863,SMART,LANDIS_GYR,ACTIVE,2012-01-01,LONDON
MTR003511,MAC001864,SMART,LANDIS_GYR,ACTIVE,2012-01-01,LONDON
MTR003512,MAC001866,SMART,LANDIS_GYR,ACTIVE,2012-01-01,LONDON
MTR003513,MAC001867,SMART,LANDIS_GYR,ACTIVE,2012-01-01,LONDON
MTR003514,MAC001868,SMART,LANDIS_GYR,ACTIVE,2012-01-01,LONDON
MTR003515,MAC001869,SMART,LANDIS_GYR,ACTIVE,2012-01-01,LONDON
MTR003516,MAC001870,SMART,LANDIS_GYR,ACTIVE,2012-01-01,LONDON
MTR003517,MAC001871,SMART,LANDIS_GYR,ACTIVE,2012-01-01,LONDON
MTR003518,MAC001872,SMART,LANDIS_GYR,ACTIVE,2012-01-01,LONDON
MTR003519,MAC001874,SMART,LANDIS_GYR,ACTIVE,2012-01-01,LONDON
MTR003520,MAC001875,SMART,LANDIS_GYR,ACTIVE,2012-01-01,LONDON
MTR003521,MAC001876,SMART,LANDIS_GYR,ACTIVE,2012-01-01,LONDON
MTR003522,MAC001877,SMART,LANDIS_GYR,ACTIVE,2012-01-01,LONDON
MTR003523,MAC001878,SMART,LANDIS_GYR,ACTIVE,2012-01-01,LONDON
MTR003524,MAC001879,SMART,LANDIS_GYR,ACTIVE,2012-01-01,LONDON
MTR003525,MAC001881,SMART,LANDIS_GYR,ACTIVE,2012-01-01,LONDON
MTR003526,MAC001882,SMART,LANDIS_GYR,ACTIVE,2012-01-01,LONDON
MTR003527,MAC001883,SMART,LANDIS_GYR,ACTIVE,2012-01-01,LONDON
MTR003528,MAC001884,SMART,LANDIS_GYR,ACTIVE,2012-01-01,LONDON
MTR003529,MAC001885,SMART,LANDIS_GYR,ACTIVE,2012-01-01,LONDON
MTR003530,MAC001886,SMART,LANDIS_GYR,ACTIVE,2012-01-01,LONDON
MTR003531,MAC001887,SMART,LANDIS_GYR,ACTIVE,2012-01-01,LONDON
MTR003532,MAC001888,SMART,LANDIS_GYR,ACTIVE,2012-01-01,LONDON
MTR003533,MAC001889,SMART,LANDIS_GYR,ACTIVE,2012-01-01,LONDON
MTR003534,MAC001890,SMART,LANDIS_GYR,ACTIVE,2012-01-01,LONDON
MTR003535,MAC001891,SMART,LANDIS_GYR,ACTIVE,2012-01-01,LONDON
MTR003536,MAC001892,SMART,LANDIS_GYR,ACTIVE,2012-01-01,LONDON
MTR003537,MAC001893,SMART,LANDIS_GYR,ACTIVE,2012-01-01,LONDON
MTR003538,MAC001894,SMART,LANDIS_GYR,ACTIVE,2012-01-01,LONDON
MTR003539,MAC001895,SMART,LANDIS_GYR,ACTIVE,2012-01-01,LONDON
MTR003540,MAC001896,SMART,LANDIS_GYR,ACTIVE,2012-01-01,LONDON
MTR003541,MAC001897,SMART,LANDIS_GYR,ACTIVE,2012-01-01,LONDON
MTR003542,MAC001898,SMART,LANDIS_GYR,ACTIVE,2012-01-01,LONDON
MTR003543,MAC001899,SMART,LANDIS_GYR,ACTIVE,2012-01-01,LONDON
MTR003544,MAC001900,SMART,LANDIS_GYR,ACTIVE,2012-01-01,LONDON
MTR003545,MAC001901,SMART,LANDIS_GYR,ACTIVE,2012-01-01,LONDON
MTR003546,MAC001902,SMART,LANDIS_GYR,ACTIVE,2012-01-01,LONDON
MTR003547,MAC001903,SMART,LANDIS_GYR,ACTIVE,2012-01-01,LONDON
MTR003548,MAC001905,SMART,LANDIS_GYR,ACTIVE,2012-01-01,LONDON
MTR003549,MAC001906,SMART,LANDIS_GYR,ACTIVE,2012-01-01,LONDON
MTR003550,MAC001907,SMART,LANDIS_GYR,ACTIVE,2012-01-01,LONDON
MTR003551,MAC001908,SMART,LANDIS_GYR,ACTIVE,2012-01-01,LONDON
MTR003552,MAC001909,SMART,LANDIS_GYR,ACTIVE,2012-01-01,LONDON
MTR003553,MAC001911,SMART,LANDIS_GYR,ACTIVE,2012-01-01,LONDON
MTR003554,MAC001913,SMART,LANDIS_GYR,ACTIVE,2012-01-01,LONDON
MTR003555,MAC001914,SMART,LANDIS_GYR,ACTIVE,2012-01-01,LONDON
MTR003556,MAC001915,SMART,LANDIS_GYR,ACTIVE,2012-01-01,LONDON
MTR003557,MAC001916,SMART,LANDIS_GYR,ACTIVE,2012-01-01,LONDON
MTR003558,MAC001917,SMART,LANDIS_GYR,ACTIVE,2012-01-01,LONDON
MTR003559,MAC001918,SMART,LANDIS_GYR,ACTIVE,2012-01-01,LONDON
MTR003560,MAC001919,SMART,LANDIS_GYR,ACTIVE,2012-01-01,LONDON
MTR003561,MAC001920,SMART,LANDIS_GYR,ACTIVE,2012-01-01,LONDON
MTR003562,MAC001921,SMART,LANDIS_GYR,ACTIVE,2012-01-01,LONDON
MTR003563,MAC001922,SMART,LANDIS_GYR,ACTIVE,2012-01-01,LONDON
MTR003564,MAC001923,SMART,LANDIS_GYR,ACTIVE,2012-01-01,LONDON
MTR003565,MAC001924,SMART,LANDIS_GYR,ACTIVE,2012-01-01,LONDON
MTR003566,MAC001926,SMART,LANDIS_GYR,ACTIVE,2012-01-01,LONDON
MTR003567,MAC001927,SMART,LANDIS_GYR,ACTIVE,2012-01-01,LONDON
MTR003568,MAC001929,SMART,LANDIS_GYR,ACTIVE,2012-01-01,LONDON
MTR003569,MAC001930,SMART,LANDIS_GYR,ACTIVE,2012-01-01,LONDON
MTR003570,MAC001931,SMART,LANDIS_GYR,ACTIVE,2012-01-01,LONDON
MTR003571,MAC001932,SMART,LANDIS_GYR,ACTIVE,2012-01-01,LONDON
MTR003572,MAC001933,SMART,LANDIS_GYR,ACTIVE,2012-01-01,LONDON
MTR003573,MAC001934,SMART,LANDIS_GYR,ACTIVE,2012-01-01,LONDON
MTR003574,MAC001935,SMART,LANDIS_GYR,ACTIVE,2012-01-01,LONDON
MTR003575,MAC001936,SMART,LANDIS_GYR,ACTIVE,2012-01-01,LONDON
MTR003576,MAC001937,SMART,LANDIS_GYR,ACTIVE,2012-01-01,LONDON
MTR003577,MAC001938,SMART,LANDIS_GYR,ACTIVE,2012-01-01,LONDON
MTR003578,MAC001939,SMART,LANDIS_GYR,ACTIVE,2012-01-01,LONDON
MTR003579,MAC001940,SMART,LANDIS_GYR,ACTIVE,2012-01-01,LONDON
MTR003580,MAC001941,SMART,LANDIS_GYR,ACTIVE,2012-01-01,LONDON
MTR003581,MAC001943,SMART,LANDIS_GYR,ACTIVE,2012-01-01,LONDON
MTR003582,MAC001944,SMART,LANDIS_GYR,ACTIVE,2012-01-01,LONDON
MTR003583,MAC001945,SMART,LANDIS_GYR,ACTIVE,2012-01-01,LONDON
MTR003584,MAC001946,SMART,LANDIS_GYR,ACTIVE,2012-01-01,LONDON
MTR003585,MAC001947,SMART,LANDIS_GYR,ACTIVE,2012-01-01,LONDON
MTR003586,MAC001948,SMART,LANDIS_GYR,ACTIVE,2012-01-01,LONDON
MTR003587,MAC001949,SMART,LANDIS_GYR,ACTIVE,2012-01-01,LONDON
MTR003588,MAC001950,SMART,LANDIS_GYR,ACTIVE,2012-01-01,LONDON
MTR003589,MAC001953,SMART,LANDIS_GYR,ACTIVE,2012-01-01,LONDON
MTR003590,MAC001954,SMART,LANDIS_GYR,ACTIVE,2012-01-01,LONDON
MTR003591,MAC001955,SMART,LANDIS_GYR,ACTIVE,2012-01-01,LONDON
MTR003592,MAC001956,SMART,LANDIS_GYR,ACTIVE,2012-01-01,LONDON
MTR003593,MAC001957,SMART,LANDIS_GYR,ACTIVE,2012-01-01,LONDON
MTR003594,MAC001958,SMART,LANDIS_GYR,ACTIVE,2012-01-01,LONDON
MTR003595,MAC001959,SMART,LANDIS_GYR,ACTIVE,2012-01-01,LONDON
MTR003596,MAC001960,SMART,LANDIS_GYR,ACTIVE,2012-01-01,LONDON
MTR003597,MAC001961,SMART,LANDIS_GYR,ACTIVE,2012-01-01,LONDON
MTR003598,MAC001962,SMART,LANDIS_GYR,ACTIVE,2012-01-01,LONDON
MTR003599,MAC001963,SMART,LANDIS_GYR,ACTIVE,2012-01-01,LONDON
MTR003600,MAC001964,SMART,LANDIS_GYR,ACTIVE,2012-01-01,LONDON
MTR003601,MAC001965,SMART,LANDIS_GYR,ACTIVE,2012-01-01,LONDON
MTR003602,MAC001966,SMART,LANDIS_GYR,ACTIVE,2012-01-01,LONDON
MTR003603,MAC001967,SMART,LANDIS_GYR,ACTIVE,2012-01-01,LONDON
MTR003604,MAC001968,SMART,LANDIS_GYR,ACTIVE,2012-01-01,LONDON
MTR003605,MAC001970,SMART,LANDIS_GYR,ACTIVE,2012-01-01,LONDON
MTR003606,MAC001971,SMART,LANDIS_GYR,ACTIVE,2012-01-01,LONDON
MTR003607,MAC001972,SMART,LANDIS_GYR,ACTIVE,2012-01-01,LONDON
MTR003608,MAC001973,SMART,LANDIS_GYR,ACTIVE,2012-01-01,LONDON
MTR003609,MAC001974,SMART,LANDIS_GYR,ACTIVE,2012-01-01,LONDON
MTR003610,MAC001975,SMART,LANDIS_GYR,ACTIVE,2012-01-01,LONDON
MTR003611,MAC001977,SMART,LANDIS_GYR,ACTIVE,2012-01-01,LONDON
MTR003612,MAC001978,SMART,LANDIS_GYR,ACTIVE,2012-01-01,LONDON
MTR003613,MAC001979,SMART,LANDIS_GYR,ACTIVE,2012-01-01,LONDON
MTR003614,MAC001980,SMART,LANDIS_GYR,ACTIVE,2012-01-01,LONDON
MTR003615,MAC000167,SMART,LANDIS_GYR,ACTIVE,2012-01-01,LONDON
MTR003616,MAC000168,SMART,LANDIS_GYR,ACTIVE,2012-01-01,LONDON
MTR003617,MAC000169,SMART,LANDIS_GYR,ACTIVE,2012-01-01,LONDON
MTR003618,MAC000171,SMART,LANDIS_GYR,ACTIVE,2012-01-01,LONDON
MTR003619,MAC000172,SMART,LANDIS_GYR,ACTIVE,2012-01-01,LONDON
MTR003620,MAC000174,SMART,LANDIS_GYR,ACTIVE,2012-01-01,LONDON
MTR003621,MAC000175,SMART,LANDIS_GYR,ACTIVE,2012-01-01,LONDON
MTR003622,MAC000176,SMART,LANDIS_GYR,ACTIVE,2012-01-01,LONDON
MTR003623,MAC000177,SMART,LANDIS_GYR,ACTIVE,2012-01-01,LONDON
MTR003624,MAC000178,SMART,LANDIS_GYR,ACTIVE,2012-01-01,LONDON
MTR003625,MAC000179,SMART,LANDIS_GYR,ACTIVE,2012-01-01,LONDON
MTR003626,MAC000180,SMART,LANDIS_GYR,ACTIVE,2012-01-01,LONDON
MTR003627,MAC000181,SMART,LANDIS_GYR,ACTIVE,2012-01-01,LONDON
MTR003628,MAC000182,SMART,LANDIS_GYR,ACTIVE,2012-01-01,LONDON
MTR003629,MAC000183,SMART,LANDIS_GYR,ACTIVE,2012-01-01,LONDON
MTR003630,MAC000184,SMART,LANDIS_GYR,ACTIVE,2012-01-01,LONDON
MTR003631,MAC000185,SMART,LANDIS_GYR,ACTIVE,2012-01-01,LONDON
MTR003632,MAC000188,SMART,LANDIS_GYR,ACTIVE,2012-01-01,LONDON
MTR003633,MAC000189,SMART,LANDIS_GYR,ACTIVE,2012-01-01,LONDON
MTR003634,MAC000190,SMART,LANDIS_GYR,ACTIVE,2012-01-01,LONDON
MTR003635,MAC000191,SMART,LANDIS_GYR,ACTIVE,2012-01-01,LONDON
MTR003636,MAC000192,SMART,LANDIS_GYR,ACTIVE,2012-01-01,LONDON
MTR003637,MAC000196,SMART,LANDIS_GYR,ACTIVE,2012-01-01,LONDON
MTR003638,MAC000197,SMART,LANDIS_GYR,ACTIVE,2012-01-01,LONDON
MTR003639,MAC000199,SMART,LANDIS_GYR,ACTIVE,2012-01-01,LONDON
MTR003640,MAC000200,SMART,LANDIS_GYR,ACTIVE,2012-01-01,LONDON
MTR003641,MAC001981,SMART,LANDIS_GYR,ACTIVE,2012-01-01,LONDON
MTR003642,MAC001982,SMART,LANDIS_GYR,ACTIVE,2012-01-01,LONDON
MTR003643,MAC001983,SMART,LANDIS_GYR,ACTIVE,2012-01-01,LONDON
MTR003644,MAC001985,SMART,LANDIS_GYR,ACTIVE,2012-01-01,LONDON
MTR003645,MAC001986,SMART,LANDIS_GYR,ACTIVE,2012-01-01,LONDON
MTR003646,MAC001987,SMART,LANDIS_GYR,ACTIVE,2012-01-01,LONDON
MTR003647,MAC001988,SMART,LANDIS_GYR,ACTIVE,2012-01-01,LONDON
MTR003648,MAC001989,SMART,LANDIS_GYR,ACTIVE,2012-01-01,LONDON
MTR003649,MAC001990,SMART,LANDIS_GYR,ACTIVE,2012-01-01,LONDON
MTR003650,MAC001991,SMART,LANDIS_GYR,ACTIVE,2012-01-01,LONDON
MTR003651,MAC001992,SMART,LANDIS_GYR,ACTIVE,2012-01-01,LONDON
MTR003652,MAC001994,SMART,LANDIS_GYR,ACTIVE,2012-01-01,LONDON
MTR003653,MAC001995,SMART,LANDIS_GYR,ACTIVE,2012-01-01,LONDON
MTR003654,MAC001996,SMART,LANDIS_GYR,ACTIVE,2012-01-01,LONDON
MTR003655,MAC001997,SMART,LANDIS_GYR,ACTIVE,2012-01-01,LONDON
MTR003656,MAC001999,SMART,LANDIS_GYR,ACTIVE,2012-01-01,LONDON
MTR003657,MAC002000,SMART,LANDIS_GYR,ACTIVE,2012-01-01,LONDON
MTR003658,MAC002001,SMART,LANDIS_GYR,ACTIVE,2012-01-01,LONDON
MTR003659,MAC002002,SMART,LANDIS_GYR,ACTIVE,2012-01-01,LONDON
MTR003660,MAC002003,SMART,LANDIS_GYR,ACTIVE,2012-01-01,LONDON
MTR003661,MAC002004,SMART,LANDIS_GYR,ACTIVE,2012-01-01,LONDON
MTR003662,MAC002007,SMART,LANDIS_GYR,ACTIVE,2012-01-01,LONDON
MTR003663,MAC002008,SMART,LANDIS_GYR,ACTIVE,2012-01-01,LONDON
MTR003664,MAC002009,SMART,LANDIS_GYR,ACTIVE,2012-01-01,LONDON
MTR003665,MAC002010,SMART,LANDIS_GYR,ACTIVE,2012-01-01,LONDON
MTR003666,MAC002012,SMART,LANDIS_GYR,ACTIVE,2012-01-01,LONDON
MTR003667,MAC002014,SMART,LANDIS_GYR,ACTIVE,2012-01-01,LONDON
MTR003668,MAC002015,SMART,LANDIS_GYR,ACTIVE,2012-01-01,LONDON
MTR003669,MAC002016,SMART,LANDIS_GYR,ACTIVE,2012-01-01,LONDON
MTR003670,MAC002018,SMART,LANDIS_GYR,ACTIVE,2012-01-01,LONDON
MTR003671,MAC002019,SMART,LANDIS_GYR,ACTIVE,2012-01-01,LONDON
MTR003672,MAC002020,SMART,LANDIS_GYR,ACTIVE,2012-01-01,LONDON
MTR003673,MAC002021,SMART,LANDIS_GYR,ACTIVE,2012-01-01,LONDON
MTR003674,MAC002023,SMART,LANDIS_GYR,ACTIVE,2012-01-01,LONDON
MTR003675,MAC002024,SMART,LANDIS_GYR,ACTIVE,2012-01-01,LONDON
MTR003676,MAC002025,SMART,LANDIS_GYR,ACTIVE,2012-01-01,LONDON
MTR003677,MAC002026,SMART,LANDIS_GYR,ACTIVE,2012-01-01,LONDON
MTR003678,MAC002027,SMART,LANDIS_GYR,ACTIVE,2012-01-01,LONDON
MTR003679,MAC002028,SMART,LANDIS_GYR,ACTIVE,2012-01-01,LONDON
MTR003680,MAC002031,SMART,LANDIS_GYR,ACTIVE,2012-01-01,LONDON
MTR003681,MAC002032,SMART,LANDIS_GYR,ACTIVE,2012-01-01,LONDON
MTR003682,MAC002033,SMART,LANDIS_GYR,ACTIVE,2012-01-01,LONDON
MTR003683,MAC002034,SMART,LANDIS_GYR,ACTIVE,2012-01-01,LONDON
MTR003684,MAC002035,SMART,LANDIS_GYR,ACTIVE,2012-01-01,LONDON
MTR003685,MAC002036,SMART,LANDIS_GYR,ACTIVE,2012-01-01,LONDON
MTR003686,MAC002037,SMART,LANDIS_GYR,ACTIVE,2012-01-01,LONDON
MTR003687,MAC002038,SMART,LANDIS_GYR,ACTIVE,2012-01-01,LONDON
MTR003688,MAC002041,SMART,LANDIS_GYR,ACTIVE,2012-01-01,LONDON
MTR003689,MAC002042,SMART,LANDIS_GYR,ACTIVE,2012-01-01,LONDON
MTR003690,MAC002043,SMART,LANDIS_GYR,ACTIVE,2012-01-01,LONDON
MTR003691,MAC002044,SMART,LANDIS_GYR,ACTIVE,2012-01-01,LONDON
MTR003692,MAC002045,SMART,LANDIS_GYR,ACTIVE,2012-01-01,LONDON
MTR003693,MAC002047,SMART,LANDIS_GYR,ACTIVE,2012-01-01,LONDON
MTR003694,MAC002048,SMART,LANDIS_GYR,ACTIVE,2012-01-01,LONDON
MTR003695,MAC002049,SMART,LANDIS_GYR,ACTIVE,2012-01-01,LONDON
MTR003696,MAC002050,SMART,LANDIS_GYR,ACTIVE,2012-01-01,LONDON
MTR003697,MAC002051,SMART,LANDIS_GYR,ACTIVE,2012-01-01,LONDON
MTR003698,MAC002053,SMART,LANDIS_GYR,ACTIVE,2012-01-01,LONDON
MTR003699,MAC002054,SMART,LANDIS_GYR,ACTIVE,2012-01-01,LONDON
MTR003700,MAC002055,SMART,LANDIS_GYR,ACTIVE,2012-01-01,LONDON
MTR003701,MAC002056,SMART,LANDIS_GYR,ACTIVE,2012-01-01,LONDON
MTR003702,MAC002057,SMART,LANDIS_GYR,ACTIVE,2012-01-01,LONDON
MTR003703,MAC002058,SMART,LANDIS_GYR,ACTIVE,2012-01-01,LONDON
MTR003704,MAC002059,SMART,LANDIS_GYR,ACTIVE,2012-01-01,LONDON
MTR003705,MAC002062,SMART,LANDIS_GYR,ACTIVE,2012-01-01,LONDON
MTR003706,MAC002063,SMART,LANDIS_GYR,ACTIVE,2012-01-01,LONDON
MTR003707,MAC002064,SMART,LANDIS_GYR,ACTIVE,2012-01-01,LONDON
MTR003708,MAC002065,SMART,LANDIS_GYR,ACTIVE,2012-01-01,LONDON
MTR003709,MAC002066,SMART,LANDIS_GYR,ACTIVE,2012-01-01,LONDON
MTR003710,MAC002067,SMART,LANDIS_GYR,ACTIVE,2012-01-01,LONDON
MTR003711,MAC002068,SMART,LANDIS_GYR,ACTIVE,2012-01-01,LONDON
MTR003712,MAC002069,SMART,LANDIS_GYR,ACTIVE,2012-01-01,LONDON
MTR003713,MAC002070,SMART,LANDIS_GYR,ACTIVE,2012-01-01,LONDON
MTR003714,MAC002071,SMART,LANDIS_GYR,ACTIVE,2012-01-01,LONDON
MTR003715,MAC002072,SMART,LANDIS_GYR,ACTIVE,2012-01-01,LONDON
MTR003716,MAC002074,SMART,LANDIS_GYR,ACTIVE,2012-01-01,LONDON
MTR003717,MAC002076,SMART,LANDIS_GYR,ACTIVE,2012-01-01,LONDON
MTR003718,MAC002077,SMART,LANDIS_GYR,ACTIVE,2012-01-01,LONDON
MTR003719,MAC002078,SMART,LANDIS_GYR,ACTIVE,2012-01-01,LONDON
MTR003720,MAC002079,SMART,LANDIS_GYR,ACTIVE,2012-01-01,LONDON
MTR003721,MAC002080,SMART,LANDIS_GYR,ACTIVE,2012-01-01,LONDON
MTR003722,MAC002081,SMART,LANDIS_GYR,ACTIVE,2012-01-01,LONDON
MTR003723,MAC002082,SMART,LANDIS_GYR,ACTIVE,2012-01-01,LONDON
MTR003724,MAC002085,SMART,LANDIS_GYR,ACTIVE,2012-01-01,LONDON
MTR003725,MAC002086,SMART,LANDIS_GYR,ACTIVE,2012-01-01,LONDON
MTR003726,MAC002087,SMART,LANDIS_GYR,ACTIVE,2012-01-01,LONDON
MTR003727,MAC002088,SMART,LANDIS_GYR,ACTIVE,2012-01-01,LONDON
MTR003728,MAC002089,SMART,LANDIS_GYR,ACTIVE,2012-01-01,LONDON
MTR003729,MAC002090,SMART,LANDIS_GYR,ACTIVE,2012-01-01,LONDON
MTR003730,MAC002091,SMART,LANDIS_GYR,ACTIVE,2012-01-01,LONDON
MTR003731,MAC002094,SMART,LANDIS_GYR,ACTIVE,2012-01-01,LONDON
MTR003732,MAC002095,SMART,LANDIS_GYR,ACTIVE,2012-01-01,LONDON
MTR003733,MAC002096,SMART,LANDIS_GYR,ACTIVE,2012-01-01,LONDON
MTR003734,MAC002097,SMART,LANDIS_GYR,ACTIVE,2012-01-01,LONDON
MTR003735,MAC002100,SMART,LANDIS_GYR,ACTIVE,2012-01-01,LONDON
MTR003736,MAC002101,SMART,LANDIS_GYR,ACTIVE,2012-01-01,LONDON
MTR003737,MAC002103,SMART,LANDIS_GYR,ACTIVE,2012-01-01,LONDON
MTR003738,MAC002104,SMART,LANDIS_GYR,ACTIVE,2012-01-01,LONDON
MTR003739,MAC002105,SMART,LANDIS_GYR,ACTIVE,2012-01-01,LONDON
MTR003740,MAC002107,SMART,LANDIS_GYR,ACTIVE,2012-01-01,LONDON
MTR003741,MAC002109,SMART,LANDIS_GYR,ACTIVE,2012-01-01,LONDON
MTR003742,MAC002112,SMART,LANDIS_GYR,ACTIVE,2012-01-01,LONDON
MTR003743,MAC002114,SMART,LANDIS_GYR,ACTIVE,2012-01-01,LONDON
MTR003744,MAC002115,SMART,LANDIS_GYR,ACTIVE,2012-01-01,LONDON
MTR003745,MAC002116,SMART,LANDIS_GYR,ACTIVE,2012-01-01,LONDON
MTR003746,MAC002117,SMART,LANDIS_GYR,ACTIVE,2012-01-01,LONDON
MTR003747,MAC002120,SMART,LANDIS_GYR,ACTIVE,2012-01-01,LONDON
MTR003748,MAC002121,SMART,LANDIS_GYR,ACTIVE,2012-01-01,LONDON
MTR003749,MAC002123,SMART,LANDIS_GYR,ACTIVE,2012-01-01,LONDON
MTR003750,MAC002124,SMART,LANDIS_GYR,ACTIVE,2012-01-01,LONDON
MTR003751,MAC002125,SMART,LANDIS_GYR,ACTIVE,2012-01-01,LONDON
MTR003752,MAC002127,SMART,LANDIS_GYR,ACTIVE,2012-01-01,LONDON
MTR003753,MAC002128,SMART,LANDIS_GYR,ACTIVE,2012-01-01,LONDON
MTR003754,MAC002129,SMART,LANDIS_GYR,ACTIVE,2012-01-01,LONDON
MTR003755,MAC002130,SMART,LANDIS_GYR,ACTIVE,2012-01-01,LONDON
MTR003756,MAC002133,SMART,LANDIS_GYR,ACTIVE,2012-01-01,LONDON
MTR003757,MAC002135,SMART,LANDIS_GYR,ACTIVE,2012-01-01,LONDON
MTR003758,MAC002136,SMART,LANDIS_GYR,ACTIVE,2012-01-01,LONDON
MTR003759,MAC002137,SMART,LANDIS_GYR,ACTIVE,2012-01-01,LONDON
MTR003760,MAC002138,SMART,LANDIS_GYR,ACTIVE,2012-01-01,LONDON
MTR003761,MAC002139,SMART,LANDIS_GYR,ACTIVE,2012-01-01,LONDON
MTR003762,MAC002141,SMART,LANDIS_GYR,ACTIVE,2012-01-01,LONDON
MTR003763,MAC002142,SMART,LANDIS_GYR,ACTIVE,2012-01-01,LONDON
MTR003764,MAC002143,SMART,LANDIS_GYR,ACTIVE,2012-01-01,LONDON
MTR003765,MAC002144,SMART,LANDIS_GYR,ACTIVE,2012-01-01,LONDON
MTR003766,MAC002145,SMART,LANDIS_GYR,ACTIVE,2012-01-01,LONDON
MTR003767,MAC002146,SMART,LANDIS_GYR,ACTIVE,2012-01-01,LONDON
MTR003768,MAC002149,SMART,LANDIS_GYR,ACTIVE,2012-01-01,LONDON
MTR003769,MAC002150,SMART,LANDIS_GYR,ACTIVE,2012-01-01,LONDON
MTR003770,MAC002151,SMART,LANDIS_GYR,ACTIVE,2012-01-01,LONDON
MTR003771,MAC002152,SMART,LANDIS_GYR,ACTIVE,2012-01-01,LONDON
MTR003772,MAC002153,SMART,LANDIS_GYR,ACTIVE,2012-01-01,LONDON
MTR003773,MAC002155,SMART,LANDIS_GYR,ACTIVE,2012-01-01,LONDON
MTR003774,MAC002157,SMART,LANDIS_GYR,ACTIVE,2012-01-01,LONDON
MTR003775,MAC002158,SMART,LANDIS_GYR,ACTIVE,2012-01-01,LONDON
MTR003776,MAC002159,SMART,LANDIS_GYR,ACTIVE,2012-01-01,LONDON
MTR003777,MAC002160,SMART,LANDIS_GYR,ACTIVE,2012-01-01,LONDON
MTR003778,MAC002161,SMART,LANDIS_GYR,ACTIVE,2012-01-01,LONDON
MTR003779,MAC002162,SMART,LANDIS_GYR,ACTIVE,2012-01-01,LONDON
MTR003780,MAC002163,SMART,LANDIS_GYR,ACTIVE,2012-01-01,LONDON
MTR003781,MAC002165,SMART,LANDIS_GYR,ACTIVE,2012-01-01,LONDON
MTR003782,MAC002168,SMART,LANDIS_GYR,ACTIVE,2012-01-01,LONDON
MTR003783,MAC002169,SMART,LANDIS_GYR,ACTIVE,2012-01-01,LONDON
MTR003784,MAC002170,SMART,LANDIS_GYR,ACTIVE,2012-01-01,LONDON
MTR003785,MAC002171,SMART,LANDIS_GYR,ACTIVE,2012-01-01,LONDON
MTR003786,MAC002172,SMART,LANDIS_GYR,ACTIVE,2012-01-01,LONDON
MTR003787,MAC002173,SMART,LANDIS_GYR,ACTIVE,2012-01-01,LONDON
MTR003788,MAC002174,SMART,LANDIS_GYR,ACTIVE,2012-01-01,LONDON
MTR003789,MAC002175,SMART,LANDIS_GYR,ACTIVE,2012-01-01,LONDON
MTR003790,MAC002177,SMART,LANDIS_GYR,ACTIVE,2012-01-01,LONDON
MTR003791,MAC002178,SMART,LANDIS_GYR,ACTIVE,2012-01-01,LONDON
MTR003792,MAC002179,SMART,LANDIS_GYR,ACTIVE,2012-01-01,LONDON
MTR003793,MAC002180,SMART,LANDIS_GYR,ACTIVE,2012-01-01,LONDON
MTR003794,MAC002181,SMART,LANDIS_GYR,ACTIVE,2012-01-01,LONDON
MTR003795,MAC002184,SMART,LANDIS_GYR,ACTIVE,2012-01-01,LONDON
MTR003796,MAC002185,SMART,LANDIS_GYR,ACTIVE,2012-01-01,LONDON
MTR003797,MAC002186,SMART,LANDIS_GYR,ACTIVE,2012-01-01,LONDON
MTR003798,MAC002187,SMART,LANDIS_GYR,ACTIVE,2012-01-01,LONDON
MTR003799,MAC002189,SMART,LANDIS_GYR,ACTIVE,2012-01-01,LONDON
MTR003800,MAC002190,SMART,LANDIS_GYR,ACTIVE,2012-01-01,LONDON
MTR003801,MAC002191,SMART,LANDIS_GYR,ACTIVE,2012-01-01,LONDON
MTR003802,MAC002192,SMART,LANDIS_GYR,ACTIVE,2012-01-01,LONDON
MTR003803,MAC002194,SMART,LANDIS_GYR,ACTIVE,2012-01-01,LONDON
MTR003804,MAC002195,SMART,LANDIS_GYR,ACTIVE,2012-01-01,LONDON
MTR003805,MAC002196,SMART,LANDIS_GYR,ACTIVE,2012-01-01,LONDON
MTR003806,MAC002197,SMART,LANDIS_GYR,ACTIVE,2012-01-01,LONDON
MTR003807,MAC002198,SMART,LANDIS_GYR,ACTIVE,2012-01-01,LONDON
MTR003808,MAC002200,SMART,LANDIS_GYR,ACTIVE,2012-01-01,LONDON
MTR003809,MAC002202,SMART,LANDIS_GYR,ACTIVE,2012-01-01,LONDON
MTR003810,MAC002203,SMART,LANDIS_GYR,ACTIVE,2012-01-01,LONDON
MTR003811,MAC002204,SMART,LANDIS_GYR,ACTIVE,2012-01-01,LONDON
MTR003812,MAC002205,SMART,LANDIS_GYR,ACTIVE,2012-01-01,LONDON
MTR003813,MAC002206,SMART,LANDIS_GYR,ACTIVE,2012-01-01,LONDON
MTR003814,MAC002207,SMART,LANDIS_GYR,ACTIVE,2012-01-01,LONDON
MTR003815,MAC002208,SMART,LANDIS_GYR,ACTIVE,2012-01-01,LONDON
MTR003816,MAC002209,SMART,LANDIS_GYR,ACTIVE,2012-01-01,LONDON
MTR003817,MAC002210,SMART,LANDIS_GYR,ACTIVE,2012-01-01,LONDON
MTR003818,MAC002211,SMART,LANDIS_GYR,ACTIVE,2012-01-01,LONDON
MTR003819,MAC002212,SMART,LANDIS_GYR,ACTIVE,2012-01-01,LONDON
MTR003820,MAC002213,SMART,LANDIS_GYR,ACTIVE,2012-01-01,LONDON
MTR003821,MAC002214,SMART,LANDIS_GYR,ACTIVE,2012-01-01,LONDON
MTR003822,MAC002216,SMART,LANDIS_GYR,ACTIVE,2012-01-01,LONDON
MTR003823,MAC002218,SMART,LANDIS_GYR,ACTIVE,2012-01-01,LONDON
MTR003824,MAC002220,SMART,LANDIS_GYR,ACTIVE,2012-01-01,LONDON
MTR003825,MAC002221,SMART,LANDIS_GYR,ACTIVE,2012-01-01,LONDON
MTR003826,MAC002223,SMART,LANDIS_GYR,ACTIVE,2012-01-01,LONDON
MTR003827,MAC002224,SMART,LANDIS_GYR,ACTIVE,2012-01-01,LONDON
MTR003828,MAC002228,SMART,LANDIS_GYR,ACTIVE,2012-01-01,LONDON
MTR003829,MAC002229,SMART,LANDIS_GYR,ACTIVE,2012-01-01,LONDON
MTR003830,MAC002231,SMART,LANDIS_GYR,ACTIVE,2012-01-01,LONDON
MTR003831,MAC002233,SMART,LANDIS_GYR,ACTIVE,2012-01-01,LONDON
MTR003832,MAC002234,SMART,LANDIS_GYR,ACTIVE,2012-01-01,LONDON
MTR003833,MAC002235,SMART,LANDIS_GYR,ACTIVE,2012-01-01,LONDON
MTR003834,MAC002237,SMART,LANDIS_GYR,ACTIVE,2012-01-01,LONDON
MTR003835,MAC002239,SMART,LANDIS_GYR,ACTIVE,2012-01-01,LONDON
MTR003836,MAC002241,SMART,LANDIS_GYR,ACTIVE,2012-01-01,LONDON
MTR003837,MAC002244,SMART,LANDIS_GYR,ACTIVE,2012-01-01,LONDON
MTR003838,MAC002245,SMART,LANDIS_GYR,ACTIVE,2012-01-01,LONDON
MTR003839,MAC002248,SMART,LANDIS_GYR,ACTIVE,2012-01-01,LONDON
MTR003840,MAC002249,SMART,LANDIS_GYR,ACTIVE,2012-01-01,LONDON
MTR003841,MAC002250,SMART,LANDIS_GYR,ACTIVE,2012-01-01,LONDON
MTR003842,MAC002251,SMART,LANDIS_GYR,ACTIVE,2012-01-01,LONDON
MTR003843,MAC002252,SMART,LANDIS_GYR,ACTIVE,2012-01-01,LONDON
MTR003844,MAC002253,SMART,LANDIS_GYR,ACTIVE,2012-01-01,LONDON
MTR003845,MAC002254,SMART,LANDIS_GYR,ACTIVE,2012-01-01,LONDON
MTR003846,MAC002255,SMART,LANDIS_GYR,ACTIVE,2012-01-01,LONDON
MTR003847,MAC002256,SMART,LANDIS_GYR,ACTIVE,2012-01-01,LONDON
MTR003848,MAC002257,SMART,LANDIS_GYR,ACTIVE,2012-01-01,LONDON
MTR003849,MAC002258,SMART,LANDIS_GYR,ACTIVE,2012-01-01,LONDON
MTR003850,MAC002259,SMART,LANDIS_GYR,ACTIVE,2012-01-01,LONDON
MTR003851,MAC002260,SMART,LANDIS_GYR,ACTIVE,2012-01-01,LONDON
MTR003852,MAC002261,SMART,LANDIS_GYR,ACTIVE,2012-01-01,LONDON
MTR003853,MAC002262,SMART,LANDIS_GYR,ACTIVE,2012-01-01,LONDON
MTR003854,MAC002263,SMART,LANDIS_GYR,ACTIVE,2012-01-01,LONDON
MTR003855,MAC002266,SMART,LANDIS_GYR,ACTIVE,2012-01-01,LONDON
MTR003856,MAC002267,SMART,LANDIS_GYR,ACTIVE,2012-01-01,LONDON
MTR003857,MAC002269,SMART,LANDIS_GYR,ACTIVE,2012-01-01,LONDON
MTR003858,MAC002270,SMART,LANDIS_GYR,ACTIVE,2012-01-01,LONDON
MTR003859,MAC002271,SMART,LANDIS_GYR,ACTIVE,2012-01-01,LONDON
MTR003860,MAC002272,SMART,LANDIS_GYR,ACTIVE,2012-01-01,LONDON
MTR003861,MAC002273,SMART,LANDIS_GYR,ACTIVE,2012-01-01,LONDON
MTR003862,MAC002274,SMART,LANDIS_GYR,ACTIVE,2012-01-01,LONDON
MTR003863,MAC002275,SMART,LANDIS_GYR,ACTIVE,2012-01-01,LONDON
MTR003864,MAC002276,SMART,LANDIS_GYR,ACTIVE,2012-01-01,LONDON
MTR003865,MAC002278,SMART,LANDIS_GYR,ACTIVE,2012-01-01,LONDON
MTR003866,MAC002279,SMART,LANDIS_GYR,ACTIVE,2012-01-01,LONDON
MTR003867,MAC002282,SMART,LANDIS_GYR,ACTIVE,2012-01-01,LONDON
MTR003868,MAC002283,SMART,LANDIS_GYR,ACTIVE,2012-01-01,LONDON
MTR003869,MAC002284,SMART,LANDIS_GYR,ACTIVE,2012-01-01,LONDON
MTR003870,MAC002285,SMART,LANDIS_GYR,ACTIVE,2012-01-01,LONDON
MTR003871,MAC002286,SMART,LANDIS_GYR,ACTIVE,2012-01-01,LONDON
MTR003872,MAC002287,SMART,LANDIS_GYR,ACTIVE,2012-01-01,LONDON
MTR003873,MAC002288,SMART,LANDIS_GYR,ACTIVE,2012-01-01,LONDON
MTR003874,MAC002289,SMART,LANDIS_GYR,ACTIVE,2012-01-01,LONDON
MTR003875,MAC002293,SMART,LANDIS_GYR,ACTIVE,2012-01-01,LONDON
MTR003876,MAC002294,SMART,LANDIS_GYR,ACTIVE,2012-01-01,LONDON
MTR003877,MAC002295,SMART,LANDIS_GYR,ACTIVE,2012-01-01,LONDON
MTR003878,MAC002296,SMART,LANDIS_GYR,ACTIVE,2012-01-01,LONDON
MTR003879,MAC002297,SMART,LANDIS_GYR,ACTIVE,2012-01-01,LONDON
MTR003880,MAC002298,SMART,LANDIS_GYR,ACTIVE,2012-01-01,LONDON
MTR003881,MAC002299,SMART,LANDIS_GYR,ACTIVE,2012-01-01,LONDON
MTR003882,MAC002301,SMART,LANDIS_GYR,ACTIVE,2012-01-01,LONDON
MTR003883,MAC002302,SMART,LANDIS_GYR,ACTIVE,2012-01-01,LONDON
MTR003884,MAC002303,SMART,LANDIS_GYR,ACTIVE,2012-01-01,LONDON
MTR003885,MAC002304,SMART,LANDIS_GYR,ACTIVE,2012-01-01,LONDON
MTR003886,MAC002305,SMART,LANDIS_GYR,ACTIVE,2012-01-01,LONDON
MTR003887,MAC002306,SMART,LANDIS_GYR,ACTIVE,2012-01-01,LONDON
MTR003888,MAC002307,SMART,LANDIS_GYR,ACTIVE,2012-01-01,LONDON
MTR003889,MAC002308,SMART,LANDIS_GYR,ACTIVE,2012-01-01,LONDON
MTR003890,MAC002309,SMART,LANDIS_GYR,ACTIVE,2012-01-01,LONDON
MTR003891,MAC002310,SMART,LANDIS_GYR,ACTIVE,2012-01-01,LONDON
MTR003892,MAC002311,SMART,LANDIS_GYR,ACTIVE,2012-01-01,LONDON
MTR003893,MAC002312,SMART,LANDIS_GYR,ACTIVE,2012-01-01,LONDON
MTR003894,MAC002313,SMART,LANDIS_GYR,ACTIVE,2012-01-01,LONDON
MTR003895,MAC002314,SMART,LANDIS_GYR,ACTIVE,2012-01-01,LONDON
MTR003896,MAC002315,SMART,LANDIS_GYR,ACTIVE,2012-01-01,LONDON
MTR003897,MAC002316,SMART,LANDIS_GYR,ACTIVE,2012-01-01,LONDON
MTR003898,MAC002317,SMART,LANDIS_GYR,ACTIVE,2012-01-01,LONDON
MTR003899,MAC002319,SMART,LANDIS_GYR,ACTIVE,2012-01-01,LONDON
MTR003900,MAC002320,SMART,LANDIS_GYR,ACTIVE,2012-01-01,LONDON
MTR003901,MAC002321,SMART,LANDIS_GYR,ACTIVE,2012-01-01,LONDON
MTR003902,MAC002322,SMART,LANDIS_GYR,ACTIVE,2012-01-01,LONDON
MTR003903,MAC002323,SMART,LANDIS_GYR,ACTIVE,2012-01-01,LONDON
MTR003904,MAC002325,SMART,LANDIS_GYR,ACTIVE,2012-01-01,LONDON
MTR003905,MAC002326,SMART,LANDIS_GYR,ACTIVE,2012-01-01,LONDON
MTR003906,MAC002327,SMART,LANDIS_GYR,ACTIVE,2012-01-01,LONDON
MTR003907,MAC002328,SMART,LANDIS_GYR,ACTIVE,2012-01-01,LONDON
MTR003908,MAC002329,SMART,LANDIS_GYR,ACTIVE,2012-01-01,LONDON
MTR003909,MAC002330,SMART,LANDIS_GYR,ACTIVE,2012-01-01,LONDON
MTR003910,MAC002331,SMART,LANDIS_GYR,ACTIVE,2012-01-01,LONDON
MTR003911,MAC002332,SMART,LANDIS_GYR,ACTIVE,2012-01-01,LONDON
MTR003912,MAC002333,SMART,LANDIS_GYR,ACTIVE,2012-01-01,LONDON
MTR003913,MAC002335,SMART,LANDIS_GYR,ACTIVE,2012-01-01,LONDON
MTR003914,MAC002337,SMART,LANDIS_GYR,ACTIVE,2012-01-01,LONDON
MTR003915,MAC002338,SMART,LANDIS_GYR,ACTIVE,2012-01-01,LONDON
MTR003916,MAC002339,SMART,LANDIS_GYR,ACTIVE,2012-01-01,LONDON
MTR003917,MAC002340,SMART,LANDIS_GYR,ACTIVE,2012-01-01,LONDON
MTR003918,MAC002341,SMART,LANDIS_GYR,ACTIVE,2012-01-01,LONDON
MTR003919,MAC002342,SMART,LANDIS_GYR,ACTIVE,2012-01-01,LONDON
MTR003920,MAC002343,SMART,LANDIS_GYR,ACTIVE,2012-01-01,LONDON
MTR003921,MAC002345,SMART,LANDIS_GYR,ACTIVE,2012-01-01,LONDON
MTR003922,MAC002347,SMART,LANDIS_GYR,ACTIVE,2012-01-01,LONDON
MTR003923,MAC002348,SMART,LANDIS_GYR,ACTIVE,2012-01-01,LONDON
MTR003924,MAC002349,SMART,LANDIS_GYR,ACTIVE,2012-01-01,LONDON
MTR003925,MAC002350,SMART,LANDIS_GYR,ACTIVE,2012-01-01,LONDON
MTR003926,MAC002351,SMART,LANDIS_GYR,ACTIVE,2012-01-01,LONDON
MTR003927,MAC002352,SMART,LANDIS_GYR,ACTIVE,2012-01-01,LONDON
MTR003928,MAC002353,SMART,LANDIS_GYR,ACTIVE,2012-01-01,LONDON
MTR003929,MAC002354,SMART,LANDIS_GYR,ACTIVE,2012-01-01,LONDON
MTR003930,MAC002355,SMART,LANDIS_GYR,ACTIVE,2012-01-01,LONDON
MTR003931,MAC002356,SMART,LANDIS_GYR,ACTIVE,2012-01-01,LONDON
MTR003932,MAC002358,SMART,LANDIS_GYR,ACTIVE,2012-01-01,LONDON
MTR003933,MAC002359,SMART,LANDIS_GYR,ACTIVE,2012-01-01,LONDON
MTR003934,MAC002360,SMART,LANDIS_GYR,ACTIVE,2012-01-01,LONDON
MTR003935,MAC002361,SMART,LANDIS_GYR,ACTIVE,2012-01-01,LONDON
MTR003936,MAC002362,SMART,LANDIS_GYR,ACTIVE,2012-01-01,LONDON
MTR003937,MAC002363,SMART,LANDIS_GYR,ACTIVE,2012-01-01,LONDON
MTR003938,MAC002364,SMART,LANDIS_GYR,ACTIVE,2012-01-01,LONDON
MTR003939,MAC002365,SMART,LANDIS_GYR,ACTIVE,2012-01-01,LONDON
MTR003940,MAC002366,SMART,LANDIS_GYR,ACTIVE,2012-01-01,LONDON
MTR003941,MAC002367,SMART,LANDIS_GYR,ACTIVE,2012-01-01,LONDON
MTR003942,MAC002368,SMART,LANDIS_GYR,ACTIVE,2012-01-01,LONDON
MTR003943,MAC002369,SMART,LANDIS_GYR,ACTIVE,2012-01-01,LONDON
MTR003944,MAC002370,SMART,LANDIS_GYR,ACTIVE,2012-01-01,LONDON
MTR003945,MAC002371,SMART,LANDIS_GYR,ACTIVE,2012-01-01,LONDON
MTR003946,MAC002372,SMART,LANDIS_GYR,ACTIVE,2012-01-01,LONDON
MTR003947,MAC002373,SMART,LANDIS_GYR,ACTIVE,2012-01-01,LONDON
MTR003948,MAC002374,SMART,LANDIS_GYR,ACTIVE,2012-01-01,LONDON
MTR003949,MAC002375,SMART,LANDIS_GYR,ACTIVE,2012-01-01,LONDON
MTR003950,MAC002376,SMART,LANDIS_GYR,ACTIVE,2012-01-01,LONDON
MTR003951,MAC002377,SMART,LANDIS_GYR,ACTIVE,2012-01-01,LONDON
MTR003952,MAC002378,SMART,LANDIS_GYR,ACTIVE,2012-01-01,LONDON
MTR003953,MAC002379,SMART,LANDIS_GYR,ACTIVE,2012-01-01,LONDON
MTR003954,MAC002380,SMART,LANDIS_GYR,ACTIVE,2012-01-01,LONDON
MTR003955,MAC002381,SMART,LANDIS_GYR,ACTIVE,2012-01-01,LONDON
MTR003956,MAC002382,SMART,LANDIS_GYR,ACTIVE,2012-01-01,LONDON
MTR003957,MAC002383,SMART,LANDIS_GYR,ACTIVE,2012-01-01,LONDON
MTR003958,MAC002384,SMART,LANDIS_GYR,ACTIVE,2012-01-01,LONDON
MTR003959,MAC002385,SMART,LANDIS_GYR,ACTIVE,2012-01-01,LONDON
MTR003960,MAC002386,SMART,LANDIS_GYR,ACTIVE,2012-01-01,LONDON
MTR003961,MAC002387,SMART,LANDIS_GYR,ACTIVE,2012-01-01,LONDON
MTR003962,MAC002388,SMART,LANDIS_GYR,ACTIVE,2012-01-01,LONDON
MTR003963,MAC002389,SMART,LANDIS_GYR,ACTIVE,2012-01-01,LONDON
MTR003964,MAC002390,SMART,LANDIS_GYR,ACTIVE,2012-01-01,LONDON
MTR003965,MAC002391,SMART,LANDIS_GYR,ACTIVE,2012-01-01,LONDON
MTR003966,MAC002392,SMART,LANDIS_GYR,ACTIVE,2012-01-01,LONDON
MTR003967,MAC002393,SMART,LANDIS_GYR,ACTIVE,2012-01-01,LONDON
MTR003968,MAC002394,SMART,LANDIS_GYR,ACTIVE,2012-01-01,LONDON
MTR003969,MAC002395,SMART,LANDIS_GYR,ACTIVE,2012-01-01,LONDON
MTR003970,MAC002396,SMART,LANDIS_GYR,ACTIVE,2012-01-01,LONDON
MTR003971,MAC002397,SMART,LANDIS_GYR,ACTIVE,2012-01-01,LONDON
MTR003972,MAC002399,SMART,LANDIS_GYR,ACTIVE,2012-01-01,LONDON
MTR003973,MAC002400,SMART,LANDIS_GYR,ACTIVE,2012-01-01,LONDON
MTR003974,MAC002401,SMART,LANDIS_GYR,ACTIVE,2012-01-01,LONDON
MTR003975,MAC002402,SMART,LANDIS_GYR,ACTIVE,2012-01-01,LONDON
MTR003976,MAC002403,SMART,LANDIS_GYR,ACTIVE,2012-01-01,LONDON
MTR003977,MAC002405,SMART,LANDIS_GYR,ACTIVE,2012-01-01,LONDON
MTR003978,MAC002406,SMART,LANDIS_GYR,ACTIVE,2012-01-01,LONDON
MTR003979,MAC002407,SMART,LANDIS_GYR,ACTIVE,2012-01-01,LONDON
MTR003980,MAC000201,SMART,LANDIS_GYR,ACTIVE,2012-01-01,LONDON
MTR003981,MAC000202,SMART,LANDIS_GYR,ACTIVE,2012-01-01,LONDON
MTR003982,MAC000203,SMART,LANDIS_GYR,ACTIVE,2012-01-01,LONDON
MTR003983,MAC000204,SMART,LANDIS_GYR,ACTIVE,2012-01-01,LONDON
MTR003984,MAC000205,SMART,LANDIS_GYR,ACTIVE,2012-01-01,LONDON
MTR003985,MAC000206,SMART,LANDIS_GYR,ACTIVE,2012-01-01,LONDON
MTR003986,MAC000207,SMART,LANDIS_GYR,ACTIVE,2012-01-01,LONDON
MTR003987,MAC000208,SMART,LANDIS_GYR,ACTIVE,2012-01-01,LONDON
MTR003988,MAC000209,SMART,LANDIS_GYR,ACTIVE,2012-01-01,LONDON
MTR003989,MAC000210,SMART,LANDIS_GYR,ACTIVE,2012-01-01,LONDON
MTR003990,MAC000211,SMART,LANDIS_GYR,ACTIVE,2012-01-01,LONDON
MTR003991,MAC000212,SMART,LANDIS_GYR,ACTIVE,2012-01-01,LONDON
MTR003992,MAC000213,SMART,LANDIS_GYR,ACTIVE,2012-01-01,LONDON
MTR003993,MAC000214,SMART,LANDIS_GYR,ACTIVE,2012-01-01,LONDON
MTR003994,MAC000215,SMART,LANDIS_GYR,ACTIVE,2012-01-01,LONDON
MTR003995,MAC000216,SMART,LANDIS_GYR,ACTIVE,2012-01-01,LONDON
MTR003996,MAC000217,SMART,LANDIS_GYR,ACTIVE,2012-01-01,LONDON
MTR003997,MAC000218,SMART,LANDIS_GYR,ACTIVE,2012-01-01,LONDON
MTR003998,MAC000220,SMART,LANDIS_GYR,ACTIVE,2012-01-01,LONDON
MTR003999,MAC000221,SMART,LANDIS_GYR,ACTIVE,2012-01-01,LONDON
MTR004000,MAC000222,SMART,LANDIS_GYR,ACTIVE,2012-01-01,LONDON
MTR004001,MAC000223,SMART,LANDIS_GYR,ACTIVE,2012-01-01,LONDON
MTR004002,MAC000224,SMART,LANDIS_GYR,ACTIVE,2012-01-01,LONDON
MTR004003,MAC000225,SMART,LANDIS_GYR,ACTIVE,2012-01-01,LONDON
MTR004004,MAC000226,SMART,LANDIS_GYR,ACTIVE,2012-01-01,LONDON
MTR004005,MAC000227,SMART,LANDIS_GYR,ACTIVE,2012-01-01,LONDON
MTR004006,MAC000228,SMART,LANDIS_GYR,ACTIVE,2012-01-01,LONDON
MTR004007,MAC002408,SMART,LANDIS_GYR,ACTIVE,2012-01-01,LONDON
MTR004008,MAC002409,SMART,LANDIS_GYR,ACTIVE,2012-01-01,LONDON
MTR004009,MAC002410,SMART,LANDIS_GYR,ACTIVE,2012-01-01,LONDON
MTR004010,MAC002411,SMART,LANDIS_GYR,ACTIVE,2012-01-01,LONDON
MTR004011,MAC002412,SMART,LANDIS_GYR,ACTIVE,2012-01-01,LONDON
MTR004012,MAC002414,SMART,LANDIS_GYR,ACTIVE,2012-01-01,LONDON
MTR004013,MAC002415,SMART,LANDIS_GYR,ACTIVE,2012-01-01,LONDON
MTR004014,MAC002416,SMART,LANDIS_GYR,ACTIVE,2012-01-01,LONDON
MTR004015,MAC002417,SMART,LANDIS_GYR,ACTIVE,2012-01-01,LONDON
MTR004016,MAC002419,SMART,LANDIS_GYR,ACTIVE,2012-01-01,LONDON
MTR004017,MAC002420,SMART,LANDIS_GYR,ACTIVE,2012-01-01,LONDON
MTR004018,MAC002422,SMART,LANDIS_GYR,ACTIVE,2012-01-01,LONDON
MTR004019,MAC002423,SMART,LANDIS_GYR,ACTIVE,2012-01-01,LONDON
MTR004020,MAC002424,SMART,LANDIS_GYR,ACTIVE,2012-01-01,LONDON
MTR004021,MAC002425,SMART,LANDIS_GYR,ACTIVE,2012-01-01,LONDON
MTR004022,MAC002426,SMART,LANDIS_GYR,ACTIVE,2012-01-01,LONDON
MTR004023,MAC002427,SMART,LANDIS_GYR,ACTIVE,2012-01-01,LONDON
MTR004024,MAC002428,SMART,LANDIS_GYR,ACTIVE,2012-01-01,LONDON
MTR004025,MAC002429,SMART,LANDIS_GYR,ACTIVE,2012-01-01,LONDON
MTR004026,MAC002430,SMART,LANDIS_GYR,ACTIVE,2012-01-01,LONDON
MTR004027,MAC002431,SMART,LANDIS_GYR,ACTIVE,2012-01-01,LONDON
MTR004028,MAC002434,SMART,LANDIS_GYR,ACTIVE,2012-01-01,LONDON
MTR004029,MAC002435,SMART,LANDIS_GYR,ACTIVE,2012-01-01,LONDON
MTR004030,MAC002436,SMART,LANDIS_GYR,ACTIVE,2012-01-01,LONDON
MTR004031,MAC002437,SMART,LANDIS_GYR,ACTIVE,2012-01-01,LONDON
MTR004032,MAC002438,SMART,LANDIS_GYR,ACTIVE,2012-01-01,LONDON
MTR004033,MAC002440,SMART,LANDIS_GYR,ACTIVE,2012-01-01,LONDON
MTR004034,MAC002441,SMART,LANDIS_GYR,ACTIVE,2012-01-01,LONDON
MTR004035,MAC002442,SMART,LANDIS_GYR,ACTIVE,2012-01-01,LONDON
MTR004036,MAC002443,SMART,LANDIS_GYR,ACTIVE,2012-01-01,LONDON
MTR004037,MAC002447,SMART,LANDIS_GYR,ACTIVE,2012-01-01,LONDON
MTR004038,MAC002449,SMART,LANDIS_GYR,ACTIVE,2012-01-01,LONDON
MTR004039,MAC002450,SMART,LANDIS_GYR,ACTIVE,2012-01-01,LONDON
MTR004040,MAC002451,SMART,LANDIS_GYR,ACTIVE,2012-01-01,LONDON
MTR004041,MAC002453,SMART,LANDIS_GYR,ACTIVE,2012-01-01,LONDON
MTR004042,MAC002454,SMART,LANDIS_GYR,ACTIVE,2012-01-01,LONDON
MTR004043,MAC002456,SMART,LANDIS_GYR,ACTIVE,2012-01-01,LONDON
MTR004044,MAC002458,SMART,LANDIS_GYR,ACTIVE,2012-01-01,LONDON
MTR004045,MAC002459,SMART,LANDIS_GYR,ACTIVE,2012-01-01,LONDON
MTR004046,MAC002460,SMART,LANDIS_GYR,ACTIVE,2012-01-01,LONDON
MTR004047,MAC002461,SMART,LANDIS_GYR,ACTIVE,2012-01-01,LONDON
MTR004048,MAC002462,SMART,LANDIS_GYR,ACTIVE,2012-01-01,LONDON
MTR004049,MAC002465,SMART,LANDIS_GYR,ACTIVE,2012-01-01,LONDON
MTR004050,MAC002466,SMART,LANDIS_GYR,ACTIVE,2012-01-01,LONDON
MTR004051,MAC002467,SMART,LANDIS_GYR,ACTIVE,2012-01-01,LONDON
MTR004052,MAC002468,SMART,LANDIS_GYR,ACTIVE,2012-01-01,LONDON
MTR004053,MAC002469,SMART,LANDIS_GYR,ACTIVE,2012-01-01,LONDON
MTR004054,MAC002471,SMART,LANDIS_GYR,ACTIVE,2012-01-01,LONDON
MTR004055,MAC002474,SMART,LANDIS_GYR,ACTIVE,2012-01-01,LONDON
MTR004056,MAC002475,SMART,LANDIS_GYR,ACTIVE,2012-01-01,LONDON
MTR004057,MAC002477,SMART,LANDIS_GYR,ACTIVE,2012-01-01,LONDON
MTR004058,MAC002478,SMART,LANDIS_GYR,ACTIVE,2012-01-01,LONDON
MTR004059,MAC002479,SMART,LANDIS_GYR,ACTIVE,2012-01-01,LONDON
MTR004060,MAC002480,SMART,LANDIS_GYR,ACTIVE,2012-01-01,LONDON
MTR004061,MAC002481,SMART,LANDIS_GYR,ACTIVE,2012-01-01,LONDON
MTR004062,MAC002483,SMART,LANDIS_GYR,ACTIVE,2012-01-01,LONDON
MTR004063,MAC002485,SMART,LANDIS_GYR,ACTIVE,2012-01-01,LONDON
MTR004064,MAC002487,SMART,LANDIS_GYR,ACTIVE,2012-01-01,LONDON
MTR004065,MAC002489,SMART,LANDIS_GYR,ACTIVE,2012-01-01,LONDON
MTR004066,MAC002492,SMART,LANDIS_GYR,ACTIVE,2012-01-01,LONDON
MTR004067,MAC002493,SMART,LANDIS_GYR,ACTIVE,2012-01-01,LONDON
MTR004068,MAC002494,SMART,LANDIS_GYR,ACTIVE,2012-01-01,LONDON
MTR004069,MAC002495,SMART,LANDIS_GYR,ACTIVE,2012-01-01,LONDON
MTR004070,MAC002498,SMART,LANDIS_GYR,ACTIVE,2012-01-01,LONDON
MTR004071,MAC002499,SMART,LANDIS_GYR,ACTIVE,2012-01-01,LONDON
MTR004072,MAC002500,SMART,LANDIS_GYR,ACTIVE,2012-01-01,LONDON
MTR004073,MAC002501,SMART,LANDIS_GYR,ACTIVE,2012-01-01,LONDON
MTR004074,MAC002502,SMART,LANDIS_GYR,ACTIVE,2012-01-01,LONDON
MTR004075,MAC002503,SMART,LANDIS_GYR,ACTIVE,2012-01-01,LONDON
MTR004076,MAC002504,SMART,LANDIS_GYR,ACTIVE,2012-01-01,LONDON
MTR004077,MAC002505,SMART,LANDIS_GYR,ACTIVE,2012-01-01,LONDON
MTR004078,MAC002506,SMART,LANDIS_GYR,ACTIVE,2012-01-01,LONDON
MTR004079,MAC002509,SMART,LANDIS_GYR,ACTIVE,2012-01-01,LONDON
MTR004080,MAC002510,SMART,LANDIS_GYR,ACTIVE,2012-01-01,LONDON
MTR004081,MAC002511,SMART,LANDIS_GYR,ACTIVE,2012-01-01,LONDON
MTR004082,MAC002512,SMART,LANDIS_GYR,ACTIVE,2012-01-01,LONDON
MTR004083,MAC002513,SMART,LANDIS_GYR,ACTIVE,2012-01-01,LONDON
MTR004084,MAC002514,SMART,LANDIS_GYR,ACTIVE,2012-01-01,LONDON
MTR004085,MAC002515,SMART,LANDIS_GYR,ACTIVE,2012-01-01,LONDON
MTR004086,MAC002516,SMART,LANDIS_GYR,ACTIVE,2012-01-01,LONDON
MTR004087,MAC002517,SMART,LANDIS_GYR,ACTIVE,2012-01-01,LONDON
MTR004088,MAC002518,SMART,LANDIS_GYR,ACTIVE,2012-01-01,LONDON
MTR004089,MAC002519,SMART,LANDIS_GYR,ACTIVE,2012-01-01,LONDON
MTR004090,MAC002521,SMART,LANDIS_GYR,ACTIVE,2012-01-01,LONDON
MTR004091,MAC002522,SMART,LANDIS_GYR,ACTIVE,2012-01-01,LONDON
MTR004092,MAC002523,SMART,LANDIS_GYR,ACTIVE,2012-01-01,LONDON
MTR004093,MAC002524,SMART,LANDIS_GYR,ACTIVE,2012-01-01,LONDON
MTR004094,MAC002525,SMART,LANDIS_GYR,ACTIVE,2012-01-01,LONDON
MTR004095,MAC002526,SMART,LANDIS_GYR,ACTIVE,2012-01-01,LONDON
MTR004096,MAC002527,SMART,LANDIS_GYR,ACTIVE,2012-01-01,LONDON
MTR004097,MAC002528,SMART,LANDIS_GYR,ACTIVE,2012-01-01,LONDON
MTR004098,MAC002529,SMART,LANDIS_GYR,ACTIVE,2012-01-01,LONDON
MTR004099,MAC002530,SMART,LANDIS_GYR,ACTIVE,2012-01-01,LONDON
MTR004100,MAC002531,SMART,LANDIS_GYR,ACTIVE,2012-01-01,LONDON
MTR004101,MAC002532,SMART,LANDIS_GYR,ACTIVE,2012-01-01,LONDON
MTR004102,MAC002535,SMART,LANDIS_GYR,ACTIVE,2012-01-01,LONDON
MTR004103,MAC002537,SMART,LANDIS_GYR,ACTIVE,2012-01-01,LONDON
MTR004104,MAC002538,SMART,LANDIS_GYR,ACTIVE,2012-01-01,LONDON
MTR004105,MAC002539,SMART,LANDIS_GYR,ACTIVE,2012-01-01,LONDON
MTR004106,MAC002540,SMART,LANDIS_GYR,ACTIVE,2012-01-01,LONDON
MTR004107,MAC002541,SMART,LANDIS_GYR,ACTIVE,2012-01-01,LONDON
MTR004108,MAC002542,SMART,LANDIS_GYR,ACTIVE,2012-01-01,LONDON
MTR004109,MAC002543,SMART,LANDIS_GYR,ACTIVE,2012-01-01,LONDON
MTR004110,MAC002544,SMART,LANDIS_GYR,ACTIVE,2012-01-01,LONDON
MTR004111,MAC002545,SMART,LANDIS_GYR,ACTIVE,2012-01-01,LONDON
MTR004112,MAC002546,SMART,LANDIS_GYR,ACTIVE,2012-01-01,LONDON
MTR004113,MAC002547,SMART,LANDIS_GYR,ACTIVE,2012-01-01,LONDON
MTR004114,MAC002548,SMART,LANDIS_GYR,ACTIVE,2012-01-01,LONDON
MTR004115,MAC002549,SMART,LANDIS_GYR,ACTIVE,2012-01-01,LONDON
MTR004116,MAC002550,SMART,LANDIS_GYR,ACTIVE,2012-01-01,LONDON
MTR004117,MAC002551,SMART,LANDIS_GYR,ACTIVE,2012-01-01,LONDON
MTR004118,MAC002553,SMART,LANDIS_GYR,ACTIVE,2012-01-01,LONDON
MTR004119,MAC002554,SMART,LANDIS_GYR,ACTIVE,2012-01-01,LONDON
MTR004120,MAC002555,SMART,LANDIS_GYR,ACTIVE,2012-01-01,LONDON
MTR004121,MAC002556,SMART,LANDIS_GYR,ACTIVE,2012-01-01,LONDON
MTR004122,MAC002557,SMART,LANDIS_GYR,ACTIVE,2012-01-01,LONDON
MTR004123,MAC002558,SMART,LANDIS_GYR,ACTIVE,2012-01-01,LONDON
MTR004124,MAC002559,SMART,LANDIS_GYR,ACTIVE,2012-01-01,LONDON
MTR004125,MAC002561,SMART,LANDIS_GYR,ACTIVE,2012-01-01,LONDON
MTR004126,MAC002562,SMART,LANDIS_GYR,ACTIVE,2012-01-01,LONDON
MTR004127,MAC002563,SMART,LANDIS_GYR,ACTIVE,2012-01-01,LONDON
MTR004128,MAC002564,SMART,LANDIS_GYR,ACTIVE,2012-01-01,LONDON
MTR004129,MAC002565,SMART,LANDIS_GYR,ACTIVE,2012-01-01,LONDON
MTR004130,MAC002567,SMART,LANDIS_GYR,ACTIVE,2012-01-01,LONDON
MTR004131,MAC002569,SMART,LANDIS_GYR,ACTIVE,2012-01-01,LONDON
MTR004132,MAC002570,SMART,LANDIS_GYR,ACTIVE,2012-01-01,LONDON
MTR004133,MAC002571,SMART,LANDIS_GYR,ACTIVE,2012-01-01,LONDON
MTR004134,MAC002572,SMART,LANDIS_GYR,ACTIVE,2012-01-01,LONDON
MTR004135,MAC002573,SMART,LANDIS_GYR,ACTIVE,2012-01-01,LONDON
MTR004136,MAC002575,SMART,LANDIS_GYR,ACTIVE,2012-01-01,LONDON
MTR004137,MAC002576,SMART,LANDIS_GYR,ACTIVE,2012-01-01,LONDON
MTR004138,MAC002577,SMART,LANDIS_GYR,ACTIVE,2012-01-01,LONDON
MTR004139,MAC002579,SMART,LANDIS_GYR,ACTIVE,2012-01-01,LONDON
MTR004140,MAC002580,SMART,LANDIS_GYR,ACTIVE,2012-01-01,LONDON
MTR004141,MAC002581,SMART,LANDIS_GYR,ACTIVE,2012-01-01,LONDON
MTR004142,MAC002582,SMART,LANDIS_GYR,ACTIVE,2012-01-01,LONDON
MTR004143,MAC002583,SMART,LANDIS_GYR,ACTIVE,2012-01-01,LONDON
MTR004144,MAC002584,SMART,LANDIS_GYR,ACTIVE,2012-01-01,LONDON
MTR004145,MAC002587,SMART,LANDIS_GYR,ACTIVE,2012-01-01,LONDON
MTR004146,MAC002588,SMART,LANDIS_GYR,ACTIVE,2012-01-01,LONDON
MTR004147,MAC002590,SMART,LANDIS_GYR,ACTIVE,2012-01-01,LONDON
MTR004148,MAC002591,SMART,LANDIS_GYR,ACTIVE,2012-01-01,LONDON
MTR004149,MAC002592,SMART,LANDIS_GYR,ACTIVE,2012-01-01,LONDON
MTR004150,MAC002594,SMART,LANDIS_GYR,ACTIVE,2012-01-01,LONDON
MTR004151,MAC002595,SMART,LANDIS_GYR,ACTIVE,2012-01-01,LONDON
MTR004152,MAC002597,SMART,LANDIS_GYR,ACTIVE,2012-01-01,LONDON
MTR004153,MAC002598,SMART,LANDIS_GYR,ACTIVE,2012-01-01,LONDON
MTR004154,MAC002599,SMART,LANDIS_GYR,ACTIVE,2012-01-01,LONDON
MTR004155,MAC002600,SMART,LANDIS_GYR,ACTIVE,2012-01-01,LONDON
MTR004156,MAC002601,SMART,LANDIS_GYR,ACTIVE,2012-01-01,LONDON
MTR004157,MAC002603,SMART,LANDIS_GYR,ACTIVE,2012-01-01,LONDON
MTR004158,MAC002605,SMART,LANDIS_GYR,ACTIVE,2012-01-01,LONDON
MTR004159,MAC002606,SMART,LANDIS_GYR,ACTIVE,2012-01-01,LONDON
MTR004160,MAC002607,SMART,LANDIS_GYR,ACTIVE,2012-01-01,LONDON
MTR004161,MAC002608,SMART,LANDIS_GYR,ACTIVE,2012-01-01,LONDON
MTR004162,MAC002610,SMART,LANDIS_GYR,ACTIVE,2012-01-01,LONDON
MTR004163,MAC002611,SMART,LANDIS_GYR,ACTIVE,2012-01-01,LONDON
MTR004164,MAC002612,SMART,LANDIS_GYR,ACTIVE,2012-01-01,LONDON
MTR004165,MAC002613,SMART,LANDIS_GYR,ACTIVE,2012-01-01,LONDON
MTR004166,MAC002615,SMART,LANDIS_GYR,ACTIVE,2012-01-01,LONDON
MTR004167,MAC002616,SMART,LANDIS_GYR,ACTIVE,2012-01-01,LONDON
MTR004168,MAC002617,SMART,LANDIS_GYR,ACTIVE,2012-01-01,LONDON
MTR004169,MAC002619,SMART,LANDIS_GYR,ACTIVE,2012-01-01,LONDON
MTR004170,MAC002620,SMART,LANDIS_GYR,ACTIVE,2012-01-01,LONDON
MTR004171,MAC002621,SMART,LANDIS_GYR,ACTIVE,2012-01-01,LONDON
MTR004172,MAC002623,SMART,LANDIS_GYR,ACTIVE,2012-01-01,LONDON
MTR004173,MAC002624,SMART,LANDIS_GYR,ACTIVE,2012-01-01,LONDON
MTR004174,MAC002626,SMART,LANDIS_GYR,ACTIVE,2012-01-01,LONDON
MTR004175,MAC002627,SMART,LANDIS_GYR,ACTIVE,2012-01-01,LONDON
MTR004176,MAC002628,SMART,LANDIS_GYR,ACTIVE,2012-01-01,LONDON
MTR004177,MAC002629,SMART,LANDIS_GYR,ACTIVE,2012-01-01,LONDON
MTR004178,MAC002630,SMART,LANDIS_GYR,ACTIVE,2012-01-01,LONDON
MTR004179,MAC002631,SMART,LANDIS_GYR,ACTIVE,2012-01-01,LONDON
MTR004180,MAC002632,SMART,LANDIS_GYR,ACTIVE,2012-01-01,LONDON
MTR004181,MAC002635,SMART,LANDIS_GYR,ACTIVE,2012-01-01,LONDON
MTR004182,MAC002636,SMART,LANDIS_GYR,ACTIVE,2012-01-01,LONDON
MTR004183,MAC002637,SMART,LANDIS_GYR,ACTIVE,2012-01-01,LONDON
MTR004184,MAC002638,SMART,LANDIS_GYR,ACTIVE,2012-01-01,LONDON
MTR004185,MAC002639,SMART,LANDIS_GYR,ACTIVE,2012-01-01,LONDON
MTR004186,MAC002640,SMART,LANDIS_GYR,ACTIVE,2012-01-01,LONDON
MTR004187,MAC002641,SMART,LANDIS_GYR,ACTIVE,2012-01-01,LONDON
MTR004188,MAC002642,SMART,LANDIS_GYR,ACTIVE,2012-01-01,LONDON
MTR004189,MAC002643,SMART,LANDIS_GYR,ACTIVE,2012-01-01,LONDON
MTR004190,MAC002644,SMART,LANDIS_GYR,ACTIVE,2012-01-01,LONDON
MTR004191,MAC002646,SMART,LANDIS_GYR,ACTIVE,2012-01-01,LONDON
MTR004192,MAC002647,SMART,LANDIS_GYR,ACTIVE,2012-01-01,LONDON
MTR004193,MAC002648,SMART,LANDIS_GYR,ACTIVE,2012-01-01,LONDON
MTR004194,MAC002649,SMART,LANDIS_GYR,ACTIVE,2012-01-01,LONDON
MTR004195,MAC002650,SMART,LANDIS_GYR,ACTIVE,2012-01-01,LONDON
MTR004196,MAC002651,SMART,LANDIS_GYR,ACTIVE,2012-01-01,LONDON
MTR004197,MAC002652,SMART,LANDIS_GYR,ACTIVE,2012-01-01,LONDON
MTR004198,MAC002653,SMART,LANDIS_GYR,ACTIVE,2012-01-01,LONDON
MTR004199,MAC002654,SMART,LANDIS_GYR,ACTIVE,2012-01-01,LONDON
MTR004200,MAC002655,SMART,LANDIS_GYR,ACTIVE,2012-01-01,LONDON
MTR004201,MAC002656,SMART,LANDIS_GYR,ACTIVE,2012-01-01,LONDON
MTR004202,MAC002657,SMART,LANDIS_GYR,ACTIVE,2012-01-01,LONDON
MTR004203,MAC002658,SMART,LANDIS_GYR,ACTIVE,2012-01-01,LONDON
MTR004204,MAC002659,SMART,LANDIS_GYR,ACTIVE,2012-01-01,LONDON
MTR004205,MAC002660,SMART,LANDIS_GYR,ACTIVE,2012-01-01,LONDON
MTR004206,MAC002661,SMART,LANDIS_GYR,ACTIVE,2012-01-01,LONDON
MTR004207,MAC002662,SMART,LANDIS_GYR,ACTIVE,2012-01-01,LONDON
MTR004208,MAC002663,SMART,LANDIS_GYR,ACTIVE,2012-01-01,LONDON
MTR004209,MAC002664,SMART,LANDIS_GYR,ACTIVE,2012-01-01,LONDON
MTR004210,MAC002666,SMART,LANDIS_GYR,ACTIVE,2012-01-01,LONDON
MTR004211,MAC002667,SMART,LANDIS_GYR,ACTIVE,2012-01-01,LONDON
MTR004212,MAC002669,SMART,LANDIS_GYR,ACTIVE,2012-01-01,LONDON
MTR004213,MAC002670,SMART,LANDIS_GYR,ACTIVE,2012-01-01,LONDON
MTR004214,MAC002671,SMART,LANDIS_GYR,ACTIVE,2012-01-01,LONDON
MTR004215,MAC002674,SMART,LANDIS_GYR,ACTIVE,2012-01-01,LONDON
MTR004216,MAC002676,SMART,LANDIS_GYR,ACTIVE,2012-01-01,LONDON
MTR004217,MAC002681,SMART,LANDIS_GYR,ACTIVE,2012-01-01,LONDON
MTR004218,MAC002682,SMART,LANDIS_GYR,ACTIVE,2012-01-01,LONDON
MTR004219,MAC002683,SMART,LANDIS_GYR,ACTIVE,2012-01-01,LONDON
MTR004220,MAC002684,SMART,LANDIS_GYR,ACTIVE,2012-01-01,LONDON
MTR004221,MAC002685,SMART,LANDIS_GYR,ACTIVE,2012-01-01,LONDON
MTR004222,MAC002687,SMART,LANDIS_GYR,ACTIVE,2012-01-01,LONDON
MTR004223,MAC002688,SMART,LANDIS_GYR,ACTIVE,2012-01-01,LONDON
MTR004224,MAC002689,SMART,LANDIS_GYR,ACTIVE,2012-01-01,LONDON
MTR004225,MAC002691,SMART,LANDIS_GYR,ACTIVE,2012-01-01,LONDON
MTR004226,MAC002693,SMART,LANDIS_GYR,ACTIVE,2012-01-01,LONDON
MTR004227,MAC002696,SMART,LANDIS_GYR,ACTIVE,2012-01-01,LONDON
MTR004228,MAC002697,SMART,LANDIS_GYR,ACTIVE,2012-01-01,LONDON
MTR004229,MAC002698,SMART,LANDIS_GYR,ACTIVE,2012-01-01,LONDON
MTR004230,MAC002699,SMART,LANDIS_GYR,ACTIVE,2012-01-01,LONDON
MTR004231,MAC002700,SMART,LANDIS_GYR,ACTIVE,2012-01-01,LONDON
MTR004232,MAC002702,SMART,LANDIS_GYR,ACTIVE,2012-01-01,LONDON
MTR004233,MAC002703,SMART,LANDIS_GYR,ACTIVE,2012-01-01,LONDON
MTR004234,MAC002704,SMART,LANDIS_GYR,ACTIVE,2012-01-01,LONDON
MTR004235,MAC002705,SMART,LANDIS_GYR,ACTIVE,2012-01-01,LONDON
MTR004236,MAC002706,SMART,LANDIS_GYR,ACTIVE,2012-01-01,LONDON
MTR004237,MAC002707,SMART,LANDIS_GYR,ACTIVE,2012-01-01,LONDON
MTR004238,MAC002708,SMART,LANDIS_GYR,ACTIVE,2012-01-01,LONDON
MTR004239,MAC002709,SMART,LANDIS_GYR,ACTIVE,2012-01-01,LONDON
MTR004240,MAC002711,SMART,LANDIS_GYR,ACTIVE,2012-01-01,LONDON
MTR004241,MAC002714,SMART,LANDIS_GYR,ACTIVE,2012-01-01,LONDON
MTR004242,MAC002715,SMART,LANDIS_GYR,ACTIVE,2012-01-01,LONDON
MTR004243,MAC002716,SMART,LANDIS_GYR,ACTIVE,2012-01-01,LONDON
MTR004244,MAC002717,SMART,LANDIS_GYR,ACTIVE,2012-01-01,LONDON
MTR004245,MAC002718,SMART,LANDIS_GYR,ACTIVE,2012-01-01,LONDON
MTR004246,MAC002719,SMART,LANDIS_GYR,ACTIVE,2012-01-01,LONDON
MTR004247,MAC002720,SMART,LANDIS_GYR,ACTIVE,2012-01-01,LONDON
MTR004248,MAC002721,SMART,LANDIS_GYR,ACTIVE,2012-01-01,LONDON
MTR004249,MAC002723,SMART,LANDIS_GYR,ACTIVE,2012-01-01,LONDON
MTR004250,MAC002724,SMART,LANDIS_GYR,ACTIVE,2012-01-01,LONDON
MTR004251,MAC002725,SMART,LANDIS_GYR,ACTIVE,2012-01-01,LONDON
MTR004252,MAC002727,SMART,LANDIS_GYR,ACTIVE,2012-01-01,LONDON
MTR004253,MAC002729,SMART,LANDIS_GYR,ACTIVE,2012-01-01,LONDON
MTR004254,MAC002730,SMART,LANDIS_GYR,ACTIVE,2012-01-01,LONDON
MTR004255,MAC002731,SMART,LANDIS_GYR,ACTIVE,2012-01-01,LONDON
MTR004256,MAC002733,SMART,LANDIS_GYR,ACTIVE,2012-01-01,LONDON
MTR004257,MAC002734,SMART,LANDIS_GYR,ACTIVE,2012-01-01,LONDON
MTR004258,MAC002735,SMART,LANDIS_GYR,ACTIVE,2012-01-01,LONDON
MTR004259,MAC002736,SMART,LANDIS_GYR,ACTIVE,2012-01-01,LONDON
MTR004260,MAC002737,SMART,LANDIS_GYR,ACTIVE,2012-01-01,LONDON
MTR004261,MAC002739,SMART,LANDIS_GYR,ACTIVE,2012-01-01,LONDON
MTR004262,MAC002740,SMART,LANDIS_GYR,ACTIVE,2012-01-01,LONDON
MTR004263,MAC002742,SMART,LANDIS_GYR,ACTIVE,2012-01-01,LONDON
MTR004264,MAC002743,SMART,LANDIS_GYR,ACTIVE,2012-01-01,LONDON
MTR004265,MAC002744,SMART,LANDIS_GYR,ACTIVE,2012-01-01,LONDON
MTR004266,MAC002745,SMART,LANDIS_GYR,ACTIVE,2012-01-01,LONDON
MTR004267,MAC002746,SMART,LANDIS_GYR,ACTIVE,2012-01-01,LONDON
MTR004268,MAC002747,SMART,LANDIS_GYR,ACTIVE,2012-01-01,LONDON
MTR004269,MAC002748,SMART,LANDIS_GYR,ACTIVE,2012-01-01,LONDON
MTR004270,MAC002749,SMART,LANDIS_GYR,ACTIVE,2012-01-01,LONDON
MTR004271,MAC002750,SMART,LANDIS_GYR,ACTIVE,2012-01-01,LONDON
MTR004272,MAC002751,SMART,LANDIS_GYR,ACTIVE,2012-01-01,LONDON
MTR004273,MAC002752,SMART,LANDIS_GYR,ACTIVE,2012-01-01,LONDON
MTR004274,MAC002753,SMART,LANDIS_GYR,ACTIVE,2012-01-01,LONDON
MTR004275,MAC002754,SMART,LANDIS_GYR,ACTIVE,2012-01-01,LONDON
MTR004276,MAC002755,SMART,LANDIS_GYR,ACTIVE,2012-01-01,LONDON
MTR004277,MAC002756,SMART,LANDIS_GYR,ACTIVE,2012-01-01,LONDON
MTR004278,MAC002757,SMART,LANDIS_GYR,ACTIVE,2012-01-01,LONDON
MTR004279,MAC002759,SMART,LANDIS_GYR,ACTIVE,2012-01-01,LONDON
MTR004280,MAC002760,SMART,LANDIS_GYR,ACTIVE,2012-01-01,LONDON
MTR004281,MAC002761,SMART,LANDIS_GYR,ACTIVE,2012-01-01,LONDON
MTR004282,MAC002762,SMART,LANDIS_GYR,ACTIVE,2012-01-01,LONDON
MTR004283,MAC002763,SMART,LANDIS_GYR,ACTIVE,2012-01-01,LONDON
MTR004284,MAC002764,SMART,LANDIS_GYR,ACTIVE,2012-01-01,LONDON
MTR004285,MAC002766,SMART,LANDIS_GYR,ACTIVE,2012-01-01,LONDON
MTR004286,MAC002767,SMART,LANDIS_GYR,ACTIVE,2012-01-01,LONDON
MTR004287,MAC002768,SMART,LANDIS_GYR,ACTIVE,2012-01-01,LONDON
MTR004288,MAC002770,SMART,LANDIS_GYR,ACTIVE,2012-01-01,LONDON
MTR004289,MAC002771,SMART,LANDIS_GYR,ACTIVE,2012-01-01,LONDON
MTR004290,MAC002772,SMART,LANDIS_GYR,ACTIVE,2012-01-01,LONDON
MTR004291,MAC002773,SMART,LANDIS_GYR,ACTIVE,2012-01-01,LONDON
MTR004292,MAC002775,SMART,LANDIS_GYR,ACTIVE,2012-01-01,LONDON
MTR004293,MAC002776,SMART,LANDIS_GYR,ACTIVE,2012-01-01,LONDON
MTR004294,MAC002777,SMART,LANDIS_GYR,ACTIVE,2012-01-01,LONDON
MTR004295,MAC002778,SMART,LANDIS_GYR,ACTIVE,2012-01-01,LONDON
MTR004296,MAC002779,SMART,LANDIS_GYR,ACTIVE,2012-01-01,LONDON
MTR004297,MAC002780,SMART,LANDIS_GYR,ACTIVE,2012-01-01,LONDON
MTR004298,MAC002781,SMART,LANDIS_GYR,ACTIVE,2012-01-01,LONDON
MTR004299,MAC002782,SMART,LANDIS_GYR,ACTIVE,2012-01-01,LONDON
MTR004300,MAC002783,SMART,LANDIS_GYR,ACTIVE,2012-01-01,LONDON
MTR004301,MAC002784,SMART,LANDIS_GYR,ACTIVE,2012-01-01,LONDON
MTR004302,MAC002785,SMART,LANDIS_GYR,ACTIVE,2012-01-01,LONDON
MTR004303,MAC002787,SMART,LANDIS_GYR,ACTIVE,2012-01-01,LONDON
MTR004304,MAC002788,SMART,LANDIS_GYR,ACTIVE,2012-01-01,LONDON
MTR004305,MAC002789,SMART,LANDIS_GYR,ACTIVE,2012-01-01,LONDON
MTR004306,MAC002790,SMART,LANDIS_GYR,ACTIVE,2012-01-01,LONDON
MTR004307,MAC002791,SMART,LANDIS_GYR,ACTIVE,2012-01-01,LONDON
MTR004308,MAC002793,SMART,LANDIS_GYR,ACTIVE,2012-01-01,LONDON
MTR004309,MAC002796,SMART,LANDIS_GYR,ACTIVE,2012-01-01,LONDON
MTR004310,MAC002799,SMART,LANDIS_GYR,ACTIVE,2012-01-01,LONDON
MTR004311,MAC002801,SMART,LANDIS_GYR,ACTIVE,2012-01-01,LONDON
MTR004312,MAC002802,SMART,LANDIS_GYR,ACTIVE,2012-01-01,LONDON
MTR004313,MAC002803,SMART,LANDIS_GYR,ACTIVE,2012-01-01,LONDON
MTR004314,MAC002804,SMART,LANDIS_GYR,ACTIVE,2012-01-01,LONDON
MTR004315,MAC002805,SMART,LANDIS_GYR,ACTIVE,2012-01-01,LONDON
MTR004316,MAC002806,SMART,LANDIS_GYR,ACTIVE,2012-01-01,LONDON
MTR004317,MAC002807,SMART,LANDIS_GYR,ACTIVE,2012-01-01,LONDON
MTR004318,MAC002808,SMART,LANDIS_GYR,ACTIVE,2012-01-01,LONDON
MTR004319,MAC002810,SMART,LANDIS_GYR,ACTIVE,2012-01-01,LONDON
MTR004320,MAC002812,SMART,LANDIS_GYR,ACTIVE,2012-01-01,LONDON
MTR004321,MAC002813,SMART,LANDIS_GYR,ACTIVE,2012-01-01,LONDON
MTR004322,MAC002815,SMART,LANDIS_GYR,ACTIVE,2012-01-01,LONDON
MTR004323,MAC002816,SMART,LANDIS_GYR,ACTIVE,2012-01-01,LONDON
MTR004324,MAC002817,SMART,LANDIS_GYR,ACTIVE,2012-01-01,LONDON
MTR004325,MAC002818,SMART,LANDIS_GYR,ACTIVE,2012-01-01,LONDON
MTR004326,MAC002819,SMART,LANDIS_GYR,ACTIVE,2012-01-01,LONDON
MTR004327,MAC002820,SMART,LANDIS_GYR,ACTIVE,2012-01-01,LONDON
MTR004328,MAC002821,SMART,LANDIS_GYR,ACTIVE,2012-01-01,LONDON
MTR004329,MAC002822,SMART,LANDIS_GYR,ACTIVE,2012-01-01,LONDON
MTR004330,MAC002823,SMART,LANDIS_GYR,ACTIVE,2012-01-01,LONDON
MTR004331,MAC002824,SMART,LANDIS_GYR,ACTIVE,2012-01-01,LONDON
MTR004332,MAC002825,SMART,LANDIS_GYR,ACTIVE,2012-01-01,LONDON
MTR004333,MAC002828,SMART,LANDIS_GYR,ACTIVE,2012-01-01,LONDON
MTR004334,MAC002829,SMART,LANDIS_GYR,ACTIVE,2012-01-01,LONDON
MTR004335,MAC002830,SMART,LANDIS_GYR,ACTIVE,2012-01-01,LONDON
MTR004336,MAC002831,SMART,LANDIS_GYR,ACTIVE,2012-01-01,LONDON
MTR004337,MAC002832,SMART,LANDIS_GYR,ACTIVE,2012-01-01,LONDON
MTR004338,MAC002834,SMART,LANDIS_GYR,ACTIVE,2012-01-01,LONDON
MTR004339,MAC002835,SMART,LANDIS_GYR,ACTIVE,2012-01-01,LONDON
MTR004340,MAC002837,SMART,LANDIS_GYR,ACTIVE,2012-01-01,LONDON
MTR004341,MAC002838,SMART,LANDIS_GYR,ACTIVE,2012-01-01,LONDON
MTR004342,MAC000229,SMART,LANDIS_GYR,ACTIVE,2012-01-01,LONDON
MTR004343,MAC000230,SMART,LANDIS_GYR,ACTIVE,2012-01-01,LONDON
MTR004344,MAC000231,SMART,LANDIS_GYR,ACTIVE,2012-01-01,LONDON
MTR004345,MAC000232,SMART,LANDIS_GYR,ACTIVE,2012-01-01,LONDON
MTR004346,MAC000233,SMART,LANDIS_GYR,ACTIVE,2012-01-01,LONDON
MTR004347,MAC000234,SMART,LANDIS_GYR,ACTIVE,2012-01-01,LONDON
MTR004348,MAC000235,SMART,LANDIS_GYR,ACTIVE,2012-01-01,LONDON
MTR004349,MAC000237,SMART,LANDIS_GYR,ACTIVE,2012-01-01,LONDON
MTR004350,MAC000238,SMART,LANDIS_GYR,ACTIVE,2012-01-01,LONDON
MTR004351,MAC000239,SMART,LANDIS_GYR,ACTIVE,2012-01-01,LONDON
MTR004352,MAC000240,SMART,LANDIS_GYR,ACTIVE,2012-01-01,LONDON
MTR004353,MAC000241,SMART,LANDIS_GYR,ACTIVE,2012-01-01,LONDON
MTR004354,MAC000242,SMART,LANDIS_GYR,ACTIVE,2012-01-01,LONDON
MTR004355,MAC000243,SMART,LANDIS_GYR,ACTIVE,2012-01-01,LONDON
MTR004356,MAC000244,SMART,LANDIS_GYR,ACTIVE,2012-01-01,LONDON
MTR004357,MAC000245,SMART,LANDIS_GYR,ACTIVE,2012-01-01,LONDON
MTR004358,MAC000246,SMART,LANDIS_GYR,ACTIVE,2012-01-01,LONDON
MTR004359,MAC000248,SMART,LANDIS_GYR,ACTIVE,2012-01-01,LONDON
MTR004360,MAC000249,SMART,LANDIS_GYR,ACTIVE,2012-01-01,LONDON
MTR004361,MAC000250,SMART,LANDIS_GYR,ACTIVE,2012-01-01,LONDON
MTR004362,MAC000251,SMART,LANDIS_GYR,ACTIVE,2012-01-01,LONDON
MTR004363,MAC000252,SMART,LANDIS_GYR,ACTIVE,2012-01-01,LONDON
MTR004364,MAC000253,SMART,LANDIS_GYR,ACTIVE,2012-01-01,LONDON
MTR004365,MAC000254,SMART,LANDIS_GYR,ACTIVE,2012-01-01,LONDON
MTR004366,MAC000255,SMART,LANDIS_GYR,ACTIVE,2012-01-01,LONDON
MTR004367,MAC000256,SMART,LANDIS_GYR,ACTIVE,2012-01-01,LONDON
MTR004368,MAC002840,SMART,LANDIS_GYR,ACTIVE,2012-01-01,LONDON
MTR004369,MAC002841,SMART,LANDIS_GYR,ACTIVE,2012-01-01,LONDON
MTR004370,MAC002842,SMART,LANDIS_GYR,ACTIVE,2012-01-01,LONDON
MTR004371,MAC002843,SMART,LANDIS_GYR,ACTIVE,2012-01-01,LONDON
MTR004372,MAC002844,SMART,LANDIS_GYR,ACTIVE,2012-01-01,LONDON
MTR004373,MAC002846,SMART,LANDIS_GYR,ACTIVE,2012-01-01,LONDON
MTR004374,MAC002847,SMART,LANDIS_GYR,ACTIVE,2012-01-01,LONDON
MTR004375,MAC002849,SMART,LANDIS_GYR,ACTIVE,2012-01-01,LONDON
MTR004376,MAC002850,SMART,LANDIS_GYR,ACTIVE,2012-01-01,LONDON
MTR004377,MAC002851,SMART,LANDIS_GYR,ACTIVE,2012-01-01,LONDON
MTR004378,MAC002852,SMART,LANDIS_GYR,ACTIVE,2012-01-01,LONDON
MTR004379,MAC002853,SMART,LANDIS_GYR,ACTIVE,2012-01-01,LONDON
MTR004380,MAC002854,SMART,LANDIS_GYR,ACTIVE,2012-01-01,LONDON
MTR004381,MAC002856,SMART,LANDIS_GYR,ACTIVE,2012-01-01,LONDON
MTR004382,MAC002857,SMART,LANDIS_GYR,ACTIVE,2012-01-01,LONDON
MTR004383,MAC002858,SMART,LANDIS_GYR,ACTIVE,2012-01-01,LONDON
MTR004384,MAC002859,SMART,LANDIS_GYR,ACTIVE,2012-01-01,LONDON
MTR004385,MAC002860,SMART,LANDIS_GYR,ACTIVE,2012-01-01,LONDON
MTR004386,MAC002862,SMART,LANDIS_GYR,ACTIVE,2012-01-01,LONDON
MTR004387,MAC002863,SMART,LANDIS_GYR,ACTIVE,2012-01-01,LONDON
MTR004388,MAC002865,SMART,LANDIS_GYR,ACTIVE,2012-01-01,LONDON
MTR004389,MAC002866,SMART,LANDIS_GYR,ACTIVE,2012-01-01,LONDON
MTR004390,MAC002867,SMART,LANDIS_GYR,ACTIVE,2012-01-01,LONDON
MTR004391,MAC002870,SMART,LANDIS_GYR,ACTIVE,2012-01-01,LONDON
MTR004392,MAC002871,SMART,LANDIS_GYR,ACTIVE,2012-01-01,LONDON
MTR004393,MAC002872,SMART,LANDIS_GYR,ACTIVE,2012-01-01,LONDON
MTR004394,MAC002873,SMART,LANDIS_GYR,ACTIVE,2012-01-01,LONDON
MTR004395,MAC002875,SMART,LANDIS_GYR,ACTIVE,2012-01-01,LONDON
MTR004396,MAC002876,SMART,LANDIS_GYR,ACTIVE,2012-01-01,LONDON
MTR004397,MAC002877,SMART,LANDIS_GYR,ACTIVE,2012-01-01,LONDON
MTR004398,MAC002878,SMART,LANDIS_GYR,ACTIVE,2012-01-01,LONDON
MTR004399,MAC002880,SMART,LANDIS_GYR,ACTIVE,2012-01-01,LONDON
MTR004400,MAC002882,SMART,LANDIS_GYR,ACTIVE,2012-01-01,LONDON
MTR004401,MAC002883,SMART,LANDIS_GYR,ACTIVE,2012-01-01,LONDON
MTR004402,MAC002884,SMART,LANDIS_GYR,ACTIVE,2012-01-01,LONDON
MTR004403,MAC002885,SMART,LANDIS_GYR,ACTIVE,2012-01-01,LONDON
MTR004404,MAC002887,SMART,LANDIS_GYR,ACTIVE,2012-01-01,LONDON
MTR004405,MAC002888,SMART,LANDIS_GYR,ACTIVE,2012-01-01,LONDON
MTR004406,MAC002889,SMART,LANDIS_GYR,ACTIVE,2012-01-01,LONDON
MTR004407,MAC002890,SMART,LANDIS_GYR,ACTIVE,2012-01-01,LONDON
MTR004408,MAC002892,SMART,LANDIS_GYR,ACTIVE,2012-01-01,LONDON
MTR004409,MAC002893,SMART,LANDIS_GYR,ACTIVE,2012-01-01,LONDON
MTR004410,MAC002896,SMART,LANDIS_GYR,ACTIVE,2012-01-01,LONDON
MTR004411,MAC002898,SMART,LANDIS_GYR,ACTIVE,2012-01-01,LONDON
MTR004412,MAC002899,SMART,LANDIS_GYR,ACTIVE,2012-01-01,LONDON
MTR004413,MAC002900,SMART,LANDIS_GYR,ACTIVE,2012-01-01,LONDON
MTR004414,MAC002902,SMART,LANDIS_GYR,ACTIVE,2012-01-01,LONDON
MTR004415,MAC002903,SMART,LANDIS_GYR,ACTIVE,2012-01-01,LONDON
MTR004416,MAC002904,SMART,LANDIS_GYR,ACTIVE,2012-01-01,LONDON
MTR004417,MAC002905,SMART,LANDIS_GYR,ACTIVE,2012-01-01,LONDON
MTR004418,MAC002906,SMART,LANDIS_GYR,ACTIVE,2012-01-01,LONDON
MTR004419,MAC002907,SMART,LANDIS_GYR,ACTIVE,2012-01-01,LONDON
MTR004420,MAC002908,SMART,LANDIS_GYR,ACTIVE,2012-01-01,LONDON
MTR004421,MAC002911,SMART,LANDIS_GYR,ACTIVE,2012-01-01,LONDON
MTR004422,MAC002912,SMART,LANDIS_GYR,ACTIVE,2012-01-01,LONDON
MTR004423,MAC002913,SMART,LANDIS_GYR,ACTIVE,2012-01-01,LONDON
MTR004424,MAC002914,SMART,LANDIS_GYR,ACTIVE,2012-01-01,LONDON
MTR004425,MAC002916,SMART,LANDIS_GYR,ACTIVE,2012-01-01,LONDON
MTR004426,MAC002917,SMART,LANDIS_GYR,ACTIVE,2012-01-01,LONDON
MTR004427,MAC002919,SMART,LANDIS_GYR,ACTIVE,2012-01-01,LONDON
MTR004428,MAC002920,SMART,LANDIS_GYR,ACTIVE,2012-01-01,LONDON
MTR004429,MAC002921,SMART,LANDIS_GYR,ACTIVE,2012-01-01,LONDON
MTR004430,MAC002922,SMART,LANDIS_GYR,ACTIVE,2012-01-01,LONDON
MTR004431,MAC002923,SMART,LANDIS_GYR,ACTIVE,2012-01-01,LONDON
MTR004432,MAC002924,SMART,LANDIS_GYR,ACTIVE,2012-01-01,LONDON
MTR004433,MAC002928,SMART,LANDIS_GYR,ACTIVE,2012-01-01,LONDON
MTR004434,MAC002929,SMART,LANDIS_GYR,ACTIVE,2012-01-01,LONDON
MTR004435,MAC002933,SMART,LANDIS_GYR,ACTIVE,2012-01-01,LONDON
MTR004436,MAC002934,SMART,LANDIS_GYR,ACTIVE,2012-01-01,LONDON
MTR004437,MAC002936,SMART,LANDIS_GYR,ACTIVE,2012-01-01,LONDON
MTR004438,MAC002937,SMART,LANDIS_GYR,ACTIVE,2012-01-01,LONDON
MTR004439,MAC002938,SMART,LANDIS_GYR,ACTIVE,2012-01-01,LONDON
MTR004440,MAC002939,SMART,LANDIS_GYR,ACTIVE,2012-01-01,LONDON
MTR004441,MAC002940,SMART,LANDIS_GYR,ACTIVE,2012-01-01,LONDON
MTR004442,MAC002941,SMART,LANDIS_GYR,ACTIVE,2012-01-01,LONDON
MTR004443,MAC002942,SMART,LANDIS_GYR,ACTIVE,2012-01-01,LONDON
MTR004444,MAC002943,SMART,LANDIS_GYR,ACTIVE,2012-01-01,LONDON
MTR004445,MAC002944,SMART,LANDIS_GYR,ACTIVE,2012-01-01,LONDON
MTR004446,MAC002945,SMART,LANDIS_GYR,ACTIVE,2012-01-01,LONDON
MTR004447,MAC002946,SMART,LANDIS_GYR,ACTIVE,2012-01-01,LONDON
MTR004448,MAC002947,SMART,LANDIS_GYR,ACTIVE,2012-01-01,LONDON
MTR004449,MAC002948,SMART,LANDIS_GYR,ACTIVE,2012-01-01,LONDON
MTR004450,MAC002949,SMART,LANDIS_GYR,ACTIVE,2012-01-01,LONDON
MTR004451,MAC002950,SMART,LANDIS_GYR,ACTIVE,2012-01-01,LONDON
MTR004452,MAC002952,SMART,LANDIS_GYR,ACTIVE,2012-01-01,LONDON
MTR004453,MAC002953,SMART,LANDIS_GYR,ACTIVE,2012-01-01,LONDON
MTR004454,MAC002955,SMART,LANDIS_GYR,ACTIVE,2012-01-01,LONDON
MTR004455,MAC002956,SMART,LANDIS_GYR,ACTIVE,2012-01-01,LONDON
MTR004456,MAC002957,SMART,LANDIS_GYR,ACTIVE,2012-01-01,LONDON
MTR004457,MAC002958,SMART,LANDIS_GYR,ACTIVE,2012-01-01,LONDON
MTR004458,MAC002960,SMART,LANDIS_GYR,ACTIVE,2012-01-01,LONDON
MTR004459,MAC002961,SMART,LANDIS_GYR,ACTIVE,2012-01-01,LONDON
MTR004460,MAC002962,SMART,LANDIS_GYR,ACTIVE,2012-01-01,LONDON
MTR004461,MAC002964,SMART,LANDIS_GYR,ACTIVE,2012-01-01,LONDON
MTR004462,MAC002965,SMART,LANDIS_GYR,ACTIVE,2012-01-01,LONDON
MTR004463,MAC002966,SMART,LANDIS_GYR,ACTIVE,2012-01-01,LONDON
MTR004464,MAC002967,SMART,LANDIS_GYR,ACTIVE,2012-01-01,LONDON
MTR004465,MAC002968,SMART,LANDIS_GYR,ACTIVE,2012-01-01,LONDON
MTR004466,MAC002969,SMART,LANDIS_GYR,ACTIVE,2012-01-01,LONDON
MTR004467,MAC002972,SMART,LANDIS_GYR,ACTIVE,2012-01-01,LONDON
MTR004468,MAC002973,SMART,LANDIS_GYR,ACTIVE,2012-01-01,LONDON
MTR004469,MAC002974,SMART,LANDIS_GYR,ACTIVE,2012-01-01,LONDON
MTR004470,MAC002975,SMART,LANDIS_GYR,ACTIVE,2012-01-01,LONDON
MTR004471,MAC002976,SMART,LANDIS_GYR,ACTIVE,2012-01-01,LONDON
MTR004472,MAC002977,SMART,LANDIS_GYR,ACTIVE,2012-01-01,LONDON
MTR004473,MAC002978,SMART,LANDIS_GYR,ACTIVE,2012-01-01,LONDON
MTR004474,MAC002979,SMART,LANDIS_GYR,ACTIVE,2012-01-01,LONDON
MTR004475,MAC002980,SMART,LANDIS_GYR,ACTIVE,2012-01-01,LONDON
MTR004476,MAC002981,SMART,LANDIS_GYR,ACTIVE,2012-01-01,LONDON
MTR004477,MAC002984,SMART,LANDIS_GYR,ACTIVE,2012-01-01,LONDON
MTR004478,MAC002986,SMART,LANDIS_GYR,ACTIVE,2012-01-01,LONDON
MTR004479,MAC002987,SMART,LANDIS_GYR,ACTIVE,2012-01-01,LONDON
MTR004480,MAC002988,SMART,LANDIS_GYR,ACTIVE,2012-01-01,LONDON
MTR004481,MAC002989,SMART,LANDIS_GYR,ACTIVE,2012-01-01,LONDON
MTR004482,MAC002990,SMART,LANDIS_GYR,ACTIVE,2012-01-01,LONDON
MTR004483,MAC002991,SMART,LANDIS_GYR,ACTIVE,2012-01-01,LONDON
MTR004484,MAC002993,SMART,LANDIS_GYR,ACTIVE,2012-01-01,LONDON
MTR004485,MAC002994,SMART,LANDIS_GYR,ACTIVE,2012-01-01,LONDON
MTR004486,MAC002996,SMART,LANDIS_GYR,ACTIVE,2012-01-01,LONDON
MTR004487,MAC002998,SMART,LANDIS_GYR,ACTIVE,2012-01-01,LONDON
MTR004488,MAC002999,SMART,LANDIS_GYR,ACTIVE,2012-01-01,LONDON
MTR004489,MAC003000,SMART,LANDIS_GYR,ACTIVE,2012-01-01,LONDON
MTR004490,MAC003001,SMART,LANDIS_GYR,ACTIVE,2012-01-01,LONDON
MTR004491,MAC003002,SMART,LANDIS_GYR,ACTIVE,2012-01-01,LONDON
MTR004492,MAC003003,SMART,LANDIS_GYR,ACTIVE,2012-01-01,LONDON
MTR004493,MAC003004,SMART,LANDIS_GYR,ACTIVE,2012-01-01,LONDON
MTR004494,MAC003005,SMART,LANDIS_GYR,ACTIVE,2012-01-01,LONDON
MTR004495,MAC003006,SMART,LANDIS_GYR,ACTIVE,2012-01-01,LONDON
MTR004496,MAC003007,SMART,LANDIS_GYR,ACTIVE,2012-01-01,LONDON
MTR004497,MAC003008,SMART,LANDIS_GYR,ACTIVE,2012-01-01,LONDON
MTR004498,MAC003009,SMART,LANDIS_GYR,ACTIVE,2012-01-01,LONDON
MTR004499,MAC003010,SMART,LANDIS_GYR,ACTIVE,2012-01-01,LONDON
MTR004500,MAC003011,SMART,LANDIS_GYR,ACTIVE,2012-01-01,LONDON
MTR004501,MAC003012,SMART,LANDIS_GYR,ACTIVE,2012-01-01,LONDON
MTR004502,MAC003013,SMART,LANDIS_GYR,ACTIVE,2012-01-01,LONDON
MTR004503,MAC003014,SMART,LANDIS_GYR,ACTIVE,2012-01-01,LONDON
MTR004504,MAC003015,SMART,LANDIS_GYR,ACTIVE,2012-01-01,LONDON
MTR004505,MAC003016,SMART,LANDIS_GYR,ACTIVE,2012-01-01,LONDON
MTR004506,MAC003017,SMART,LANDIS_GYR,ACTIVE,2012-01-01,LONDON
MTR004507,MAC003018,SMART,LANDIS_GYR,ACTIVE,2012-01-01,LONDON
MTR004508,MAC003020,SMART,LANDIS_GYR,ACTIVE,2012-01-01,LONDON
MTR004509,MAC003021,SMART,LANDIS_GYR,ACTIVE,2012-01-01,LONDON
MTR004510,MAC003022,SMART,LANDIS_GYR,ACTIVE,2012-01-01,LONDON
MTR004511,MAC003023,SMART,LANDIS_GYR,ACTIVE,2012-01-01,LONDON
MTR004512,MAC003024,SMART,LANDIS_GYR,ACTIVE,2012-01-01,LONDON
MTR004513,MAC003025,SMART,LANDIS_GYR,ACTIVE,2012-01-01,LONDON
MTR004514,MAC003026,SMART,LANDIS_GYR,ACTIVE,2012-01-01,LONDON
MTR004515,MAC003027,SMART,LANDIS_GYR,ACTIVE,2012-01-01,LONDON
MTR004516,MAC003028,SMART,LANDIS_GYR,ACTIVE,2012-01-01,LONDON
MTR004517,MAC003029,SMART,LANDIS_GYR,ACTIVE,2012-01-01,LONDON
MTR004518,MAC003030,SMART,LANDIS_GYR,ACTIVE,2012-01-01,LONDON
MTR004519,MAC003031,SMART,LANDIS_GYR,ACTIVE,2012-01-01,LONDON
MTR004520,MAC003032,SMART,LANDIS_GYR,ACTIVE,2012-01-01,LONDON
MTR004521,MAC003033,SMART,LANDIS_GYR,ACTIVE,2012-01-01,LONDON
MTR004522,MAC003034,SMART,LANDIS_GYR,ACTIVE,2012-01-01,LONDON
MTR004523,MAC003036,SMART,LANDIS_GYR,ACTIVE,2012-01-01,LONDON
MTR004524,MAC003038,SMART,LANDIS_GYR,ACTIVE,2012-01-01,LONDON
MTR004525,MAC003039,SMART,LANDIS_GYR,ACTIVE,2012-01-01,LONDON
MTR004526,MAC003040,SMART,LANDIS_GYR,ACTIVE,2012-01-01,LONDON
MTR004527,MAC003041,SMART,LANDIS_GYR,ACTIVE,2012-01-01,LONDON
MTR004528,MAC003042,SMART,LANDIS_GYR,ACTIVE,2012-01-01,LONDON
MTR004529,MAC003046,SMART,LANDIS_GYR,ACTIVE,2012-01-01,LONDON
MTR004530,MAC003048,SMART,LANDIS_GYR,ACTIVE,2012-01-01,LONDON
MTR004531,MAC003050,SMART,LANDIS_GYR,ACTIVE,2012-01-01,LONDON
MTR004532,MAC003051,SMART,LANDIS_GYR,ACTIVE,2012-01-01,LONDON
MTR004533,MAC003052,SMART,LANDIS_GYR,ACTIVE,2012-01-01,LONDON
MTR004534,MAC003053,SMART,LANDIS_GYR,ACTIVE,2012-01-01,LONDON
MTR004535,MAC003054,SMART,LANDIS_GYR,ACTIVE,2012-01-01,LONDON
MTR004536,MAC003056,SMART,LANDIS_GYR,ACTIVE,2012-01-01,LONDON
MTR004537,MAC003057,SMART,LANDIS_GYR,ACTIVE,2012-01-01,LONDON
MTR004538,MAC003058,SMART,LANDIS_GYR,ACTIVE,2012-01-01,LONDON
MTR004539,MAC003059,SMART,LANDIS_GYR,ACTIVE,2012-01-01,LONDON
MTR004540,MAC003060,SMART,LANDIS_GYR,ACTIVE,2012-01-01,LONDON
MTR004541,MAC003062,SMART,LANDIS_GYR,ACTIVE,2012-01-01,LONDON
MTR004542,MAC003063,SMART,LANDIS_GYR,ACTIVE,2012-01-01,LONDON
MTR004543,MAC003064,SMART,LANDIS_GYR,ACTIVE,2012-01-01,LONDON
MTR004544,MAC003065,SMART,LANDIS_GYR,ACTIVE,2012-01-01,LONDON
MTR004545,MAC003066,SMART,LANDIS_GYR,ACTIVE,2012-01-01,LONDON
MTR004546,MAC003067,SMART,LANDIS_GYR,ACTIVE,2012-01-01,LONDON
MTR004547,MAC003070,SMART,LANDIS_GYR,ACTIVE,2012-01-01,LONDON
MTR004548,MAC003071,SMART,LANDIS_GYR,ACTIVE,2012-01-01,LONDON
MTR004549,MAC003072,SMART,LANDIS_GYR,ACTIVE,2012-01-01,LONDON
MTR004550,MAC003073,SMART,LANDIS_GYR,ACTIVE,2012-01-01,LONDON
MTR004551,MAC003074,SMART,LANDIS_GYR,ACTIVE,2012-01-01,LONDON
MTR004552,MAC003075,SMART,LANDIS_GYR,ACTIVE,2012-01-01,LONDON
MTR004553,MAC003076,SMART,LANDIS_GYR,ACTIVE,2012-01-01,LONDON
MTR004554,MAC003077,SMART,LANDIS_GYR,ACTIVE,2012-01-01,LONDON
MTR004555,MAC003078,SMART,LANDIS_GYR,ACTIVE,2012-01-01,LONDON
MTR004556,MAC003079,SMART,LANDIS_GYR,ACTIVE,2012-01-01,LONDON
MTR004557,MAC003081,SMART,LANDIS_GYR,ACTIVE,2012-01-01,LONDON
MTR004558,MAC003083,SMART,LANDIS_GYR,ACTIVE,2012-01-01,LONDON
MTR004559,MAC003084,SMART,LANDIS_GYR,ACTIVE,2012-01-01,LONDON
MTR004560,MAC003085,SMART,LANDIS_GYR,ACTIVE,2012-01-01,LONDON
MTR004561,MAC003086,SMART,LANDIS_GYR,ACTIVE,2012-01-01,LONDON
MTR004562,MAC003087,SMART,LANDIS_GYR,ACTIVE,2012-01-01,LONDON
MTR004563,MAC003089,SMART,LANDIS_GYR,ACTIVE,2012-01-01,LONDON
MTR004564,MAC003090,SMART,LANDIS_GYR,ACTIVE,2012-01-01,LONDON
MTR004565,MAC003091,SMART,LANDIS_GYR,ACTIVE,2012-01-01,LONDON
MTR004566,MAC003092,SMART,LANDIS_GYR,ACTIVE,2012-01-01,LONDON
MTR004567,MAC003093,SMART,LANDIS_GYR,ACTIVE,2012-01-01,LONDON
MTR004568,MAC003095,SMART,LANDIS_GYR,ACTIVE,2012-01-01,LONDON
MTR004569,MAC003096,SMART,LANDIS_GYR,ACTIVE,2012-01-01,LONDON
MTR004570,MAC003098,SMART,LANDIS_GYR,ACTIVE,2012-01-01,LONDON
MTR004571,MAC003100,SMART,LANDIS_GYR,ACTIVE,2012-01-01,LONDON
MTR004572,MAC003101,SMART,LANDIS_GYR,ACTIVE,2012-01-01,LONDON
MTR004573,MAC003103,SMART,LANDIS_GYR,ACTIVE,2012-01-01,LONDON
MTR004574,MAC003104,SMART,LANDIS_GYR,ACTIVE,2012-01-01,LONDON
MTR004575,MAC003105,SMART,LANDIS_GYR,ACTIVE,2012-01-01,LONDON
MTR004576,MAC003106,SMART,LANDIS_GYR,ACTIVE,2012-01-01,LONDON
MTR004577,MAC003107,SMART,LANDIS_GYR,ACTIVE,2012-01-01,LONDON
MTR004578,MAC003108,SMART,LANDIS_GYR,ACTIVE,2012-01-01,LONDON
MTR004579,MAC003109,SMART,LANDIS_GYR,ACTIVE,2012-01-01,LONDON
MTR004580,MAC003110,SMART,LANDIS_GYR,ACTIVE,2012-01-01,LONDON
MTR004581,MAC003112,SMART,LANDIS_GYR,ACTIVE,2012-01-01,LONDON
MTR004582,MAC003113,SMART,LANDIS_GYR,ACTIVE,2012-01-01,LONDON
MTR004583,MAC003114,SMART,LANDIS_GYR,ACTIVE,2012-01-01,LONDON
MTR004584,MAC003115,SMART,LANDIS_GYR,ACTIVE,2012-01-01,LONDON
MTR004585,MAC003117,SMART,LANDIS_GYR,ACTIVE,2012-01-01,LONDON
MTR004586,MAC003118,SMART,LANDIS_GYR,ACTIVE,2012-01-01,LONDON
MTR004587,MAC003119,SMART,LANDIS_GYR,ACTIVE,2012-01-01,LONDON
MTR004588,MAC003121,SMART,LANDIS_GYR,ACTIVE,2012-01-01,LONDON
MTR004589,MAC003122,SMART,LANDIS_GYR,ACTIVE,2012-01-01,LONDON
MTR004590,MAC003123,SMART,LANDIS_GYR,ACTIVE,2012-01-01,LONDON
MTR004591,MAC003125,SMART,LANDIS_GYR,ACTIVE,2012-01-01,LONDON
MTR004592,MAC003126,SMART,LANDIS_GYR,ACTIVE,2012-01-01,LONDON
MTR004593,MAC003127,SMART,LANDIS_GYR,ACTIVE,2012-01-01,LONDON
MTR004594,MAC003128,SMART,LANDIS_GYR,ACTIVE,2012-01-01,LONDON
MTR004595,MAC003129,SMART,LANDIS_GYR,ACTIVE,2012-01-01,LONDON
MTR004596,MAC003130,SMART,LANDIS_GYR,ACTIVE,2012-01-01,LONDON
MTR004597,MAC003131,SMART,LANDIS_GYR,ACTIVE,2012-01-01,LONDON
MTR004598,MAC003132,SMART,LANDIS_GYR,ACTIVE,2012-01-01,LONDON
MTR004599,MAC003133,SMART,LANDIS_GYR,ACTIVE,2012-01-01,LONDON
MTR004600,MAC003134,SMART,LANDIS_GYR,ACTIVE,2012-01-01,LONDON
MTR004601,MAC003136,SMART,LANDIS_GYR,ACTIVE,2012-01-01,LONDON
MTR004602,MAC003137,SMART,LANDIS_GYR,ACTIVE,2012-01-01,LONDON
MTR004603,MAC003138,SMART,LANDIS_GYR,ACTIVE,2012-01-01,LONDON
MTR004604,MAC003139,SMART,LANDIS_GYR,ACTIVE,2012-01-01,LONDON
MTR004605,MAC003141,SMART,LANDIS_GYR,ACTIVE,2012-01-01,LONDON
MTR004606,MAC003142,SMART,LANDIS_GYR,ACTIVE,2012-01-01,LONDON
MTR004607,MAC003143,SMART,LANDIS_GYR,ACTIVE,2012-01-01,LONDON
MTR004608,MAC003144,SMART,LANDIS_GYR,ACTIVE,2012-01-01,LONDON
MTR004609,MAC003146,SMART,LANDIS_GYR,ACTIVE,2012-01-01,LONDON
MTR004610,MAC003147,SMART,LANDIS_GYR,ACTIVE,2012-01-01,LONDON
MTR004611,MAC003148,SMART,LANDIS_GYR,ACTIVE,2012-01-01,LONDON
MTR004612,MAC003149,SMART,LANDIS_GYR,ACTIVE,2012-01-01,LONDON
MTR004613,MAC003150,SMART,LANDIS_GYR,ACTIVE,2012-01-01,LONDON
MTR004614,MAC003152,SMART,LANDIS_GYR,ACTIVE,2012-01-01,LONDON
MTR004615,MAC003153,SMART,LANDIS_GYR,ACTIVE,2012-01-01,LONDON
MTR004616,MAC003154,SMART,LANDIS_GYR,ACTIVE,2012-01-01,LONDON
MTR004617,MAC003158,SMART,LANDIS_GYR,ACTIVE,2012-01-01,LONDON
MTR004618,MAC003159,SMART,LANDIS_GYR,ACTIVE,2012-01-01,LONDON
MTR004619,MAC003160,SMART,LANDIS_GYR,ACTIVE,2012-01-01,LONDON
MTR004620,MAC003161,SMART,LANDIS_GYR,ACTIVE,2012-01-01,LONDON
MTR004621,MAC003162,SMART,LANDIS_GYR,ACTIVE,2012-01-01,LONDON
MTR004622,MAC003163,SMART,LANDIS_GYR,ACTIVE,2012-01-01,LONDON
MTR004623,MAC003164,SMART,LANDIS_GYR,ACTIVE,2012-01-01,LONDON
MTR004624,MAC003166,SMART,LANDIS_GYR,ACTIVE,2012-01-01,LONDON
MTR004625,MAC003167,SMART,LANDIS_GYR,ACTIVE,2012-01-01,LONDON
MTR004626,MAC003168,SMART,LANDIS_GYR,ACTIVE,2012-01-01,LONDON
MTR004627,MAC003169,SMART,LANDIS_GYR,ACTIVE,2012-01-01,LONDON
MTR004628,MAC003171,SMART,LANDIS_GYR,ACTIVE,2012-01-01,LONDON
MTR004629,MAC003172,SMART,LANDIS_GYR,ACTIVE,2012-01-01,LONDON
MTR004630,MAC003173,SMART,LANDIS_GYR,ACTIVE,2012-01-01,LONDON
MTR004631,MAC003174,SMART,LANDIS_GYR,ACTIVE,2012-01-01,LONDON
MTR004632,MAC003176,SMART,LANDIS_GYR,ACTIVE,2012-01-01,LONDON
MTR004633,MAC003177,SMART,LANDIS_GYR,ACTIVE,2012-01-01,LONDON
MTR004634,MAC003179,SMART,LANDIS_GYR,ACTIVE,2012-01-01,LONDON
MTR004635,MAC003181,SMART,LANDIS_GYR,ACTIVE,2012-01-01,LONDON
MTR004636,MAC003182,SMART,LANDIS_GYR,ACTIVE,2012-01-01,LONDON
MTR004637,MAC003183,SMART,LANDIS_GYR,ACTIVE,2012-01-01,LONDON
MTR004638,MAC003184,SMART,LANDIS_GYR,ACTIVE,2012-01-01,LONDON
MTR004639,MAC003186,SMART,LANDIS_GYR,ACTIVE,2012-01-01,LONDON
MTR004640,MAC003187,SMART,LANDIS_GYR,ACTIVE,2012-01-01,LONDON
MTR004641,MAC003188,SMART,LANDIS_GYR,ACTIVE,2012-01-01,LONDON
MTR004642,MAC003189,SMART,LANDIS_GYR,ACTIVE,2012-01-01,LONDON
MTR004643,MAC003190,SMART,LANDIS_GYR,ACTIVE,2012-01-01,LONDON
MTR004644,MAC003191,SMART,LANDIS_GYR,ACTIVE,2012-01-01,LONDON
MTR004645,MAC003192,SMART,LANDIS_GYR,ACTIVE,2012-01-01,LONDON
MTR004646,MAC003193,SMART,LANDIS_GYR,ACTIVE,2012-01-01,LONDON
MTR004647,MAC003194,SMART,LANDIS_GYR,ACTIVE,2012-01-01,LONDON
MTR004648,MAC003195,SMART,LANDIS_GYR,ACTIVE,2012-01-01,LONDON
MTR004649,MAC003197,SMART,LANDIS_GYR,ACTIVE,2012-01-01,LONDON
MTR004650,MAC003199,SMART,LANDIS_GYR,ACTIVE,2012-01-01,LONDON
MTR004651,MAC003200,SMART,LANDIS_GYR,ACTIVE,2012-01-01,LONDON
MTR004652,MAC003203,SMART,LANDIS_GYR,ACTIVE,2012-01-01,LONDON
MTR004653,MAC003204,SMART,LANDIS_GYR,ACTIVE,2012-01-01,LONDON
MTR004654,MAC003205,SMART,LANDIS_GYR,ACTIVE,2012-01-01,LONDON
MTR004655,MAC003206,SMART,LANDIS_GYR,ACTIVE,2012-01-01,LONDON
MTR004656,MAC003207,SMART,LANDIS_GYR,ACTIVE,2012-01-01,LONDON
MTR004657,MAC003208,SMART,LANDIS_GYR,ACTIVE,2012-01-01,LONDON
MTR004658,MAC003209,SMART,LANDIS_GYR,ACTIVE,2012-01-01,LONDON
MTR004659,MAC003210,SMART,LANDIS_GYR,ACTIVE,2012-01-01,LONDON
MTR004660,MAC003212,SMART,LANDIS_GYR,ACTIVE,2012-01-01,LONDON
MTR004661,MAC003213,SMART,LANDIS_GYR,ACTIVE,2012-01-01,LONDON
MTR004662,MAC003214,SMART,LANDIS_GYR,ACTIVE,2012-01-01,LONDON
MTR004663,MAC003215,SMART,LANDIS_GYR,ACTIVE,2012-01-01,LONDON
MTR004664,MAC003216,SMART,LANDIS_GYR,ACTIVE,2012-01-01,LONDON
MTR004665,MAC003217,SMART,LANDIS_GYR,ACTIVE,2012-01-01,LONDON
MTR004666,MAC003218,SMART,LANDIS_GYR,ACTIVE,2012-01-01,LONDON
MTR004667,MAC003219,SMART,LANDIS_GYR,ACTIVE,2012-01-01,LONDON
MTR004668,MAC003220,SMART,LANDIS_GYR,ACTIVE,2012-01-01,LONDON
MTR004669,MAC003222,SMART,LANDIS_GYR,ACTIVE,2012-01-01,LONDON
MTR004670,MAC003223,SMART,LANDIS_GYR,ACTIVE,2012-01-01,LONDON
MTR004671,MAC003224,SMART,LANDIS_GYR,ACTIVE,2012-01-01,LONDON
MTR004672,MAC003225,SMART,LANDIS_GYR,ACTIVE,2012-01-01,LONDON
MTR004673,MAC003226,SMART,LANDIS_GYR,ACTIVE,2012-01-01,LONDON
MTR004674,MAC003227,SMART,LANDIS_GYR,ACTIVE,2012-01-01,LONDON
MTR004675,MAC003228,SMART,LANDIS_GYR,ACTIVE,2012-01-01,LONDON
MTR004676,MAC003229,SMART,LANDIS_GYR,ACTIVE,2012-01-01,LONDON
MTR004677,MAC003230,SMART,LANDIS_GYR,ACTIVE,2012-01-01,LONDON
MTR004678,MAC003231,SMART,LANDIS_GYR,ACTIVE,2012-01-01,LONDON
MTR004679,MAC003232,SMART,LANDIS_GYR,ACTIVE,2012-01-01,LONDON
MTR004680,MAC003233,SMART,LANDIS_GYR,ACTIVE,2012-01-01,LONDON
MTR004681,MAC003234,SMART,LANDIS_GYR,ACTIVE,2012-01-01,LONDON
MTR004682,MAC003235,SMART,LANDIS_GYR,ACTIVE,2012-01-01,LONDON
MTR004683,MAC003236,SMART,LANDIS_GYR,ACTIVE,2012-01-01,LONDON
MTR004684,MAC003237,SMART,LANDIS_GYR,ACTIVE,2012-01-01,LONDON
MTR004685,MAC003239,SMART,LANDIS_GYR,ACTIVE,2012-01-01,LONDON
MTR004686,MAC003240,SMART,LANDIS_GYR,ACTIVE,2012-01-01,LONDON
MTR004687,MAC003241,SMART,LANDIS_GYR,ACTIVE,2012-01-01,LONDON
MTR004688,MAC003242,SMART,LANDIS_GYR,ACTIVE,2012-01-01,LONDON
MTR004689,MAC003243,SMART,LANDIS_GYR,ACTIVE,2012-01-01,LONDON
MTR004690,MAC003244,SMART,LANDIS_GYR,ACTIVE,2012-01-01,LONDON
MTR004691,MAC003246,SMART,LANDIS_GYR,ACTIVE,2012-01-01,LONDON
MTR004692,MAC003248,SMART,LANDIS_GYR,ACTIVE,2012-01-01,LONDON
MTR004693,MAC003249,SMART,LANDIS_GYR,ACTIVE,2012-01-01,LONDON
MTR004694,MAC003250,SMART,LANDIS_GYR,ACTIVE,2012-01-01,LONDON
MTR004695,MAC003251,SMART,LANDIS_GYR,ACTIVE,2012-01-01,LONDON
MTR004696,MAC003252,SMART,LANDIS_GYR,ACTIVE,2012-01-01,LONDON
MTR004697,MAC003253,SMART,LANDIS_GYR,ACTIVE,2012-01-01,LONDON
MTR004698,MAC003254,SMART,LANDIS_GYR,ACTIVE,2012-01-01,LONDON
MTR004699,MAC003255,SMART,LANDIS_GYR,ACTIVE,2012-01-01,LONDON
MTR004700,MAC003258,SMART,LANDIS_GYR,ACTIVE,2012-01-01,LONDON
MTR004701,MAC003260,SMART,LANDIS_GYR,ACTIVE,2012-01-01,LONDON
MTR004702,MAC003261,SMART,LANDIS_GYR,ACTIVE,2012-01-01,LONDON
MTR004703,MAC003263,SMART,LANDIS_GYR,ACTIVE,2012-01-01,LONDON
MTR004704,MAC003264,SMART,LANDIS_GYR,ACTIVE,2012-01-01,LONDON
MTR004705,MAC003266,SMART,LANDIS_GYR,ACTIVE,2012-01-01,LONDON
MTR004706,MAC003267,SMART,LANDIS_GYR,ACTIVE,2012-01-01,LONDON
MTR004707,MAC003270,SMART,LANDIS_GYR,ACTIVE,2012-01-01,LONDON
MTR004708,MAC003271,SMART,LANDIS_GYR,ACTIVE,2012-01-01,LONDON
MTR004709,MAC003273,SMART,LANDIS_GYR,ACTIVE,2012-01-01,LONDON
MTR004710,MAC003275,SMART,LANDIS_GYR,ACTIVE,2012-01-01,LONDON
MTR004711,MAC003276,SMART,LANDIS_GYR,ACTIVE,2012-01-01,LONDON
MTR004712,MAC003278,SMART,LANDIS_GYR,ACTIVE,2012-01-01,LONDON
MTR004713,MAC003279,SMART,LANDIS_GYR,ACTIVE,2012-01-01,LONDON
MTR004714,MAC003280,SMART,LANDIS_GYR,ACTIVE,2012-01-01,LONDON
MTR004715,MAC003281,SMART,LANDIS_GYR,ACTIVE,2012-01-01,LONDON
MTR004716,MAC003282,SMART,LANDIS_GYR,ACTIVE,2012-01-01,LONDON
MTR004717,MAC003283,SMART,LANDIS_GYR,ACTIVE,2012-01-01,LONDON
MTR004718,MAC003284,SMART,LANDIS_GYR,ACTIVE,2012-01-01,LONDON
MTR004719,MAC003287,SMART,LANDIS_GYR,ACTIVE,2012-01-01,LONDON
MTR004720,MAC003288,SMART,LANDIS_GYR,ACTIVE,2012-01-01,LONDON
MTR004721,MAC003289,SMART,LANDIS_GYR,ACTIVE,2012-01-01,LONDON
MTR004722,MAC003290,SMART,LANDIS_GYR,ACTIVE,2012-01-01,LONDON
MTR004723,MAC003291,SMART,LANDIS_GYR,ACTIVE,2012-01-01,LONDON
MTR004724,MAC003292,SMART,LANDIS_GYR,ACTIVE,2012-01-01,LONDON
MTR004725,MAC003293,SMART,LANDIS_GYR,ACTIVE,2012-01-01,LONDON
MTR004726,MAC000258,SMART,LANDIS_GYR,ACTIVE,2012-01-01,LONDON
MTR004727,MAC000260,SMART,LANDIS_GYR,ACTIVE,2012-01-01,LONDON
MTR004728,MAC000262,SMART,LANDIS_GYR,ACTIVE,2012-01-01,LONDON
MTR004729,MAC000263,SMART,LANDIS_GYR,ACTIVE,2012-01-01,LONDON
MTR004730,MAC000264,SMART,LANDIS_GYR,ACTIVE,2012-01-01,LONDON
MTR004731,MAC000267,SMART,LANDIS_GYR,ACTIVE,2012-01-01,LONDON
MTR004732,MAC000268,SMART,LANDIS_GYR,ACTIVE,2012-01-01,LONDON
MTR004733,MAC000269,SMART,LANDIS_GYR,ACTIVE,2012-01-01,LONDON
MTR004734,MAC000270,SMART,LANDIS_GYR,ACTIVE,2012-01-01,LONDON
MTR004735,MAC000271,SMART,LANDIS_GYR,ACTIVE,2012-01-01,LONDON
MTR004736,MAC000272,SMART,LANDIS_GYR,ACTIVE,2012-01-01,LONDON
MTR004737,MAC000273,SMART,LANDIS_GYR,ACTIVE,2012-01-01,LONDON
MTR004738,MAC000274,SMART,LANDIS_GYR,ACTIVE,2012-01-01,LONDON
MTR004739,MAC000275,SMART,LANDIS_GYR,ACTIVE,2012-01-01,LONDON
MTR004740,MAC000276,SMART,LANDIS_GYR,ACTIVE,2012-01-01,LONDON
MTR004741,MAC000277,SMART,LANDIS_GYR,ACTIVE,2012-01-01,LONDON
MTR004742,MAC000279,SMART,LANDIS_GYR,ACTIVE,2012-01-01,LONDON
MTR004743,MAC000280,SMART,LANDIS_GYR,ACTIVE,2012-01-01,LONDON
MTR004744,MAC000281,SMART,LANDIS_GYR,ACTIVE,2012-01-01,LONDON
MTR004745,MAC000282,SMART,LANDIS_GYR,ACTIVE,2012-01-01,LONDON
MTR004746,MAC000283,SMART,LANDIS_GYR,ACTIVE,2012-01-01,LONDON
MTR004747,MAC000284,SMART,LANDIS_GYR,ACTIVE,2012-01-01,LONDON
MTR004748,MAC000285,SMART,LANDIS_GYR,ACTIVE,2012-01-01,LONDON
MTR004749,MAC000287,SMART,LANDIS_GYR,ACTIVE,2012-01-01,LONDON
MTR004750,MAC000289,SMART,LANDIS_GYR,ACTIVE,2012-01-01,LONDON
MTR004751,MAC000291,SMART,LANDIS_GYR,ACTIVE,2012-01-01,LONDON
MTR004752,MAC000294,SMART,LANDIS_GYR,ACTIVE,2012-01-01,LONDON
MTR004753,MAC000295,SMART,LANDIS_GYR,ACTIVE,2012-01-01,LONDON
MTR004754,MAC003294,SMART,LANDIS_GYR,ACTIVE,2012-01-01,LONDON
MTR004755,MAC003295,SMART,LANDIS_GYR,ACTIVE,2012-01-01,LONDON
MTR004756,MAC003296,SMART,LANDIS_GYR,ACTIVE,2012-01-01,LONDON
MTR004757,MAC003297,SMART,LANDIS_GYR,ACTIVE,2012-01-01,LONDON
MTR004758,MAC003299,SMART,LANDIS_GYR,ACTIVE,2012-01-01,LONDON
MTR004759,MAC003300,SMART,LANDIS_GYR,ACTIVE,2012-01-01,LONDON
MTR004760,MAC003301,SMART,LANDIS_GYR,ACTIVE,2012-01-01,LONDON
MTR004761,MAC003302,SMART,LANDIS_GYR,ACTIVE,2012-01-01,LONDON
MTR004762,MAC003303,SMART,LANDIS_GYR,ACTIVE,2012-01-01,LONDON
MTR004763,MAC003304,SMART,LANDIS_GYR,ACTIVE,2012-01-01,LONDON
MTR004764,MAC003305,SMART,LANDIS_GYR,ACTIVE,2012-01-01,LONDON
MTR004765,MAC003306,SMART,LANDIS_GYR,ACTIVE,2012-01-01,LONDON
MTR004766,MAC003307,SMART,LANDIS_GYR,ACTIVE,2012-01-01,LONDON
MTR004767,MAC003309,SMART,LANDIS_GYR,ACTIVE,2012-01-01,LONDON
MTR004768,MAC003310,SMART,LANDIS_GYR,ACTIVE,2012-01-01,LONDON
MTR004769,MAC003311,SMART,LANDIS_GYR,ACTIVE,2012-01-01,LONDON
MTR004770,MAC003312,SMART,LANDIS_GYR,ACTIVE,2012-01-01,LONDON
MTR004771,MAC003313,SMART,LANDIS_GYR,ACTIVE,2012-01-01,LONDON
MTR004772,MAC003314,SMART,LANDIS_GYR,ACTIVE,2012-01-01,LONDON
MTR004773,MAC003316,SMART,LANDIS_GYR,ACTIVE,2012-01-01,LONDON
MTR004774,MAC003317,SMART,LANDIS_GYR,ACTIVE,2012-01-01,LONDON
MTR004775,MAC003318,SMART,LANDIS_GYR,ACTIVE,2012-01-01,LONDON
MTR004776,MAC003319,SMART,LANDIS_GYR,ACTIVE,2012-01-01,LONDON
MTR004777,MAC003320,SMART,LANDIS_GYR,ACTIVE,2012-01-01,LONDON
MTR004778,MAC003322,SMART,LANDIS_GYR,ACTIVE,2012-01-01,LONDON
MTR004779,MAC003323,SMART,LANDIS_GYR,ACTIVE,2012-01-01,LONDON
MTR004780,MAC003324,SMART,LANDIS_GYR,ACTIVE,2012-01-01,LONDON
MTR004781,MAC003325,SMART,LANDIS_GYR,ACTIVE,2012-01-01,LONDON
MTR004782,MAC003326,SMART,LANDIS_GYR,ACTIVE,2012-01-01,LONDON
MTR004783,MAC003327,SMART,LANDIS_GYR,ACTIVE,2012-01-01,LONDON
MTR004784,MAC003328,SMART,LANDIS_GYR,ACTIVE,2012-01-01,LONDON
MTR004785,MAC003329,SMART,LANDIS_GYR,ACTIVE,2012-01-01,LONDON
MTR004786,MAC003330,SMART,LANDIS_GYR,ACTIVE,2012-01-01,LONDON
MTR004787,MAC003332,SMART,LANDIS_GYR,ACTIVE,2012-01-01,LONDON
MTR004788,MAC003335,SMART,LANDIS_GYR,ACTIVE,2012-01-01,LONDON
MTR004789,MAC003336,SMART,LANDIS_GYR,ACTIVE,2012-01-01,LONDON
MTR004790,MAC003339,SMART,LANDIS_GYR,ACTIVE,2012-01-01,LONDON
MTR004791,MAC003340,SMART,LANDIS_GYR,ACTIVE,2012-01-01,LONDON
MTR004792,MAC003341,SMART,LANDIS_GYR,ACTIVE,2012-01-01,LONDON
MTR004793,MAC003342,SMART,LANDIS_GYR,ACTIVE,2012-01-01,LONDON
MTR004794,MAC003343,SMART,LANDIS_GYR,ACTIVE,2012-01-01,LONDON
MTR004795,MAC003344,SMART,LANDIS_GYR,ACTIVE,2012-01-01,LONDON
MTR004796,MAC003345,SMART,LANDIS_GYR,ACTIVE,2012-01-01,LONDON
MTR004797,MAC003346,SMART,LANDIS_GYR,ACTIVE,2012-01-01,LONDON
MTR004798,MAC003348,SMART,LANDIS_GYR,ACTIVE,2012-01-01,LONDON
MTR004799,MAC003349,SMART,LANDIS_GYR,ACTIVE,2012-01-01,LONDON
MTR004800,MAC003350,SMART,LANDIS_GYR,ACTIVE,2012-01-01,LONDON
MTR004801,MAC003351,SMART,LANDIS_GYR,ACTIVE,2012-01-01,LONDON
MTR004802,MAC003352,SMART,LANDIS_GYR,ACTIVE,2012-01-01,LONDON
MTR004803,MAC003353,SMART,LANDIS_GYR,ACTIVE,2012-01-01,LONDON
MTR004804,MAC003354,SMART,LANDIS_GYR,ACTIVE,2012-01-01,LONDON
MTR004805,MAC003355,SMART,LANDIS_GYR,ACTIVE,2012-01-01,LONDON
MTR004806,MAC003356,SMART,LANDIS_GYR,ACTIVE,2012-01-01,LONDON
MTR004807,MAC003357,SMART,LANDIS_GYR,ACTIVE,2012-01-01,LONDON
MTR004808,MAC003359,SMART,LANDIS_GYR,ACTIVE,2012-01-01,LONDON
MTR004809,MAC003361,SMART,LANDIS_GYR,ACTIVE,2012-01-01,LONDON
MTR004810,MAC003362,SMART,LANDIS_GYR,ACTIVE,2012-01-01,LONDON
MTR004811,MAC003363,SMART,LANDIS_GYR,ACTIVE,2012-01-01,LONDON
MTR004812,MAC003364,SMART,LANDIS_GYR,ACTIVE,2012-01-01,LONDON
MTR004813,MAC003367,SMART,LANDIS_GYR,ACTIVE,2012-01-01,LONDON
MTR004814,MAC003368,SMART,LANDIS_GYR,ACTIVE,2012-01-01,LONDON
MTR004815,MAC003369,SMART,LANDIS_GYR,ACTIVE,2012-01-01,LONDON
MTR004816,MAC003370,SMART,LANDIS_GYR,ACTIVE,2012-01-01,LONDON
MTR004817,MAC003371,SMART,LANDIS_GYR,ACTIVE,2012-01-01,LONDON
MTR004818,MAC003373,SMART,LANDIS_GYR,ACTIVE,2012-01-01,LONDON
MTR004819,MAC003374,SMART,LANDIS_GYR,ACTIVE,2012-01-01,LONDON
MTR004820,MAC003375,SMART,LANDIS_GYR,ACTIVE,2012-01-01,LONDON
MTR004821,MAC003376,SMART,LANDIS_GYR,ACTIVE,2012-01-01,LONDON
MTR004822,MAC003377,SMART,LANDIS_GYR,ACTIVE,2012-01-01,LONDON
MTR004823,MAC003378,SMART,LANDIS_GYR,ACTIVE,2012-01-01,LONDON
MTR004824,MAC003380,SMART,LANDIS_GYR,ACTIVE,2012-01-01,LONDON
MTR004825,MAC003381,SMART,LANDIS_GYR,ACTIVE,2012-01-01,LONDON
MTR004826,MAC003382,SMART,LANDIS_GYR,ACTIVE,2012-01-01,LONDON
MTR004827,MAC003383,SMART,LANDIS_GYR,ACTIVE,2012-01-01,LONDON
MTR004828,MAC003384,SMART,LANDIS_GYR,ACTIVE,2012-01-01,LONDON
MTR004829,MAC003385,SMART,LANDIS_GYR,ACTIVE,2012-01-01,LONDON
MTR004830,MAC003386,SMART,LANDIS_GYR,ACTIVE,2012-01-01,LONDON
MTR004831,MAC003388,SMART,LANDIS_GYR,ACTIVE,2012-01-01,LONDON
MTR004832,MAC003389,SMART,LANDIS_GYR,ACTIVE,2012-01-01,LONDON
MTR004833,MAC003391,SMART,LANDIS_GYR,ACTIVE,2012-01-01,LONDON
MTR004834,MAC003392,SMART,LANDIS_GYR,ACTIVE,2012-01-01,LONDON
MTR004835,MAC003393,SMART,LANDIS_GYR,ACTIVE,2012-01-01,LONDON
MTR004836,MAC003394,SMART,LANDIS_GYR,ACTIVE,2012-01-01,LONDON
MTR004837,MAC003395,SMART,LANDIS_GYR,ACTIVE,2012-01-01,LONDON
MTR004838,MAC003397,SMART,LANDIS_GYR,ACTIVE,2012-01-01,LONDON
MTR004839,MAC003398,SMART,LANDIS_GYR,ACTIVE,2012-01-01,LONDON
MTR004840,MAC003400,SMART,LANDIS_GYR,ACTIVE,2012-01-01,LONDON
MTR004841,MAC003401,SMART,LANDIS_GYR,ACTIVE,2012-01-01,LONDON
MTR004842,MAC003402,SMART,LANDIS_GYR,ACTIVE,2012-01-01,LONDON
MTR004843,MAC003403,SMART,LANDIS_GYR,ACTIVE,2012-01-01,LONDON
MTR004844,MAC003404,SMART,LANDIS_GYR,ACTIVE,2012-01-01,LONDON
MTR004845,MAC003405,SMART,LANDIS_GYR,ACTIVE,2012-01-01,LONDON
MTR004846,MAC003406,SMART,LANDIS_GYR,ACTIVE,2012-01-01,LONDON
MTR004847,MAC003407,SMART,LANDIS_GYR,ACTIVE,2012-01-01,LONDON
MTR004848,MAC003408,SMART,LANDIS_GYR,ACTIVE,2012-01-01,LONDON
MTR004849,MAC003410,SMART,LANDIS_GYR,ACTIVE,2012-01-01,LONDON
MTR004850,MAC003411,SMART,LANDIS_GYR,ACTIVE,2012-01-01,LONDON
MTR004851,MAC003412,SMART,LANDIS_GYR,ACTIVE,2012-01-01,LONDON
MTR004852,MAC003413,SMART,LANDIS_GYR,ACTIVE,2012-01-01,LONDON
MTR004853,MAC003415,SMART,LANDIS_GYR,ACTIVE,2012-01-01,LONDON
MTR004854,MAC003416,SMART,LANDIS_GYR,ACTIVE,2012-01-01,LONDON
MTR004855,MAC003417,SMART,LANDIS_GYR,ACTIVE,2012-01-01,LONDON
MTR004856,MAC003418,SMART,LANDIS_GYR,ACTIVE,2012-01-01,LONDON
MTR004857,MAC003420,SMART,LANDIS_GYR,ACTIVE,2012-01-01,LONDON
MTR004858,MAC003421,SMART,LANDIS_GYR,ACTIVE,2012-01-01,LONDON
MTR004859,MAC003422,SMART,LANDIS_GYR,ACTIVE,2012-01-01,LONDON
MTR004860,MAC003423,SMART,LANDIS_GYR,ACTIVE,2012-01-01,LONDON
MTR004861,MAC003424,SMART,LANDIS_GYR,ACTIVE,2012-01-01,LONDON
MTR004862,MAC003426,SMART,LANDIS_GYR,ACTIVE,2012-01-01,LONDON
MTR004863,MAC003428,SMART,LANDIS_GYR,ACTIVE,2012-01-01,LONDON
MTR004864,MAC003431,SMART,LANDIS_GYR,ACTIVE,2012-01-01,LONDON
MTR004865,MAC003432,SMART,LANDIS_GYR,ACTIVE,2012-01-01,LONDON
MTR004866,MAC003433,SMART,LANDIS_GYR,ACTIVE,2012-01-01,LONDON
MTR004867,MAC003435,SMART,LANDIS_GYR,ACTIVE,2012-01-01,LONDON
MTR004868,MAC003437,SMART,LANDIS_GYR,ACTIVE,2012-01-01,LONDON
MTR004869,MAC003438,SMART,LANDIS_GYR,ACTIVE,2012-01-01,LONDON
MTR004870,MAC003440,SMART,LANDIS_GYR,ACTIVE,2012-01-01,LONDON
MTR004871,MAC003441,SMART,LANDIS_GYR,ACTIVE,2012-01-01,LONDON
MTR004872,MAC003442,SMART,LANDIS_GYR,ACTIVE,2012-01-01,LONDON
MTR004873,MAC003443,SMART,LANDIS_GYR,ACTIVE,2012-01-01,LONDON
MTR004874,MAC003444,SMART,LANDIS_GYR,ACTIVE,2012-01-01,LONDON
MTR004875,MAC003445,SMART,LANDIS_GYR,ACTIVE,2012-01-01,LONDON
MTR004876,MAC003446,SMART,LANDIS_GYR,ACTIVE,2012-01-01,LONDON
MTR004877,MAC003447,SMART,LANDIS_GYR,ACTIVE,2012-01-01,LONDON
MTR004878,MAC003448,SMART,LANDIS_GYR,ACTIVE,2012-01-01,LONDON
MTR004879,MAC003449,SMART,LANDIS_GYR,ACTIVE,2012-01-01,LONDON
MTR004880,MAC003450,SMART,LANDIS_GYR,ACTIVE,2012-01-01,LONDON
MTR004881,MAC003451,SMART,LANDIS_GYR,ACTIVE,2012-01-01,LONDON
MTR004882,MAC003452,SMART,LANDIS_GYR,ACTIVE,2012-01-01,LONDON
MTR004883,MAC003453,SMART,LANDIS_GYR,ACTIVE,2012-01-01,LONDON
MTR004884,MAC003454,SMART,LANDIS_GYR,ACTIVE,2012-01-01,LONDON
MTR004885,MAC003455,SMART,LANDIS_GYR,ACTIVE,2012-01-01,LONDON
MTR004886,MAC003456,SMART,LANDIS_GYR,ACTIVE,2012-01-01,LONDON
MTR004887,MAC003457,SMART,LANDIS_GYR,ACTIVE,2012-01-01,LONDON
MTR004888,MAC003458,SMART,LANDIS_GYR,ACTIVE,2012-01-01,LONDON
MTR004889,MAC003459,SMART,LANDIS_GYR,ACTIVE,2012-01-01,LONDON
MTR004890,MAC003460,SMART,LANDIS_GYR,ACTIVE,2012-01-01,LONDON
MTR004891,MAC003462,SMART,LANDIS_GYR,ACTIVE,2012-01-01,LONDON
MTR004892,MAC003463,SMART,LANDIS_GYR,ACTIVE,2012-01-01,LONDON
MTR004893,MAC003464,SMART,LANDIS_GYR,ACTIVE,2012-01-01,LONDON
MTR004894,MAC003465,SMART,LANDIS_GYR,ACTIVE,2012-01-01,LONDON
MTR004895,MAC003466,SMART,LANDIS_GYR,ACTIVE,2012-01-01,LONDON
MTR004896,MAC003468,SMART,LANDIS_GYR,ACTIVE,2012-01-01,LONDON
MTR004897,MAC003469,SMART,LANDIS_GYR,ACTIVE,2012-01-01,LONDON
MTR004898,MAC003470,SMART,LANDIS_GYR,ACTIVE,2012-01-01,LONDON
MTR004899,MAC003473,SMART,LANDIS_GYR,ACTIVE,2012-01-01,LONDON
MTR004900,MAC003475,SMART,LANDIS_GYR,ACTIVE,2012-01-01,LONDON
MTR004901,MAC003477,SMART,LANDIS_GYR,ACTIVE,2012-01-01,LONDON
MTR004902,MAC003478,SMART,LANDIS_GYR,ACTIVE,2012-01-01,LONDON
MTR004903,MAC003479,SMART,LANDIS_GYR,ACTIVE,2012-01-01,LONDON
MTR004904,MAC003480,SMART,LANDIS_GYR,ACTIVE,2012-01-01,LONDON
MTR004905,MAC003481,SMART,LANDIS_GYR,ACTIVE,2012-01-01,LONDON
MTR004906,MAC003482,SMART,LANDIS_GYR,ACTIVE,2012-01-01,LONDON
MTR004907,MAC003484,SMART,LANDIS_GYR,ACTIVE,2012-01-01,LONDON
MTR004908,MAC003485,SMART,LANDIS_GYR,ACTIVE,2012-01-01,LONDON
MTR004909,MAC003486,SMART,LANDIS_GYR,ACTIVE,2012-01-01,LONDON
MTR004910,MAC003487,SMART,LANDIS_GYR,ACTIVE,2012-01-01,LONDON
MTR004911,MAC003488,SMART,LANDIS_GYR,ACTIVE,2012-01-01,LONDON
MTR004912,MAC003490,SMART,LANDIS_GYR,ACTIVE,2012-01-01,LONDON
MTR004913,MAC003491,SMART,LANDIS_GYR,ACTIVE,2012-01-01,LONDON
MTR004914,MAC003492,SMART,LANDIS_GYR,ACTIVE,2012-01-01,LONDON
MTR004915,MAC003493,SMART,LANDIS_GYR,ACTIVE,2012-01-01,LONDON
MTR004916,MAC003494,SMART,LANDIS_GYR,ACTIVE,2012-01-01,LONDON
MTR004917,MAC003495,SMART,LANDIS_GYR,ACTIVE,2012-01-01,LONDON
MTR004918,MAC003496,SMART,LANDIS_GYR,ACTIVE,2012-01-01,LONDON
MTR004919,MAC003497,SMART,LANDIS_GYR,ACTIVE,2012-01-01,LONDON
MTR004920,MAC003498,SMART,LANDIS_GYR,ACTIVE,2012-01-01,LONDON
MTR004921,MAC003499,SMART,LANDIS_GYR,ACTIVE,2012-01-01,LONDON
MTR004922,MAC003500,SMART,LANDIS_GYR,ACTIVE,2012-01-01,LONDON
MTR004923,MAC003501,SMART,LANDIS_GYR,ACTIVE,2012-01-01,LONDON
MTR004924,MAC003504,SMART,LANDIS_GYR,ACTIVE,2012-01-01,LONDON
MTR004925,MAC003506,SMART,LANDIS_GYR,ACTIVE,2012-01-01,LONDON
MTR004926,MAC003507,SMART,LANDIS_GYR,ACTIVE,2012-01-01,LONDON
MTR004927,MAC003508,SMART,LANDIS_GYR,ACTIVE,2012-01-01,LONDON
MTR004928,MAC003509,SMART,LANDIS_GYR,ACTIVE,2012-01-01,LONDON
MTR004929,MAC003510,SMART,LANDIS_GYR,ACTIVE,2012-01-01,LONDON
MTR004930,MAC003511,SMART,LANDIS_GYR,ACTIVE,2012-01-01,LONDON
MTR004931,MAC003512,SMART,LANDIS_GYR,ACTIVE,2012-01-01,LONDON
MTR004932,MAC003514,SMART,LANDIS_GYR,ACTIVE,2012-01-01,LONDON
MTR004933,MAC003515,SMART,LANDIS_GYR,ACTIVE,2012-01-01,LONDON
MTR004934,MAC003516,SMART,LANDIS_GYR,ACTIVE,2012-01-01,LONDON
MTR004935,MAC003517,SMART,LANDIS_GYR,ACTIVE,2012-01-01,LONDON
MTR004936,MAC003518,SMART,LANDIS_GYR,ACTIVE,2012-01-01,LONDON
MTR004937,MAC003519,SMART,LANDIS_GYR,ACTIVE,2012-01-01,LONDON
MTR004938,MAC003520,SMART,LANDIS_GYR,ACTIVE,2012-01-01,LONDON
MTR004939,MAC003521,SMART,LANDIS_GYR,ACTIVE,2012-01-01,LONDON
MTR004940,MAC003522,SMART,LANDIS_GYR,ACTIVE,2012-01-01,LONDON
MTR004941,MAC003526,SMART,LANDIS_GYR,ACTIVE,2012-01-01,LONDON
MTR004942,MAC003527,SMART,LANDIS_GYR,ACTIVE,2012-01-01,LONDON
MTR004943,MAC003529,SMART,LANDIS_GYR,ACTIVE,2012-01-01,LONDON
MTR004944,MAC003530,SMART,LANDIS_GYR,ACTIVE,2012-01-01,LONDON
MTR004945,MAC003532,SMART,LANDIS_GYR,ACTIVE,2012-01-01,LONDON
MTR004946,MAC003533,SMART,LANDIS_GYR,ACTIVE,2012-01-01,LONDON
MTR004947,MAC003534,SMART,LANDIS_GYR,ACTIVE,2012-01-01,LONDON
MTR004948,MAC003535,SMART,LANDIS_GYR,ACTIVE,2012-01-01,LONDON
MTR004949,MAC003537,SMART,LANDIS_GYR,ACTIVE,2012-01-01,LONDON
MTR004950,MAC003538,SMART,LANDIS_GYR,ACTIVE,2012-01-01,LONDON
MTR004951,MAC003540,SMART,LANDIS_GYR,ACTIVE,2012-01-01,LONDON
MTR004952,MAC003542,SMART,LANDIS_GYR,ACTIVE,2012-01-01,LONDON
MTR004953,MAC003543,SMART,LANDIS_GYR,ACTIVE,2012-01-01,LONDON
MTR004954,MAC003546,SMART,LANDIS_GYR,ACTIVE,2012-01-01,LONDON
MTR004955,MAC003547,SMART,LANDIS_GYR,ACTIVE,2012-01-01,LONDON
MTR004956,MAC003548,SMART,LANDIS_GYR,ACTIVE,2012-01-01,LONDON
MTR004957,MAC003549,SMART,LANDIS_GYR,ACTIVE,2012-01-01,LONDON
MTR004958,MAC003551,SMART,LANDIS_GYR,ACTIVE,2012-01-01,LONDON
MTR004959,MAC003552,SMART,LANDIS_GYR,ACTIVE,2012-01-01,LONDON
MTR004960,MAC003553,SMART,LANDIS_GYR,ACTIVE,2012-01-01,LONDON
MTR004961,MAC003554,SMART,LANDIS_GYR,ACTIVE,2012-01-01,LONDON
MTR004962,MAC003556,SMART,LANDIS_GYR,ACTIVE,2012-01-01,LONDON
MTR004963,MAC003557,SMART,LANDIS_GYR,ACTIVE,2012-01-01,LONDON
MTR004964,MAC003558,SMART,LANDIS_GYR,ACTIVE,2012-01-01,LONDON
MTR004965,MAC003561,SMART,LANDIS_GYR,ACTIVE,2012-01-01,LONDON
MTR004966,MAC003562,SMART,LANDIS_GYR,ACTIVE,2012-01-01,LONDON
MTR004967,MAC003563,SMART,LANDIS_GYR,ACTIVE,2012-01-01,LONDON
MTR004968,MAC003564,SMART,LANDIS_GYR,ACTIVE,2012-01-01,LONDON
MTR004969,MAC003565,SMART,LANDIS_GYR,ACTIVE,2012-01-01,LONDON
MTR004970,MAC003566,SMART,LANDIS_GYR,ACTIVE,2012-01-01,LONDON
MTR004971,MAC003567,SMART,LANDIS_GYR,ACTIVE,2012-01-01,LONDON
MTR004972,MAC003568,SMART,LANDIS_GYR,ACTIVE,2012-01-01,LONDON
MTR004973,MAC003569,SMART,LANDIS_GYR,ACTIVE,2012-01-01,LONDON
MTR004974,MAC003570,SMART,LANDIS_GYR,ACTIVE,2012-01-01,LONDON
MTR004975,MAC003572,SMART,LANDIS_GYR,ACTIVE,2012-01-01,LONDON
MTR004976,MAC003573,SMART,LANDIS_GYR,ACTIVE,2012-01-01,LONDON
MTR004977,MAC003574,SMART,LANDIS_GYR,ACTIVE,2012-01-01,LONDON
MTR004978,MAC003575,SMART,LANDIS_GYR,ACTIVE,2012-01-01,LONDON
MTR004979,MAC003576,SMART,LANDIS_GYR,ACTIVE,2012-01-01,LONDON
MTR004980,MAC003577,SMART,LANDIS_GYR,ACTIVE,2012-01-01,LONDON
MTR004981,MAC003578,SMART,LANDIS_GYR,ACTIVE,2012-01-01,LONDON
MTR004982,MAC003579,SMART,LANDIS_GYR,ACTIVE,2012-01-01,LONDON
MTR004983,MAC003582,SMART,LANDIS_GYR,ACTIVE,2012-01-01,LONDON
MTR004984,MAC003583,SMART,LANDIS_GYR,ACTIVE,2012-01-01,LONDON
MTR004985,MAC003584,SMART,LANDIS_GYR,ACTIVE,2012-01-01,LONDON
MTR004986,MAC003585,SMART,LANDIS_GYR,ACTIVE,2012-01-01,LONDON
MTR004987,MAC003586,SMART,LANDIS_GYR,ACTIVE,2012-01-01,LONDON
MTR004988,MAC003587,SMART,LANDIS_GYR,ACTIVE,2012-01-01,LONDON
MTR004989,MAC003589,SMART,LANDIS_GYR,ACTIVE,2012-01-01,LONDON
MTR004990,MAC003590,SMART,LANDIS_GYR,ACTIVE,2012-01-01,LONDON
MTR004991,MAC003591,SMART,LANDIS_GYR,ACTIVE,2012-01-01,LONDON
MTR004992,MAC003592,SMART,LANDIS_GYR,ACTIVE,2012-01-01,LONDON
MTR004993,MAC003593,SMART,LANDIS_GYR,ACTIVE,2012-01-01,LONDON
MTR004994,MAC003594,SMART,LANDIS_GYR,ACTIVE,2012-01-01,LONDON
MTR004995,MAC003595,SMART,LANDIS_GYR,ACTIVE,2012-01-01,LONDON
MTR004996,MAC003596,SMART,LANDIS_GYR,ACTIVE,2012-01-01,LONDON
MTR004997,MAC003597,SMART,LANDIS_GYR,ACTIVE,2012-01-01,LONDON
MTR004998,MAC003598,SMART,LANDIS_GYR,ACTIVE,2012-01-01,LONDON
MTR004999,MAC003599,SMART,LANDIS_GYR,ACTIVE,2012-01-01,LONDON
MTR005000,MAC003600,SMART,LANDIS_GYR,ACTIVE,2012-01-01,LONDON
MTR005001,MAC003601,SMART,LANDIS_GYR,ACTIVE,2012-01-01,LONDON
MTR005002,MAC003602,SMART,LANDIS_GYR,ACTIVE,2012-01-01,LONDON
MTR005003,MAC003603,SMART,LANDIS_GYR,ACTIVE,2012-01-01,LONDON
MTR005004,MAC003604,SMART,LANDIS_GYR,ACTIVE,2012-01-01,LONDON
MTR005005,MAC003607,SMART,LANDIS_GYR,ACTIVE,2012-01-01,LONDON
MTR005006,MAC003608,SMART,LANDIS_GYR,ACTIVE,2012-01-01,LONDON
MTR005007,MAC003609,SMART,LANDIS_GYR,ACTIVE,2012-01-01,LONDON
MTR005008,MAC003610,SMART,LANDIS_GYR,ACTIVE,2012-01-01,LONDON
MTR005009,MAC003611,SMART,LANDIS_GYR,ACTIVE,2012-01-01,LONDON
MTR005010,MAC003612,SMART,LANDIS_GYR,ACTIVE,2012-01-01,LONDON
MTR005011,MAC003613,SMART,LANDIS_GYR,ACTIVE,2012-01-01,LONDON
MTR005012,MAC003614,SMART,LANDIS_GYR,ACTIVE,2012-01-01,LONDON
MTR005013,MAC003615,SMART,LANDIS_GYR,ACTIVE,2012-01-01,LONDON
MTR005014,MAC003616,SMART,LANDIS_GYR,ACTIVE,2012-01-01,LONDON
MTR005015,MAC003618,SMART,LANDIS_GYR,ACTIVE,2012-01-01,LONDON
MTR005016,MAC003619,SMART,LANDIS_GYR,ACTIVE,2012-01-01,LONDON
MTR005017,MAC003620,SMART,LANDIS_GYR,ACTIVE,2012-01-01,LONDON
MTR005018,MAC003621,SMART,LANDIS_GYR,ACTIVE,2012-01-01,LONDON
MTR005019,MAC003622,SMART,LANDIS_GYR,ACTIVE,2012-01-01,LONDON
MTR005020,MAC003623,SMART,LANDIS_GYR,ACTIVE,2012-01-01,LONDON
MTR005021,MAC003624,SMART,LANDIS_GYR,ACTIVE,2012-01-01,LONDON
MTR005022,MAC003625,SMART,LANDIS_GYR,ACTIVE,2012-01-01,LONDON
MTR005023,MAC003627,SMART,LANDIS_GYR,ACTIVE,2012-01-01,LONDON
MTR005024,MAC003628,SMART,LANDIS_GYR,ACTIVE,2012-01-01,LONDON
MTR005025,MAC003629,SMART,LANDIS_GYR,ACTIVE,2012-01-01,LONDON
MTR005026,MAC003630,SMART,LANDIS_GYR,ACTIVE,2012-01-01,LONDON
MTR005027,MAC003631,SMART,LANDIS_GYR,ACTIVE,2012-01-01,LONDON
MTR005028,MAC003632,SMART,LANDIS_GYR,ACTIVE,2012-01-01,LONDON
MTR005029,MAC003633,SMART,LANDIS_GYR,ACTIVE,2012-01-01,LONDON
MTR005030,MAC003635,SMART,LANDIS_GYR,ACTIVE,2012-01-01,LONDON
MTR005031,MAC003636,SMART,LANDIS_GYR,ACTIVE,2012-01-01,LONDON
MTR005032,MAC003639,SMART,LANDIS_GYR,ACTIVE,2012-01-01,LONDON
MTR005033,MAC003640,SMART,LANDIS_GYR,ACTIVE,2012-01-01,LONDON
MTR005034,MAC003641,SMART,LANDIS_GYR,ACTIVE,2012-01-01,LONDON
MTR005035,MAC003642,SMART,LANDIS_GYR,ACTIVE,2012-01-01,LONDON
MTR005036,MAC003644,SMART,LANDIS_GYR,ACTIVE,2012-01-01,LONDON
MTR005037,MAC003645,SMART,LANDIS_GYR,ACTIVE,2012-01-01,LONDON
MTR005038,MAC003646,SMART,LANDIS_GYR,ACTIVE,2012-01-01,LONDON
MTR005039,MAC003647,SMART,LANDIS_GYR,ACTIVE,2012-01-01,LONDON
MTR005040,MAC003650,SMART,LANDIS_GYR,ACTIVE,2012-01-01,LONDON
MTR005041,MAC003651,SMART,LANDIS_GYR,ACTIVE,2012-01-01,LONDON
MTR005042,MAC003653,SMART,LANDIS_GYR,ACTIVE,2012-01-01,LONDON
MTR005043,MAC003654,SMART,LANDIS_GYR,ACTIVE,2012-01-01,LONDON
MTR005044,MAC003655,SMART,LANDIS_GYR,ACTIVE,2012-01-01,LONDON
MTR005045,MAC003656,SMART,LANDIS_GYR,ACTIVE,2012-01-01,LONDON
MTR005046,MAC003657,SMART,LANDIS_GYR,ACTIVE,2012-01-01,LONDON
MTR005047,MAC003658,SMART,LANDIS_GYR,ACTIVE,2012-01-01,LONDON
MTR005048,MAC003659,SMART,LANDIS_GYR,ACTIVE,2012-01-01,LONDON
MTR005049,MAC003660,SMART,LANDIS_GYR,ACTIVE,2012-01-01,LONDON
MTR005050,MAC003662,SMART,LANDIS_GYR,ACTIVE,2012-01-01,LONDON
MTR005051,MAC003663,SMART,LANDIS_GYR,ACTIVE,2012-01-01,LONDON
MTR005052,MAC003664,SMART,LANDIS_GYR,ACTIVE,2012-01-01,LONDON
MTR005053,MAC003667,SMART,LANDIS_GYR,ACTIVE,2012-01-01,LONDON
MTR005054,MAC003668,SMART,LANDIS_GYR,ACTIVE,2012-01-01,LONDON
MTR005055,MAC003670,SMART,LANDIS_GYR,ACTIVE,2012-01-01,LONDON
MTR005056,MAC003671,SMART,LANDIS_GYR,ACTIVE,2012-01-01,LONDON
MTR005057,MAC003672,SMART,LANDIS_GYR,ACTIVE,2012-01-01,LONDON
MTR005058,MAC003673,SMART,LANDIS_GYR,ACTIVE,2012-01-01,LONDON
MTR005059,MAC003674,SMART,LANDIS_GYR,ACTIVE,2012-01-01,LONDON
MTR005060,MAC003676,SMART,LANDIS_GYR,ACTIVE,2012-01-01,LONDON
MTR005061,MAC003678,SMART,LANDIS_GYR,ACTIVE,2012-01-01,LONDON
MTR005062,MAC003680,SMART,LANDIS_GYR,ACTIVE,2012-01-01,LONDON
MTR005063,MAC003681,SMART,LANDIS_GYR,ACTIVE,2012-01-01,LONDON
MTR005064,MAC003683,SMART,LANDIS_GYR,ACTIVE,2012-01-01,LONDON
MTR005065,MAC003685,SMART,LANDIS_GYR,ACTIVE,2012-01-01,LONDON
MTR005066,MAC003686,SMART,LANDIS_GYR,ACTIVE,2012-01-01,LONDON
MTR005067,MAC003687,SMART,LANDIS_GYR,ACTIVE,2012-01-01,LONDON
MTR005068,MAC003688,SMART,LANDIS_GYR,ACTIVE,2012-01-01,LONDON
MTR005069,MAC003689,SMART,LANDIS_GYR,ACTIVE,2012-01-01,LONDON
MTR005070,MAC003690,SMART,LANDIS_GYR,ACTIVE,2012-01-01,LONDON
MTR005071,MAC003691,SMART,LANDIS_GYR,ACTIVE,2012-01-01,LONDON
MTR005072,MAC003692,SMART,LANDIS_GYR,ACTIVE,2012-01-01,LONDON
MTR005073,MAC003693,SMART,LANDIS_GYR,ACTIVE,2012-01-01,LONDON
MTR005074,MAC003694,SMART,LANDIS_GYR,ACTIVE,2012-01-01,LONDON
MTR005075,MAC003696,SMART,LANDIS_GYR,ACTIVE,2012-01-01,LONDON
MTR005076,MAC003697,SMART,LANDIS_GYR,ACTIVE,2012-01-01,LONDON
MTR005077,MAC003698,SMART,LANDIS_GYR,ACTIVE,2012-01-01,LONDON
MTR005078,MAC003699,SMART,LANDIS_GYR,ACTIVE,2012-01-01,LONDON
MTR005079,MAC003700,SMART,LANDIS_GYR,ACTIVE,2012-01-01,LONDON
MTR005080,MAC003701,SMART,LANDIS_GYR,ACTIVE,2012-01-01,LONDON
MTR005081,MAC003702,SMART,LANDIS_GYR,ACTIVE,2012-01-01,LONDON
MTR005082,MAC003704,SMART,LANDIS_GYR,ACTIVE,2012-01-01,LONDON
MTR005083,MAC003707,SMART,LANDIS_GYR,ACTIVE,2012-01-01,LONDON
MTR005084,MAC003709,SMART,LANDIS_GYR,ACTIVE,2012-01-01,LONDON
MTR005085,MAC003710,SMART,LANDIS_GYR,ACTIVE,2012-01-01,LONDON
MTR005086,MAC003711,SMART,LANDIS_GYR,ACTIVE,2012-01-01,LONDON
MTR005087,MAC003712,SMART,LANDIS_GYR,ACTIVE,2012-01-01,LONDON
MTR005088,MAC003714,SMART,LANDIS_GYR,ACTIVE,2012-01-01,LONDON
MTR005089,MAC003715,SMART,LANDIS_GYR,ACTIVE,2012-01-01,LONDON
MTR005090,MAC003716,SMART,LANDIS_GYR,ACTIVE,2012-01-01,LONDON
MTR005091,MAC003717,SMART,LANDIS_GYR,ACTIVE,2012-01-01,LONDON
MTR005092,MAC003718,SMART,LANDIS_GYR,ACTIVE,2012-01-01,LONDON
MTR005093,MAC003719,SMART,LANDIS_GYR,ACTIVE,2012-01-01,LONDON
MTR005094,MAC003720,SMART,LANDIS_GYR,ACTIVE,2012-01-01,LONDON
MTR005095,MAC003721,SMART,LANDIS_GYR,ACTIVE,2012-01-01,LONDON
MTR005096,MAC003724,SMART,LANDIS_GYR,ACTIVE,2012-01-01,LONDON
MTR005097,MAC003725,SMART,LANDIS_GYR,ACTIVE,2012-01-01,LONDON
MTR005098,MAC003726,SMART,LANDIS_GYR,ACTIVE,2012-01-01,LONDON
MTR005099,MAC003727,SMART,LANDIS_GYR,ACTIVE,2012-01-01,LONDON
MTR005100,MAC003729,SMART,LANDIS_GYR,ACTIVE,2012-01-01,LONDON
MTR005101,MAC003730,SMART,LANDIS_GYR,ACTIVE,2012-01-01,LONDON
MTR005102,MAC003731,SMART,LANDIS_GYR,ACTIVE,2012-01-01,LONDON
MTR005103,MAC003732,SMART,LANDIS_GYR,ACTIVE,2012-01-01,LONDON
MTR005104,MAC003733,SMART,LANDIS_GYR,ACTIVE,2012-01-01,LONDON
MTR005105,MAC003734,SMART,LANDIS_GYR,ACTIVE,2012-01-01,LONDON
MTR005106,MAC003735,SMART,LANDIS_GYR,ACTIVE,2012-01-01,LONDON
MTR005107,MAC003737,SMART,LANDIS_GYR,ACTIVE,2012-01-01,LONDON
MTR005108,MAC003739,SMART,LANDIS_GYR,ACTIVE,2012-01-01,LONDON
MTR005109,MAC003740,SMART,LANDIS_GYR,ACTIVE,2012-01-01,LONDON
MTR005110,MAC003741,SMART,LANDIS_GYR,ACTIVE,2012-01-01,LONDON
MTR005111,MAC003742,SMART,LANDIS_GYR,ACTIVE,2012-01-01,LONDON
MTR005112,MAC003743,SMART,LANDIS_GYR,ACTIVE,2012-01-01,LONDON
MTR005113,MAC003744,SMART,LANDIS_GYR,ACTIVE,2012-01-01,LONDON
MTR005114,MAC003746,SMART,LANDIS_GYR,ACTIVE,2012-01-01,LONDON
MTR005115,MAC003748,SMART,LANDIS_GYR,ACTIVE,2012-01-01,LONDON
MTR005116,MAC003749,SMART,LANDIS_GYR,ACTIVE,2012-01-01,LONDON
MTR005117,MAC003750,SMART,LANDIS_GYR,ACTIVE,2012-01-01,LONDON
MTR005118,MAC003751,SMART,LANDIS_GYR,ACTIVE,2012-01-01,LONDON
MTR005119,MAC003752,SMART,LANDIS_GYR,ACTIVE,2012-01-01,LONDON
MTR005120,MAC003754,SMART,LANDIS_GYR,ACTIVE,2012-01-01,LONDON
MTR005121,MAC003755,SMART,LANDIS_GYR,ACTIVE,2012-01-01,LONDON
MTR005122,MAC003756,SMART,LANDIS_GYR,ACTIVE,2012-01-01,LONDON
MTR005123,MAC003757,SMART,LANDIS_GYR,ACTIVE,2012-01-01,LONDON
MTR005124,MAC003759,SMART,LANDIS_GYR,ACTIVE,2012-01-01,LONDON
MTR005125,MAC003761,SMART,LANDIS_GYR,ACTIVE,2012-01-01,LONDON
MTR005126,MAC003763,SMART,LANDIS_GYR,ACTIVE,2012-01-01,LONDON
MTR005127,MAC003764,SMART,LANDIS_GYR,ACTIVE,2012-01-01,LONDON
MTR005128,MAC003765,SMART,LANDIS_GYR,ACTIVE,2012-01-01,LONDON
MTR005129,MAC003767,SMART,LANDIS_GYR,ACTIVE,2012-01-01,LONDON
MTR005130,MAC003768,SMART,LANDIS_GYR,ACTIVE,2012-01-01,LONDON
MTR005131,MAC003770,SMART,LANDIS_GYR,ACTIVE,2012-01-01,LONDON
MTR005132,MAC003772,SMART,LANDIS_GYR,ACTIVE,2012-01-01,LONDON
MTR005133,MAC003773,SMART,LANDIS_GYR,ACTIVE,2012-01-01,LONDON
MTR005134,MAC003774,SMART,LANDIS_GYR,ACTIVE,2012-01-01,LONDON
MTR005135,MAC003775,SMART,LANDIS_GYR,ACTIVE,2012-01-01,LONDON
MTR005136,MAC003776,SMART,LANDIS_GYR,ACTIVE,2012-01-01,LONDON
MTR005137,MAC003777,SMART,LANDIS_GYR,ACTIVE,2012-01-01,LONDON
MTR005138,MAC003778,SMART,LANDIS_GYR,ACTIVE,2012-01-01,LONDON
MTR005139,MAC003779,SMART,LANDIS_GYR,ACTIVE,2012-01-01,LONDON
MTR005140,MAC003780,SMART,LANDIS_GYR,ACTIVE,2012-01-01,LONDON
MTR005141,MAC003781,SMART,LANDIS_GYR,ACTIVE,2012-01-01,LONDON
MTR005142,MAC003784,SMART,LANDIS_GYR,ACTIVE,2012-01-01,LONDON
MTR005143,MAC003785,SMART,LANDIS_GYR,ACTIVE,2012-01-01,LONDON
MTR005144,MAC003786,SMART,LANDIS_GYR,ACTIVE,2012-01-01,LONDON
MTR005145,MAC003787,SMART,LANDIS_GYR,ACTIVE,2012-01-01,LONDON
MTR005146,MAC003789,SMART,LANDIS_GYR,ACTIVE,2012-01-01,LONDON
MTR005147,MAC003790,SMART,LANDIS_GYR,ACTIVE,2012-01-01,LONDON
MTR005148,MAC003791,SMART,LANDIS_GYR,ACTIVE,2012-01-01,LONDON
MTR005149,MAC003792,SMART,LANDIS_GYR,ACTIVE,2012-01-01,LONDON
MTR005150,MAC003793,SMART,LANDIS_GYR,ACTIVE,2012-01-01,LONDON
MTR005151,MAC003794,SMART,LANDIS_GYR,ACTIVE,2012-01-01,LONDON
MTR005152,MAC003795,SMART,LANDIS_GYR,ACTIVE,2012-01-01,LONDON
MTR005153,MAC003796,SMART,LANDIS_GYR,ACTIVE,2012-01-01,LONDON
MTR005154,MAC003797,SMART,LANDIS_GYR,ACTIVE,2012-01-01,LONDON
MTR005155,MAC003798,SMART,LANDIS_GYR,ACTIVE,2012-01-01,LONDON
MTR005156,MAC003799,SMART,LANDIS_GYR,ACTIVE,2012-01-01,LONDON
MTR005157,MAC003800,SMART,LANDIS_GYR,ACTIVE,2012-01-01,LONDON
MTR005158,MAC003801,SMART,LANDIS_GYR,ACTIVE,2012-01-01,LONDON
MTR005159,MAC003802,SMART,LANDIS_GYR,ACTIVE,2012-01-01,LONDON
MTR005160,MAC003803,SMART,LANDIS_GYR,ACTIVE,2012-01-01,LONDON
MTR005161,MAC003804,SMART,LANDIS_GYR,ACTIVE,2012-01-01,LONDON
MTR005162,MAC003805,SMART,LANDIS_GYR,ACTIVE,2012-01-01,LONDON
MTR005163,MAC003806,SMART,LANDIS_GYR,ACTIVE,2012-01-01,LONDON
MTR005164,MAC003809,SMART,LANDIS_GYR,ACTIVE,2012-01-01,LONDON
MTR005165,MAC003810,SMART,LANDIS_GYR,ACTIVE,2012-01-01,LONDON
MTR005166,MAC003811,SMART,LANDIS_GYR,ACTIVE,2012-01-01,LONDON
MTR005167,MAC003812,SMART,LANDIS_GYR,ACTIVE,2012-01-01,LONDON
MTR005168,MAC003813,SMART,LANDIS_GYR,ACTIVE,2012-01-01,LONDON
MTR005169,MAC003814,SMART,LANDIS_GYR,ACTIVE,2012-01-01,LONDON
MTR005170,MAC003815,SMART,LANDIS_GYR,ACTIVE,2012-01-01,LONDON
MTR005171,MAC003817,SMART,LANDIS_GYR,ACTIVE,2012-01-01,LONDON
MTR005172,MAC003818,SMART,LANDIS_GYR,ACTIVE,2012-01-01,LONDON
MTR005173,MAC003819,SMART,LANDIS_GYR,ACTIVE,2012-01-01,LONDON
MTR005174,MAC003821,SMART,LANDIS_GYR,ACTIVE,2012-01-01,LONDON
MTR005175,MAC003822,SMART,LANDIS_GYR,ACTIVE,2012-01-01,LONDON
MTR005176,MAC003824,SMART,LANDIS_GYR,ACTIVE,2012-01-01,LONDON
MTR005177,MAC003825,SMART,LANDIS_GYR,ACTIVE,2012-01-01,LONDON
MTR005178,MAC000296,SMART,LANDIS_GYR,ACTIVE,2012-01-01,LONDON
MTR005179,MAC000297,SMART,LANDIS_GYR,ACTIVE,2012-01-01,LONDON
MTR005180,MAC000299,SMART,LANDIS_GYR,ACTIVE,2012-01-01,LONDON
MTR005181,MAC000300,SMART,LANDIS_GYR,ACTIVE,2012-01-01,LONDON
MTR005182,MAC000301,SMART,LANDIS_GYR,ACTIVE,2012-01-01,LONDON
MTR005183,MAC000302,SMART,LANDIS_GYR,ACTIVE,2012-01-01,LONDON
MTR005184,MAC000304,SMART,LANDIS_GYR,ACTIVE,2012-01-01,LONDON
MTR005185,MAC000305,SMART,LANDIS_GYR,ACTIVE,2012-01-01,LONDON
MTR005186,MAC000306,SMART,LANDIS_GYR,ACTIVE,2012-01-01,LONDON
MTR005187,MAC000307,SMART,LANDIS_GYR,ACTIVE,2012-01-01,LONDON
MTR005188,MAC000308,SMART,LANDIS_GYR,ACTIVE,2012-01-01,LONDON
MTR005189,MAC000309,SMART,LANDIS_GYR,ACTIVE,2012-01-01,LONDON
MTR005190,MAC000310,SMART,LANDIS_GYR,ACTIVE,2012-01-01,LONDON
MTR005191,MAC000311,SMART,LANDIS_GYR,ACTIVE,2012-01-01,LONDON
MTR005192,MAC000312,SMART,LANDIS_GYR,ACTIVE,2012-01-01,LONDON
MTR005193,MAC000313,SMART,LANDIS_GYR,ACTIVE,2012-01-01,LONDON
MTR005194,MAC000314,SMART,LANDIS_GYR,ACTIVE,2012-01-01,LONDON
MTR005195,MAC000315,SMART,LANDIS_GYR,ACTIVE,2012-01-01,LONDON
MTR005196,MAC000316,SMART,LANDIS_GYR,ACTIVE,2012-01-01,LONDON
MTR005197,MAC000317,SMART,LANDIS_GYR,ACTIVE,2012-01-01,LONDON
MTR005198,MAC000318,SMART,LANDIS_GYR,ACTIVE,2012-01-01,LONDON
MTR005199,MAC000319,SMART,LANDIS_GYR,ACTIVE,2012-01-01,LONDON
MTR005200,MAC000320,SMART,LANDIS_GYR,ACTIVE,2012-01-01,LONDON
MTR005201,MAC000321,SMART,LANDIS_GYR,ACTIVE,2012-01-01,LONDON
MTR005202,MAC000322,SMART,LANDIS_GYR,ACTIVE,2012-01-01,LONDON
MTR005203,MAC000323,SMART,LANDIS_GYR,ACTIVE,2012-01-01,LONDON
MTR005204,MAC000324,SMART,LANDIS_GYR,ACTIVE,2012-01-01,LONDON
MTR005205,MAC000325,SMART,LANDIS_GYR,ACTIVE,2012-01-01,LONDON
MTR005206,MAC003826,SMART,LANDIS_GYR,ACTIVE,2012-01-01,LONDON
MTR005207,MAC003828,SMART,LANDIS_GYR,ACTIVE,2012-01-01,LONDON
MTR005208,MAC003830,SMART,LANDIS_GYR,ACTIVE,2012-01-01,LONDON
MTR005209,MAC003831,SMART,LANDIS_GYR,ACTIVE,2012-01-01,LONDON
MTR005210,MAC003832,SMART,LANDIS_GYR,ACTIVE,2012-01-01,LONDON
MTR005211,MAC003833,SMART,LANDIS_GYR,ACTIVE,2012-01-01,LONDON
MTR005212,MAC003834,SMART,LANDIS_GYR,ACTIVE,2012-01-01,LONDON
MTR005213,MAC003835,SMART,LANDIS_GYR,ACTIVE,2012-01-01,LONDON
MTR005214,MAC003836,SMART,LANDIS_GYR,ACTIVE,2012-01-01,LONDON
MTR005215,MAC003837,SMART,LANDIS_GYR,ACTIVE,2012-01-01,LONDON
MTR005216,MAC003838,SMART,LANDIS_GYR,ACTIVE,2012-01-01,LONDON
MTR005217,MAC003839,SMART,LANDIS_GYR,ACTIVE,2012-01-01,LONDON
MTR005218,MAC003840,SMART,LANDIS_GYR,ACTIVE,2012-01-01,LONDON
MTR005219,MAC003841,SMART,LANDIS_GYR,ACTIVE,2012-01-01,LONDON
MTR005220,MAC003842,SMART,LANDIS_GYR,ACTIVE,2012-01-01,LONDON
MTR005221,MAC003843,SMART,LANDIS_GYR,ACTIVE,2012-01-01,LONDON
MTR005222,MAC003844,SMART,LANDIS_GYR,ACTIVE,2012-01-01,LONDON
MTR005223,MAC003845,SMART,LANDIS_GYR,ACTIVE,2012-01-01,LONDON
MTR005224,MAC003846,SMART,LANDIS_GYR,ACTIVE,2012-01-01,LONDON
MTR005225,MAC003847,SMART,LANDIS_GYR,ACTIVE,2012-01-01,LONDON
MTR005226,MAC003849,SMART,LANDIS_GYR,ACTIVE,2012-01-01,LONDON
MTR005227,MAC003850,SMART,LANDIS_GYR,ACTIVE,2012-01-01,LONDON
MTR005228,MAC003851,SMART,LANDIS_GYR,ACTIVE,2012-01-01,LONDON
MTR005229,MAC003853,SMART,LANDIS_GYR,ACTIVE,2012-01-01,LONDON
MTR005230,MAC003854,SMART,LANDIS_GYR,ACTIVE,2012-01-01,LONDON
MTR005231,MAC003855,SMART,LANDIS_GYR,ACTIVE,2012-01-01,LONDON
MTR005232,MAC003856,SMART,LANDIS_GYR,ACTIVE,2012-01-01,LONDON
MTR005233,MAC003857,SMART,LANDIS_GYR,ACTIVE,2012-01-01,LONDON
MTR005234,MAC003858,SMART,LANDIS_GYR,ACTIVE,2012-01-01,LONDON
MTR005235,MAC003859,SMART,LANDIS_GYR,ACTIVE,2012-01-01,LONDON
MTR005236,MAC003860,SMART,LANDIS_GYR,ACTIVE,2012-01-01,LONDON
MTR005237,MAC003861,SMART,LANDIS_GYR,ACTIVE,2012-01-01,LONDON
MTR005238,MAC003863,SMART,LANDIS_GYR,ACTIVE,2012-01-01,LONDON
MTR005239,MAC003864,SMART,LANDIS_GYR,ACTIVE,2012-01-01,LONDON
MTR005240,MAC003866,SMART,LANDIS_GYR,ACTIVE,2012-01-01,LONDON
MTR005241,MAC003867,SMART,LANDIS_GYR,ACTIVE,2012-01-01,LONDON
MTR005242,MAC003868,SMART,LANDIS_GYR,ACTIVE,2012-01-01,LONDON
MTR005243,MAC003870,SMART,LANDIS_GYR,ACTIVE,2012-01-01,LONDON
MTR005244,MAC003871,SMART,LANDIS_GYR,ACTIVE,2012-01-01,LONDON
MTR005245,MAC003872,SMART,LANDIS_GYR,ACTIVE,2012-01-01,LONDON
MTR005246,MAC003873,SMART,LANDIS_GYR,ACTIVE,2012-01-01,LONDON
MTR005247,MAC003874,SMART,LANDIS_GYR,ACTIVE,2012-01-01,LONDON
MTR005248,MAC003875,SMART,LANDIS_GYR,ACTIVE,2012-01-01,LONDON
MTR005249,MAC003876,SMART,LANDIS_GYR,ACTIVE,2012-01-01,LONDON
MTR005250,MAC003877,SMART,LANDIS_GYR,ACTIVE,2012-01-01,LONDON
MTR005251,MAC003878,SMART,LANDIS_GYR,ACTIVE,2012-01-01,LONDON
MTR005252,MAC003879,SMART,LANDIS_GYR,ACTIVE,2012-01-01,LONDON
MTR005253,MAC003880,SMART,LANDIS_GYR,ACTIVE,2012-01-01,LONDON
MTR005254,MAC003881,SMART,LANDIS_GYR,ACTIVE,2012-01-01,LONDON
MTR005255,MAC003882,SMART,LANDIS_GYR,ACTIVE,2012-01-01,LONDON
MTR005256,MAC003883,SMART,LANDIS_GYR,ACTIVE,2012-01-01,LONDON
MTR005257,MAC003884,SMART,LANDIS_GYR,ACTIVE,2012-01-01,LONDON
MTR005258,MAC003885,SMART,LANDIS_GYR,ACTIVE,2012-01-01,LONDON
MTR005259,MAC003886,SMART,LANDIS_GYR,ACTIVE,2012-01-01,LONDON
MTR005260,MAC003887,SMART,LANDIS_GYR,ACTIVE,2012-01-01,LONDON
MTR005261,MAC003888,SMART,LANDIS_GYR,ACTIVE,2012-01-01,LONDON
MTR005262,MAC003889,SMART,LANDIS_GYR,ACTIVE,2012-01-01,LONDON
MTR005263,MAC003891,SMART,LANDIS_GYR,ACTIVE,2012-01-01,LONDON
MTR005264,MAC003893,SMART,LANDIS_GYR,ACTIVE,2012-01-01,LONDON
MTR005265,MAC003894,SMART,LANDIS_GYR,ACTIVE,2012-01-01,LONDON
MTR005266,MAC003896,SMART,LANDIS_GYR,ACTIVE,2012-01-01,LONDON
MTR005267,MAC003898,SMART,LANDIS_GYR,ACTIVE,2012-01-01,LONDON
MTR005268,MAC003900,SMART,LANDIS_GYR,ACTIVE,2012-01-01,LONDON
MTR005269,MAC003901,SMART,LANDIS_GYR,ACTIVE,2012-01-01,LONDON
MTR005270,MAC003902,SMART,LANDIS_GYR,ACTIVE,2012-01-01,LONDON
MTR005271,MAC003904,SMART,LANDIS_GYR,ACTIVE,2012-01-01,LONDON
MTR005272,MAC003905,SMART,LANDIS_GYR,ACTIVE,2012-01-01,LONDON
MTR005273,MAC003906,SMART,LANDIS_GYR,ACTIVE,2012-01-01,LONDON
MTR005274,MAC003907,SMART,LANDIS_GYR,ACTIVE,2012-01-01,LONDON
MTR005275,MAC003908,SMART,LANDIS_GYR,ACTIVE,2012-01-01,LONDON
MTR005276,MAC003909,SMART,LANDIS_GYR,ACTIVE,2012-01-01,LONDON
MTR005277,MAC003910,SMART,LANDIS_GYR,ACTIVE,2012-01-01,LONDON
MTR005278,MAC003912,SMART,LANDIS_GYR,ACTIVE,2012-01-01,LONDON
MTR005279,MAC003913,SMART,LANDIS_GYR,ACTIVE,2012-01-01,LONDON
MTR005280,MAC003917,SMART,LANDIS_GYR,ACTIVE,2012-01-01,LONDON
MTR005281,MAC003918,SMART,LANDIS_GYR,ACTIVE,2012-01-01,LONDON
MTR005282,MAC003920,SMART,LANDIS_GYR,ACTIVE,2012-01-01,LONDON
MTR005283,MAC003921,SMART,LANDIS_GYR,ACTIVE,2012-01-01,LONDON
MTR005284,MAC003922,SMART,LANDIS_GYR,ACTIVE,2012-01-01,LONDON
MTR005285,MAC003923,SMART,LANDIS_GYR,ACTIVE,2012-01-01,LONDON
MTR005286,MAC003924,SMART,LANDIS_GYR,ACTIVE,2012-01-01,LONDON
MTR005287,MAC003925,SMART,LANDIS_GYR,ACTIVE,2012-01-01,LONDON
MTR005288,MAC003926,SMART,LANDIS_GYR,ACTIVE,2012-01-01,LONDON
MTR005289,MAC003927,SMART,LANDIS_GYR,ACTIVE,2012-01-01,LONDON
MTR005290,MAC003928,SMART,LANDIS_GYR,ACTIVE,2012-01-01,LONDON
MTR005291,MAC003929,SMART,LANDIS_GYR,ACTIVE,2012-01-01,LONDON
MTR005292,MAC003930,SMART,LANDIS_GYR,ACTIVE,2012-01-01,LONDON
MTR005293,MAC003931,SMART,LANDIS_GYR,ACTIVE,2012-01-01,LONDON
MTR005294,MAC003932,SMART,LANDIS_GYR,ACTIVE,2012-01-01,LONDON
MTR005295,MAC003933,SMART,LANDIS_GYR,ACTIVE,2012-01-01,LONDON
MTR005296,MAC003934,SMART,LANDIS_GYR,ACTIVE,2012-01-01,LONDON
MTR005297,MAC003935,SMART,LANDIS_GYR,ACTIVE,2012-01-01,LONDON
MTR005298,MAC003936,SMART,LANDIS_GYR,ACTIVE,2012-01-01,LONDON
MTR005299,MAC003937,SMART,LANDIS_GYR,ACTIVE,2012-01-01,LONDON
MTR005300,MAC003938,SMART,LANDIS_GYR,ACTIVE,2012-01-01,LONDON
MTR005301,MAC003939,SMART,LANDIS_GYR,ACTIVE,2012-01-01,LONDON
MTR005302,MAC003940,SMART,LANDIS_GYR,ACTIVE,2012-01-01,LONDON
MTR005303,MAC003941,SMART,LANDIS_GYR,ACTIVE,2012-01-01,LONDON
MTR005304,MAC003942,SMART,LANDIS_GYR,ACTIVE,2012-01-01,LONDON
MTR005305,MAC003943,SMART,LANDIS_GYR,ACTIVE,2012-01-01,LONDON
MTR005306,MAC003944,SMART,LANDIS_GYR,ACTIVE,2012-01-01,LONDON
MTR005307,MAC003945,SMART,LANDIS_GYR,ACTIVE,2012-01-01,LONDON
MTR005308,MAC003946,SMART,LANDIS_GYR,ACTIVE,2012-01-01,LONDON
MTR005309,MAC003948,SMART,LANDIS_GYR,ACTIVE,2012-01-01,LONDON
MTR005310,MAC003949,SMART,LANDIS_GYR,ACTIVE,2012-01-01,LONDON
MTR005311,MAC003950,SMART,LANDIS_GYR,ACTIVE,2012-01-01,LONDON
MTR005312,MAC003952,SMART,LANDIS_GYR,ACTIVE,2012-01-01,LONDON
MTR005313,MAC003953,SMART,LANDIS_GYR,ACTIVE,2012-01-01,LONDON
MTR005314,MAC003955,SMART,LANDIS_GYR,ACTIVE,2012-01-01,LONDON
MTR005315,MAC003956,SMART,LANDIS_GYR,ACTIVE,2012-01-01,LONDON
MTR005316,MAC003957,SMART,LANDIS_GYR,ACTIVE,2012-01-01,LONDON
MTR005317,MAC003958,SMART,LANDIS_GYR,ACTIVE,2012-01-01,LONDON
MTR005318,MAC003959,SMART,LANDIS_GYR,ACTIVE,2012-01-01,LONDON
MTR005319,MAC003961,SMART,LANDIS_GYR,ACTIVE,2012-01-01,LONDON
MTR005320,MAC003962,SMART,LANDIS_GYR,ACTIVE,2012-01-01,LONDON
MTR005321,MAC003963,SMART,LANDIS_GYR,ACTIVE,2012-01-01,LONDON
MTR005322,MAC003964,SMART,LANDIS_GYR,ACTIVE,2012-01-01,LONDON
MTR005323,MAC003965,SMART,LANDIS_GYR,ACTIVE,2012-01-01,LONDON
MTR005324,MAC003966,SMART,LANDIS_GYR,ACTIVE,2012-01-01,LONDON
MTR005325,MAC003969,SMART,LANDIS_GYR,ACTIVE,2012-01-01,LONDON
MTR005326,MAC003970,SMART,LANDIS_GYR,ACTIVE,2012-01-01,LONDON
MTR005327,MAC003971,SMART,LANDIS_GYR,ACTIVE,2012-01-01,LONDON
MTR005328,MAC003972,SMART,LANDIS_GYR,ACTIVE,2012-01-01,LONDON
MTR005329,MAC003974,SMART,LANDIS_GYR,ACTIVE,2012-01-01,LONDON
MTR005330,MAC003976,SMART,LANDIS_GYR,ACTIVE,2012-01-01,LONDON
MTR005331,MAC003978,SMART,LANDIS_GYR,ACTIVE,2012-01-01,LONDON
MTR005332,MAC003979,SMART,LANDIS_GYR,ACTIVE,2012-01-01,LONDON
MTR005333,MAC003980,SMART,LANDIS_GYR,ACTIVE,2012-01-01,LONDON
MTR005334,MAC003981,SMART,LANDIS_GYR,ACTIVE,2012-01-01,LONDON
MTR005335,MAC003983,SMART,LANDIS_GYR,ACTIVE,2012-01-01,LONDON
MTR005336,MAC003985,SMART,LANDIS_GYR,ACTIVE,2012-01-01,LONDON
MTR005337,MAC003986,SMART,LANDIS_GYR,ACTIVE,2012-01-01,LONDON
MTR005338,MAC003987,SMART,LANDIS_GYR,ACTIVE,2012-01-01,LONDON
MTR005339,MAC003990,SMART,LANDIS_GYR,ACTIVE,2012-01-01,LONDON
MTR005340,MAC003992,SMART,LANDIS_GYR,ACTIVE,2012-01-01,LONDON
MTR005341,MAC003993,SMART,LANDIS_GYR,ACTIVE,2012-01-01,LONDON
MTR005342,MAC003994,SMART,LANDIS_GYR,ACTIVE,2012-01-01,LONDON
MTR005343,MAC003995,SMART,LANDIS_GYR,ACTIVE,2012-01-01,LONDON
MTR005344,MAC003996,SMART,LANDIS_GYR,ACTIVE,2012-01-01,LONDON
MTR005345,MAC003997,SMART,LANDIS_GYR,ACTIVE,2012-01-01,LONDON
MTR005346,MAC003999,SMART,LANDIS_GYR,ACTIVE,2012-01-01,LONDON
MTR005347,MAC004002,SMART,LANDIS_GYR,ACTIVE,2012-01-01,LONDON
MTR005348,MAC004003,SMART,LANDIS_GYR,ACTIVE,2012-01-01,LONDON
MTR005349,MAC004004,SMART,LANDIS_GYR,ACTIVE,2012-01-01,LONDON
MTR005350,MAC004005,SMART,LANDIS_GYR,ACTIVE,2012-01-01,LONDON
MTR005351,MAC004006,SMART,LANDIS_GYR,ACTIVE,2012-01-01,LONDON
MTR005352,MAC004007,SMART,LANDIS_GYR,ACTIVE,2012-01-01,LONDON
MTR005353,MAC004009,SMART,LANDIS_GYR,ACTIVE,2012-01-01,LONDON
MTR005354,MAC004010,SMART,LANDIS_GYR,ACTIVE,2012-01-01,LONDON
MTR005355,MAC004011,SMART,LANDIS_GYR,ACTIVE,2012-01-01,LONDON
MTR005356,MAC004013,SMART,LANDIS_GYR,ACTIVE,2012-01-01,LONDON
MTR005357,MAC004014,SMART,LANDIS_GYR,ACTIVE,2012-01-01,LONDON
MTR005358,MAC004015,SMART,LANDIS_GYR,ACTIVE,2012-01-01,LONDON
MTR005359,MAC004016,SMART,LANDIS_GYR,ACTIVE,2012-01-01,LONDON
MTR005360,MAC004017,SMART,LANDIS_GYR,ACTIVE,2012-01-01,LONDON
MTR005361,MAC004018,SMART,LANDIS_GYR,ACTIVE,2012-01-01,LONDON
MTR005362,MAC004019,SMART,LANDIS_GYR,ACTIVE,2012-01-01,LONDON
MTR005363,MAC004020,SMART,LANDIS_GYR,ACTIVE,2012-01-01,LONDON
MTR005364,MAC004022,SMART,LANDIS_GYR,ACTIVE,2012-01-01,LONDON
MTR005365,MAC004023,SMART,LANDIS_GYR,ACTIVE,2012-01-01,LONDON
MTR005366,MAC004026,SMART,LANDIS_GYR,ACTIVE,2012-01-01,LONDON
MTR005367,MAC004027,SMART,LANDIS_GYR,ACTIVE,2012-01-01,LONDON
MTR005368,MAC004028,SMART,LANDIS_GYR,ACTIVE,2012-01-01,LONDON
MTR005369,MAC004029,SMART,LANDIS_GYR,ACTIVE,2012-01-01,LONDON
MTR005370,MAC004030,SMART,LANDIS_GYR,ACTIVE,2012-01-01,LONDON
MTR005371,MAC004032,SMART,LANDIS_GYR,ACTIVE,2012-01-01,LONDON
MTR005372,MAC004033,SMART,LANDIS_GYR,ACTIVE,2012-01-01,LONDON
MTR005373,MAC004034,SMART,LANDIS_GYR,ACTIVE,2012-01-01,LONDON
MTR005374,MAC004036,SMART,LANDIS_GYR,ACTIVE,2012-01-01,LONDON
MTR005375,MAC004038,SMART,LANDIS_GYR,ACTIVE,2012-01-01,LONDON
MTR005376,MAC004039,SMART,LANDIS_GYR,ACTIVE,2012-01-01,LONDON
MTR005377,MAC004040,SMART,LANDIS_GYR,ACTIVE,2012-01-01,LONDON
MTR005378,MAC004041,SMART,LANDIS_GYR,ACTIVE,2012-01-01,LONDON
MTR005379,MAC004042,SMART,LANDIS_GYR,ACTIVE,2012-01-01,LONDON
MTR005380,MAC004043,SMART,LANDIS_GYR,ACTIVE,2012-01-01,LONDON
MTR005381,MAC004044,SMART,LANDIS_GYR,ACTIVE,2012-01-01,LONDON
MTR005382,MAC004045,SMART,LANDIS_GYR,ACTIVE,2012-01-01,LONDON
MTR005383,MAC004046,SMART,LANDIS_GYR,ACTIVE,2012-01-01,LONDON
MTR005384,MAC004047,SMART,LANDIS_GYR,ACTIVE,2012-01-01,LONDON
MTR005385,MAC004048,SMART,LANDIS_GYR,ACTIVE,2012-01-01,LONDON
MTR005386,MAC004049,SMART,LANDIS_GYR,ACTIVE,2012-01-01,LONDON
MTR005387,MAC004051,SMART,LANDIS_GYR,ACTIVE,2012-01-01,LONDON
MTR005388,MAC004052,SMART,LANDIS_GYR,ACTIVE,2012-01-01,LONDON
MTR005389,MAC004055,SMART,LANDIS_GYR,ACTIVE,2012-01-01,LONDON
MTR005390,MAC004056,SMART,LANDIS_GYR,ACTIVE,2012-01-01,LONDON
MTR005391,MAC004057,SMART,LANDIS_GYR,ACTIVE,2012-01-01,LONDON
MTR005392,MAC004058,SMART,LANDIS_GYR,ACTIVE,2012-01-01,LONDON
MTR005393,MAC004059,SMART,LANDIS_GYR,ACTIVE,2012-01-01,LONDON
MTR005394,MAC004060,SMART,LANDIS_GYR,ACTIVE,2012-01-01,LONDON
MTR005395,MAC004061,SMART,LANDIS_GYR,ACTIVE,2012-01-01,LONDON
MTR005396,MAC004063,SMART,LANDIS_GYR,ACTIVE,2012-01-01,LONDON
MTR005397,MAC004064,SMART,LANDIS_GYR,ACTIVE,2012-01-01,LONDON
MTR005398,MAC004067,SMART,LANDIS_GYR,ACTIVE,2012-01-01,LONDON
MTR005399,MAC004068,SMART,LANDIS_GYR,ACTIVE,2012-01-01,LONDON
MTR005400,MAC004069,SMART,LANDIS_GYR,ACTIVE,2012-01-01,LONDON
MTR005401,MAC004070,SMART,LANDIS_GYR,ACTIVE,2012-01-01,LONDON
MTR005402,MAC004071,SMART,LANDIS_GYR,ACTIVE,2012-01-01,LONDON
MTR005403,MAC004072,SMART,LANDIS_GYR,ACTIVE,2012-01-01,LONDON
MTR005404,MAC004073,SMART,LANDIS_GYR,ACTIVE,2012-01-01,LONDON
MTR005405,MAC004074,SMART,LANDIS_GYR,ACTIVE,2012-01-01,LONDON
MTR005406,MAC004075,SMART,LANDIS_GYR,ACTIVE,2012-01-01,LONDON
MTR005407,MAC004077,SMART,LANDIS_GYR,ACTIVE,2012-01-01,LONDON
MTR005408,MAC004078,SMART,LANDIS_GYR,ACTIVE,2012-01-01,LONDON
MTR005409,MAC004079,SMART,LANDIS_GYR,ACTIVE,2012-01-01,LONDON
MTR005410,MAC004080,SMART,LANDIS_GYR,ACTIVE,2012-01-01,LONDON
MTR005411,MAC004081,SMART,LANDIS_GYR,ACTIVE,2012-01-01,LONDON
MTR005412,MAC004082,SMART,LANDIS_GYR,ACTIVE,2012-01-01,LONDON
MTR005413,MAC004084,SMART,LANDIS_GYR,ACTIVE,2012-01-01,LONDON
MTR005414,MAC004085,SMART,LANDIS_GYR,ACTIVE,2012-01-01,LONDON
MTR005415,MAC004086,SMART,LANDIS_GYR,ACTIVE,2012-01-01,LONDON
MTR005416,MAC004087,SMART,LANDIS_GYR,ACTIVE,2012-01-01,LONDON
MTR005417,MAC004088,SMART,LANDIS_GYR,ACTIVE,2012-01-01,LONDON
MTR005418,MAC004089,SMART,LANDIS_GYR,ACTIVE,2012-01-01,LONDON
MTR005419,MAC004090,SMART,LANDIS_GYR,ACTIVE,2012-01-01,LONDON
MTR005420,MAC004092,SMART,LANDIS_GYR,ACTIVE,2012-01-01,LONDON
MTR005421,MAC004093,SMART,LANDIS_GYR,ACTIVE,2012-01-01,LONDON
MTR005422,MAC004094,SMART,LANDIS_GYR,ACTIVE,2012-01-01,LONDON
MTR005423,MAC004095,SMART,LANDIS_GYR,ACTIVE,2012-01-01,LONDON
MTR005424,MAC004096,SMART,LANDIS_GYR,ACTIVE,2012-01-01,LONDON
MTR005425,MAC004097,SMART,LANDIS_GYR,ACTIVE,2012-01-01,LONDON
MTR005426,MAC004098,SMART,LANDIS_GYR,ACTIVE,2012-01-01,LONDON
MTR005427,MAC004099,SMART,LANDIS_GYR,ACTIVE,2012-01-01,LONDON
MTR005428,MAC004101,SMART,LANDIS_GYR,ACTIVE,2012-01-01,LONDON
MTR005429,MAC004102,SMART,LANDIS_GYR,ACTIVE,2012-01-01,LONDON
MTR005430,MAC004103,SMART,LANDIS_GYR,ACTIVE,2012-01-01,LONDON
MTR005431,MAC004104,SMART,LANDIS_GYR,ACTIVE,2012-01-01,LONDON
MTR005432,MAC004105,SMART,LANDIS_GYR,ACTIVE,2012-01-01,LONDON
MTR005433,MAC004108,SMART,LANDIS_GYR,ACTIVE,2012-01-01,LONDON
MTR005434,MAC004109,SMART,LANDIS_GYR,ACTIVE,2012-01-01,LONDON
MTR005435,MAC004110,SMART,LANDIS_GYR,ACTIVE,2012-01-01,LONDON
MTR005436,MAC004111,SMART,LANDIS_GYR,ACTIVE,2012-01-01,LONDON
MTR005437,MAC004112,SMART,LANDIS_GYR,ACTIVE,2012-01-01,LONDON
MTR005438,MAC004113,SMART,LANDIS_GYR,ACTIVE,2012-01-01,LONDON
MTR005439,MAC004114,SMART,LANDIS_GYR,ACTIVE,2012-01-01,LONDON
MTR005440,MAC004115,SMART,LANDIS_GYR,ACTIVE,2012-01-01,LONDON
MTR005441,MAC004116,SMART,LANDIS_GYR,ACTIVE,2012-01-01,LONDON
MTR005442,MAC004117,SMART,LANDIS_GYR,ACTIVE,2012-01-01,LONDON
MTR005443,MAC004119,SMART,LANDIS_GYR,ACTIVE,2012-01-01,LONDON
MTR005444,MAC004120,SMART,LANDIS_GYR,ACTIVE,2012-01-01,LONDON
MTR005445,MAC004121,SMART,LANDIS_GYR,ACTIVE,2012-01-01,LONDON
MTR005446,MAC004123,SMART,LANDIS_GYR,ACTIVE,2012-01-01,LONDON
MTR005447,MAC004124,SMART,LANDIS_GYR,ACTIVE,2012-01-01,LONDON
MTR005448,MAC004125,SMART,LANDIS_GYR,ACTIVE,2012-01-01,LONDON
MTR005449,MAC004127,SMART,LANDIS_GYR,ACTIVE,2012-01-01,LONDON
MTR005450,MAC004128,SMART,LANDIS_GYR,ACTIVE,2012-01-01,LONDON
MTR005451,MAC004129,SMART,LANDIS_GYR,ACTIVE,2012-01-01,LONDON
MTR005452,MAC004130,SMART,LANDIS_GYR,ACTIVE,2012-01-01,LONDON
MTR005453,MAC004131,SMART,LANDIS_GYR,ACTIVE,2012-01-01,LONDON
MTR005454,MAC004132,SMART,LANDIS_GYR,ACTIVE,2012-01-01,LONDON
MTR005455,MAC004133,SMART,LANDIS_GYR,ACTIVE,2012-01-01,LONDON
MTR005456,MAC004134,SMART,LANDIS_GYR,ACTIVE,2012-01-01,LONDON
MTR005457,MAC004135,SMART,LANDIS_GYR,ACTIVE,2012-01-01,LONDON
MTR005458,MAC004136,SMART,LANDIS_GYR,ACTIVE,2012-01-01,LONDON
MTR005459,MAC004137,SMART,LANDIS_GYR,ACTIVE,2012-01-01,LONDON
MTR005460,MAC004138,SMART,LANDIS_GYR,ACTIVE,2012-01-01,LONDON
MTR005461,MAC004139,SMART,LANDIS_GYR,ACTIVE,2012-01-01,LONDON
MTR005462,MAC004140,SMART,LANDIS_GYR,ACTIVE,2012-01-01,LONDON
MTR005463,MAC004141,SMART,LANDIS_GYR,ACTIVE,2012-01-01,LONDON
MTR005464,MAC004142,SMART,LANDIS_GYR,ACTIVE,2012-01-01,LONDON
MTR005465,MAC004143,SMART,LANDIS_GYR,ACTIVE,2012-01-01,LONDON
MTR005466,MAC004145,SMART,LANDIS_GYR,ACTIVE,2012-01-01,LONDON
MTR005467,MAC004146,SMART,LANDIS_GYR,ACTIVE,2012-01-01,LONDON
MTR005468,MAC004147,SMART,LANDIS_GYR,ACTIVE,2012-01-01,LONDON
MTR005469,MAC004148,SMART,LANDIS_GYR,ACTIVE,2012-01-01,LONDON
MTR005470,MAC004150,SMART,LANDIS_GYR,ACTIVE,2012-01-01,LONDON
MTR005471,MAC004151,SMART,LANDIS_GYR,ACTIVE,2012-01-01,LONDON
MTR005472,MAC004153,SMART,LANDIS_GYR,ACTIVE,2012-01-01,LONDON
MTR005473,MAC004154,SMART,LANDIS_GYR,ACTIVE,2012-01-01,LONDON
MTR005474,MAC004156,SMART,LANDIS_GYR,ACTIVE,2012-01-01,LONDON
MTR005475,MAC004158,SMART,LANDIS_GYR,ACTIVE,2012-01-01,LONDON
MTR005476,MAC004160,SMART,LANDIS_GYR,ACTIVE,2012-01-01,LONDON
MTR005477,MAC004161,SMART,LANDIS_GYR,ACTIVE,2012-01-01,LONDON
MTR005478,MAC004162,SMART,LANDIS_GYR,ACTIVE,2012-01-01,LONDON
MTR005479,MAC004163,SMART,LANDIS_GYR,ACTIVE,2012-01-01,LONDON
MTR005480,MAC004164,SMART,LANDIS_GYR,ACTIVE,2012-01-01,LONDON
MTR005481,MAC004165,SMART,LANDIS_GYR,ACTIVE,2012-01-01,LONDON
MTR005482,MAC004166,SMART,LANDIS_GYR,ACTIVE,2012-01-01,LONDON
MTR005483,MAC004167,SMART,LANDIS_GYR,ACTIVE,2012-01-01,LONDON
MTR005484,MAC004168,SMART,LANDIS_GYR,ACTIVE,2012-01-01,LONDON
MTR005485,MAC004169,SMART,LANDIS_GYR,ACTIVE,2012-01-01,LONDON
MTR005486,MAC004171,SMART,LANDIS_GYR,ACTIVE,2012-01-01,LONDON
MTR005487,MAC004172,SMART,LANDIS_GYR,ACTIVE,2012-01-01,LONDON
MTR005488,MAC004173,SMART,LANDIS_GYR,ACTIVE,2012-01-01,LONDON
MTR005489,MAC004174,SMART,LANDIS_GYR,ACTIVE,2012-01-01,LONDON
MTR005490,MAC004175,SMART,LANDIS_GYR,ACTIVE,2012-01-01,LONDON
MTR005491,MAC004176,SMART,LANDIS_GYR,ACTIVE,2012-01-01,LONDON
MTR005492,MAC004177,SMART,LANDIS_GYR,ACTIVE,2012-01-01,LONDON
MTR005493,MAC004178,SMART,LANDIS_GYR,ACTIVE,2012-01-01,LONDON
MTR005494,MAC004179,SMART,LANDIS_GYR,ACTIVE,2012-01-01,LONDON
MTR005495,MAC004180,SMART,LANDIS_GYR,ACTIVE,2012-01-01,LONDON
MTR005496,MAC004181,SMART,LANDIS_GYR,ACTIVE,2012-01-01,LONDON
MTR005497,MAC004182,SMART,LANDIS_GYR,ACTIVE,2012-01-01,LONDON
MTR005498,MAC004183,SMART,LANDIS_GYR,ACTIVE,2012-01-01,LONDON
MTR005499,MAC004185,SMART,LANDIS_GYR,ACTIVE,2012-01-01,LONDON
MTR005500,MAC004186,SMART,LANDIS_GYR,ACTIVE,2012-01-01,LONDON
MTR005501,MAC004187,SMART,LANDIS_GYR,ACTIVE,2012-01-01,LONDON
MTR005502,MAC004188,SMART,LANDIS_GYR,ACTIVE,2012-01-01,LONDON
MTR005503,MAC004190,SMART,LANDIS_GYR,ACTIVE,2012-01-01,LONDON
MTR005504,MAC004191,SMART,LANDIS_GYR,ACTIVE,2012-01-01,LONDON
MTR005505,MAC004192,SMART,LANDIS_GYR,ACTIVE,2012-01-01,LONDON
MTR005506,MAC004193,SMART,LANDIS_GYR,ACTIVE,2012-01-01,LONDON
MTR005507,MAC004194,SMART,LANDIS_GYR,ACTIVE,2012-01-01,LONDON
MTR005508,MAC004195,SMART,LANDIS_GYR,ACTIVE,2012-01-01,LONDON
MTR005509,MAC004196,SMART,LANDIS_GYR,ACTIVE,2012-01-01,LONDON
MTR005510,MAC004197,SMART,LANDIS_GYR,ACTIVE,2012-01-01,LONDON
MTR005511,MAC004198,SMART,LANDIS_GYR,ACTIVE,2012-01-01,LONDON
MTR005512,MAC004199,SMART,LANDIS_GYR,ACTIVE,2012-01-01,LONDON
MTR005513,MAC004200,SMART,LANDIS_GYR,ACTIVE,2012-01-01,LONDON
MTR005514,MAC004201,SMART,LANDIS_GYR,ACTIVE,2012-01-01,LONDON
MTR005515,MAC004202,SMART,LANDIS_GYR,ACTIVE,2012-01-01,LONDON
MTR005516,MAC004203,SMART,LANDIS_GYR,ACTIVE,2012-01-01,LONDON
MTR005517,MAC004204,SMART,LANDIS_GYR,ACTIVE,2012-01-01,LONDON
MTR005518,MAC004205,SMART,LANDIS_GYR,ACTIVE,2012-01-01,LONDON
MTR005519,MAC004207,SMART,LANDIS_GYR,ACTIVE,2012-01-01,LONDON
MTR005520,MAC004208,SMART,LANDIS_GYR,ACTIVE,2012-01-01,LONDON
MTR005521,MAC004209,SMART,LANDIS_GYR,ACTIVE,2012-01-01,LONDON
MTR005522,MAC004210,SMART,LANDIS_GYR,ACTIVE,2012-01-01,LONDON
MTR005523,MAC004211,SMART,LANDIS_GYR,ACTIVE,2012-01-01,LONDON
MTR005524,MAC004212,SMART,LANDIS_GYR,ACTIVE,2012-01-01,LONDON
MTR005525,MAC004213,SMART,LANDIS_GYR,ACTIVE,2012-01-01,LONDON
MTR005526,MAC004214,SMART,LANDIS_GYR,ACTIVE,2012-01-01,LONDON
MTR005527,MAC004215,SMART,LANDIS_GYR,ACTIVE,2012-01-01,LONDON
MTR005528,MAC004216,SMART,LANDIS_GYR,ACTIVE,2012-01-01,LONDON
MTR005529,MAC004217,SMART,LANDIS_GYR,ACTIVE,2012-01-01,LONDON
MTR005530,MAC004219,SMART,LANDIS_GYR,ACTIVE,2012-01-01,LONDON
MTR005531,MAC004220,SMART,LANDIS_GYR,ACTIVE,2012-01-01,LONDON
MTR005532,MAC004221,SMART,LANDIS_GYR,ACTIVE,2012-01-01,LONDON
MTR005533,MAC004222,SMART,LANDIS_GYR,ACTIVE,2012-01-01,LONDON
MTR005534,MAC004224,SMART,LANDIS_GYR,ACTIVE,2012-01-01,LONDON
MTR005535,MAC004225,SMART,LANDIS_GYR,ACTIVE,2012-01-01,LONDON
MTR005536,MAC004226,SMART,LANDIS_GYR,ACTIVE,2012-01-01,LONDON
MTR005537,MAC004227,SMART,LANDIS_GYR,ACTIVE,2012-01-01,LONDON
MTR005538,MAC004228,SMART,LANDIS_GYR,ACTIVE,2012-01-01,LONDON
MTR005539,MAC004230,SMART,LANDIS_GYR,ACTIVE,2012-01-01,LONDON
MTR005540,MAC004232,SMART,LANDIS_GYR,ACTIVE,2012-01-01,LONDON
MTR005541,MAC004233,SMART,LANDIS_GYR,ACTIVE,2012-01-01,LONDON
MTR005542,MAC004235,SMART,LANDIS_GYR,ACTIVE,2012-01-01,LONDON
MTR005543,MAC004237,SMART,LANDIS_GYR,ACTIVE,2012-01-01,LONDON
MTR005544,MAC004238,SMART,LANDIS_GYR,ACTIVE,2012-01-01,LONDON
MTR005545,MAC004240,SMART,LANDIS_GYR,ACTIVE,2012-01-01,LONDON
MTR005546,MAC004241,SMART,LANDIS_GYR,ACTIVE,2012-01-01,LONDON
MTR005547,MAC004242,SMART,LANDIS_GYR,ACTIVE,2012-01-01,LONDON
MTR005548,MAC004243,SMART,LANDIS_GYR,ACTIVE,2012-01-01,LONDON
MTR005549,MAC004244,SMART,LANDIS_GYR,ACTIVE,2012-01-01,LONDON
MTR005550,MAC004247,SMART,LANDIS_GYR,ACTIVE,2012-01-01,LONDON
MTR005551,MAC004248,SMART,LANDIS_GYR,ACTIVE,2012-01-01,LONDON
MTR005552,MAC004249,SMART,LANDIS_GYR,ACTIVE,2012-01-01,LONDON
MTR005553,MAC004250,SMART,LANDIS_GYR,ACTIVE,2012-01-01,LONDON
MTR005554,MAC004251,SMART,LANDIS_GYR,ACTIVE,2012-01-01,LONDON
MTR005555,MAC004252,SMART,LANDIS_GYR,ACTIVE,2012-01-01,LONDON
MTR005556,MAC004253,SMART,LANDIS_GYR,ACTIVE,2012-01-01,LONDON
MTR005557,MAC004254,SMART,LANDIS_GYR,ACTIVE,2012-01-01,LONDON
MTR005558,MAC004255,SMART,LANDIS_GYR,ACTIVE,2012-01-01,LONDON
MTR005559,MAC004256,SMART,LANDIS_GYR,ACTIVE,2012-01-01,LONDON
MTR005560,MAC004257,SMART,LANDIS_GYR,ACTIVE,2012-01-01,LONDON
MTR005561,MAC004259,SMART,LANDIS_GYR,ACTIVE,2012-01-01,LONDON
MTR005562,MAC004261,SMART,LANDIS_GYR,ACTIVE,2012-01-01,LONDON
MTR005563,MAC004262,SMART,LANDIS_GYR,ACTIVE,2012-01-01,LONDON
MTR005564,MAC004265,SMART,LANDIS_GYR,ACTIVE,2012-01-01,LONDON
MTR005565,MAC004266,SMART,LANDIS_GYR,ACTIVE,2012-01-01,LONDON
MTR005566,MAC004267,SMART,LANDIS_GYR,ACTIVE,2012-01-01,LONDON
