bill_id,customer_id,meter_id,billing_period,consumption_kwh,rate_per_kwh,bill_amount,billing_status,generated_date
BILL00000001,CUST000001,MTR000001,2012-10,277.75,0.15,41.66,PAID,2026-09-14 15:45:00.154911
BILL00000002,CUST000001,MTR000001,2012-11,345.02,0.15,51.75,PAID,2026-09-14 15:45:00.154911
BILL00000003,CUST000001,MTR000001,2012-12,355.76,0.15,53.36,PAID,2026-09-14 15:45:00.154911
BILL00000004,CUST000001,MTR000001,2013-01,360.08,0.15,54.01,PAID,2026-09-14 15:45:00.154911
BILL00000005,CUST000001,MTR000001,2013-02,381.84,0.15,57.28,PAID,2026-09-14 15:45:00.154911
BILL00000006,CUST000001,MTR000001,2013-03,480.17,0.15,72.03,PAID,2026-09-14 15:45:00.154911
BILL00000007,CUST000001,MTR000001,2013-04,362.74,0.15,54.41,PAID,2026-09-14 15:45:00.154911
BILL00000008,CUST000001,MTR000001,2013-05,304.06,0.15,45.61,PAID,2026-09-14 15:45:00.154911
BILL00000009,CUST000001,MTR000001,2013-06,300.12,0.15,45.02,PAID,2026-09-14 15:45:00.154911
BILL00000010,CUST000001,MTR000001,2013-07,271.32,0.15,40.7,PAID,2026-09-14 15:45:00.154911
BILL00000011,CUST000001,MTR000001,2013-08,270.05,0.15,40.51,PAID,2026-09-14 15:45:00.154911
BILL00000012,CUST000001,MTR000001,2013-09,321.74,0.15,48.26,PAID,2026-09-14 15:45:00.154911
BILL00000013,CUST000001,MTR000001,2013-10,378.35,0.15,56.75,UNPAID,2026-09-14 15:45:00.154911
BILL00000014,CUST000001,MTR000001,2013-11,410.12,0.15,61.52,PAID,2026-09-14 15:45:00.154911
BILL00000015,CUST000001,MTR000001,2013-12,376.96,0.15,56.54,PAID,2026-09-14 15:45:00.154911
BILL00000016,CUST000001,MTR000001,2014-01,490.15,0.15,73.52,PAID,2026-09-14 15:45:00.154911
BILL00000017,CUST000001,MTR000001,2014-02,414.9,0.15,62.23,PAID,2026-09-14 15:45:00.154911
BILL00000018,CUST000002,MTR000002,2012-02,178.85,0.15,26.83,PAID,2026-09-14 15:45:00.154911
BILL00000019,CUST000002,MTR000002,2012-03,552.52,0.15,82.88,PAID,2026-09-14 15:45:00.154911
BILL00000020,CUST000002,MTR000002,2012-04,441.14,0.15,66.17,PAID,2026-09-14 15:45:00.154911
BILL00000021,CUST000002,MTR000002,2012-05,412.96,0.15,61.94,PAID,2026-09-14 15:45:00.154911
BILL00000022,CUST000002,MTR000002,2012-06,390.63,0.15,58.59,PAID,2026-09-14 15:45:00.154911
BILL00000023,CUST000002,MTR000002,2012-07,383.0,0.15,57.45,PAID,2026-09-14 15:45:00.154911
BILL00000024,CUST000002,MTR000002,2012-08,396.3,0.15,59.44,PAID,2026-09-14 15:45:00.154911
BILL00000025,CUST000002,MTR000002,2012-09,391.97,0.15,58.8,PAID,2026-09-14 15:45:00.154911
BILL00000026,CUST000002,MTR000002,2012-10,556.66,0.15,83.5,PAID,2026-09-14 15:45:00.154911
BILL00000027,CUST000002,MTR000002,2012-11,949.37,0.15,142.41,PAID,2026-09-14 15:45:00.154911
BILL00000028,CUST000002,MTR000002,2012-12,1242.56,0.15,186.38,PAID,2026-09-14 15:45:00.154911
BILL00000029,CUST000002,MTR000002,2013-01,1070.28,0.15,160.54,PAID,2026-09-14 15:45:00.154911
BILL00000030,CUST000002,MTR000002,2013-02,1075.08,0.15,161.26,PAID,2026-09-14 15:45:00.154911
BILL00000031,CUST000002,MTR000002,2013-03,955.68,0.15,143.35,PAID,2026-09-14 15:45:00.154911
BILL00000032,CUST000002,MTR000002,2013-04,718.26,0.15,107.74,PAID,2026-09-14 15:45:00.154911
BILL00000033,CUST000002,MTR000002,2013-05,374.17,0.15,56.13,UNPAID,2026-09-14 15:45:00.154911
BILL00000034,CUST000002,MTR000002,2013-06,359.97,0.15,54.0,PAID,2026-09-14 15:45:00.154911
BILL00000035,CUST000002,MTR000002,2013-07,368.7,0.15,55.3,PAID,2026-09-14 15:45:00.154911
BILL00000036,CUST000002,MTR000002,2013-08,356.12,0.15,53.42,PAID,2026-09-14 15:45:00.154911
BILL00000037,CUST000002,MTR000002,2013-09,358.87,0.15,53.83,PAID,2026-09-14 15:45:00.154911
BILL00000038,CUST000002,MTR000002,2013-10,348.27,0.15,52.24,PAID,2026-09-14 15:45:00.154911
BILL00000039,CUST000002,MTR000002,2013-11,537.03,0.15,80.55,PAID,2026-09-14 15:45:00.154911
BILL00000040,CUST000002,MTR000002,2013-12,506.84,0.15,76.03,UNPAID,2026-09-14 15:45:00.154911
BILL00000041,CUST000002,MTR000002,2014-01,651.22,0.15,97.68,PAID,2026-09-14 15:45:00.154911
BILL00000042,CUST000002,MTR000002,2014-02,528.0,0.15,79.2,PAID,2026-09-14 15:45:00.154911
BILL00000043,CUST000003,MTR000003,2012-05,35.34,0.15,5.3,PAID,2026-09-14 15:45:00.154911
BILL00000044,CUST000003,MTR000003,2012-06,46.6,0.15,6.99,PAID,2026-09-14 15:45:00.154911
BILL00000045,CUST000003,MTR000003,2012-07,45.79,0.15,6.87,PAID,2026-09-14 15:45:00.154911
BILL00000046,CUST000003,MTR000003,2012-08,47.23,0.15,7.08,PAID,2026-09-14 15:45:00.154911
BILL00000047,CUST000003,MTR000003,2012-09,46.9,0.15,7.03,PAID,2026-09-14 15:45:00.154911
BILL00000048,CUST000003,MTR000003,2012-10,60.83,0.15,9.12,PAID,2026-09-14 15:45:00.154911
BILL00000049,CUST000003,MTR000003,2012-11,55.7,0.15,8.36,PAID,2026-09-14 15:45:00.154911
BILL00000050,CUST000003,MTR000003,2012-12,62.43,0.15,9.36,PAID,2026-09-14 15:45:00.154911
BILL00000051,CUST000003,MTR000003,2013-01,55.97,0.15,8.4,PAID,2026-09-14 15:45:00.154911
BILL00000052,CUST000003,MTR000003,2013-02,56.98,0.15,8.55,PAID,2026-09-14 15:45:00.154911
BILL00000053,CUST000003,MTR000003,2013-03,59.34,0.15,8.9,PAID,2026-09-14 15:45:00.154911
BILL00000054,CUST000003,MTR000003,2013-04,50.43,0.15,7.56,PAID,2026-09-14 15:45:00.154911
BILL00000055,CUST000003,MTR000003,2013-05,49.96,0.15,7.49,PAID,2026-09-14 15:45:00.154911
BILL00000056,CUST000003,MTR000003,2013-06,51.88,0.15,7.78,PAID,2026-09-14 15:45:00.154911
BILL00000057,CUST000003,MTR000003,2013-07,43.27,0.15,6.49,PAID,2026-09-14 15:45:00.154911
BILL00000058,CUST000003,MTR000003,2013-08,45.36,0.15,6.8,PAID,2026-09-14 15:45:00.154911
BILL00000059,CUST000003,MTR000003,2013-09,47.6,0.15,7.14,PAID,2026-09-14 15:45:00.154911
BILL00000060,CUST000003,MTR000003,2013-10,51.4,0.15,7.71,PAID,2026-09-14 15:45:00.154911
BILL00000061,CUST000003,MTR000003,2013-11,51.9,0.15,7.78,PAID,2026-09-14 15:45:00.154911
BILL00000062,CUST000003,MTR000003,2013-12,54.66,0.15,8.2,UNPAID,2026-09-14 15:45:00.154911
BILL00000063,CUST000003,MTR000003,2014-01,54.14,0.15,8.12,PAID,2026-09-14 15:45:00.154911
BILL00000064,CUST000003,MTR000003,2014-02,47.06,0.15,7.06,PAID,2026-09-14 15:45:00.154911
BILL00000065,CUST000004,MTR000004,2012-01,6.07,0.15,0.91,PAID,2026-09-14 15:45:00.154911
BILL00000066,CUST000004,MTR000004,2012-02,93.0,0.15,13.95,PAID,2026-09-14 15:45:00.154911
BILL00000067,CUST000004,MTR000004,2012-03,87.27,0.15,13.09,PAID,2026-09-14 15:45:00.154911
BILL00000068,CUST000004,MTR000004,2012-04,88.12,0.15,13.22,PAID,2026-09-14 15:45:00.154911
BILL00000069,CUST000004,MTR000004,2012-05,83.45,0.15,12.52,PAID,2026-09-14 15:45:00.154911
BILL00000070,CUST000004,MTR000004,2012-06,74.24,0.15,11.14,PAID,2026-09-14 15:45:00.154911
BILL00000071,CUST000004,MTR000004,2012-07,82.95,0.15,12.44,PAID,2026-09-14 15:45:00.154911
BILL00000072,CUST000004,MTR000004,2012-08,81.21,0.15,12.18,PAID,2026-09-14 15:45:00.154911
BILL00000073,CUST000004,MTR000004,2012-09,77.49,0.15,11.62,PAID,2026-09-14 15:45:00.154911
BILL00000074,CUST000004,MTR000004,2012-10,95.12,0.15,14.27,PAID,2026-09-14 15:45:00.154911
BILL00000075,CUST000004,MTR000004,2012-11,111.12,0.15,16.67,PAID,2026-09-14 15:45:00.154911
BILL00000076,CUST000004,MTR000004,2012-12,44.65,0.15,6.7,UNPAID,2026-09-14 15:45:00.154911
BILL00000077,CUST000004,MTR000004,2013-01,82.86,0.15,12.43,PAID,2026-09-14 15:45:00.154911
BILL00000078,CUST000004,MTR000004,2013-02,103.29,0.15,15.49,PAID,2026-09-14 15:45:00.154911
BILL00000079,CUST000004,MTR000004,2013-03,104.05,0.15,15.61,PAID,2026-09-14 15:45:00.154911
BILL00000080,CUST000004,MTR000004,2013-04,91.24,0.15,13.69,PAID,2026-09-14 15:45:00.154911
BILL00000081,CUST000004,MTR000004,2013-05,86.17,0.15,12.93,PAID,2026-09-14 15:45:00.154911
BILL00000082,CUST000004,MTR000004,2013-06,78.22,0.15,11.73,PAID,2026-09-14 15:45:00.154911
BILL00000083,CUST000004,MTR000004,2013-07,89.49,0.15,13.42,PAID,2026-09-14 15:45:00.154911
BILL00000084,CUST000004,MTR000004,2013-08,47.12,0.15,7.07,PAID,2026-09-14 15:45:00.154911
BILL00000085,CUST000004,MTR000004,2013-09,70.62,0.15,10.59,PAID,2026-09-14 15:45:00.154911
BILL00000086,CUST000004,MTR000004,2013-10,90.06,0.15,13.51,PAID,2026-09-14 15:45:00.154911
BILL00000087,CUST000004,MTR000004,2013-11,97.07,0.15,14.56,PAID,2026-09-14 15:45:00.154911
BILL00000088,CUST000004,MTR000004,2013-12,114.05,0.15,17.11,PAID,2026-09-14 15:45:00.154911
BILL00000089,CUST000004,MTR000004,2014-01,102.62,0.15,15.39,PAID,2026-09-14 15:45:00.154911
BILL00000090,CUST000004,MTR000004,2014-02,86.79,0.15,13.02,PAID,2026-09-14 15:45:00.154911
BILL00000091,CUST000005,MTR000005,2012-09,47.49,0.15,7.12,UNPAID,2026-09-14 15:45:00.154911
BILL00000092,CUST000005,MTR000005,2012-10,257.63,0.15,38.64,PAID,2026-09-14 15:45:00.154911
BILL00000093,CUST000005,MTR000005,2012-11,292.09,0.15,43.81,PAID,2026-09-14 15:45:00.154911
BILL00000094,CUST000005,MTR000005,2012-12,299.62,0.15,44.94,PAID,2026-09-14 15:45:00.154911
BILL00000095,CUST000005,MTR000005,2013-01,303.73,0.15,45.56,PAID,2026-09-14 15:45:00.154911
BILL00000096,CUST000005,MTR000005,2013-02,267.42,0.15,40.11,PAID,2026-09-14 15:45:00.154911
BILL00000097,CUST000005,MTR000005,2013-03,406.01,0.15,60.9,PAID,2026-09-14 15:45:00.154911
BILL00000098,CUST000005,MTR000005,2013-04,300.98,0.15,45.15,PAID,2026-09-14 15:45:00.154911
BILL00000099,CUST000005,MTR000005,2013-05,256.38,0.15,38.46,PAID,2026-09-14 15:45:00.154911
BILL00000100,CUST000005,MTR000005,2013-06,244.31,0.15,36.65,PAID,2026-09-14 15:45:00.154911
BILL00000101,CUST000005,MTR000005,2013-07,268.48,0.15,40.27,PAID,2026-09-14 15:45:00.154911
BILL00000102,CUST000005,MTR000005,2013-08,243.6,0.15,36.54,PAID,2026-09-14 15:45:00.154911
BILL00000103,CUST000005,MTR000005,2013-09,206.9,0.15,31.04,PAID,2026-09-14 15:45:00.154911
BILL00000104,CUST000005,MTR000005,2013-10,272.6,0.15,40.89,PAID,2026-09-14 15:45:00.154911
BILL00000105,CUST000005,MTR000005,2013-11,265.66,0.15,39.85,PAID,2026-09-14 15:45:00.154911
BILL00000106,CUST000005,MTR000005,2013-12,383.91,0.15,57.59,PAID,2026-09-14 15:45:00.154911
BILL00000107,CUST000005,MTR000005,2014-01,342.79,0.15,51.42,PAID,2026-09-14 15:45:00.154911
BILL00000108,CUST000005,MTR000005,2014-02,294.42,0.15,44.16,PAID,2026-09-14 15:45:00.154911
BILL00000109,CUST000006,MTR000006,2012-05,453.7,0.15,68.05,PAID,2026-09-14 15:45:00.154911
BILL00000110,CUST000006,MTR000006,2012-06,499.39,0.15,74.91,PAID,2026-09-14 15:45:00.154911
BILL00000111,CUST000006,MTR000006,2012-07,512.68,0.15,76.9,PAID,2026-09-14 15:45:00.154911
BILL00000112,CUST000006,MTR000006,2012-08,478.01,0.15,71.7,PAID,2026-09-14 15:45:00.154911
BILL00000113,CUST000006,MTR000006,2012-09,473.25,0.15,70.99,PAID,2026-09-14 15:45:00.154911
BILL00000114,CUST000006,MTR000006,2012-10,592.58,0.15,88.89,PAID,2026-09-14 15:45:00.154911
BILL00000115,CUST000006,MTR000006,2012-11,586.89,0.15,88.03,PAID,2026-09-14 15:45:00.154911
BILL00000116,CUST000006,MTR000006,2012-12,645.01,0.15,96.75,PAID,2026-09-14 15:45:00.154911
BILL00000117,CUST000006,MTR000006,2013-01,685.34,0.15,102.8,PAID,2026-09-14 15:45:00.154911
BILL00000118,CUST000006,MTR000006,2013-02,620.16,0.15,93.02,PAID,2026-09-14 15:45:00.154911
BILL00000119,CUST000006,MTR000006,2013-03,655.82,0.15,98.37,PAID,2026-09-14 15:45:00.154911
BILL00000120,CUST000006,MTR000006,2013-04,590.37,0.15,88.56,PAID,2026-09-14 15:45:00.154911
BILL00000121,CUST000006,MTR000006,2013-05,546.44,0.15,81.97,PAID,2026-09-14 15:45:00.154911
BILL00000122,CUST000006,MTR000006,2013-06,529.94,0.15,79.49,PAID,2026-09-14 15:45:00.154911
BILL00000123,CUST000006,MTR000006,2013-07,534.2,0.15,80.13,PAID,2026-09-14 15:45:00.154911
BILL00000124,CUST000006,MTR000006,2013-08,307.24,0.15,46.09,PAID,2026-09-14 15:45:00.154911
BILL00000125,CUST000006,MTR000006,2013-09,342.54,0.15,51.38,PAID,2026-09-14 15:45:00.154911
BILL00000126,CUST000006,MTR000006,2013-10,391.44,0.15,58.72,PAID,2026-09-14 15:45:00.154911
BILL00000127,CUST000007,MTR000007,2012-09,88.7,0.15,13.3,PAID,2026-09-14 15:45:00.154911
BILL00000128,CUST000007,MTR000007,2012-10,279.6,0.15,41.94,PAID,2026-09-14 15:45:00.154911
BILL00000129,CUST000007,MTR000007,2012-11,274.11,0.15,41.12,PAID,2026-09-14 15:45:00.154911
BILL00000130,CUST000007,MTR000007,2012-12,302.56,0.15,45.38,PAID,2026-09-14 15:45:00.154911
BILL00000131,CUST000007,MTR000007,2013-01,292.51,0.15,43.88,PAID,2026-09-14 15:45:00.154911
BILL00000132,CUST000007,MTR000007,2013-02,253.79,0.15,38.07,PAID,2026-09-14 15:45:00.154911
BILL00000133,CUST000007,MTR000007,2013-03,267.28,0.15,40.09,PAID,2026-09-14 15:45:00.154911
BILL00000134,CUST000007,MTR000007,2013-04,224.65,0.15,33.7,PAID,2026-09-14 15:45:00.154911
BILL00000135,CUST000007,MTR000007,2013-05,219.49,0.15,32.92,PAID,2026-09-14 15:45:00.154911
BILL00000136,CUST000007,MTR000007,2013-06,222.25,0.15,33.34,PAID,2026-09-14 15:45:00.154911
BILL00000137,CUST000007,MTR000007,2013-07,229.96,0.15,34.49,PAID,2026-09-14 15:45:00.154911
BILL00000138,CUST000007,MTR000007,2013-08,207.07,0.15,31.06,PAID,2026-09-14 15:45:00.154911
BILL00000139,CUST000007,MTR000007,2013-09,245.39,0.15,36.81,PAID,2026-09-14 15:45:00.154911
BILL00000140,CUST000007,MTR000007,2013-10,266.41,0.15,39.96,PAID,2026-09-14 15:45:00.154911
BILL00000141,CUST000007,MTR000007,2013-11,273.63,0.15,41.04,PAID,2026-09-14 15:45:00.154911
BILL00000142,CUST000007,MTR000007,2013-12,310.88,0.15,46.63,PAID,2026-09-14 15:45:00.154911
BILL00000143,CUST000007,MTR000007,2014-01,301.6,0.15,45.24,PAID,2026-09-14 15:45:00.154911
BILL00000144,CUST000007,MTR000007,2014-02,255.1,0.15,38.26,PAID,2026-09-14 15:45:00.154911
BILL00000145,CUST000008,MTR000008,2012-09,170.24,0.15,25.54,PAID,2026-09-14 15:45:00.154911
BILL00000146,CUST000008,MTR000008,2012-10,812.18,0.15,121.83,PAID,2026-09-14 15:45:00.154911
BILL00000147,CUST000008,MTR000008,2012-11,800.62,0.15,120.09,PAID,2026-09-14 15:45:00.154911
BILL00000148,CUST000008,MTR000008,2012-12,1002.45,0.15,150.37,PAID,2026-09-14 15:45:00.154911
BILL00000149,CUST000008,MTR000008,2013-01,895.11,0.15,134.27,PAID,2026-09-14 15:45:00.154911
BILL00000150,CUST000008,MTR000008,2013-02,771.15,0.15,115.67,PAID,2026-09-14 15:45:00.154911
BILL00000151,CUST000008,MTR000008,2013-03,894.33,0.15,134.15,PAID,2026-09-14 15:45:00.154911
BILL00000152,CUST000008,MTR000008,2013-04,685.61,0.15,102.84,PAID,2026-09-14 15:45:00.154911
BILL00000153,CUST000008,MTR000008,2013-05,725.39,0.15,108.81,PAID,2026-09-14 15:45:00.154911
BILL00000154,CUST000008,MTR000008,2013-06,665.06,0.15,99.76,PAID,2026-09-14 15:45:00.154911
BILL00000155,CUST000008,MTR000008,2013-07,691.35,0.15,103.7,UNPAID,2026-09-14 15:45:00.154911
BILL00000156,CUST000008,MTR000008,2013-08,721.69,0.15,108.25,PAID,2026-09-14 15:45:00.154911
BILL00000157,CUST000008,MTR000008,2013-09,700.09,0.15,105.01,PAID,2026-09-14 15:45:00.154911
BILL00000158,CUST000008,MTR000008,2013-10,728.93,0.15,109.34,PAID,2026-09-14 15:45:00.154911
BILL00000159,CUST000008,MTR000008,2013-11,735.34,0.15,110.3,PAID,2026-09-14 15:45:00.154911
BILL00000160,CUST000008,MTR000008,2013-12,1098.37,0.15,164.76,PAID,2026-09-14 15:45:00.154911
BILL00000161,CUST000008,MTR000008,2014-01,954.99,0.15,143.25,PAID,2026-09-14 15:45:00.154911
BILL00000162,CUST000008,MTR000008,2014-02,733.36,0.15,110.0,UNPAID,2026-09-14 15:45:00.154911
BILL00000163,CUST000009,MTR000009,2012-10,204.22,0.15,30.63,PAID,2026-09-14 15:45:00.154911
BILL00000164,CUST000009,MTR000009,2012-11,585.62,0.15,87.84,PAID,2026-09-14 15:45:00.154911
BILL00000165,CUST000009,MTR000009,2012-12,632.72,0.15,94.91,PAID,2026-09-14 15:45:00.154911
BILL00000166,CUST000009,MTR000009,2013-01,615.2,0.15,92.28,PAID,2026-09-14 15:45:00.154911
BILL00000167,CUST000009,MTR000009,2013-02,513.27,0.15,76.99,PAID,2026-09-14 15:45:00.154911
BILL00000168,CUST000009,MTR000009,2013-03,566.58,0.15,84.99,PAID,2026-09-14 15:45:00.154911
BILL00000169,CUST000009,MTR000009,2013-04,468.63,0.15,70.29,PAID,2026-09-14 15:45:00.154911
BILL00000170,CUST000009,MTR000009,2013-05,487.34,0.15,73.1,PAID,2026-09-14 15:45:00.154911
BILL00000171,CUST000009,MTR000009,2013-06,402.32,0.15,60.35,PAID,2026-09-14 15:45:00.154911
BILL00000172,CUST000009,MTR000009,2013-07,330.7,0.15,49.6,PAID,2026-09-14 15:45:00.154911
BILL00000173,CUST000009,MTR000009,2013-08,332.66,0.15,49.9,PAID,2026-09-14 15:45:00.154911
BILL00000174,CUST000009,MTR000009,2013-09,332.66,0.15,49.9,PAID,2026-09-14 15:45:00.154911
BILL00000175,CUST000009,MTR000009,2013-10,375.63,0.15,56.34,PAID,2026-09-14 15:45:00.154911
BILL00000176,CUST000009,MTR000009,2013-11,387.71,0.15,58.16,PAID,2026-09-14 15:45:00.154911
BILL00000177,CUST000009,MTR000009,2013-12,435.43,0.15,65.31,PAID,2026-09-14 15:45:00.154911
BILL00000178,CUST000009,MTR000009,2014-01,437.5,0.15,65.62,PAID,2026-09-14 15:45:00.154911
BILL00000179,CUST000009,MTR000009,2014-02,341.94,0.15,51.29,PAID,2026-09-14 15:45:00.154911
BILL00000180,CUST000010,MTR000010,2012-10,38.38,0.15,5.76,PAID,2026-09-14 15:45:00.154911
BILL00000181,CUST000010,MTR000010,2012-11,141.31,0.15,21.2,PAID,2026-09-14 15:45:00.154911
BILL00000182,CUST000010,MTR000010,2012-12,34.78,0.15,5.22,PAID,2026-09-14 15:45:00.154911
BILL00000183,CUST000010,MTR000010,2013-01,57.8,0.15,8.67,PAID,2026-09-14 15:45:00.154911
BILL00000184,CUST000010,MTR000010,2013-02,27.98,0.15,4.2,PAID,2026-09-14 15:45:00.154911
BILL00000185,CUST000010,MTR000010,2013-03,74.36,0.15,11.15,PAID,2026-09-14 15:45:00.154911
BILL00000186,CUST000010,MTR000010,2013-04,101.1,0.15,15.16,PAID,2026-09-14 15:45:00.154911
BILL00000187,CUST000010,MTR000010,2013-05,38.36,0.15,5.75,UNPAID,2026-09-14 15:45:00.154911
BILL00000188,CUST000010,MTR000010,2013-06,33.47,0.15,5.02,PAID,2026-09-14 15:45:00.154911
BILL00000189,CUST000010,MTR000010,2013-07,46.18,0.15,6.93,PAID,2026-09-14 15:45:00.154911
BILL00000190,CUST000010,MTR000010,2013-08,42.09,0.15,6.31,UNPAID,2026-09-14 15:45:00.154911
BILL00000191,CUST000010,MTR000010,2013-09,85.34,0.15,12.8,PAID,2026-09-14 15:45:00.154911
BILL00000192,CUST000010,MTR000010,2013-10,70.11,0.15,10.52,PAID,2026-09-14 15:45:00.154911
BILL00000193,CUST000010,MTR000010,2013-11,192.9,0.15,28.94,PAID,2026-09-14 15:45:00.154911
BILL00000194,CUST000010,MTR000010,2013-12,38.4,0.15,5.76,PAID,2026-09-14 15:45:00.154911
BILL00000195,CUST000010,MTR000010,2014-01,34.6,0.15,5.19,PAID,2026-09-14 15:45:00.154911
BILL00000196,CUST000010,MTR000010,2014-02,29.68,0.15,4.45,PAID,2026-09-14 15:45:00.154911
BILL00000197,CUST000011,MTR000011,2012-06,57.39,0.15,8.61,PAID,2026-09-14 15:45:00.154911
BILL00000198,CUST000011,MTR000011,2012-07,196.67,0.15,29.5,PAID,2026-09-14 15:45:00.154911
BILL00000199,CUST000011,MTR000011,2012-08,173.74,0.15,26.06,PAID,2026-09-14 15:45:00.154911
BILL00000200,CUST000011,MTR000011,2012-09,172.97,0.15,25.95,UNPAID,2026-09-14 15:45:00.154911
BILL00000201,CUST000011,MTR000011,2012-10,188.83,0.15,28.32,PAID,2026-09-14 15:45:00.154911
BILL00000202,CUST000011,MTR000011,2012-11,194.48,0.15,29.17,PAID,2026-09-14 15:45:00.154911
BILL00000203,CUST000011,MTR000011,2012-12,218.02,0.15,32.7,PAID,2026-09-14 15:45:00.154911
BILL00000204,CUST000011,MTR000011,2013-01,204.39,0.15,30.66,PAID,2026-09-14 15:45:00.154911
BILL00000205,CUST000011,MTR000011,2013-02,169.0,0.15,25.35,PAID,2026-09-14 15:45:00.154911
BILL00000206,CUST000011,MTR000011,2013-03,179.99,0.15,27.0,PAID,2026-09-14 15:45:00.154911
BILL00000207,CUST000011,MTR000011,2013-04,157.09,0.15,23.56,PAID,2026-09-14 15:45:00.154911
BILL00000208,CUST000011,MTR000011,2013-05,151.23,0.15,22.68,PAID,2026-09-14 15:45:00.154911
BILL00000209,CUST000011,MTR000011,2013-06,116.08,0.15,17.41,PAID,2026-09-14 15:45:00.154911
BILL00000210,CUST000011,MTR000011,2013-07,129.58,0.15,19.44,PAID,2026-09-14 15:45:00.154911
BILL00000211,CUST000011,MTR000011,2013-08,127.3,0.15,19.1,PAID,2026-09-14 15:45:00.154911
BILL00000212,CUST000011,MTR000011,2013-09,113.19,0.15,16.98,UNPAID,2026-09-14 15:45:00.154911
BILL00000213,CUST000011,MTR000011,2013-10,125.32,0.15,18.8,PAID,2026-09-14 15:45:00.154911
BILL00000214,CUST000011,MTR000011,2013-11,130.55,0.15,19.58,PAID,2026-09-14 15:45:00.154911
BILL00000215,CUST000011,MTR000011,2013-12,167.77,0.15,25.17,PAID,2026-09-14 15:45:00.154911
BILL00000216,CUST000011,MTR000011,2014-01,161.63,0.15,24.24,PAID,2026-09-14 15:45:00.154911
BILL00000217,CUST000011,MTR000011,2014-02,124.57,0.15,18.69,PAID,2026-09-14 15:45:00.154911
BILL00000218,CUST000012,MTR000012,2011-12,149.12,0.15,22.37,PAID,2026-09-14 15:45:00.154911
BILL00000219,CUST000012,MTR000012,2012-01,169.42,0.15,25.41,PAID,2026-09-14 15:45:00.154911
BILL00000220,CUST000012,MTR000012,2012-02,45.9,0.15,6.88,PAID,2026-09-14 15:45:00.154911
BILL00000221,CUST000012,MTR000012,2012-03,31.22,0.15,4.68,PAID,2026-09-14 15:45:00.154911
BILL00000222,CUST000012,MTR000012,2012-04,22.55,0.15,3.38,PAID,2026-09-14 15:45:00.154911
BILL00000223,CUST000012,MTR000012,2012-05,20.37,0.15,3.06,PAID,2026-09-14 15:45:00.154911
BILL00000224,CUST000012,MTR000012,2012-06,21.85,0.15,3.28,PAID,2026-09-14 15:45:00.154911
BILL00000225,CUST000012,MTR000012,2012-07,6.63,0.15,0.99,PAID,2026-09-14 15:45:00.154911
BILL00000226,CUST000012,MTR000012,2012-08,4.75,0.15,0.71,PAID,2026-09-14 15:45:00.154911
BILL00000227,CUST000012,MTR000012,2012-09,6.77,0.15,1.02,PAID,2026-09-14 15:45:00.154911
BILL00000228,CUST000012,MTR000012,2012-10,5.0,0.15,0.75,PAID,2026-09-14 15:45:00.154911
BILL00000229,CUST000012,MTR000012,2012-11,7.23,0.15,1.08,PAID,2026-09-14 15:45:00.154911
BILL00000230,CUST000012,MTR000012,2012-12,21.15,0.15,3.17,PAID,2026-09-14 15:45:00.154911
BILL00000231,CUST000012,MTR000012,2013-01,22.02,0.15,3.3,PAID,2026-09-14 15:45:00.154911
BILL00000232,CUST000013,MTR000013,2011-12,293.36,0.15,44.0,PAID,2026-09-14 15:45:00.154911
BILL00000233,CUST000013,MTR000013,2012-01,440.76,0.15,66.11,PAID,2026-09-14 15:45:00.154911
BILL00000234,CUST000013,MTR000013,2012-02,516.57,0.15,77.49,PAID,2026-09-14 15:45:00.154911
BILL00000235,CUST000013,MTR000013,2012-03,368.34,0.15,55.25,PAID,2026-09-14 15:45:00.154911
BILL00000236,CUST000013,MTR000013,2012-04,283.17,0.15,42.48,PAID,2026-09-14 15:45:00.154911
BILL00000237,CUST000013,MTR000013,2012-05,251.58,0.15,37.74,PAID,2026-09-14 15:45:00.154911
BILL00000238,CUST000013,MTR000013,2012-06,313.9,0.15,47.08,PAID,2026-09-14 15:45:00.154911
BILL00000239,CUST000013,MTR000013,2012-07,293.58,0.15,44.04,PAID,2026-09-14 15:45:00.154911
BILL00000240,CUST000013,MTR000013,2012-08,313.3,0.15,47.0,PAID,2026-09-14 15:45:00.154911
BILL00000241,CUST000013,MTR000013,2012-09,309.79,0.15,46.47,PAID,2026-09-14 15:45:00.154911
BILL00000242,CUST000013,MTR000013,2012-10,351.85,0.15,52.78,PAID,2026-09-14 15:45:00.154911
BILL00000243,CUST000013,MTR000013,2012-11,482.24,0.15,72.34,PAID,2026-09-14 15:45:00.154911
BILL00000244,CUST000013,MTR000013,2012-12,373.3,0.15,56.0,PAID,2026-09-14 15:45:00.154911
BILL00000245,CUST000013,MTR000013,2013-01,428.08,0.15,64.21,PAID,2026-09-14 15:45:00.154911
BILL00000246,CUST000013,MTR000013,2013-02,318.39,0.15,47.76,PAID,2026-09-14 15:45:00.154911
BILL00000247,CUST000013,MTR000013,2013-03,304.09,0.15,45.61,PAID,2026-09-14 15:45:00.154911
BILL00000248,CUST000013,MTR000013,2013-04,308.63,0.15,46.29,PAID,2026-09-14 15:45:00.154911
BILL00000249,CUST000013,MTR000013,2013-05,286.89,0.15,43.03,PAID,2026-09-14 15:45:00.154911
BILL00000250,CUST000013,MTR000013,2013-06,270.18,0.15,40.53,PAID,2026-09-14 15:45:00.154911
BILL00000251,CUST000013,MTR000013,2013-07,299.08,0.15,44.86,PAID,2026-09-14 15:45:00.154911
BILL00000252,CUST000013,MTR000013,2013-08,315.56,0.15,47.33,PAID,2026-09-14 15:45:00.154911
BILL00000253,CUST000013,MTR000013,2013-09,304.51,0.15,45.68,PAID,2026-09-14 15:45:00.154911
BILL00000254,CUST000013,MTR000013,2013-10,309.15,0.15,46.37,PAID,2026-09-14 15:45:00.154911
BILL00000255,CUST000013,MTR000013,2013-11,323.63,0.15,48.54,PAID,2026-09-14 15:45:00.154911
BILL00000256,CUST000013,MTR000013,2013-12,260.37,0.15,39.06,PAID,2026-09-14 15:45:00.154911
BILL00000257,CUST000013,MTR000013,2014-01,260.68,0.15,39.1,PAID,2026-09-14 15:45:00.154911
BILL00000258,CUST000013,MTR000013,2014-02,167.46,0.15,25.12,PAID,2026-09-14 15:45:00.154911
BILL00000259,CUST000014,MTR000014,2011-12,152.94,0.15,22.94,PAID,2026-09-14 15:45:00.154911
BILL00000260,CUST000014,MTR000014,2012-01,244.44,0.15,36.67,PAID,2026-09-14 15:45:00.154911
BILL00000261,CUST000014,MTR000014,2012-02,207.31,0.15,31.1,PAID,2026-09-14 15:45:00.154911
BILL00000262,CUST000014,MTR000014,2012-03,135.88,0.15,20.38,PAID,2026-09-14 15:45:00.154911
BILL00000263,CUST000014,MTR000014,2012-04,186.02,0.15,27.9,PAID,2026-09-14 15:45:00.154911
BILL00000264,CUST000014,MTR000014,2012-05,201.2,0.15,30.18,PAID,2026-09-14 15:45:00.154911
BILL00000265,CUST000014,MTR000014,2012-06,150.05,0.15,22.51,PAID,2026-09-14 15:45:00.154911
BILL00000266,CUST000014,MTR000014,2012-07,159.06,0.15,23.86,PAID,2026-09-14 15:45:00.154911
BILL00000267,CUST000014,MTR000014,2012-08,164.13,0.15,24.62,PAID,2026-09-14 15:45:00.154911
BILL00000268,CUST000014,MTR000014,2012-09,174.85,0.15,26.23,UNPAID,2026-09-14 15:45:00.154911
BILL00000269,CUST000014,MTR000014,2012-10,168.27,0.15,25.24,PAID,2026-09-14 15:45:00.154911
BILL00000270,CUST000014,MTR000014,2012-11,163.14,0.15,24.47,PAID,2026-09-14 15:45:00.154911
BILL00000271,CUST000014,MTR000014,2012-12,197.98,0.15,29.7,PAID,2026-09-14 15:45:00.154911
BILL00000272,CUST000014,MTR000014,2013-01,247.16,0.15,37.07,PAID,2026-09-14 15:45:00.154911
BILL00000273,CUST000014,MTR000014,2013-02,208.02,0.15,31.2,PAID,2026-09-14 15:45:00.154911
BILL00000274,CUST000014,MTR000014,2013-03,213.94,0.15,32.09,PAID,2026-09-14 15:45:00.154911
BILL00000275,CUST000014,MTR000014,2013-04,182.45,0.15,27.37,PAID,2026-09-14 15:45:00.154911
BILL00000276,CUST000014,MTR000014,2013-05,167.25,0.15,25.09,PAID,2026-09-14 15:45:00.154911
BILL00000277,CUST000014,MTR000014,2013-06,173.0,0.15,25.95,PAID,2026-09-14 15:45:00.154911
BILL00000278,CUST000014,MTR000014,2013-07,175.02,0.15,26.25,PAID,2026-09-14 15:45:00.154911
BILL00000279,CUST000014,MTR000014,2013-08,201.52,0.15,30.23,PAID,2026-09-14 15:45:00.154911
BILL00000280,CUST000014,MTR000014,2013-09,195.75,0.15,29.36,PAID,2026-09-14 15:45:00.154911
BILL00000281,CUST000014,MTR000014,2013-10,187.6,0.15,28.14,PAID,2026-09-14 15:45:00.154911
BILL00000282,CUST000014,MTR000014,2013-11,118.12,0.15,17.72,UNPAID,2026-09-14 15:45:00.154911
BILL00000283,CUST000014,MTR000014,2013-12,240.72,0.15,36.11,PAID,2026-09-14 15:45:00.154911
BILL00000284,CUST000014,MTR000014,2014-01,242.86,0.15,36.43,PAID,2026-09-14 15:45:00.154911
BILL00000285,CUST000014,MTR000014,2014-02,203.18,0.15,30.48,PAID,2026-09-14 15:45:00.154911
BILL00000286,CUST000015,MTR000015,2011-12,216.53,0.15,32.48,PAID,2026-09-14 15:45:00.154911
BILL00000287,CUST000015,MTR000015,2012-01,263.15,0.15,39.47,PAID,2026-09-14 15:45:00.154911
BILL00000288,CUST000015,MTR000015,2012-02,234.66,0.15,35.2,PAID,2026-09-14 15:45:00.154911
BILL00000289,CUST000015,MTR000015,2012-03,201.11,0.15,30.17,PAID,2026-09-14 15:45:00.154911
BILL00000290,CUST000015,MTR000015,2012-04,195.65,0.15,29.35,PAID,2026-09-14 15:45:00.154911
BILL00000291,CUST000015,MTR000015,2012-05,189.81,0.15,28.47,PAID,2026-09-14 15:45:00.154911
BILL00000292,CUST000015,MTR000015,2012-06,177.5,0.15,26.62,PAID,2026-09-14 15:45:00.154911
BILL00000293,CUST000015,MTR000015,2012-07,168.73,0.15,25.31,PAID,2026-09-14 15:45:00.154911
BILL00000294,CUST000015,MTR000015,2012-08,176.37,0.15,26.46,PAID,2026-09-14 15:45:00.154911
BILL00000295,CUST000015,MTR000015,2012-09,175.73,0.15,26.36,PAID,2026-09-14 15:45:00.154911
BILL00000296,CUST000015,MTR000015,2012-10,211.54,0.15,31.73,PAID,2026-09-14 15:45:00.154911
BILL00000297,CUST000015,MTR000015,2012-11,214.07,0.15,32.11,PAID,2026-09-14 15:45:00.154911
BILL00000298,CUST000015,MTR000015,2012-12,258.69,0.15,38.8,PAID,2026-09-14 15:45:00.154911
BILL00000299,CUST000015,MTR000015,2013-01,280.58,0.15,42.09,PAID,2026-09-14 15:45:00.154911
BILL00000300,CUST000015,MTR000015,2013-02,179.77,0.15,26.97,PAID,2026-09-14 15:45:00.154911
BILL00000301,CUST000015,MTR000015,2013-03,90.24,0.15,13.54,PAID,2026-09-14 15:45:00.154911
BILL00000302,CUST000015,MTR000015,2013-04,115.82,0.15,17.37,PAID,2026-09-14 15:45:00.154911
BILL00000303,CUST000015,MTR000015,2013-05,191.08,0.15,28.66,PAID,2026-09-14 15:45:00.154911
BILL00000304,CUST000015,MTR000015,2013-06,170.56,0.15,25.58,PAID,2026-09-14 15:45:00.154911
BILL00000305,CUST000015,MTR000015,2013-07,155.5,0.15,23.32,PAID,2026-09-14 15:45:00.154911
BILL00000306,CUST000015,MTR000015,2013-08,168.61,0.15,25.29,PAID,2026-09-14 15:45:00.154911
BILL00000307,CUST000015,MTR000015,2013-09,181.04,0.15,27.16,PAID,2026-09-14 15:45:00.154911
BILL00000308,CUST000015,MTR000015,2013-10,205.84,0.15,30.88,PAID,2026-09-14 15:45:00.154911
BILL00000309,CUST000015,MTR000015,2013-11,224.42,0.15,33.66,PAID,2026-09-14 15:45:00.154911
BILL00000310,CUST000015,MTR000015,2013-12,241.24,0.15,36.19,PAID,2026-09-14 15:45:00.154911
BILL00000311,CUST000015,MTR000015,2014-01,248.84,0.15,37.33,PAID,2026-09-14 15:45:00.154911
BILL00000312,CUST000015,MTR000015,2014-02,206.96,0.15,31.04,PAID,2026-09-14 15:45:00.154911
BILL00000313,CUST000016,MTR000016,2011-12,613.86,0.15,92.08,PAID,2026-09-14 15:45:00.154911
BILL00000314,CUST000016,MTR000016,2012-01,694.24,0.15,104.14,PAID,2026-09-14 15:45:00.154911
BILL00000315,CUST000016,MTR000016,2012-02,724.44,0.15,108.67,PAID,2026-09-14 15:45:00.154911
BILL00000316,CUST000016,MTR000016,2012-03,678.75,0.15,101.81,UNPAID,2026-09-14 15:45:00.154911
BILL00000317,CUST000016,MTR000016,2012-04,734.96,0.15,110.24,PAID,2026-09-14 15:45:00.154911
BILL00000318,CUST000016,MTR000016,2012-05,726.79,0.15,109.02,PAID,2026-09-14 15:45:00.154911
BILL00000319,CUST000016,MTR000016,2012-06,645.1,0.15,96.76,PAID,2026-09-14 15:45:00.154911
BILL00000320,CUST000016,MTR000016,2012-07,505.05,0.15,75.76,PAID,2026-09-14 15:45:00.154911
BILL00000321,CUST000016,MTR000016,2012-08,624.16,0.15,93.62,PAID,2026-09-14 15:45:00.154911
BILL00000322,CUST000016,MTR000016,2012-09,618.06,0.15,92.71,UNPAID,2026-09-14 15:45:00.154911
BILL00000323,CUST000016,MTR000016,2012-10,729.34,0.15,109.4,PAID,2026-09-14 15:45:00.154911
BILL00000324,CUST000016,MTR000016,2012-11,754.64,0.15,113.2,PAID,2026-09-14 15:45:00.154911
BILL00000325,CUST000016,MTR000016,2012-12,796.82,0.15,119.52,PAID,2026-09-14 15:45:00.154911
BILL00000326,CUST000016,MTR000016,2013-01,810.31,0.15,121.55,PAID,2026-09-14 15:45:00.154911
BILL00000327,CUST000016,MTR000016,2013-02,708.13,0.15,106.22,PAID,2026-09-14 15:45:00.154911
BILL00000328,CUST000016,MTR000016,2013-03,780.34,0.15,117.05,PAID,2026-09-14 15:45:00.154911
BILL00000329,CUST000016,MTR000016,2013-04,712.2,0.15,106.83,PAID,2026-09-14 15:45:00.154911
BILL00000330,CUST000016,MTR000016,2013-05,668.86,0.15,100.33,PAID,2026-09-14 15:45:00.154911
BILL00000331,CUST000016,MTR000016,2013-06,566.29,0.15,84.94,PAID,2026-09-14 15:45:00.154911
BILL00000332,CUST000016,MTR000016,2013-07,379.76,0.15,56.96,PAID,2026-09-14 15:45:00.154911
BILL00000333,CUST000016,MTR000016,2013-08,532.35,0.15,79.85,PAID,2026-09-14 15:45:00.154911
BILL00000334,CUST000016,MTR000016,2013-09,665.84,0.15,99.88,PAID,2026-09-14 15:45:00.154911
BILL00000335,CUST000016,MTR000016,2013-10,741.99,0.15,111.3,PAID,2026-09-14 15:45:00.154911
BILL00000336,CUST000016,MTR000016,2013-11,770.71,0.15,115.61,PAID,2026-09-14 15:45:00.154911
BILL00000337,CUST000016,MTR000016,2013-12,756.48,0.15,113.47,PAID,2026-09-14 15:45:00.154911
BILL00000338,CUST000016,MTR000016,2014-01,781.23,0.15,117.18,PAID,2026-09-14 15:45:00.154911
BILL00000339,CUST000016,MTR000016,2014-02,602.47,0.15,90.37,PAID,2026-09-14 15:45:00.154911
BILL00000340,CUST000017,MTR000017,2011-12,321.44,0.15,48.22,PAID,2026-09-14 15:45:00.154911
BILL00000341,CUST000017,MTR000017,2012-01,589.58,0.15,88.44,PAID,2026-09-14 15:45:00.154911
BILL00000342,CUST000017,MTR000017,2012-02,577.37,0.15,86.61,PAID,2026-09-14 15:45:00.154911
BILL00000343,CUST000017,MTR000017,2012-03,420.85,0.15,63.13,PAID,2026-09-14 15:45:00.154911
BILL00000344,CUST000017,MTR000017,2012-04,326.53,0.15,48.98,UNPAID,2026-09-14 15:45:00.154911
BILL00000345,CUST000017,MTR000017,2012-05,268.67,0.15,40.3,PAID,2026-09-14 15:45:00.154911
BILL00000346,CUST000017,MTR000017,2012-06,159.09,0.15,23.86,PAID,2026-09-14 15:45:00.154911
BILL00000347,CUST000017,MTR000017,2012-07,163.86,0.15,24.58,PAID,2026-09-14 15:45:00.154911
BILL00000348,CUST000017,MTR000017,2012-08,163.99,0.15,24.6,PAID,2026-09-14 15:45:00.154911
BILL00000349,CUST000017,MTR000017,2012-09,197.83,0.15,29.67,PAID,2026-09-14 15:45:00.154911
BILL00000350,CUST000017,MTR000017,2012-10,261.64,0.15,39.25,PAID,2026-09-14 15:45:00.154911
BILL00000351,CUST000017,MTR000017,2012-11,470.83,0.15,70.62,PAID,2026-09-14 15:45:00.154911
BILL00000352,CUST000017,MTR000017,2012-12,635.53,0.15,95.33,PAID,2026-09-14 15:45:00.154911
BILL00000353,CUST000017,MTR000017,2013-01,613.31,0.15,92.0,PAID,2026-09-14 15:45:00.154911
BILL00000354,CUST000017,MTR000017,2013-02,541.78,0.15,81.27,PAID,2026-09-14 15:45:00.154911
BILL00000355,CUST000017,MTR000017,2013-03,574.92,0.15,86.24,PAID,2026-09-14 15:45:00.154911
BILL00000356,CUST000017,MTR000017,2013-04,389.91,0.15,58.49,PAID,2026-09-14 15:45:00.154911
BILL00000357,CUST000017,MTR000017,2013-05,184.88,0.15,27.73,PAID,2026-09-14 15:45:00.154911
BILL00000358,CUST000017,MTR000017,2013-06,162.55,0.15,24.38,PAID,2026-09-14 15:45:00.154911
BILL00000359,CUST000017,MTR000017,2013-07,172.85,0.15,25.93,PAID,2026-09-14 15:45:00.154911
BILL00000360,CUST000017,MTR000017,2013-08,189.85,0.15,28.48,PAID,2026-09-14 15:45:00.154911
BILL00000361,CUST000017,MTR000017,2013-09,251.25,0.15,37.69,PAID,2026-09-14 15:45:00.154911
BILL00000362,CUST000017,MTR000017,2013-10,341.24,0.15,51.19,PAID,2026-09-14 15:45:00.154911
BILL00000363,CUST000017,MTR000017,2013-11,415.03,0.15,62.25,PAID,2026-09-14 15:45:00.154911
BILL00000364,CUST000017,MTR000017,2013-12,651.61,0.15,97.74,PAID,2026-09-14 15:45:00.154911
BILL00000365,CUST000017,MTR000017,2014-01,616.33,0.15,92.45,UNPAID,2026-09-14 15:45:00.154911
BILL00000366,CUST000017,MTR000017,2014-02,553.4,0.15,83.01,PAID,2026-09-14 15:45:00.154911
BILL00000367,CUST000018,MTR000018,2011-12,350.16,0.15,52.52,PAID,2026-09-14 15:45:00.154911
BILL00000368,CUST000018,MTR000018,2012-01,595.51,0.15,89.33,PAID,2026-09-14 15:45:00.154911
BILL00000369,CUST000018,MTR000018,2012-02,466.22,0.15,69.93,PAID,2026-09-14 15:45:00.154911
BILL00000370,CUST000018,MTR000018,2012-03,612.67,0.15,91.9,PAID,2026-09-14 15:45:00.154911
BILL00000371,CUST000018,MTR000018,2012-04,419.93,0.15,62.99,PAID,2026-09-14 15:45:00.154911
BILL00000372,CUST000018,MTR000018,2012-05,477.26,0.15,71.59,PAID,2026-09-14 15:45:00.154911
BILL00000373,CUST000018,MTR000018,2012-06,450.02,0.15,67.5,UNPAID,2026-09-14 15:45:00.154911
BILL00000374,CUST000018,MTR000018,2012-07,208.5,0.15,31.28,PAID,2026-09-14 15:45:00.154911
BILL00000375,CUST000018,MTR000018,2012-08,248.48,0.15,37.27,PAID,2026-09-14 15:45:00.154911
BILL00000376,CUST000018,MTR000018,2012-09,480.92,0.15,72.14,UNPAID,2026-09-14 15:45:00.154911
BILL00000377,CUST000018,MTR000018,2012-10,453.35,0.15,68.0,PAID,2026-09-14 15:45:00.154911
BILL00000378,CUST000018,MTR000018,2012-11,417.93,0.15,62.69,PAID,2026-09-14 15:45:00.154911
BILL00000379,CUST000018,MTR000018,2012-12,523.89,0.15,78.58,PAID,2026-09-14 15:45:00.154911
BILL00000380,CUST000018,MTR000018,2013-01,526.96,0.15,79.04,PAID,2026-09-14 15:45:00.154911
BILL00000381,CUST000018,MTR000018,2013-02,391.25,0.15,58.69,PAID,2026-09-14 15:45:00.154911
BILL00000382,CUST000018,MTR000018,2013-03,548.3,0.15,82.24,PAID,2026-09-14 15:45:00.154911
BILL00000383,CUST000018,MTR000018,2013-04,372.08,0.15,55.81,PAID,2026-09-14 15:45:00.154911
BILL00000384,CUST000018,MTR000018,2013-05,451.22,0.15,67.68,PAID,2026-09-14 15:45:00.154911
BILL00000385,CUST000018,MTR000018,2013-06,465.6,0.15,69.84,PAID,2026-09-14 15:45:00.154911
BILL00000386,CUST000018,MTR000018,2013-07,257.76,0.15,38.66,PAID,2026-09-14 15:45:00.154911
BILL00000387,CUST000018,MTR000018,2013-08,167.1,0.15,25.06,PAID,2026-09-14 15:45:00.154911
BILL00000388,CUST000018,MTR000018,2013-09,469.99,0.15,70.5,PAID,2026-09-14 15:45:00.154911
BILL00000389,CUST000018,MTR000018,2013-10,410.17,0.15,61.53,PAID,2026-09-14 15:45:00.154911
BILL00000390,CUST000018,MTR000018,2013-11,481.17,0.15,72.18,PAID,2026-09-14 15:45:00.154911
BILL00000391,CUST000018,MTR000018,2013-12,479.85,0.15,71.98,PAID,2026-09-14 15:45:00.154911
BILL00000392,CUST000018,MTR000018,2014-01,535.24,0.15,80.29,PAID,2026-09-14 15:45:00.154911
BILL00000393,CUST000018,MTR000018,2014-02,406.65,0.15,61.0,PAID,2026-09-14 15:45:00.154911
BILL00000394,CUST000019,MTR000019,2011-12,687.45,0.15,103.12,PAID,2026-09-14 15:45:00.154911
BILL00000395,CUST000019,MTR000019,2012-01,855.38,0.15,128.31,PAID,2026-09-14 15:45:00.154911
BILL00000396,CUST000019,MTR000019,2012-02,1076.18,0.15,161.43,PAID,2026-09-14 15:45:00.154911
BILL00000397,CUST000019,MTR000019,2012-03,602.62,0.15,90.39,PAID,2026-09-14 15:45:00.154911
BILL00000398,CUST000019,MTR000019,2012-04,591.29,0.15,88.69,PAID,2026-09-14 15:45:00.154911
BILL00000399,CUST000019,MTR000019,2012-05,460.87,0.15,69.13,PAID,2026-09-14 15:45:00.154911
BILL00000400,CUST000019,MTR000019,2012-06,233.5,0.15,35.02,PAID,2026-09-14 15:45:00.154911
BILL00000401,CUST000019,MTR000019,2012-07,248.94,0.15,37.34,PAID,2026-09-14 15:45:00.154911
BILL00000402,CUST000019,MTR000019,2012-08,230.82,0.15,34.62,PAID,2026-09-14 15:45:00.154911
BILL00000403,CUST000019,MTR000019,2012-09,347.29,0.15,52.09,PAID,2026-09-14 15:45:00.154911
BILL00000404,CUST000019,MTR000019,2012-10,505.11,0.15,75.77,PAID,2026-09-14 15:45:00.154911
BILL00000405,CUST000019,MTR000019,2012-11,740.61,0.15,111.09,PAID,2026-09-14 15:45:00.154911
BILL00000406,CUST000019,MTR000019,2012-12,1329.4,0.15,199.41,PAID,2026-09-14 15:45:00.154911
BILL00000407,CUST000019,MTR000019,2013-01,1324.13,0.15,198.62,PAID,2026-09-14 15:45:00.154911
BILL00000408,CUST000019,MTR000019,2013-02,1067.11,0.15,160.07,PAID,2026-09-14 15:45:00.154911
BILL00000409,CUST000019,MTR000019,2013-03,1051.69,0.15,157.75,PAID,2026-09-14 15:45:00.154911
BILL00000410,CUST000019,MTR000019,2013-04,652.81,0.15,97.92,PAID,2026-09-14 15:45:00.154911
BILL00000411,CUST000019,MTR000019,2013-05,320.9,0.15,48.14,PAID,2026-09-14 15:45:00.154911
BILL00000412,CUST000019,MTR000019,2013-06,302.68,0.15,45.4,PAID,2026-09-14 15:45:00.154911
BILL00000413,CUST000019,MTR000019,2013-07,248.02,0.15,37.2,PAID,2026-09-14 15:45:00.154911
BILL00000414,CUST000019,MTR000019,2013-08,250.9,0.15,37.64,PAID,2026-09-14 15:45:00.154911
BILL00000415,CUST000019,MTR000019,2013-09,306.2,0.15,45.93,PAID,2026-09-14 15:45:00.154911
BILL00000416,CUST000019,MTR000019,2013-10,461.08,0.15,69.16,PAID,2026-09-14 15:45:00.154911
BILL00000417,CUST000019,MTR000019,2013-11,738.08,0.15,110.71,PAID,2026-09-14 15:45:00.154911
BILL00000418,CUST000019,MTR000019,2013-12,814.67,0.15,122.2,PAID,2026-09-14 15:45:00.154911
BILL00000419,CUST000019,MTR000019,2014-01,834.97,0.15,125.25,PAID,2026-09-14 15:45:00.154911
BILL00000420,CUST000019,MTR000019,2014-02,661.57,0.15,99.24,PAID,2026-09-14 15:45:00.154911
BILL00000421,CUST000020,MTR000020,2011-12,106.75,0.15,16.01,PAID,2026-09-14 15:45:00.154911
BILL00000422,CUST000020,MTR000020,2012-01,153.15,0.15,22.97,PAID,2026-09-14 15:45:00.154911
BILL00000423,CUST000020,MTR000020,2012-02,138.63,0.15,20.79,PAID,2026-09-14 15:45:00.154911
BILL00000424,CUST000020,MTR000020,2012-03,155.17,0.15,23.28,PAID,2026-09-14 15:45:00.154911
BILL00000425,CUST000020,MTR000020,2012-04,144.92,0.15,21.74,PAID,2026-09-14 15:45:00.154911
BILL00000426,CUST000020,MTR000020,2012-05,135.75,0.15,20.36,PAID,2026-09-14 15:45:00.154911
BILL00000427,CUST000020,MTR000020,2012-06,135.62,0.15,20.34,PAID,2026-09-14 15:45:00.154911
BILL00000428,CUST000020,MTR000020,2012-07,131.24,0.15,19.69,PAID,2026-09-14 15:45:00.154911
BILL00000429,CUST000020,MTR000020,2012-08,133.76,0.15,20.06,PAID,2026-09-14 15:45:00.154911
BILL00000430,CUST000020,MTR000020,2012-09,109.2,0.15,16.38,PAID,2026-09-14 15:45:00.154911
BILL00000431,CUST000020,MTR000020,2012-10,124.47,0.15,18.67,PAID,2026-09-14 15:45:00.154911
BILL00000432,CUST000020,MTR000020,2012-11,139.22,0.15,20.88,PAID,2026-09-14 15:45:00.154911
BILL00000433,CUST000020,MTR000020,2012-12,126.12,0.15,18.92,PAID,2026-09-14 15:45:00.154911
BILL00000434,CUST000020,MTR000020,2013-01,149.52,0.15,22.43,PAID,2026-09-14 15:45:00.154911
BILL00000435,CUST000020,MTR000020,2013-02,143.37,0.15,21.51,PAID,2026-09-14 15:45:00.154911
BILL00000436,CUST000020,MTR000020,2013-03,161.34,0.15,24.2,PAID,2026-09-14 15:45:00.154911
BILL00000437,CUST000020,MTR000020,2013-04,149.62,0.15,22.44,PAID,2026-09-14 15:45:00.154911
BILL00000438,CUST000020,MTR000020,2013-05,162.85,0.15,24.43,PAID,2026-09-14 15:45:00.154911
BILL00000439,CUST000020,MTR000020,2013-06,178.42,0.15,26.76,PAID,2026-09-14 15:45:00.154911
BILL00000440,CUST000020,MTR000020,2013-07,163.47,0.15,24.52,PAID,2026-09-14 15:45:00.154911
BILL00000441,CUST000020,MTR000020,2013-08,143.17,0.15,21.48,PAID,2026-09-14 15:45:00.154911
BILL00000442,CUST000020,MTR000020,2013-09,144.04,0.15,21.61,PAID,2026-09-14 15:45:00.154911
BILL00000443,CUST000020,MTR000020,2013-10,152.62,0.15,22.89,PAID,2026-09-14 15:45:00.154911
BILL00000444,CUST000020,MTR000020,2013-11,151.18,0.15,22.68,PAID,2026-09-14 15:45:00.154911
BILL00000445,CUST000020,MTR000020,2013-12,134.02,0.15,20.1,UNPAID,2026-09-14 15:45:00.154911
BILL00000446,CUST000020,MTR000020,2014-01,168.2,0.15,25.23,PAID,2026-09-14 15:45:00.154911
BILL00000447,CUST000020,MTR000020,2014-02,143.68,0.15,21.55,PAID,2026-09-14 15:45:00.154911
BILL00000448,CUST000021,MTR000021,2011-12,344.12,0.15,51.62,PAID,2026-09-14 15:45:00.154911
BILL00000449,CUST000021,MTR000021,2012-01,337.56,0.15,50.63,PAID,2026-09-14 15:45:00.154911
BILL00000450,CUST000021,MTR000021,2012-02,396.79,0.15,59.52,UNPAID,2026-09-14 15:45:00.154911
BILL00000451,CUST000021,MTR000021,2012-03,464.94,0.15,69.74,PAID,2026-09-14 15:45:00.154911
BILL00000452,CUST000021,MTR000021,2012-04,396.36,0.15,59.45,PAID,2026-09-14 15:45:00.154911
BILL00000453,CUST000021,MTR000021,2012-05,375.62,0.15,56.34,PAID,2026-09-14 15:45:00.154911
BILL00000454,CUST000021,MTR000021,2012-06,343.82,0.15,51.57,PAID,2026-09-14 15:45:00.154911
BILL00000455,CUST000021,MTR000021,2012-07,341.4,0.15,51.21,PAID,2026-09-14 15:45:00.154911
BILL00000456,CUST000021,MTR000021,2012-08,262.22,0.15,39.33,PAID,2026-09-14 15:45:00.154911
BILL00000457,CUST000021,MTR000021,2012-09,423.8,0.15,63.57,PAID,2026-09-14 15:45:00.154911
BILL00000458,CUST000021,MTR000021,2012-10,470.22,0.15,70.53,PAID,2026-09-14 15:45:00.154911
BILL00000459,CUST000021,MTR000021,2012-11,472.68,0.15,70.9,PAID,2026-09-14 15:45:00.154911
BILL00000460,CUST000021,MTR000021,2012-12,404.69,0.15,60.7,PAID,2026-09-14 15:45:00.154911
BILL00000461,CUST000021,MTR000021,2013-01,317.65,0.15,47.65,PAID,2026-09-14 15:45:00.154911
BILL00000462,CUST000021,MTR000021,2013-02,316.31,0.15,47.45,PAID,2026-09-14 15:45:00.154911
BILL00000463,CUST000021,MTR000021,2013-03,351.51,0.15,52.73,PAID,2026-09-14 15:45:00.154911
BILL00000464,CUST000021,MTR000021,2013-04,356.37,0.15,53.46,PAID,2026-09-14 15:45:00.154911
BILL00000465,CUST000021,MTR000021,2013-05,412.06,0.15,61.81,PAID,2026-09-14 15:45:00.154911
BILL00000466,CUST000021,MTR000021,2013-06,351.36,0.15,52.7,PAID,2026-09-14 15:45:00.154911
BILL00000467,CUST000021,MTR000021,2013-07,328.59,0.15,49.29,PAID,2026-09-14 15:45:00.154911
BILL00000468,CUST000021,MTR000021,2013-08,294.46,0.15,44.17,PAID,2026-09-14 15:45:00.154911
BILL00000469,CUST000021,MTR000021,2013-09,391.44,0.15,58.72,PAID,2026-09-14 15:45:00.154911
BILL00000470,CUST000021,MTR000021,2013-10,396.81,0.15,59.52,PAID,2026-09-14 15:45:00.154911
BILL00000471,CUST000021,MTR000021,2013-11,466.68,0.15,70.0,PAID,2026-09-14 15:45:00.154911
BILL00000472,CUST000021,MTR000021,2013-12,370.28,0.15,55.54,PAID,2026-09-14 15:45:00.154911
BILL00000473,CUST000021,MTR000021,2014-01,257.3,0.15,38.6,PAID,2026-09-14 15:45:00.154911
BILL00000474,CUST000021,MTR000021,2014-02,496.87,0.15,74.53,UNPAID,2026-09-14 15:45:00.154911
BILL00000475,CUST000022,MTR000022,2011-12,238.63,0.15,35.79,PAID,2026-09-14 15:45:00.154911
BILL00000476,CUST000022,MTR000022,2012-01,279.79,0.15,41.97,PAID,2026-09-14 15:45:00.154911
BILL00000477,CUST000022,MTR000022,2012-02,294.48,0.15,44.17,PAID,2026-09-14 15:45:00.154911
BILL00000478,CUST000022,MTR000022,2012-03,305.54,0.15,45.83,PAID,2026-09-14 15:45:00.154911
BILL00000479,CUST000022,MTR000022,2012-04,289.92,0.15,43.49,PAID,2026-09-14 15:45:00.154911
BILL00000480,CUST000022,MTR000022,2012-05,284.35,0.15,42.65,PAID,2026-09-14 15:45:00.154911
BILL00000481,CUST000022,MTR000022,2012-06,247.81,0.15,37.17,PAID,2026-09-14 15:45:00.154911
BILL00000482,CUST000022,MTR000022,2012-07,297.03,0.15,44.55,UNPAID,2026-09-14 15:45:00.154911
BILL00000483,CUST000022,MTR000022,2012-08,288.76,0.15,43.31,PAID,2026-09-14 15:45:00.154911
BILL00000484,CUST000022,MTR000022,2012-09,262.3,0.15,39.34,PAID,2026-09-14 15:45:00.154911
BILL00000485,CUST000022,MTR000022,2012-10,277.67,0.15,41.65,PAID,2026-09-14 15:45:00.154911
BILL00000486,CUST000022,MTR000022,2012-11,278.16,0.15,41.72,PAID,2026-09-14 15:45:00.154911
BILL00000487,CUST000022,MTR000022,2012-12,293.94,0.15,44.09,PAID,2026-09-14 15:45:00.154911
BILL00000488,CUST000022,MTR000022,2013-01,292.48,0.15,43.87,PAID,2026-09-14 15:45:00.154911
BILL00000489,CUST000022,MTR000022,2013-02,258.88,0.15,38.83,PAID,2026-09-14 15:45:00.154911
BILL00000490,CUST000022,MTR000022,2013-03,293.45,0.15,44.02,PAID,2026-09-14 15:45:00.154911
BILL00000491,CUST000022,MTR000022,2013-04,289.15,0.15,43.37,PAID,2026-09-14 15:45:00.154911
BILL00000492,CUST000022,MTR000022,2013-05,279.6,0.15,41.94,PAID,2026-09-14 15:45:00.154911
BILL00000493,CUST000022,MTR000022,2013-06,296.62,0.15,44.49,PAID,2026-09-14 15:45:00.154911
BILL00000494,CUST000022,MTR000022,2013-07,256.46,0.15,38.47,PAID,2026-09-14 15:45:00.154911
BILL00000495,CUST000022,MTR000022,2013-08,252.75,0.15,37.91,PAID,2026-09-14 15:45:00.154911
BILL00000496,CUST000022,MTR000022,2013-09,217.0,0.15,32.55,PAID,2026-09-14 15:45:00.154911
BILL00000497,CUST000022,MTR000022,2013-10,234.89,0.15,35.23,PAID,2026-09-14 15:45:00.154911
BILL00000498,CUST000022,MTR000022,2013-11,237.46,0.15,35.62,PAID,2026-09-14 15:45:00.154911
BILL00000499,CUST000022,MTR000022,2013-12,268.25,0.15,40.24,PAID,2026-09-14 15:45:00.154911
BILL00000500,CUST000022,MTR000022,2014-01,249.54,0.15,37.43,PAID,2026-09-14 15:45:00.154911
BILL00000501,CUST000022,MTR000022,2014-02,227.73,0.15,34.16,PAID,2026-09-14 15:45:00.154911
BILL00000502,CUST000023,MTR000023,2011-12,141.53,0.15,21.23,PAID,2026-09-14 15:45:00.154911
BILL00000503,CUST000023,MTR000023,2012-01,184.45,0.15,27.67,PAID,2026-09-14 15:45:00.154911
BILL00000504,CUST000023,MTR000023,2012-02,164.31,0.15,24.65,PAID,2026-09-14 15:45:00.154911
BILL00000505,CUST000023,MTR000023,2012-03,154.7,0.15,23.2,PAID,2026-09-14 15:45:00.154911
BILL00000506,CUST000023,MTR000023,2012-04,154.41,0.15,23.16,PAID,2026-09-14 15:45:00.154911
BILL00000507,CUST000023,MTR000023,2012-05,146.23,0.15,21.93,PAID,2026-09-14 15:45:00.154911
BILL00000508,CUST000023,MTR000023,2012-06,161.22,0.15,24.18,PAID,2026-09-14 15:45:00.154911
BILL00000509,CUST000023,MTR000023,2012-07,182.12,0.15,27.32,PAID,2026-09-14 15:45:00.154911
BILL00000510,CUST000023,MTR000023,2012-08,186.39,0.15,27.96,PAID,2026-09-14 15:45:00.154911
BILL00000511,CUST000023,MTR000023,2012-09,176.88,0.15,26.53,PAID,2026-09-14 15:45:00.154911
BILL00000512,CUST000023,MTR000023,2012-10,192.59,0.15,28.89,PAID,2026-09-14 15:45:00.154911
BILL00000513,CUST000023,MTR000023,2012-11,188.99,0.15,28.35,PAID,2026-09-14 15:45:00.154911
BILL00000514,CUST000023,MTR000023,2012-12,219.01,0.15,32.85,PAID,2026-09-14 15:45:00.154911
BILL00000515,CUST000023,MTR000023,2013-01,215.12,0.15,32.27,UNPAID,2026-09-14 15:45:00.154911
BILL00000516,CUST000023,MTR000023,2013-02,187.62,0.15,28.14,PAID,2026-09-14 15:45:00.154911
BILL00000517,CUST000023,MTR000023,2013-03,205.27,0.15,30.79,PAID,2026-09-14 15:45:00.154911
BILL00000518,CUST000023,MTR000023,2013-04,141.13,0.15,21.17,PAID,2026-09-14 15:45:00.154911
BILL00000519,CUST000023,MTR000023,2013-05,95.99,0.15,14.4,PAID,2026-09-14 15:45:00.154911
BILL00000520,CUST000023,MTR000023,2013-06,38.33,0.15,5.75,PAID,2026-09-14 15:45:00.154911
BILL00000521,CUST000023,MTR000023,2013-07,25.64,0.15,3.85,PAID,2026-09-14 15:45:00.154911
BILL00000522,CUST000023,MTR000023,2013-08,20.01,0.15,3.0,PAID,2026-09-14 15:45:00.154911
BILL00000523,CUST000023,MTR000023,2013-09,23.46,0.15,3.52,PAID,2026-09-14 15:45:00.154911
BILL00000524,CUST000023,MTR000023,2013-10,16.43,0.15,2.46,PAID,2026-09-14 15:45:00.154911
BILL00000525,CUST000024,MTR000024,2011-12,100.28,0.15,15.04,PAID,2026-09-14 15:45:00.154911
BILL00000526,CUST000024,MTR000024,2012-01,113.72,0.15,17.06,PAID,2026-09-14 15:45:00.154911
BILL00000527,CUST000024,MTR000024,2012-02,99.8,0.15,14.97,PAID,2026-09-14 15:45:00.154911
BILL00000528,CUST000024,MTR000024,2012-03,113.38,0.15,17.01,PAID,2026-09-14 15:45:00.154911
BILL00000529,CUST000024,MTR000024,2012-04,118.64,0.15,17.8,PAID,2026-09-14 15:45:00.154911
BILL00000530,CUST000024,MTR000024,2012-05,106.89,0.15,16.03,PAID,2026-09-14 15:45:00.154911
BILL00000531,CUST000024,MTR000024,2012-06,111.93,0.15,16.79,PAID,2026-09-14 15:45:00.154911
BILL00000532,CUST000024,MTR000024,2012-07,98.03,0.15,14.7,PAID,2026-09-14 15:45:00.154911
BILL00000533,CUST000024,MTR000024,2012-08,98.31,0.15,14.75,PAID,2026-09-14 15:45:00.154911
BILL00000534,CUST000024,MTR000024,2012-09,104.17,0.15,15.63,PAID,2026-09-14 15:45:00.154911
BILL00000535,CUST000024,MTR000024,2012-10,135.72,0.15,20.36,PAID,2026-09-14 15:45:00.154911
BILL00000536,CUST000024,MTR000024,2012-11,113.6,0.15,17.04,PAID,2026-09-14 15:45:00.154911
BILL00000537,CUST000024,MTR000024,2012-12,129.74,0.15,19.46,PAID,2026-09-14 15:45:00.154911
BILL00000538,CUST000024,MTR000024,2013-01,110.57,0.15,16.59,UNPAID,2026-09-14 15:45:00.154911
BILL00000539,CUST000024,MTR000024,2013-02,82.54,0.15,12.38,PAID,2026-09-14 15:45:00.154911
BILL00000540,CUST000024,MTR000024,2013-03,86.8,0.15,13.02,PAID,2026-09-14 15:45:00.154911
BILL00000541,CUST000024,MTR000024,2013-04,103.2,0.15,15.48,PAID,2026-09-14 15:45:00.154911
BILL00000542,CUST000024,MTR000024,2013-05,93.13,0.15,13.97,PAID,2026-09-14 15:45:00.154911
BILL00000543,CUST000024,MTR000024,2013-06,92.66,0.15,13.9,PAID,2026-09-14 15:45:00.154911
BILL00000544,CUST000024,MTR000024,2013-07,113.98,0.15,17.1,PAID,2026-09-14 15:45:00.154911
BILL00000545,CUST000024,MTR000024,2013-08,81.05,0.15,12.16,PAID,2026-09-14 15:45:00.154911
BILL00000546,CUST000024,MTR000024,2013-09,84.44,0.15,12.67,UNPAID,2026-09-14 15:45:00.154911
BILL00000547,CUST000024,MTR000024,2013-10,101.39,0.15,15.21,PAID,2026-09-14 15:45:00.154911
BILL00000548,CUST000024,MTR000024,2013-11,90.11,0.15,13.52,PAID,2026-09-14 15:45:00.154911
BILL00000549,CUST000024,MTR000024,2013-12,105.05,0.15,15.76,PAID,2026-09-14 15:45:00.154911
BILL00000550,CUST000024,MTR000024,2014-01,92.95,0.15,13.94,PAID,2026-09-14 15:45:00.154911
BILL00000551,CUST000024,MTR000024,2014-02,82.38,0.15,12.36,PAID,2026-09-14 15:45:00.154911
BILL00000552,CUST000025,MTR000025,2011-12,423.35,0.15,63.5,PAID,2026-09-14 15:45:00.154911
BILL00000553,CUST000025,MTR000025,2012-01,416.71,0.15,62.51,PAID,2026-09-14 15:45:00.154911
BILL00000554,CUST000025,MTR000025,2012-02,359.52,0.15,53.93,PAID,2026-09-14 15:45:00.154911
BILL00000555,CUST000025,MTR000025,2012-03,236.48,0.15,35.47,PAID,2026-09-14 15:45:00.154911
BILL00000556,CUST000025,MTR000025,2012-04,282.09,0.15,42.31,PAID,2026-09-14 15:45:00.154911
BILL00000557,CUST000025,MTR000025,2012-05,326.72,0.15,49.01,PAID,2026-09-14 15:45:00.154911
BILL00000558,CUST000025,MTR000025,2012-06,294.47,0.15,44.17,UNPAID,2026-09-14 15:45:00.154911
BILL00000559,CUST000025,MTR000025,2012-07,177.87,0.15,26.68,PAID,2026-09-14 15:45:00.154911
BILL00000560,CUST000025,MTR000025,2012-08,145.13,0.15,21.77,PAID,2026-09-14 15:45:00.154911
BILL00000561,CUST000025,MTR000025,2012-09,336.14,0.15,50.42,PAID,2026-09-14 15:45:00.154911
BILL00000562,CUST000025,MTR000025,2012-10,410.18,0.15,61.53,PAID,2026-09-14 15:45:00.154911
BILL00000563,CUST000025,MTR000025,2012-11,347.81,0.15,52.17,PAID,2026-09-14 15:45:00.154911
BILL00000564,CUST000025,MTR000025,2012-12,541.6,0.15,81.24,PAID,2026-09-14 15:45:00.154911
BILL00000565,CUST000025,MTR000025,2013-01,465.03,0.15,69.75,PAID,2026-09-14 15:45:00.154911
BILL00000566,CUST000025,MTR000025,2013-02,446.56,0.15,66.98,PAID,2026-09-14 15:45:00.154911
BILL00000567,CUST000025,MTR000025,2013-03,360.83,0.15,54.12,PAID,2026-09-14 15:45:00.154911
BILL00000568,CUST000025,MTR000025,2013-04,327.49,0.15,49.12,PAID,2026-09-14 15:45:00.154911
BILL00000569,CUST000025,MTR000025,2013-05,333.08,0.15,49.96,PAID,2026-09-14 15:45:00.154911
BILL00000570,CUST000025,MTR000025,2013-06,249.67,0.15,37.45,PAID,2026-09-14 15:45:00.154911
BILL00000571,CUST000025,MTR000025,2013-07,300.28,0.15,45.04,PAID,2026-09-14 15:45:00.154911
BILL00000572,CUST000025,MTR000025,2013-08,182.84,0.15,27.43,PAID,2026-09-14 15:45:00.154911
BILL00000573,CUST000025,MTR000025,2013-09,313.27,0.15,46.99,PAID,2026-09-14 15:45:00.154911
BILL00000574,CUST000025,MTR000025,2013-10,423.93,0.15,63.59,PAID,2026-09-14 15:45:00.154911
BILL00000575,CUST000025,MTR000025,2013-11,408.03,0.15,61.2,PAID,2026-09-14 15:45:00.154911
BILL00000576,CUST000025,MTR000025,2013-12,413.67,0.15,62.05,PAID,2026-09-14 15:45:00.154911
BILL00000577,CUST000025,MTR000025,2014-01,406.26,0.15,60.94,PAID,2026-09-14 15:45:00.154911
BILL00000578,CUST000025,MTR000025,2014-02,348.95,0.15,52.34,PAID,2026-09-14 15:45:00.154911
BILL00000579,CUST000026,MTR000026,2011-12,399.41,0.15,59.91,PAID,2026-09-14 15:45:00.154911
BILL00000580,CUST000026,MTR000026,2012-01,568.62,0.15,85.29,PAID,2026-09-14 15:45:00.154911
BILL00000581,CUST000026,MTR000026,2012-02,547.19,0.15,82.08,PAID,2026-09-14 15:45:00.154911
BILL00000582,CUST000026,MTR000026,2012-03,369.81,0.15,55.47,PAID,2026-09-14 15:45:00.154911
BILL00000583,CUST000026,MTR000026,2012-04,370.06,0.15,55.51,PAID,2026-09-14 15:45:00.154911
BILL00000584,CUST000026,MTR000026,2012-05,296.58,0.15,44.49,PAID,2026-09-14 15:45:00.154911
BILL00000585,CUST000026,MTR000026,2012-06,184.45,0.15,27.67,PAID,2026-09-14 15:45:00.154911
BILL00000586,CUST000026,MTR000026,2012-07,201.02,0.15,30.15,PAID,2026-09-14 15:45:00.154911
BILL00000587,CUST000026,MTR000026,2012-08,195.12,0.15,29.27,PAID,2026-09-14 15:45:00.154911
BILL00000588,CUST000026,MTR000026,2012-09,219.77,0.15,32.97,PAID,2026-09-14 15:45:00.154911
BILL00000589,CUST000026,MTR000026,2012-10,280.42,0.15,42.06,PAID,2026-09-14 15:45:00.154911
BILL00000590,CUST000026,MTR000026,2012-11,478.11,0.15,71.72,PAID,2026-09-14 15:45:00.154911
BILL00000591,CUST000026,MTR000026,2012-12,604.37,0.15,90.66,PAID,2026-09-14 15:45:00.154911
BILL00000592,CUST000026,MTR000026,2013-01,696.75,0.15,104.51,PAID,2026-09-14 15:45:00.154911
BILL00000593,CUST000026,MTR000026,2013-02,684.96,0.15,102.74,PAID,2026-09-14 15:45:00.154911
BILL00000594,CUST000026,MTR000026,2013-03,742.93,0.15,111.44,PAID,2026-09-14 15:45:00.154911
BILL00000595,CUST000026,MTR000026,2013-04,446.64,0.15,67.0,PAID,2026-09-14 15:45:00.154911
BILL00000596,CUST000026,MTR000026,2013-05,208.29,0.15,31.24,PAID,2026-09-14 15:45:00.154911
BILL00000597,CUST000026,MTR000026,2013-06,144.94,0.15,21.74,PAID,2026-09-14 15:45:00.154911
BILL00000598,CUST000026,MTR000026,2013-07,145.22,0.15,21.78,PAID,2026-09-14 15:45:00.154911
BILL00000599,CUST000026,MTR000026,2013-08,147.89,0.15,22.18,PAID,2026-09-14 15:45:00.154911
BILL00000600,CUST000026,MTR000026,2013-09,170.64,0.15,25.6,PAID,2026-09-14 15:45:00.154911
BILL00000601,CUST000026,MTR000026,2013-10,312.85,0.15,46.93,PAID,2026-09-14 15:45:00.154911
BILL00000602,CUST000026,MTR000026,2013-11,491.47,0.15,73.72,PAID,2026-09-14 15:45:00.154911
BILL00000603,CUST000026,MTR000026,2013-12,539.46,0.15,80.92,PAID,2026-09-14 15:45:00.154911
BILL00000604,CUST000026,MTR000026,2014-01,535.21,0.15,80.28,PAID,2026-09-14 15:45:00.154911
BILL00000605,CUST000026,MTR000026,2014-02,470.24,0.15,70.54,PAID,2026-09-14 15:45:00.154911
BILL00000606,CUST000027,MTR000027,2011-12,188.36,0.15,28.25,PAID,2026-09-14 15:45:00.154911
BILL00000607,CUST000027,MTR000027,2012-01,243.26,0.15,36.49,PAID,2026-09-14 15:45:00.154911
BILL00000608,CUST000027,MTR000027,2012-02,349.92,0.15,52.49,PAID,2026-09-14 15:45:00.154911
BILL00000609,CUST000027,MTR000027,2012-03,275.79,0.15,41.37,UNPAID,2026-09-14 15:45:00.154911
BILL00000610,CUST000027,MTR000027,2012-04,230.46,0.15,34.57,PAID,2026-09-14 15:45:00.154911
BILL00000611,CUST000027,MTR000027,2012-05,216.3,0.15,32.44,PAID,2026-09-14 15:45:00.154911
BILL00000612,CUST000027,MTR000027,2012-06,212.66,0.15,31.9,PAID,2026-09-14 15:45:00.154911
BILL00000613,CUST000027,MTR000027,2012-07,202.61,0.15,30.39,UNPAID,2026-09-14 15:45:00.154911
BILL00000614,CUST000027,MTR000027,2012-08,208.84,0.15,31.33,PAID,2026-09-14 15:45:00.154911
BILL00000615,CUST000027,MTR000027,2012-09,226.14,0.15,33.92,PAID,2026-09-14 15:45:00.154911
BILL00000616,CUST000027,MTR000027,2012-10,205.71,0.15,30.86,PAID,2026-09-14 15:45:00.154911
BILL00000617,CUST000027,MTR000027,2012-11,203.06,0.15,30.46,PAID,2026-09-14 15:45:00.154911
BILL00000618,CUST000027,MTR000027,2012-12,228.42,0.15,34.26,PAID,2026-09-14 15:45:00.154911
BILL00000619,CUST000027,MTR000027,2013-01,235.84,0.15,35.38,PAID,2026-09-14 15:45:00.154911
BILL00000620,CUST000027,MTR000027,2013-02,222.07,0.15,33.31,PAID,2026-09-14 15:45:00.154911
BILL00000621,CUST000027,MTR000027,2013-03,240.6,0.15,36.09,PAID,2026-09-14 15:45:00.154911
BILL00000622,CUST000027,MTR000027,2013-04,225.21,0.15,33.78,PAID,2026-09-14 15:45:00.154911
BILL00000623,CUST000027,MTR000027,2013-05,226.6,0.15,33.99,PAID,2026-09-14 15:45:00.154911
BILL00000624,CUST000027,MTR000027,2013-06,219.2,0.15,32.88,PAID,2026-09-14 15:45:00.154911
BILL00000625,CUST000027,MTR000027,2013-07,245.44,0.15,36.82,PAID,2026-09-14 15:45:00.154911
BILL00000626,CUST000027,MTR000027,2013-08,220.29,0.15,33.04,PAID,2026-09-14 15:45:00.154911
BILL00000627,CUST000027,MTR000027,2013-09,223.69,0.15,33.55,PAID,2026-09-14 15:45:00.154911
BILL00000628,CUST000027,MTR000027,2013-10,226.15,0.15,33.92,PAID,2026-09-14 15:45:00.154911
BILL00000629,CUST000027,MTR000027,2013-11,235.18,0.15,35.28,PAID,2026-09-14 15:45:00.154911
BILL00000630,CUST000027,MTR000027,2013-12,228.69,0.15,34.3,PAID,2026-09-14 15:45:00.154911
BILL00000631,CUST000027,MTR000027,2014-01,223.38,0.15,33.51,PAID,2026-09-14 15:45:00.154911
BILL00000632,CUST000027,MTR000027,2014-02,198.89,0.15,29.83,PAID,2026-09-14 15:45:00.154911
BILL00000633,CUST000028,MTR000028,2011-12,740.32,0.15,111.05,PAID,2026-09-14 15:45:00.154911
BILL00000634,CUST000028,MTR000028,2012-01,1522.9,0.15,228.44,PAID,2026-09-14 15:45:00.154911
BILL00000635,CUST000028,MTR000028,2012-02,1710.96,0.15,256.64,PAID,2026-09-14 15:45:00.154911
BILL00000636,CUST000028,MTR000028,2012-03,1626.35,0.15,243.95,PAID,2026-09-14 15:45:00.154911
BILL00000637,CUST000028,MTR000028,2012-04,1096.44,0.15,164.47,PAID,2026-09-14 15:45:00.154911
BILL00000638,CUST000028,MTR000028,2012-05,537.85,0.15,80.68,PAID,2026-09-14 15:45:00.154911
BILL00000639,CUST000028,MTR000028,2012-06,234.16,0.15,35.12,PAID,2026-09-14 15:45:00.154911
BILL00000640,CUST000028,MTR000028,2012-07,210.43,0.15,31.56,PAID,2026-09-14 15:45:00.154911
BILL00000641,CUST000028,MTR000028,2012-08,210.42,0.15,31.56,PAID,2026-09-14 15:45:00.154911
BILL00000642,CUST000028,MTR000028,2012-09,181.14,0.15,27.17,PAID,2026-09-14 15:45:00.154911
BILL00000643,CUST000028,MTR000028,2012-10,194.95,0.15,29.24,PAID,2026-09-14 15:45:00.154911
BILL00000644,CUST000028,MTR000028,2012-11,902.41,0.15,135.36,PAID,2026-09-14 15:45:00.154911
BILL00000645,CUST000028,MTR000028,2012-12,1037.42,0.15,155.61,PAID,2026-09-14 15:45:00.154911
BILL00000646,CUST000028,MTR000028,2013-01,1321.75,0.15,198.26,PAID,2026-09-14 15:45:00.154911
BILL00000647,CUST000028,MTR000028,2013-02,1525.09,0.15,228.76,PAID,2026-09-14 15:45:00.154911
BILL00000648,CUST000028,MTR000028,2013-03,1725.31,0.15,258.8,PAID,2026-09-14 15:45:00.154911
BILL00000649,CUST000028,MTR000028,2013-04,1124.96,0.15,168.74,PAID,2026-09-14 15:45:00.154911
BILL00000650,CUST000028,MTR000028,2013-05,374.11,0.15,56.12,PAID,2026-09-14 15:45:00.154911
BILL00000651,CUST000028,MTR000028,2013-06,271.28,0.15,40.69,PAID,2026-09-14 15:45:00.154911
BILL00000652,CUST000028,MTR000028,2013-07,187.4,0.15,28.11,PAID,2026-09-14 15:45:00.154911
BILL00000653,CUST000028,MTR000028,2013-08,194.28,0.15,29.14,PAID,2026-09-14 15:45:00.154911
BILL00000654,CUST000028,MTR000028,2013-09,189.28,0.15,28.39,PAID,2026-09-14 15:45:00.154911
BILL00000655,CUST000028,MTR000028,2013-10,199.74,0.15,29.96,PAID,2026-09-14 15:45:00.154911
BILL00000656,CUST000028,MTR000028,2013-11,472.66,0.15,70.9,PAID,2026-09-14 15:45:00.154911
BILL00000657,CUST000028,MTR000028,2013-12,1244.1,0.15,186.61,PAID,2026-09-14 15:45:00.154911
BILL00000658,CUST000028,MTR000028,2014-01,1653.33,0.15,248.0,PAID,2026-09-14 15:45:00.154911
BILL00000659,CUST000028,MTR000028,2014-02,1456.1,0.15,218.42,PAID,2026-09-14 15:45:00.154911
BILL00000660,CUST000029,MTR000029,2011-12,641.91,0.15,96.29,PAID,2026-09-14 15:45:00.154911
BILL00000661,CUST000029,MTR000029,2012-01,816.19,0.15,122.43,PAID,2026-09-14 15:45:00.154911
BILL00000662,CUST000029,MTR000029,2012-02,1099.1,0.15,164.86,PAID,2026-09-14 15:45:00.154911
BILL00000663,CUST000029,MTR000029,2012-03,597.68,0.15,89.65,PAID,2026-09-14 15:45:00.154911
BILL00000664,CUST000029,MTR000029,2012-04,716.48,0.15,107.47,PAID,2026-09-14 15:45:00.154911
BILL00000665,CUST000029,MTR000029,2012-05,615.4,0.15,92.31,PAID,2026-09-14 15:45:00.154911
BILL00000666,CUST000029,MTR000029,2012-06,468.87,0.15,70.33,PAID,2026-09-14 15:45:00.154911
BILL00000667,CUST000029,MTR000029,2012-07,423.93,0.15,63.59,PAID,2026-09-14 15:45:00.154911
BILL00000668,CUST000029,MTR000029,2012-08,362.33,0.15,54.35,PAID,2026-09-14 15:45:00.154911
BILL00000669,CUST000029,MTR000029,2012-09,604.41,0.15,90.66,PAID,2026-09-14 15:45:00.154911
BILL00000670,CUST000029,MTR000029,2012-10,696.3,0.15,104.44,PAID,2026-09-14 15:45:00.154911
BILL00000671,CUST000029,MTR000029,2012-11,746.91,0.15,112.04,PAID,2026-09-14 15:45:00.154911
BILL00000672,CUST000029,MTR000029,2012-12,762.58,0.15,114.39,PAID,2026-09-14 15:45:00.154911
BILL00000673,CUST000029,MTR000029,2013-01,980.47,0.15,147.07,PAID,2026-09-14 15:45:00.154911
BILL00000674,CUST000029,MTR000029,2013-02,888.56,0.15,133.28,PAID,2026-09-14 15:45:00.154911
BILL00000675,CUST000029,MTR000029,2013-03,1091.05,0.15,163.66,UNPAID,2026-09-14 15:45:00.154911
BILL00000676,CUST000029,MTR000029,2013-04,604.23,0.15,90.63,PAID,2026-09-14 15:45:00.154911
BILL00000677,CUST000029,MTR000029,2013-05,404.72,0.15,60.71,PAID,2026-09-14 15:45:00.154911
BILL00000678,CUST000029,MTR000029,2013-06,473.62,0.15,71.04,PAID,2026-09-14 15:45:00.154911
BILL00000679,CUST000029,MTR000029,2013-07,477.68,0.15,71.65,PAID,2026-09-14 15:45:00.154911
BILL00000680,CUST000029,MTR000029,2013-08,486.1,0.15,72.92,PAID,2026-09-14 15:45:00.154911
BILL00000681,CUST000029,MTR000029,2013-09,542.21,0.15,81.33,PAID,2026-09-14 15:45:00.154911
BILL00000682,CUST000029,MTR000029,2013-10,568.32,0.15,85.25,PAID,2026-09-14 15:45:00.154911
BILL00000683,CUST000029,MTR000029,2013-11,687.76,0.15,103.16,PAID,2026-09-14 15:45:00.154911
BILL00000684,CUST000029,MTR000029,2013-12,957.19,0.15,143.58,PAID,2026-09-14 15:45:00.154911
BILL00000685,CUST000029,MTR000029,2014-01,857.13,0.15,128.57,PAID,2026-09-14 15:45:00.154911
BILL00000686,CUST000029,MTR000029,2014-02,902.64,0.15,135.4,PAID,2026-09-14 15:45:00.154911
BILL00000687,CUST000030,MTR000030,2011-12,64.39,0.15,9.66,PAID,2026-09-14 15:45:00.154911
BILL00000688,CUST000030,MTR000030,2012-01,79.86,0.15,11.98,PAID,2026-09-14 15:45:00.154911
BILL00000689,CUST000030,MTR000030,2012-02,80.44,0.15,12.07,PAID,2026-09-14 15:45:00.154911
BILL00000690,CUST000030,MTR000030,2012-03,84.66,0.15,12.7,UNPAID,2026-09-14 15:45:00.154911
BILL00000691,CUST000030,MTR000030,2012-04,83.7,0.15,12.56,PAID,2026-09-14 15:45:00.154911
BILL00000692,CUST000030,MTR000030,2012-05,85.43,0.15,12.81,PAID,2026-09-14 15:45:00.154911
BILL00000693,CUST000030,MTR000030,2012-06,85.52,0.15,12.83,PAID,2026-09-14 15:45:00.154911
BILL00000694,CUST000030,MTR000030,2012-07,87.18,0.15,13.08,PAID,2026-09-14 15:45:00.154911
BILL00000695,CUST000030,MTR000030,2012-08,94.07,0.15,14.11,PAID,2026-09-14 15:45:00.154911
BILL00000696,CUST000030,MTR000030,2012-09,82.22,0.15,12.33,PAID,2026-09-14 15:45:00.154911
BILL00000697,CUST000030,MTR000030,2012-10,82.77,0.15,12.42,PAID,2026-09-14 15:45:00.154911
BILL00000698,CUST000030,MTR000030,2012-11,76.0,0.15,11.4,PAID,2026-09-14 15:45:00.154911
BILL00000699,CUST000030,MTR000030,2012-12,74.84,0.15,11.23,PAID,2026-09-14 15:45:00.154911
BILL00000700,CUST000030,MTR000030,2013-01,75.91,0.15,11.39,PAID,2026-09-14 15:45:00.154911
BILL00000701,CUST000030,MTR000030,2013-02,70.08,0.15,10.51,PAID,2026-09-14 15:45:00.154911
BILL00000702,CUST000030,MTR000030,2013-03,75.36,0.15,11.3,PAID,2026-09-14 15:45:00.154911
BILL00000703,CUST000030,MTR000030,2013-04,76.76,0.15,11.51,PAID,2026-09-14 15:45:00.154911
BILL00000704,CUST000030,MTR000030,2013-05,84.88,0.15,12.73,PAID,2026-09-14 15:45:00.154911
BILL00000705,CUST000030,MTR000030,2013-06,82.1,0.15,12.32,PAID,2026-09-14 15:45:00.154911
BILL00000706,CUST000030,MTR000030,2013-07,91.59,0.15,13.74,PAID,2026-09-14 15:45:00.154911
BILL00000707,CUST000030,MTR000030,2013-08,94.63,0.15,14.19,PAID,2026-09-14 15:45:00.154911
BILL00000708,CUST000030,MTR000030,2013-09,82.04,0.15,12.31,PAID,2026-09-14 15:45:00.154911
BILL00000709,CUST000030,MTR000030,2013-10,80.64,0.15,12.1,PAID,2026-09-14 15:45:00.154911
BILL00000710,CUST000030,MTR000030,2013-11,73.0,0.15,10.95,PAID,2026-09-14 15:45:00.154911
BILL00000711,CUST000030,MTR000030,2013-12,78.59,0.15,11.79,PAID,2026-09-14 15:45:00.154911
BILL00000712,CUST000030,MTR000030,2014-01,75.21,0.15,11.28,PAID,2026-09-14 15:45:00.154911
BILL00000713,CUST000030,MTR000030,2014-02,71.18,0.15,10.68,PAID,2026-09-14 15:45:00.154911
BILL00000714,CUST000031,MTR000031,2011-12,1.91,0.15,0.29,PAID,2026-09-14 15:45:00.154911
BILL00000715,CUST000031,MTR000031,2012-01,2.46,0.15,0.37,PAID,2026-09-14 15:45:00.154911
BILL00000716,CUST000031,MTR000031,2012-02,2.14,0.15,0.32,UNPAID,2026-09-14 15:45:00.154911
BILL00000717,CUST000031,MTR000031,2012-03,1.49,0.15,0.22,PAID,2026-09-14 15:45:00.154911
BILL00000718,CUST000031,MTR000031,2012-04,1.45,0.15,0.22,PAID,2026-09-14 15:45:00.154911
BILL00000719,CUST000031,MTR000031,2012-05,2.7,0.15,0.4,PAID,2026-09-14 15:45:00.154911
BILL00000720,CUST000031,MTR000031,2012-06,2.81,0.15,0.42,UNPAID,2026-09-14 15:45:00.154911
BILL00000721,CUST000031,MTR000031,2012-07,2.51,0.15,0.38,PAID,2026-09-14 15:45:00.154911
BILL00000722,CUST000031,MTR000031,2012-08,3.6,0.15,0.54,PAID,2026-09-14 15:45:00.154911
BILL00000723,CUST000031,MTR000031,2012-09,2.7,0.15,0.4,PAID,2026-09-14 15:45:00.154911
BILL00000724,CUST000031,MTR000031,2012-10,2.24,0.15,0.34,PAID,2026-09-14 15:45:00.154911
BILL00000725,CUST000031,MTR000031,2012-11,2.58,0.15,0.39,UNPAID,2026-09-14 15:45:00.154911
BILL00000726,CUST000031,MTR000031,2012-12,2.63,0.15,0.39,PAID,2026-09-14 15:45:00.154911
BILL00000727,CUST000031,MTR000031,2013-01,1.31,0.15,0.2,PAID,2026-09-14 15:45:00.154911
BILL00000728,CUST000031,MTR000031,2013-02,2.76,0.15,0.41,PAID,2026-09-14 15:45:00.154911
BILL00000729,CUST000031,MTR000031,2013-03,2.5,0.15,0.38,PAID,2026-09-14 15:45:00.154911
BILL00000730,CUST000031,MTR000031,2013-04,1.91,0.15,0.29,PAID,2026-09-14 15:45:00.154911
BILL00000731,CUST000031,MTR000031,2013-05,1.32,0.15,0.2,PAID,2026-09-14 15:45:00.154911
BILL00000732,CUST000031,MTR000031,2013-06,2.12,0.15,0.32,PAID,2026-09-14 15:45:00.154911
BILL00000733,CUST000031,MTR000031,2013-07,4.37,0.15,0.66,PAID,2026-09-14 15:45:00.154911
BILL00000734,CUST000031,MTR000031,2013-08,3.28,0.15,0.49,PAID,2026-09-14 15:45:00.154911
BILL00000735,CUST000031,MTR000031,2013-09,3.44,0.15,0.52,PAID,2026-09-14 15:45:00.154911
BILL00000736,CUST000031,MTR000031,2013-10,2.38,0.15,0.36,PAID,2026-09-14 15:45:00.154911
BILL00000737,CUST000031,MTR000031,2013-11,2.0,0.15,0.3,PAID,2026-09-14 15:45:00.154911
BILL00000738,CUST000031,MTR000031,2013-12,2.3,0.15,0.34,PAID,2026-09-14 15:45:00.154911
BILL00000739,CUST000031,MTR000031,2014-01,2.03,0.15,0.3,PAID,2026-09-14 15:45:00.154911
BILL00000740,CUST000031,MTR000031,2014-02,2.37,0.15,0.36,PAID,2026-09-14 15:45:00.154911
BILL00000741,CUST000032,MTR000032,2011-12,328.98,0.15,49.35,PAID,2026-09-14 15:45:00.154911
BILL00000742,CUST000032,MTR000032,2012-01,299.36,0.15,44.9,PAID,2026-09-14 15:45:00.154911
BILL00000743,CUST000032,MTR000032,2012-02,316.03,0.15,47.4,PAID,2026-09-14 15:45:00.154911
BILL00000744,CUST000032,MTR000032,2012-03,291.32,0.15,43.7,PAID,2026-09-14 15:45:00.154911
BILL00000745,CUST000032,MTR000032,2012-04,268.1,0.15,40.22,PAID,2026-09-14 15:45:00.154911
BILL00000746,CUST000032,MTR000032,2012-05,285.01,0.15,42.75,PAID,2026-09-14 15:45:00.154911
BILL00000747,CUST000032,MTR000032,2012-06,241.24,0.15,36.19,PAID,2026-09-14 15:45:00.154911
BILL00000748,CUST000032,MTR000032,2012-07,265.69,0.15,39.85,PAID,2026-09-14 15:45:00.154911
BILL00000749,CUST000032,MTR000032,2012-08,257.93,0.15,38.69,PAID,2026-09-14 15:45:00.154911
BILL00000750,CUST000032,MTR000032,2012-09,258.17,0.15,38.73,PAID,2026-09-14 15:45:00.154911
BILL00000751,CUST000032,MTR000032,2012-10,326.65,0.15,49.0,PAID,2026-09-14 15:45:00.154911
BILL00000752,CUST000032,MTR000032,2012-11,346.21,0.15,51.93,PAID,2026-09-14 15:45:00.154911
BILL00000753,CUST000032,MTR000032,2012-12,432.06,0.15,64.81,PAID,2026-09-14 15:45:00.154911
BILL00000754,CUST000032,MTR000032,2013-01,428.01,0.15,64.2,PAID,2026-09-14 15:45:00.154911
BILL00000755,CUST000032,MTR000032,2013-02,406.04,0.15,60.91,PAID,2026-09-14 15:45:00.154911
BILL00000756,CUST000032,MTR000032,2013-03,407.8,0.15,61.17,PAID,2026-09-14 15:45:00.154911
BILL00000757,CUST000032,MTR000032,2013-04,348.24,0.15,52.24,PAID,2026-09-14 15:45:00.154911
BILL00000758,CUST000032,MTR000032,2013-05,275.28,0.15,41.29,PAID,2026-09-14 15:45:00.154911
BILL00000759,CUST000032,MTR000032,2013-06,288.86,0.15,43.33,PAID,2026-09-14 15:45:00.154911
BILL00000760,CUST000032,MTR000032,2013-07,265.02,0.15,39.75,PAID,2026-09-14 15:45:00.154911
BILL00000761,CUST000032,MTR000032,2013-08,264.61,0.15,39.69,PAID,2026-09-14 15:45:00.154911
BILL00000762,CUST000032,MTR000032,2013-09,293.52,0.15,44.03,PAID,2026-09-14 15:45:00.154911
BILL00000763,CUST000032,MTR000032,2013-10,391.84,0.15,58.78,PAID,2026-09-14 15:45:00.154911
BILL00000764,CUST000032,MTR000032,2013-11,567.28,0.15,85.09,PAID,2026-09-14 15:45:00.154911
BILL00000765,CUST000032,MTR000032,2013-12,534.53,0.15,80.18,PAID,2026-09-14 15:45:00.154911
BILL00000766,CUST000032,MTR000032,2014-01,497.44,0.15,74.62,PAID,2026-09-14 15:45:00.154911
BILL00000767,CUST000032,MTR000032,2014-02,375.14,0.15,56.27,PAID,2026-09-14 15:45:00.154911
BILL00000768,CUST000033,MTR000033,2011-12,249.04,0.15,37.36,PAID,2026-09-14 15:45:00.154911
BILL00000769,CUST000033,MTR000033,2012-01,299.12,0.15,44.87,PAID,2026-09-14 15:45:00.154911
BILL00000770,CUST000033,MTR000033,2012-02,254.34,0.15,38.15,PAID,2026-09-14 15:45:00.154911
BILL00000771,CUST000033,MTR000033,2012-03,258.63,0.15,38.79,PAID,2026-09-14 15:45:00.154911
BILL00000772,CUST000033,MTR000033,2012-04,275.78,0.15,41.37,PAID,2026-09-14 15:45:00.154911
BILL00000773,CUST000033,MTR000033,2012-05,259.4,0.15,38.91,UNPAID,2026-09-14 15:45:00.154911
BILL00000774,CUST000033,MTR000033,2012-06,269.0,0.15,40.35,PAID,2026-09-14 15:45:00.154911
BILL00000775,CUST000033,MTR000033,2012-07,217.91,0.15,32.69,PAID,2026-09-14 15:45:00.154911
BILL00000776,CUST000033,MTR000033,2012-08,277.75,0.15,41.66,PAID,2026-09-14 15:45:00.154911
BILL00000777,CUST000033,MTR000033,2012-09,290.49,0.15,43.57,PAID,2026-09-14 15:45:00.154911
BILL00000778,CUST000033,MTR000033,2012-10,295.3,0.15,44.3,PAID,2026-09-14 15:45:00.154911
BILL00000779,CUST000033,MTR000033,2012-11,276.83,0.15,41.52,PAID,2026-09-14 15:45:00.154911
BILL00000780,CUST000033,MTR000033,2012-12,316.44,0.15,47.47,PAID,2026-09-14 15:45:00.154911
BILL00000781,CUST000033,MTR000033,2013-01,314.76,0.15,47.21,PAID,2026-09-14 15:45:00.154911
BILL00000782,CUST000033,MTR000033,2013-02,272.99,0.15,40.95,PAID,2026-09-14 15:45:00.154911
BILL00000783,CUST000033,MTR000033,2013-03,267.9,0.15,40.18,UNPAID,2026-09-14 15:45:00.154911
BILL00000784,CUST000033,MTR000033,2013-04,289.19,0.15,43.38,PAID,2026-09-14 15:45:00.154911
BILL00000785,CUST000033,MTR000033,2013-05,282.54,0.15,42.38,PAID,2026-09-14 15:45:00.154911
BILL00000786,CUST000033,MTR000033,2013-06,220.22,0.15,33.03,PAID,2026-09-14 15:45:00.154911
BILL00000787,CUST000033,MTR000033,2013-07,262.79,0.15,39.42,PAID,2026-09-14 15:45:00.154911
BILL00000788,CUST000033,MTR000033,2013-08,261.2,0.15,39.18,PAID,2026-09-14 15:45:00.154911
BILL00000789,CUST000033,MTR000033,2013-09,236.17,0.15,35.43,PAID,2026-09-14 15:45:00.154911
BILL00000790,CUST000033,MTR000033,2013-10,297.75,0.15,44.66,PAID,2026-09-14 15:45:00.154911
BILL00000791,CUST000033,MTR000033,2013-11,305.7,0.15,45.86,PAID,2026-09-14 15:45:00.154911
BILL00000792,CUST000033,MTR000033,2013-12,332.03,0.15,49.8,PAID,2026-09-14 15:45:00.154911
BILL00000793,CUST000033,MTR000033,2014-01,289.15,0.15,43.37,PAID,2026-09-14 15:45:00.154911
BILL00000794,CUST000033,MTR000033,2014-02,215.44,0.15,32.32,PAID,2026-09-14 15:45:00.154911
BILL00000795,CUST000034,MTR000034,2011-12,548.69,0.15,82.3,PAID,2026-09-14 15:45:00.154911
BILL00000796,CUST000034,MTR000034,2012-01,699.18,0.15,104.88,PAID,2026-09-14 15:45:00.154911
BILL00000797,CUST000034,MTR000034,2012-02,504.25,0.15,75.64,PAID,2026-09-14 15:45:00.154911
BILL00000798,CUST000034,MTR000034,2012-03,496.37,0.15,74.46,PAID,2026-09-14 15:45:00.154911
BILL00000799,CUST000034,MTR000034,2012-04,614.42,0.15,92.16,PAID,2026-09-14 15:45:00.154911
BILL00000800,CUST000034,MTR000034,2012-05,583.36,0.15,87.5,PAID,2026-09-14 15:45:00.154911
BILL00000801,CUST000034,MTR000034,2012-06,563.67,0.15,84.55,PAID,2026-09-14 15:45:00.154911
BILL00000802,CUST000034,MTR000034,2012-07,603.35,0.15,90.5,PAID,2026-09-14 15:45:00.154911
BILL00000803,CUST000034,MTR000034,2012-08,607.51,0.15,91.13,PAID,2026-09-14 15:45:00.154911
BILL00000804,CUST000034,MTR000034,2012-09,621.46,0.15,93.22,PAID,2026-09-14 15:45:00.154911
BILL00000805,CUST000034,MTR000034,2012-10,544.55,0.15,81.68,PAID,2026-09-14 15:45:00.154911
BILL00000806,CUST000034,MTR000034,2012-11,771.56,0.15,115.73,PAID,2026-09-14 15:45:00.154911
BILL00000807,CUST000034,MTR000034,2012-12,1102.04,0.15,165.31,PAID,2026-09-14 15:45:00.154911
BILL00000808,CUST000034,MTR000034,2013-01,982.5,0.15,147.38,PAID,2026-09-14 15:45:00.154911
BILL00000809,CUST000034,MTR000034,2013-02,879.49,0.15,131.92,PAID,2026-09-14 15:45:00.154911
BILL00000810,CUST000034,MTR000034,2013-03,1057.08,0.15,158.56,PAID,2026-09-14 15:45:00.154911
BILL00000811,CUST000034,MTR000034,2013-04,931.0,0.15,139.65,PAID,2026-09-14 15:45:00.154911
BILL00000812,CUST000034,MTR000034,2013-05,923.38,0.15,138.51,PAID,2026-09-14 15:45:00.154911
BILL00000813,CUST000034,MTR000034,2013-06,907.27,0.15,136.09,PAID,2026-09-14 15:45:00.154911
BILL00000814,CUST000034,MTR000034,2013-07,938.6,0.15,140.79,PAID,2026-09-14 15:45:00.154911
BILL00000815,CUST000034,MTR000034,2013-08,819.78,0.15,122.97,PAID,2026-09-14 15:45:00.154911
BILL00000816,CUST000034,MTR000034,2013-09,900.33,0.15,135.05,PAID,2026-09-14 15:45:00.154911
BILL00000817,CUST000034,MTR000034,2013-10,893.42,0.15,134.01,UNPAID,2026-09-14 15:45:00.154911
BILL00000818,CUST000034,MTR000034,2013-11,1198.08,0.15,179.71,PAID,2026-09-14 15:45:00.154911
BILL00000819,CUST000034,MTR000034,2013-12,1076.01,0.15,161.4,PAID,2026-09-14 15:45:00.154911
BILL00000820,CUST000034,MTR000034,2014-01,1018.28,0.15,152.74,PAID,2026-09-14 15:45:00.154911
BILL00000821,CUST000034,MTR000034,2014-02,904.73,0.15,135.71,PAID,2026-09-14 15:45:00.154911
BILL00000822,CUST000035,MTR000035,2011-12,223.45,0.15,33.52,PAID,2026-09-14 15:45:00.154911
BILL00000823,CUST000035,MTR000035,2012-01,282.73,0.15,42.41,PAID,2026-09-14 15:45:00.154911
BILL00000824,CUST000035,MTR000035,2012-02,239.39,0.15,35.91,PAID,2026-09-14 15:45:00.154911
BILL00000825,CUST000035,MTR000035,2012-03,244.75,0.15,36.71,PAID,2026-09-14 15:45:00.154911
BILL00000826,CUST000035,MTR000035,2012-04,248.82,0.15,37.32,PAID,2026-09-14 15:45:00.154911
BILL00000827,CUST000035,MTR000035,2012-05,201.26,0.15,30.19,PAID,2026-09-14 15:45:00.154911
BILL00000828,CUST000035,MTR000035,2012-06,163.64,0.15,24.55,PAID,2026-09-14 15:45:00.154911
BILL00000829,CUST000035,MTR000035,2012-07,167.06,0.15,25.06,PAID,2026-09-14 15:45:00.154911
BILL00000830,CUST000035,MTR000035,2012-08,161.22,0.15,24.18,PAID,2026-09-14 15:45:00.154911
BILL00000831,CUST000035,MTR000035,2012-09,183.81,0.15,27.57,PAID,2026-09-14 15:45:00.154911
BILL00000832,CUST000035,MTR000035,2012-10,259.86,0.15,38.98,PAID,2026-09-14 15:45:00.154911
BILL00000833,CUST000035,MTR000035,2012-11,294.78,0.15,44.22,PAID,2026-09-14 15:45:00.154911
BILL00000834,CUST000035,MTR000035,2012-12,337.17,0.15,50.58,PAID,2026-09-14 15:45:00.154911
BILL00000835,CUST000035,MTR000035,2013-01,328.02,0.15,49.2,PAID,2026-09-14 15:45:00.154911
BILL00000836,CUST000035,MTR000035,2013-02,314.73,0.15,47.21,PAID,2026-09-14 15:45:00.154911
BILL00000837,CUST000035,MTR000035,2013-03,317.01,0.15,47.55,PAID,2026-09-14 15:45:00.154911
BILL00000838,CUST000035,MTR000035,2013-04,240.66,0.15,36.1,PAID,2026-09-14 15:45:00.154911
BILL00000839,CUST000035,MTR000035,2013-05,174.76,0.15,26.21,PAID,2026-09-14 15:45:00.154911
BILL00000840,CUST000035,MTR000035,2013-06,169.25,0.15,25.39,PAID,2026-09-14 15:45:00.154911
BILL00000841,CUST000035,MTR000035,2013-07,161.49,0.15,24.22,PAID,2026-09-14 15:45:00.154911
BILL00000842,CUST000035,MTR000035,2013-08,103.44,0.15,15.52,PAID,2026-09-14 15:45:00.154911
BILL00000843,CUST000035,MTR000035,2013-09,192.82,0.15,28.92,PAID,2026-09-14 15:45:00.154911
BILL00000844,CUST000035,MTR000035,2013-10,289.79,0.15,43.47,PAID,2026-09-14 15:45:00.154911
BILL00000845,CUST000035,MTR000035,2013-11,380.39,0.15,57.06,PAID,2026-09-14 15:45:00.154911
BILL00000846,CUST000035,MTR000035,2013-12,438.85,0.15,65.83,UNPAID,2026-09-14 15:45:00.154911
BILL00000847,CUST000035,MTR000035,2014-01,379.27,0.15,56.89,PAID,2026-09-14 15:45:00.154911
BILL00000848,CUST000035,MTR000035,2014-02,356.38,0.15,53.46,PAID,2026-09-14 15:45:00.154911
BILL00000849,CUST000036,MTR000036,2011-12,284.6,0.15,42.69,UNPAID,2026-09-14 15:45:00.154911
BILL00000850,CUST000036,MTR000036,2012-01,359.44,0.15,53.92,UNPAID,2026-09-14 15:45:00.154911
BILL00000851,CUST000036,MTR000036,2012-02,331.59,0.15,49.74,PAID,2026-09-14 15:45:00.154911
BILL00000852,CUST000036,MTR000036,2012-03,320.64,0.15,48.1,PAID,2026-09-14 15:45:00.154911
BILL00000853,CUST000036,MTR000036,2012-04,248.37,0.15,37.26,PAID,2026-09-14 15:45:00.154911
BILL00000854,CUST000036,MTR000036,2012-05,249.67,0.15,37.45,PAID,2026-09-14 15:45:00.154911
BILL00000855,CUST000036,MTR000036,2012-06,219.1,0.15,32.86,PAID,2026-09-14 15:45:00.154911
BILL00000856,CUST000036,MTR000036,2012-07,296.57,0.15,44.49,PAID,2026-09-14 15:45:00.154911
BILL00000857,CUST000036,MTR000036,2012-08,275.11,0.15,41.27,PAID,2026-09-14 15:45:00.154911
BILL00000858,CUST000036,MTR000036,2012-09,280.39,0.15,42.06,PAID,2026-09-14 15:45:00.154911
BILL00000859,CUST000036,MTR000036,2012-10,303.21,0.15,45.48,PAID,2026-09-14 15:45:00.154911
BILL00000860,CUST000036,MTR000036,2012-11,314.17,0.15,47.13,UNPAID,2026-09-14 15:45:00.154911
BILL00000861,CUST000036,MTR000036,2012-12,353.15,0.15,52.97,PAID,2026-09-14 15:45:00.154911
BILL00000862,CUST000036,MTR000036,2013-01,363.14,0.15,54.47,PAID,2026-09-14 15:45:00.154911
BILL00000863,CUST000036,MTR000036,2013-02,334.09,0.15,50.11,PAID,2026-09-14 15:45:00.154911
BILL00000864,CUST000036,MTR000036,2013-03,355.65,0.15,53.35,PAID,2026-09-14 15:45:00.154911
BILL00000865,CUST000036,MTR000036,2013-04,277.63,0.15,41.64,PAID,2026-09-14 15:45:00.154911
BILL00000866,CUST000036,MTR000036,2013-05,273.97,0.15,41.1,PAID,2026-09-14 15:45:00.154911
BILL00000867,CUST000036,MTR000036,2013-06,227.76,0.15,34.16,PAID,2026-09-14 15:45:00.154911
BILL00000868,CUST000036,MTR000036,2013-07,270.24,0.15,40.54,PAID,2026-09-14 15:45:00.154911
BILL00000869,CUST000036,MTR000036,2013-08,272.7,0.15,40.9,PAID,2026-09-14 15:45:00.154911
BILL00000870,CUST000036,MTR000036,2013-09,223.37,0.15,33.51,PAID,2026-09-14 15:45:00.154911
BILL00000871,CUST000036,MTR000036,2013-10,303.5,0.15,45.52,PAID,2026-09-14 15:45:00.154911
BILL00000872,CUST000036,MTR000036,2013-11,304.52,0.15,45.68,PAID,2026-09-14 15:45:00.154911
BILL00000873,CUST000036,MTR000036,2013-12,330.99,0.15,49.65,PAID,2026-09-14 15:45:00.154911
BILL00000874,CUST000036,MTR000036,2014-01,179.54,0.15,26.93,PAID,2026-09-14 15:45:00.154911
BILL00000875,CUST000036,MTR000036,2014-02,0.21,0.15,0.03,PAID,2026-09-14 15:45:00.154911
BILL00000876,CUST000037,MTR000037,2011-12,93.68,0.15,14.05,PAID,2026-09-14 15:45:00.154911
BILL00000877,CUST000037,MTR000037,2012-01,135.72,0.15,20.36,PAID,2026-09-14 15:45:00.154911
BILL00000878,CUST000037,MTR000037,2012-02,203.32,0.15,30.5,PAID,2026-09-14 15:45:00.154911
BILL00000879,CUST000037,MTR000037,2012-03,89.24,0.15,13.39,PAID,2026-09-14 15:45:00.154911
BILL00000880,CUST000037,MTR000037,2012-04,86.64,0.15,13.0,PAID,2026-09-14 15:45:00.154911
BILL00000881,CUST000037,MTR000037,2012-05,82.19,0.15,12.33,PAID,2026-09-14 15:45:00.154911
BILL00000882,CUST000037,MTR000037,2012-06,80.03,0.15,12.0,PAID,2026-09-14 15:45:00.154911
BILL00000883,CUST000037,MTR000037,2012-07,87.4,0.15,13.11,PAID,2026-09-14 15:45:00.154911
BILL00000884,CUST000037,MTR000037,2012-08,85.8,0.15,12.87,PAID,2026-09-14 15:45:00.154911
BILL00000885,CUST000037,MTR000037,2012-09,80.22,0.15,12.03,PAID,2026-09-14 15:45:00.154911
BILL00000886,CUST000037,MTR000037,2012-10,97.19,0.15,14.58,PAID,2026-09-14 15:45:00.154911
BILL00000887,CUST000037,MTR000037,2012-11,100.23,0.15,15.03,UNPAID,2026-09-14 15:45:00.154911
BILL00000888,CUST000037,MTR000037,2012-12,183.56,0.15,27.53,PAID,2026-09-14 15:45:00.154911
BILL00000889,CUST000037,MTR000037,2013-01,194.76,0.15,29.21,PAID,2026-09-14 15:45:00.154911
BILL00000890,CUST000037,MTR000037,2013-02,145.74,0.15,21.86,PAID,2026-09-14 15:45:00.154911
BILL00000891,CUST000037,MTR000037,2013-03,179.38,0.15,26.91,PAID,2026-09-14 15:45:00.154911
BILL00000892,CUST000037,MTR000037,2013-04,117.46,0.15,17.62,PAID,2026-09-14 15:45:00.154911
BILL00000893,CUST000037,MTR000037,2013-05,79.05,0.15,11.86,PAID,2026-09-14 15:45:00.154911
BILL00000894,CUST000037,MTR000037,2013-06,76.1,0.15,11.42,PAID,2026-09-14 15:45:00.154911
BILL00000895,CUST000037,MTR000037,2013-07,83.05,0.15,12.46,PAID,2026-09-14 15:45:00.154911
BILL00000896,CUST000037,MTR000037,2013-08,75.68,0.15,11.35,PAID,2026-09-14 15:45:00.154911
BILL00000897,CUST000037,MTR000037,2013-09,76.65,0.15,11.5,PAID,2026-09-14 15:45:00.154911
BILL00000898,CUST000037,MTR000037,2013-10,83.5,0.15,12.52,PAID,2026-09-14 15:45:00.154911
BILL00000899,CUST000037,MTR000037,2013-11,87.03,0.15,13.05,PAID,2026-09-14 15:45:00.154911
BILL00000900,CUST000037,MTR000037,2013-12,93.51,0.15,14.03,PAID,2026-09-14 15:45:00.154911
BILL00000901,CUST000037,MTR000037,2014-01,102.94,0.15,15.44,PAID,2026-09-14 15:45:00.154911
BILL00000902,CUST000037,MTR000037,2014-02,78.53,0.15,11.78,PAID,2026-09-14 15:45:00.154911
BILL00000903,CUST000038,MTR000038,2011-12,607.17,0.15,91.08,PAID,2026-09-14 15:45:00.154911
BILL00000904,CUST000038,MTR000038,2012-01,792.45,0.15,118.87,PAID,2026-09-14 15:45:00.154911
BILL00000905,CUST000038,MTR000038,2012-02,1006.67,0.15,151.0,UNPAID,2026-09-14 15:45:00.154911
BILL00000906,CUST000038,MTR000038,2012-03,649.29,0.15,97.39,PAID,2026-09-14 15:45:00.154911
BILL00000907,CUST000038,MTR000038,2012-04,483.8,0.15,72.57,PAID,2026-09-14 15:45:00.154911
BILL00000908,CUST000038,MTR000038,2012-05,561.64,0.15,84.25,PAID,2026-09-14 15:45:00.154911
BILL00000909,CUST000038,MTR000038,2012-06,542.3,0.15,81.34,PAID,2026-09-14 15:45:00.154911
BILL00000910,CUST000038,MTR000038,2012-07,557.48,0.15,83.62,PAID,2026-09-14 15:45:00.154911
BILL00000911,CUST000038,MTR000038,2012-08,512.61,0.15,76.89,PAID,2026-09-14 15:45:00.154911
BILL00000912,CUST000038,MTR000038,2012-09,510.01,0.15,76.5,PAID,2026-09-14 15:45:00.154911
BILL00000913,CUST000038,MTR000038,2012-10,646.63,0.15,96.99,PAID,2026-09-14 15:45:00.154911
BILL00000914,CUST000038,MTR000038,2012-11,688.0,0.15,103.2,PAID,2026-09-14 15:45:00.154911
BILL00000915,CUST000038,MTR000038,2012-12,632.06,0.15,94.81,PAID,2026-09-14 15:45:00.154911
BILL00000916,CUST000038,MTR000038,2013-01,1172.52,0.15,175.88,PAID,2026-09-14 15:45:00.154911
BILL00000917,CUST000038,MTR000038,2013-02,604.1,0.15,90.62,PAID,2026-09-14 15:45:00.154911
BILL00000918,CUST000038,MTR000038,2013-03,664.72,0.15,99.71,PAID,2026-09-14 15:45:00.154911
BILL00000919,CUST000038,MTR000038,2013-04,418.63,0.15,62.79,PAID,2026-09-14 15:45:00.154911
BILL00000920,CUST000038,MTR000038,2013-05,472.54,0.15,70.88,PAID,2026-09-14 15:45:00.154911
BILL00000921,CUST000038,MTR000038,2013-06,511.76,0.15,76.76,PAID,2026-09-14 15:45:00.154911
BILL00000922,CUST000038,MTR000038,2013-07,572.27,0.15,85.84,PAID,2026-09-14 15:45:00.154911
BILL00000923,CUST000038,MTR000038,2013-08,560.98,0.15,84.15,PAID,2026-09-14 15:45:00.154911
BILL00000924,CUST000038,MTR000038,2013-09,560.81,0.15,84.12,PAID,2026-09-14 15:45:00.154911
BILL00000925,CUST000038,MTR000038,2013-10,538.18,0.15,80.73,UNPAID,2026-09-14 15:45:00.154911
BILL00000926,CUST000038,MTR000038,2013-11,682.68,0.15,102.4,PAID,2026-09-14 15:45:00.154911
BILL00000927,CUST000038,MTR000038,2013-12,677.08,0.15,101.56,PAID,2026-09-14 15:45:00.154911
BILL00000928,CUST000038,MTR000038,2014-01,628.1,0.15,94.22,PAID,2026-09-14 15:45:00.154911
BILL00000929,CUST000038,MTR000038,2014-02,589.53,0.15,88.43,PAID,2026-09-14 15:45:00.154911
BILL00000930,CUST000039,MTR000039,2011-12,153.04,0.15,22.96,PAID,2026-09-14 15:45:00.154911
BILL00000931,CUST000039,MTR000039,2012-01,180.18,0.15,27.03,PAID,2026-09-14 15:45:00.154911
BILL00000932,CUST000039,MTR000039,2012-02,195.78,0.15,29.37,PAID,2026-09-14 15:45:00.154911
BILL00000933,CUST000039,MTR000039,2012-03,213.73,0.15,32.06,PAID,2026-09-14 15:45:00.154911
BILL00000934,CUST000039,MTR000039,2012-04,173.36,0.15,26.0,PAID,2026-09-14 15:45:00.154911
BILL00000935,CUST000039,MTR000039,2012-05,200.68,0.15,30.1,PAID,2026-09-14 15:45:00.154911
BILL00000936,CUST000039,MTR000039,2012-06,158.28,0.15,23.74,PAID,2026-09-14 15:45:00.154911
BILL00000937,CUST000039,MTR000039,2012-07,177.05,0.15,26.56,PAID,2026-09-14 15:45:00.154911
BILL00000938,CUST000039,MTR000039,2012-08,169.06,0.15,25.36,PAID,2026-09-14 15:45:00.154911
BILL00000939,CUST000039,MTR000039,2012-09,158.76,0.15,23.81,PAID,2026-09-14 15:45:00.154911
BILL00000940,CUST000039,MTR000039,2012-10,173.23,0.15,25.98,PAID,2026-09-14 15:45:00.154911
BILL00000941,CUST000039,MTR000039,2012-11,180.23,0.15,27.03,PAID,2026-09-14 15:45:00.154911
BILL00000942,CUST000039,MTR000039,2012-12,182.74,0.15,27.41,UNPAID,2026-09-14 15:45:00.154911
BILL00000943,CUST000039,MTR000039,2013-01,178.43,0.15,26.76,PAID,2026-09-14 15:45:00.154911
BILL00000944,CUST000039,MTR000039,2013-02,175.84,0.15,26.38,PAID,2026-09-14 15:45:00.154911
BILL00000945,CUST000039,MTR000039,2013-03,165.87,0.15,24.88,PAID,2026-09-14 15:45:00.154911
BILL00000946,CUST000039,MTR000039,2013-04,150.8,0.15,22.62,PAID,2026-09-14 15:45:00.154911
BILL00000947,CUST000039,MTR000039,2013-05,165.6,0.15,24.84,PAID,2026-09-14 15:45:00.154911
BILL00000948,CUST000039,MTR000039,2013-06,156.7,0.15,23.5,PAID,2026-09-14 15:45:00.154911
BILL00000949,CUST000039,MTR000039,2013-07,161.01,0.15,24.15,PAID,2026-09-14 15:45:00.154911
BILL00000950,CUST000039,MTR000039,2013-08,141.83,0.15,21.27,UNPAID,2026-09-14 15:45:00.154911
BILL00000951,CUST000039,MTR000039,2013-09,115.29,0.15,17.29,PAID,2026-09-14 15:45:00.154911
BILL00000952,CUST000039,MTR000039,2013-10,118.35,0.15,17.75,PAID,2026-09-14 15:45:00.154911
BILL00000953,CUST000039,MTR000039,2013-11,121.87,0.15,18.28,UNPAID,2026-09-14 15:45:00.154911
BILL00000954,CUST000039,MTR000039,2013-12,121.55,0.15,18.23,PAID,2026-09-14 15:45:00.154911
BILL00000955,CUST000039,MTR000039,2014-01,125.11,0.15,18.77,PAID,2026-09-14 15:45:00.154911
BILL00000956,CUST000039,MTR000039,2014-02,104.58,0.15,15.69,PAID,2026-09-14 15:45:00.154911
BILL00000957,CUST000040,MTR000040,2011-12,989.31,0.15,148.4,PAID,2026-09-14 15:45:00.154911
BILL00000958,CUST000040,MTR000040,2012-01,1499.81,0.15,224.97,PAID,2026-09-14 15:45:00.154911
BILL00000959,CUST000040,MTR000040,2012-02,1521.41,0.15,228.21,PAID,2026-09-14 15:45:00.154911
BILL00000960,CUST000040,MTR000040,2012-03,1270.6,0.15,190.59,PAID,2026-09-14 15:45:00.154911
BILL00000961,CUST000040,MTR000040,2012-04,1260.41,0.15,189.06,PAID,2026-09-14 15:45:00.154911
BILL00000962,CUST000040,MTR000040,2012-05,1097.62,0.15,164.64,PAID,2026-09-14 15:45:00.154911
BILL00000963,CUST000040,MTR000040,2012-06,1036.33,0.15,155.45,PAID,2026-09-14 15:45:00.154911
BILL00000964,CUST000040,MTR000040,2012-07,1043.11,0.15,156.47,PAID,2026-09-14 15:45:00.154911
BILL00000965,CUST000040,MTR000040,2012-08,1036.09,0.15,155.41,PAID,2026-09-14 15:45:00.154911
BILL00000966,CUST000040,MTR000040,2012-09,945.64,0.15,141.85,PAID,2026-09-14 15:45:00.154911
BILL00000967,CUST000040,MTR000040,2012-10,1213.49,0.15,182.02,UNPAID,2026-09-14 15:45:00.154911
BILL00000968,CUST000040,MTR000040,2012-11,1133.1,0.15,169.96,UNPAID,2026-09-14 15:45:00.154911
BILL00000969,CUST000040,MTR000040,2012-12,1134.33,0.15,170.15,PAID,2026-09-14 15:45:00.154911
BILL00000970,CUST000040,MTR000040,2013-01,1328.59,0.15,199.29,PAID,2026-09-14 15:45:00.154911
BILL00000971,CUST000040,MTR000040,2013-02,1153.27,0.15,172.99,PAID,2026-09-14 15:45:00.154911
BILL00000972,CUST000040,MTR000040,2013-03,1308.9,0.15,196.34,PAID,2026-09-14 15:45:00.154911
BILL00000973,CUST000040,MTR000040,2013-04,1159.56,0.15,173.93,PAID,2026-09-14 15:45:00.154911
BILL00000974,CUST000040,MTR000040,2013-05,1149.35,0.15,172.4,PAID,2026-09-14 15:45:00.154911
BILL00000975,CUST000040,MTR000040,2013-06,982.19,0.15,147.33,PAID,2026-09-14 15:45:00.154911
BILL00000976,CUST000040,MTR000040,2013-07,759.86,0.15,113.98,PAID,2026-09-14 15:45:00.154911
BILL00000977,CUST000040,MTR000040,2013-08,819.41,0.15,122.91,PAID,2026-09-14 15:45:00.154911
BILL00000978,CUST000040,MTR000040,2013-09,926.45,0.15,138.97,PAID,2026-09-14 15:45:00.154911
BILL00000979,CUST000040,MTR000040,2013-10,979.97,0.15,147.0,PAID,2026-09-14 15:45:00.154911
BILL00000980,CUST000040,MTR000040,2013-11,1042.2,0.15,156.33,PAID,2026-09-14 15:45:00.154911
BILL00000981,CUST000040,MTR000040,2013-12,1191.15,0.15,178.67,PAID,2026-09-14 15:45:00.154911
BILL00000982,CUST000040,MTR000040,2014-01,1179.5,0.15,176.92,PAID,2026-09-14 15:45:00.154911
BILL00000983,CUST000040,MTR000040,2014-02,942.43,0.15,141.36,PAID,2026-09-14 15:45:00.154911
BILL00000984,CUST000041,MTR000041,2011-12,649.47,0.15,97.42,PAID,2026-09-14 15:45:00.154911
BILL00000985,CUST000041,MTR000041,2012-01,850.99,0.15,127.65,PAID,2026-09-14 15:45:00.154911
BILL00000986,CUST000041,MTR000041,2012-02,660.15,0.15,99.02,PAID,2026-09-14 15:45:00.154911
BILL00000987,CUST000041,MTR000041,2012-03,764.55,0.15,114.68,PAID,2026-09-14 15:45:00.154911
BILL00000988,CUST000041,MTR000041,2012-04,679.1,0.15,101.86,PAID,2026-09-14 15:45:00.154911
BILL00000989,CUST000041,MTR000041,2012-05,545.74,0.15,81.86,UNPAID,2026-09-14 15:45:00.154911
BILL00000990,CUST000041,MTR000041,2012-06,745.37,0.15,111.81,PAID,2026-09-14 15:45:00.154911
BILL00000991,CUST000041,MTR000041,2012-07,710.31,0.15,106.55,PAID,2026-09-14 15:45:00.154911
BILL00000992,CUST000041,MTR000041,2012-08,638.72,0.15,95.81,PAID,2026-09-14 15:45:00.154911
BILL00000993,CUST000041,MTR000041,2012-09,610.59,0.15,91.59,PAID,2026-09-14 15:45:00.154911
BILL00000994,CUST000041,MTR000041,2012-10,684.86,0.15,102.73,PAID,2026-09-14 15:45:00.154911
BILL00000995,CUST000041,MTR000041,2012-11,731.96,0.15,109.79,PAID,2026-09-14 15:45:00.154911
BILL00000996,CUST000041,MTR000041,2012-12,888.84,0.15,133.33,PAID,2026-09-14 15:45:00.154911
BILL00000997,CUST000041,MTR000041,2013-01,764.89,0.15,114.73,PAID,2026-09-14 15:45:00.154911
BILL00000998,CUST000041,MTR000041,2013-02,680.32,0.15,102.05,PAID,2026-09-14 15:45:00.154911
BILL00000999,CUST000041,MTR000041,2013-03,721.91,0.15,108.29,PAID,2026-09-14 15:45:00.154911
BILL00001000,CUST000041,MTR000041,2013-04,293.85,0.15,44.08,PAID,2026-09-14 15:45:00.154911
BILL00001001,CUST000042,MTR000042,2011-12,190.04,0.15,28.51,PAID,2026-09-14 15:45:00.154911
BILL00001002,CUST000042,MTR000042,2012-01,236.16,0.15,35.42,PAID,2026-09-14 15:45:00.154911
BILL00001003,CUST000042,MTR000042,2012-02,217.39,0.15,32.61,PAID,2026-09-14 15:45:00.154911
BILL00001004,CUST000042,MTR000042,2012-03,198.27,0.15,29.74,PAID,2026-09-14 15:45:00.154911
BILL00001005,CUST000042,MTR000042,2012-04,190.63,0.15,28.59,PAID,2026-09-14 15:45:00.154911
BILL00001006,CUST000042,MTR000042,2012-05,193.25,0.15,28.99,PAID,2026-09-14 15:45:00.154911
BILL00001007,CUST000042,MTR000042,2012-06,206.86,0.15,31.03,PAID,2026-09-14 15:45:00.154911
BILL00001008,CUST000042,MTR000042,2012-07,218.79,0.15,32.82,PAID,2026-09-14 15:45:00.154911
BILL00001009,CUST000042,MTR000042,2012-08,223.32,0.15,33.5,PAID,2026-09-14 15:45:00.154911
BILL00001010,CUST000042,MTR000042,2012-09,194.78,0.15,29.22,PAID,2026-09-14 15:45:00.154911
BILL00001011,CUST000042,MTR000042,2012-10,208.68,0.15,31.3,PAID,2026-09-14 15:45:00.154911
BILL00001012,CUST000042,MTR000042,2012-11,250.47,0.15,37.57,PAID,2026-09-14 15:45:00.154911
BILL00001013,CUST000042,MTR000042,2012-12,331.33,0.15,49.7,PAID,2026-09-14 15:45:00.154911
BILL00001014,CUST000042,MTR000042,2013-01,378.99,0.15,56.85,PAID,2026-09-14 15:45:00.154911
BILL00001015,CUST000042,MTR000042,2013-02,319.04,0.15,47.86,PAID,2026-09-14 15:45:00.154911
BILL00001016,CUST000042,MTR000042,2013-03,335.72,0.15,50.36,PAID,2026-09-14 15:45:00.154911
BILL00001017,CUST000042,MTR000042,2013-04,265.81,0.15,39.87,UNPAID,2026-09-14 15:45:00.154911
BILL00001018,CUST000042,MTR000042,2013-05,218.97,0.15,32.85,PAID,2026-09-14 15:45:00.154911
BILL00001019,CUST000042,MTR000042,2013-06,199.19,0.15,29.88,PAID,2026-09-14 15:45:00.154911
BILL00001020,CUST000042,MTR000042,2013-07,236.18,0.15,35.43,PAID,2026-09-14 15:45:00.154911
BILL00001021,CUST000042,MTR000042,2013-08,220.01,0.15,33.0,PAID,2026-09-14 15:45:00.154911
BILL00001022,CUST000042,MTR000042,2013-09,223.16,0.15,33.47,PAID,2026-09-14 15:45:00.154911
BILL00001023,CUST000042,MTR000042,2013-10,251.63,0.15,37.74,PAID,2026-09-14 15:45:00.154911
BILL00001024,CUST000042,MTR000042,2013-11,314.59,0.15,47.19,PAID,2026-09-14 15:45:00.154911
BILL00001025,CUST000042,MTR000042,2013-12,324.81,0.15,48.72,PAID,2026-09-14 15:45:00.154911
BILL00001026,CUST000042,MTR000042,2014-01,318.25,0.15,47.74,PAID,2026-09-14 15:45:00.154911
BILL00001027,CUST000042,MTR000042,2014-02,251.74,0.15,37.76,PAID,2026-09-14 15:45:00.154911
BILL00001028,CUST000043,MTR000043,2011-12,220.48,0.15,33.07,PAID,2026-09-14 15:45:00.154911
BILL00001029,CUST000043,MTR000043,2012-01,287.13,0.15,43.07,PAID,2026-09-14 15:45:00.154911
BILL00001030,CUST000043,MTR000043,2012-02,268.38,0.15,40.26,PAID,2026-09-14 15:45:00.154911
BILL00001031,CUST000043,MTR000043,2012-03,278.27,0.15,41.74,PAID,2026-09-14 15:45:00.154911
BILL00001032,CUST000043,MTR000043,2012-04,271.63,0.15,40.74,PAID,2026-09-14 15:45:00.154911
BILL00001033,CUST000043,MTR000043,2012-05,275.23,0.15,41.28,PAID,2026-09-14 15:45:00.154911
BILL00001034,CUST000043,MTR000043,2012-06,253.84,0.15,38.08,PAID,2026-09-14 15:45:00.154911
BILL00001035,CUST000043,MTR000043,2012-07,287.45,0.15,43.12,PAID,2026-09-14 15:45:00.154911
BILL00001036,CUST000043,MTR000043,2012-08,319.12,0.15,47.87,PAID,2026-09-14 15:45:00.154911
BILL00001037,CUST000043,MTR000043,2012-09,287.24,0.15,43.09,PAID,2026-09-14 15:45:00.154911
BILL00001038,CUST000043,MTR000043,2012-10,287.18,0.15,43.08,PAID,2026-09-14 15:45:00.154911
BILL00001039,CUST000043,MTR000043,2012-11,282.37,0.15,42.36,PAID,2026-09-14 15:45:00.154911
BILL00001040,CUST000043,MTR000043,2012-12,296.75,0.15,44.51,PAID,2026-09-14 15:45:00.154911
BILL00001041,CUST000043,MTR000043,2013-01,308.6,0.15,46.29,PAID,2026-09-14 15:45:00.154911
BILL00001042,CUST000043,MTR000043,2013-02,276.96,0.15,41.54,PAID,2026-09-14 15:45:00.154911
BILL00001043,CUST000043,MTR000043,2013-03,293.07,0.15,43.96,PAID,2026-09-14 15:45:00.154911
BILL00001044,CUST000043,MTR000043,2013-04,297.82,0.15,44.67,PAID,2026-09-14 15:45:00.154911
BILL00001045,CUST000043,MTR000043,2013-05,287.64,0.15,43.15,PAID,2026-09-14 15:45:00.154911
BILL00001046,CUST000043,MTR000043,2013-06,288.84,0.15,43.33,PAID,2026-09-14 15:45:00.154911
BILL00001047,CUST000043,MTR000043,2013-07,305.46,0.15,45.82,UNPAID,2026-09-14 15:45:00.154911
BILL00001048,CUST000043,MTR000043,2013-08,319.7,0.15,47.96,UNPAID,2026-09-14 15:45:00.154911
BILL00001049,CUST000043,MTR000043,2013-09,290.96,0.15,43.64,PAID,2026-09-14 15:45:00.154911
BILL00001050,CUST000043,MTR000043,2013-10,297.74,0.15,44.66,PAID,2026-09-14 15:45:00.154911
BILL00001051,CUST000043,MTR000043,2013-11,282.84,0.15,42.43,PAID,2026-09-14 15:45:00.154911
BILL00001052,CUST000043,MTR000043,2013-12,300.97,0.15,45.15,PAID,2026-09-14 15:45:00.154911
BILL00001053,CUST000043,MTR000043,2014-01,323.82,0.15,48.57,PAID,2026-09-14 15:45:00.154911
BILL00001054,CUST000043,MTR000043,2014-02,269.43,0.15,40.41,PAID,2026-09-14 15:45:00.154911
BILL00001055,CUST000044,MTR000044,2011-12,337.25,0.15,50.59,UNPAID,2026-09-14 15:45:00.154911
BILL00001056,CUST000044,MTR000044,2012-01,446.33,0.15,66.95,PAID,2026-09-14 15:45:00.154911
BILL00001057,CUST000044,MTR000044,2012-02,435.6,0.15,65.34,PAID,2026-09-14 15:45:00.154911
BILL00001058,CUST000044,MTR000044,2012-03,393.13,0.15,58.97,PAID,2026-09-14 15:45:00.154911
BILL00001059,CUST000044,MTR000044,2012-04,346.94,0.15,52.04,PAID,2026-09-14 15:45:00.154911
BILL00001060,CUST000044,MTR000044,2012-05,360.06,0.15,54.01,PAID,2026-09-14 15:45:00.154911
BILL00001061,CUST000044,MTR000044,2012-06,346.92,0.15,52.04,UNPAID,2026-09-14 15:45:00.154911
BILL00001062,CUST000044,MTR000044,2012-07,336.93,0.15,50.54,PAID,2026-09-14 15:45:00.154911
BILL00001063,CUST000044,MTR000044,2012-08,387.36,0.15,58.1,PAID,2026-09-14 15:45:00.154911
BILL00001064,CUST000044,MTR000044,2012-09,281.11,0.15,42.17,PAID,2026-09-14 15:45:00.154911
BILL00001065,CUST000044,MTR000044,2012-10,385.38,0.15,57.81,PAID,2026-09-14 15:45:00.154911
BILL00001066,CUST000044,MTR000044,2012-11,418.71,0.15,62.81,PAID,2026-09-14 15:45:00.154911
BILL00001067,CUST000044,MTR000044,2012-12,456.31,0.15,68.45,PAID,2026-09-14 15:45:00.154911
BILL00001068,CUST000044,MTR000044,2013-01,451.12,0.15,67.67,PAID,2026-09-14 15:45:00.154911
BILL00001069,CUST000044,MTR000044,2013-02,391.0,0.15,58.65,PAID,2026-09-14 15:45:00.154911
BILL00001070,CUST000044,MTR000044,2013-03,427.45,0.15,64.12,PAID,2026-09-14 15:45:00.154911
BILL00001071,CUST000044,MTR000044,2013-04,393.97,0.15,59.1,PAID,2026-09-14 15:45:00.154911
BILL00001072,CUST000044,MTR000044,2013-05,390.95,0.15,58.64,PAID,2026-09-14 15:45:00.154911
BILL00001073,CUST000044,MTR000044,2013-06,306.36,0.15,45.95,PAID,2026-09-14 15:45:00.154911
BILL00001074,CUST000044,MTR000044,2013-07,364.08,0.15,54.61,PAID,2026-09-14 15:45:00.154911
BILL00001075,CUST000044,MTR000044,2013-08,424.7,0.15,63.7,PAID,2026-09-14 15:45:00.154911
BILL00001076,CUST000044,MTR000044,2013-09,291.25,0.15,43.69,PAID,2026-09-14 15:45:00.154911
BILL00001077,CUST000044,MTR000044,2013-10,376.62,0.15,56.49,PAID,2026-09-14 15:45:00.154911
BILL00001078,CUST000044,MTR000044,2013-11,395.6,0.15,59.34,PAID,2026-09-14 15:45:00.154911
BILL00001079,CUST000044,MTR000044,2013-12,368.15,0.15,55.22,PAID,2026-09-14 15:45:00.154911
BILL00001080,CUST000044,MTR000044,2014-01,426.19,0.15,63.93,PAID,2026-09-14 15:45:00.154911
BILL00001081,CUST000044,MTR000044,2014-02,399.23,0.15,59.88,PAID,2026-09-14 15:45:00.154911
BILL00001082,CUST000045,MTR000045,2011-12,117.89,0.15,17.68,PAID,2026-09-14 15:45:00.154911
BILL00001083,CUST000045,MTR000045,2012-01,262.28,0.15,39.34,PAID,2026-09-14 15:45:00.154911
BILL00001084,CUST000045,MTR000045,2012-02,201.31,0.15,30.2,PAID,2026-09-14 15:45:00.154911
BILL00001085,CUST000045,MTR000045,2012-03,186.57,0.15,27.99,PAID,2026-09-14 15:45:00.154911
BILL00001086,CUST000045,MTR000045,2012-04,176.27,0.15,26.44,PAID,2026-09-14 15:45:00.154911
BILL00001087,CUST000045,MTR000045,2012-05,194.83,0.15,29.22,PAID,2026-09-14 15:45:00.154911
BILL00001088,CUST000045,MTR000045,2012-06,211.15,0.15,31.67,PAID,2026-09-14 15:45:00.154911
BILL00001089,CUST000045,MTR000045,2012-07,242.12,0.15,36.32,PAID,2026-09-14 15:45:00.154911
BILL00001090,CUST000045,MTR000045,2012-08,218.31,0.15,32.75,PAID,2026-09-14 15:45:00.154911
BILL00001091,CUST000045,MTR000045,2012-09,210.02,0.15,31.5,PAID,2026-09-14 15:45:00.154911
BILL00001092,CUST000045,MTR000045,2012-10,209.05,0.15,31.36,PAID,2026-09-14 15:45:00.154911
BILL00001093,CUST000045,MTR000045,2012-11,175.91,0.15,26.39,PAID,2026-09-14 15:45:00.154911
BILL00001094,CUST000045,MTR000045,2012-12,147.05,0.15,22.06,PAID,2026-09-14 15:45:00.154911
BILL00001095,CUST000045,MTR000045,2013-01,175.73,0.15,26.36,PAID,2026-09-14 15:45:00.154911
BILL00001096,CUST000045,MTR000045,2013-02,185.29,0.15,27.79,PAID,2026-09-14 15:45:00.154911
BILL00001097,CUST000045,MTR000045,2013-03,200.28,0.15,30.04,PAID,2026-09-14 15:45:00.154911
BILL00001098,CUST000045,MTR000045,2013-04,177.71,0.15,26.66,PAID,2026-09-14 15:45:00.154911
BILL00001099,CUST000045,MTR000045,2013-05,169.44,0.15,25.42,PAID,2026-09-14 15:45:00.154911
BILL00001100,CUST000045,MTR000045,2013-06,174.99,0.15,26.25,PAID,2026-09-14 15:45:00.154911
BILL00001101,CUST000045,MTR000045,2013-07,175.27,0.15,26.29,PAID,2026-09-14 15:45:00.154911
BILL00001102,CUST000045,MTR000045,2013-08,110.72,0.15,16.61,PAID,2026-09-14 15:45:00.154911
BILL00001103,CUST000045,MTR000045,2013-09,174.38,0.15,26.16,PAID,2026-09-14 15:45:00.154911
BILL00001104,CUST000045,MTR000045,2013-10,186.21,0.15,27.93,PAID,2026-09-14 15:45:00.154911
BILL00001105,CUST000045,MTR000045,2013-11,189.67,0.15,28.45,PAID,2026-09-14 15:45:00.154911
BILL00001106,CUST000045,MTR000045,2013-12,132.24,0.15,19.84,PAID,2026-09-14 15:45:00.154911
BILL00001107,CUST000045,MTR000045,2014-01,175.94,0.15,26.39,PAID,2026-09-14 15:45:00.154911
BILL00001108,CUST000045,MTR000045,2014-02,179.37,0.15,26.91,PAID,2026-09-14 15:45:00.154911
BILL00001109,CUST000046,MTR000046,2011-12,414.76,0.15,62.21,PAID,2026-09-14 15:45:00.154911
BILL00001110,CUST000046,MTR000046,2012-01,582.63,0.15,87.39,UNPAID,2026-09-14 15:45:00.154911
BILL00001111,CUST000046,MTR000046,2012-02,498.93,0.15,74.84,UNPAID,2026-09-14 15:45:00.154911
BILL00001112,CUST000046,MTR000046,2012-03,392.28,0.15,58.84,PAID,2026-09-14 15:45:00.154911
BILL00001113,CUST000046,MTR000046,2012-04,442.0,0.15,66.3,PAID,2026-09-14 15:45:00.154911
BILL00001114,CUST000046,MTR000046,2012-05,449.54,0.15,67.43,PAID,2026-09-14 15:45:00.154911
BILL00001115,CUST000046,MTR000046,2012-06,399.88,0.15,59.98,PAID,2026-09-14 15:45:00.154911
BILL00001116,CUST000046,MTR000046,2012-07,386.34,0.15,57.95,PAID,2026-09-14 15:45:00.154911
BILL00001117,CUST000046,MTR000046,2012-08,497.39,0.15,74.61,PAID,2026-09-14 15:45:00.154911
BILL00001118,CUST000046,MTR000046,2012-09,452.51,0.15,67.88,PAID,2026-09-14 15:45:00.154911
BILL00001119,CUST000046,MTR000046,2012-10,329.36,0.15,49.4,PAID,2026-09-14 15:45:00.154911
BILL00001120,CUST000046,MTR000046,2012-11,250.82,0.15,37.62,PAID,2026-09-14 15:45:00.154911
BILL00001121,CUST000046,MTR000046,2012-12,322.94,0.15,48.44,PAID,2026-09-14 15:45:00.154911
BILL00001122,CUST000046,MTR000046,2013-01,196.99,0.15,29.55,PAID,2026-09-14 15:45:00.154911
BILL00001123,CUST000046,MTR000046,2013-02,261.92,0.15,39.29,PAID,2026-09-14 15:45:00.154911
BILL00001124,CUST000046,MTR000046,2013-03,266.96,0.15,40.04,PAID,2026-09-14 15:45:00.154911
BILL00001125,CUST000046,MTR000046,2013-04,276.9,0.15,41.54,PAID,2026-09-14 15:45:00.154911
BILL00001126,CUST000046,MTR000046,2013-05,240.31,0.15,36.05,PAID,2026-09-14 15:45:00.154911
BILL00001127,CUST000046,MTR000046,2013-06,256.1,0.15,38.42,PAID,2026-09-14 15:45:00.154911
BILL00001128,CUST000046,MTR000046,2013-07,155.24,0.15,23.29,PAID,2026-09-14 15:45:00.154911
BILL00001129,CUST000046,MTR000046,2013-08,234.13,0.15,35.12,PAID,2026-09-14 15:45:00.154911
BILL00001130,CUST000046,MTR000046,2013-09,194.83,0.15,29.22,PAID,2026-09-14 15:45:00.154911
BILL00001131,CUST000046,MTR000046,2013-10,267.6,0.15,40.14,PAID,2026-09-14 15:45:00.154911
BILL00001132,CUST000046,MTR000046,2013-11,203.84,0.15,30.58,PAID,2026-09-14 15:45:00.154911
BILL00001133,CUST000046,MTR000046,2013-12,242.44,0.15,36.37,PAID,2026-09-14 15:45:00.154911
BILL00001134,CUST000046,MTR000046,2014-01,246.66,0.15,37.0,PAID,2026-09-14 15:45:00.154911
BILL00001135,CUST000046,MTR000046,2014-02,253.72,0.15,38.06,PAID,2026-09-14 15:45:00.154911
BILL00001136,CUST000047,MTR000047,2011-12,66.99,0.15,10.05,PAID,2026-09-14 15:45:00.154911
BILL00001137,CUST000047,MTR000047,2012-01,109.3,0.15,16.4,PAID,2026-09-14 15:45:00.154911
BILL00001138,CUST000047,MTR000047,2012-02,102.15,0.15,15.32,PAID,2026-09-14 15:45:00.154911
BILL00001139,CUST000047,MTR000047,2012-03,104.34,0.15,15.65,PAID,2026-09-14 15:45:00.154911
BILL00001140,CUST000047,MTR000047,2012-04,103.24,0.15,15.49,PAID,2026-09-14 15:45:00.154911
BILL00001141,CUST000047,MTR000047,2012-05,100.1,0.15,15.01,PAID,2026-09-14 15:45:00.154911
BILL00001142,CUST000047,MTR000047,2012-06,88.06,0.15,13.21,PAID,2026-09-14 15:45:00.154911
BILL00001143,CUST000047,MTR000047,2012-07,98.1,0.15,14.71,PAID,2026-09-14 15:45:00.154911
BILL00001144,CUST000047,MTR000047,2012-08,102.26,0.15,15.34,PAID,2026-09-14 15:45:00.154911
BILL00001145,CUST000047,MTR000047,2012-09,97.03,0.15,14.55,PAID,2026-09-14 15:45:00.154911
BILL00001146,CUST000047,MTR000047,2012-10,103.97,0.15,15.6,PAID,2026-09-14 15:45:00.154911
BILL00001147,CUST000047,MTR000047,2012-11,111.26,0.15,16.69,PAID,2026-09-14 15:45:00.154911
BILL00001148,CUST000047,MTR000047,2012-12,106.74,0.15,16.01,PAID,2026-09-14 15:45:00.154911
BILL00001149,CUST000047,MTR000047,2013-01,109.29,0.15,16.39,PAID,2026-09-14 15:45:00.154911
BILL00001150,CUST000047,MTR000047,2013-02,98.65,0.15,14.8,PAID,2026-09-14 15:45:00.154911
BILL00001151,CUST000047,MTR000047,2013-03,110.44,0.15,16.57,PAID,2026-09-14 15:45:00.154911
BILL00001152,CUST000047,MTR000047,2013-04,103.63,0.15,15.54,PAID,2026-09-14 15:45:00.154911
BILL00001153,CUST000047,MTR000047,2013-05,101.45,0.15,15.22,PAID,2026-09-14 15:45:00.154911
BILL00001154,CUST000047,MTR000047,2013-06,98.16,0.15,14.72,PAID,2026-09-14 15:45:00.154911
BILL00001155,CUST000047,MTR000047,2013-07,108.57,0.15,16.29,PAID,2026-09-14 15:45:00.154911
BILL00001156,CUST000047,MTR000047,2013-08,103.46,0.15,15.52,PAID,2026-09-14 15:45:00.154911
BILL00001157,CUST000047,MTR000047,2013-09,99.47,0.15,14.92,PAID,2026-09-14 15:45:00.154911
BILL00001158,CUST000047,MTR000047,2013-10,105.58,0.15,15.84,PAID,2026-09-14 15:45:00.154911
BILL00001159,CUST000047,MTR000047,2013-11,109.64,0.15,16.45,PAID,2026-09-14 15:45:00.154911
BILL00001160,CUST000047,MTR000047,2013-12,99.5,0.15,14.92,PAID,2026-09-14 15:45:00.154911
BILL00001161,CUST000047,MTR000047,2014-01,110.41,0.15,16.56,PAID,2026-09-14 15:45:00.154911
BILL00001162,CUST000047,MTR000047,2014-02,92.21,0.15,13.83,PAID,2026-09-14 15:45:00.154911
BILL00001163,CUST000048,MTR000048,2011-12,471.34,0.15,70.7,PAID,2026-09-14 15:45:00.154911
BILL00001164,CUST000048,MTR000048,2012-01,583.56,0.15,87.53,PAID,2026-09-14 15:45:00.154911
BILL00001165,CUST000048,MTR000048,2012-02,537.67,0.15,80.65,PAID,2026-09-14 15:45:00.154911
BILL00001166,CUST000048,MTR000048,2012-03,557.17,0.15,83.58,PAID,2026-09-14 15:45:00.154911
BILL00001167,CUST000048,MTR000048,2012-04,544.32,0.15,81.65,PAID,2026-09-14 15:45:00.154911
BILL00001168,CUST000048,MTR000048,2012-05,531.48,0.15,79.72,PAID,2026-09-14 15:45:00.154911
BILL00001169,CUST000048,MTR000048,2012-06,530.8,0.15,79.62,UNPAID,2026-09-14 15:45:00.154911
BILL00001170,CUST000048,MTR000048,2012-07,545.16,0.15,81.77,PAID,2026-09-14 15:45:00.154911
BILL00001171,CUST000048,MTR000048,2012-08,548.12,0.15,82.22,PAID,2026-09-14 15:45:00.154911
BILL00001172,CUST000048,MTR000048,2012-09,389.27,0.15,58.39,PAID,2026-09-14 15:45:00.154911
BILL00001173,CUST000048,MTR000048,2012-10,540.85,0.15,81.13,PAID,2026-09-14 15:45:00.154911
BILL00001174,CUST000048,MTR000048,2012-11,520.52,0.15,78.08,PAID,2026-09-14 15:45:00.154911
BILL00001175,CUST000048,MTR000048,2012-12,602.75,0.15,90.41,PAID,2026-09-14 15:45:00.154911
BILL00001176,CUST000048,MTR000048,2013-01,572.28,0.15,85.84,PAID,2026-09-14 15:45:00.154911
BILL00001177,CUST000048,MTR000048,2013-02,510.26,0.15,76.54,UNPAID,2026-09-14 15:45:00.154911
BILL00001178,CUST000048,MTR000048,2013-03,559.89,0.15,83.98,PAID,2026-09-14 15:45:00.154911
BILL00001179,CUST000048,MTR000048,2013-04,538.23,0.15,80.73,PAID,2026-09-14 15:45:00.154911
BILL00001180,CUST000048,MTR000048,2013-05,527.67,0.15,79.15,PAID,2026-09-14 15:45:00.154911
BILL00001181,CUST000048,MTR000048,2013-06,513.36,0.15,77.0,PAID,2026-09-14 15:45:00.154911
BILL00001182,CUST000048,MTR000048,2013-07,525.86,0.15,78.88,PAID,2026-09-14 15:45:00.154911
BILL00001183,CUST000048,MTR000048,2013-08,542.67,0.15,81.4,PAID,2026-09-14 15:45:00.154911
BILL00001184,CUST000048,MTR000048,2013-09,444.41,0.15,66.66,PAID,2026-09-14 15:45:00.154911
BILL00001185,CUST000048,MTR000048,2013-10,555.51,0.15,83.33,UNPAID,2026-09-14 15:45:00.154911
BILL00001186,CUST000048,MTR000048,2013-11,511.34,0.15,76.7,PAID,2026-09-14 15:45:00.154911
BILL00001187,CUST000048,MTR000048,2013-12,555.62,0.15,83.34,PAID,2026-09-14 15:45:00.154911
BILL00001188,CUST000048,MTR000048,2014-01,528.29,0.15,79.24,PAID,2026-09-14 15:45:00.154911
BILL00001189,CUST000048,MTR000048,2014-02,464.51,0.15,69.68,PAID,2026-09-14 15:45:00.154911
BILL00001190,CUST000049,MTR000049,2011-12,327.94,0.15,49.19,PAID,2026-09-14 15:45:00.154911
BILL00001191,CUST000049,MTR000049,2012-01,451.03,0.15,67.65,PAID,2026-09-14 15:45:00.154911
BILL00001192,CUST000049,MTR000049,2012-02,358.77,0.15,53.82,PAID,2026-09-14 15:45:00.154911
BILL00001193,CUST000049,MTR000049,2012-03,346.67,0.15,52.0,PAID,2026-09-14 15:45:00.154911
BILL00001194,CUST000049,MTR000049,2012-04,290.93,0.15,43.64,PAID,2026-09-14 15:45:00.154911
BILL00001195,CUST000049,MTR000049,2012-05,275.53,0.15,41.33,PAID,2026-09-14 15:45:00.154911
BILL00001196,CUST000049,MTR000049,2012-06,226.43,0.15,33.96,PAID,2026-09-14 15:45:00.154911
BILL00001197,CUST000049,MTR000049,2012-07,249.11,0.15,37.37,PAID,2026-09-14 15:45:00.154911
BILL00001198,CUST000049,MTR000049,2012-08,265.03,0.15,39.75,PAID,2026-09-14 15:45:00.154911
BILL00001199,CUST000049,MTR000049,2012-09,258.05,0.15,38.71,UNPAID,2026-09-14 15:45:00.154911
BILL00001200,CUST000049,MTR000049,2012-10,319.41,0.15,47.91,PAID,2026-09-14 15:45:00.154911
BILL00001201,CUST000049,MTR000049,2012-11,359.62,0.15,53.94,PAID,2026-09-14 15:45:00.154911
BILL00001202,CUST000049,MTR000049,2012-12,368.04,0.15,55.21,PAID,2026-09-14 15:45:00.154911
BILL00001203,CUST000049,MTR000049,2013-01,397.84,0.15,59.68,PAID,2026-09-14 15:45:00.154911
BILL00001204,CUST000049,MTR000049,2013-02,393.81,0.15,59.07,PAID,2026-09-14 15:45:00.154911
BILL00001205,CUST000049,MTR000049,2013-03,447.66,0.15,67.15,PAID,2026-09-14 15:45:00.154911
BILL00001206,CUST000049,MTR000049,2013-04,288.12,0.15,43.22,PAID,2026-09-14 15:45:00.154911
BILL00001207,CUST000049,MTR000049,2013-05,257.52,0.15,38.63,PAID,2026-09-14 15:45:00.154911
BILL00001208,CUST000049,MTR000049,2013-06,211.33,0.15,31.7,PAID,2026-09-14 15:45:00.154911
BILL00001209,CUST000049,MTR000049,2013-07,237.39,0.15,35.61,PAID,2026-09-14 15:45:00.154911
BILL00001210,CUST000049,MTR000049,2013-08,273.61,0.15,41.04,PAID,2026-09-14 15:45:00.154911
BILL00001211,CUST000049,MTR000049,2013-09,245.61,0.15,36.84,PAID,2026-09-14 15:45:00.154911
BILL00001212,CUST000049,MTR000049,2013-10,305.84,0.15,45.88,PAID,2026-09-14 15:45:00.154911
BILL00001213,CUST000049,MTR000049,2013-11,394.23,0.15,59.13,UNPAID,2026-09-14 15:45:00.154911
BILL00001214,CUST000049,MTR000049,2013-12,419.35,0.15,62.9,PAID,2026-09-14 15:45:00.154911
BILL00001215,CUST000049,MTR000049,2014-01,391.44,0.15,58.72,PAID,2026-09-14 15:45:00.154911
BILL00001216,CUST000049,MTR000049,2014-02,339.83,0.15,50.97,PAID,2026-09-14 15:45:00.154911
BILL00001217,CUST000050,MTR000050,2011-12,73.34,0.15,11.0,PAID,2026-09-14 15:45:00.154911
BILL00001218,CUST000050,MTR000050,2012-01,221.48,0.15,33.22,PAID,2026-09-14 15:45:00.154911
BILL00001219,CUST000050,MTR000050,2012-02,178.88,0.15,26.83,PAID,2026-09-14 15:45:00.154911
BILL00001220,CUST000050,MTR000050,2012-03,162.87,0.15,24.43,PAID,2026-09-14 15:45:00.154911
BILL00001221,CUST000050,MTR000050,2012-04,175.49,0.15,26.32,PAID,2026-09-14 15:45:00.154911
BILL00001222,CUST000050,MTR000050,2012-05,178.59,0.15,26.79,UNPAID,2026-09-14 15:45:00.154911
BILL00001223,CUST000050,MTR000050,2012-06,158.91,0.15,23.84,PAID,2026-09-14 15:45:00.154911
BILL00001224,CUST000050,MTR000050,2012-07,158.16,0.15,23.72,PAID,2026-09-14 15:45:00.154911
BILL00001225,CUST000050,MTR000050,2012-08,166.88,0.15,25.03,PAID,2026-09-14 15:45:00.154911
BILL00001226,CUST000050,MTR000050,2012-09,162.01,0.15,24.3,PAID,2026-09-14 15:45:00.154911
BILL00001227,CUST000050,MTR000050,2012-10,156.06,0.15,23.41,PAID,2026-09-14 15:45:00.154911
BILL00001228,CUST000050,MTR000050,2012-11,179.87,0.15,26.98,PAID,2026-09-14 15:45:00.154911
BILL00001229,CUST000050,MTR000050,2012-12,208.11,0.15,31.22,PAID,2026-09-14 15:45:00.154911
BILL00001230,CUST000050,MTR000050,2013-01,198.57,0.15,29.79,PAID,2026-09-14 15:45:00.154911
BILL00001231,CUST000050,MTR000050,2013-02,185.1,0.15,27.76,PAID,2026-09-14 15:45:00.154911
BILL00001232,CUST000050,MTR000050,2013-03,208.83,0.15,31.32,PAID,2026-09-14 15:45:00.154911
BILL00001233,CUST000050,MTR000050,2013-04,182.92,0.15,27.44,PAID,2026-09-14 15:45:00.154911
BILL00001234,CUST000050,MTR000050,2013-05,176.55,0.15,26.48,PAID,2026-09-14 15:45:00.154911
BILL00001235,CUST000050,MTR000050,2013-06,157.51,0.15,23.63,PAID,2026-09-14 15:45:00.154911
BILL00001236,CUST000050,MTR000050,2013-07,174.15,0.15,26.12,PAID,2026-09-14 15:45:00.154911
BILL00001237,CUST000050,MTR000050,2013-08,186.79,0.15,28.02,PAID,2026-09-14 15:45:00.154911
BILL00001238,CUST000050,MTR000050,2013-09,178.55,0.15,26.78,PAID,2026-09-14 15:45:00.154911
BILL00001239,CUST000050,MTR000050,2013-10,179.25,0.15,26.89,PAID,2026-09-14 15:45:00.154911
BILL00001240,CUST000050,MTR000050,2013-11,191.09,0.15,28.66,PAID,2026-09-14 15:45:00.154911
BILL00001241,CUST000050,MTR000050,2013-12,196.15,0.15,29.42,PAID,2026-09-14 15:45:00.154911
BILL00001242,CUST000050,MTR000050,2014-01,186.17,0.15,27.93,PAID,2026-09-14 15:45:00.154911
BILL00001243,CUST000050,MTR000050,2014-02,159.68,0.15,23.95,PAID,2026-09-14 15:45:00.154911
BILL00001244,CUST000051,MTR000051,2011-12,288.97,0.15,43.35,PAID,2026-09-14 15:45:00.154911
BILL00001245,CUST000051,MTR000051,2012-01,369.88,0.15,55.48,PAID,2026-09-14 15:45:00.154911
BILL00001246,CUST000051,MTR000051,2012-02,339.52,0.15,50.93,PAID,2026-09-14 15:45:00.154911
BILL00001247,CUST000051,MTR000051,2012-03,328.45,0.15,49.27,PAID,2026-09-14 15:45:00.154911
BILL00001248,CUST000051,MTR000051,2012-04,326.03,0.15,48.9,PAID,2026-09-14 15:45:00.154911
BILL00001249,CUST000051,MTR000051,2012-05,313.1,0.15,46.96,PAID,2026-09-14 15:45:00.154911
BILL00001250,CUST000051,MTR000051,2012-06,302.74,0.15,45.41,PAID,2026-09-14 15:45:00.154911
BILL00001251,CUST000051,MTR000051,2012-07,307.08,0.15,46.06,PAID,2026-09-14 15:45:00.154911
BILL00001252,CUST000051,MTR000051,2012-08,318.68,0.15,47.8,UNPAID,2026-09-14 15:45:00.154911
BILL00001253,CUST000051,MTR000051,2012-09,310.96,0.15,46.64,PAID,2026-09-14 15:45:00.154911
BILL00001254,CUST000051,MTR000051,2012-10,339.65,0.15,50.95,PAID,2026-09-14 15:45:00.154911
BILL00001255,CUST000051,MTR000051,2012-11,363.03,0.15,54.45,PAID,2026-09-14 15:45:00.154911
BILL00001256,CUST000051,MTR000051,2012-12,397.15,0.15,59.57,PAID,2026-09-14 15:45:00.154911
BILL00001257,CUST000051,MTR000051,2013-01,398.33,0.15,59.75,PAID,2026-09-14 15:45:00.154911
BILL00001258,CUST000051,MTR000051,2013-02,337.36,0.15,50.6,PAID,2026-09-14 15:45:00.154911
BILL00001259,CUST000051,MTR000051,2013-03,392.32,0.15,58.85,PAID,2026-09-14 15:45:00.154911
BILL00001260,CUST000051,MTR000051,2013-04,347.96,0.15,52.19,PAID,2026-09-14 15:45:00.154911
BILL00001261,CUST000051,MTR000051,2013-05,372.72,0.15,55.91,PAID,2026-09-14 15:45:00.154911
BILL00001262,CUST000051,MTR000051,2013-06,339.3,0.15,50.9,PAID,2026-09-14 15:45:00.154911
BILL00001263,CUST000051,MTR000051,2013-07,338.62,0.15,50.79,PAID,2026-09-14 15:45:00.154911
BILL00001264,CUST000051,MTR000051,2013-08,372.48,0.15,55.87,PAID,2026-09-14 15:45:00.154911
BILL00001265,CUST000051,MTR000051,2013-09,360.36,0.15,54.05,PAID,2026-09-14 15:45:00.154911
BILL00001266,CUST000051,MTR000051,2013-10,372.55,0.15,55.88,PAID,2026-09-14 15:45:00.154911
BILL00001267,CUST000051,MTR000051,2013-11,397.83,0.15,59.67,PAID,2026-09-14 15:45:00.154911
BILL00001268,CUST000051,MTR000051,2013-12,401.38,0.15,60.21,PAID,2026-09-14 15:45:00.154911
BILL00001269,CUST000051,MTR000051,2014-01,400.16,0.15,60.02,PAID,2026-09-14 15:45:00.154911
BILL00001270,CUST000051,MTR000051,2014-02,343.15,0.15,51.47,PAID,2026-09-14 15:45:00.154911
BILL00001271,CUST000052,MTR000052,2011-12,305.18,0.15,45.78,PAID,2026-09-14 15:45:00.154911
BILL00001272,CUST000052,MTR000052,2012-01,448.85,0.15,67.33,PAID,2026-09-14 15:45:00.154911
BILL00001273,CUST000052,MTR000052,2012-02,378.37,0.15,56.76,PAID,2026-09-14 15:45:00.154911
BILL00001274,CUST000052,MTR000052,2012-03,344.42,0.15,51.66,PAID,2026-09-14 15:45:00.154911
BILL00001275,CUST000052,MTR000052,2012-04,348.69,0.15,52.3,PAID,2026-09-14 15:45:00.154911
BILL00001276,CUST000052,MTR000052,2012-05,213.8,0.15,32.07,PAID,2026-09-14 15:45:00.154911
BILL00001277,CUST000052,MTR000052,2012-06,284.47,0.15,42.67,PAID,2026-09-14 15:45:00.154911
BILL00001278,CUST000052,MTR000052,2012-07,386.27,0.15,57.94,PAID,2026-09-14 15:45:00.154911
BILL00001279,CUST000052,MTR000052,2012-08,344.62,0.15,51.69,PAID,2026-09-14 15:45:00.154911
BILL00001280,CUST000052,MTR000052,2012-09,398.87,0.15,59.83,PAID,2026-09-14 15:45:00.154911
BILL00001281,CUST000052,MTR000052,2012-10,457.09,0.15,68.56,PAID,2026-09-14 15:45:00.154911
BILL00001282,CUST000052,MTR000052,2012-11,505.45,0.15,75.82,PAID,2026-09-14 15:45:00.154911
BILL00001283,CUST000052,MTR000052,2012-12,520.72,0.15,78.11,PAID,2026-09-14 15:45:00.154911
BILL00001284,CUST000052,MTR000052,2013-01,517.42,0.15,77.61,PAID,2026-09-14 15:45:00.154911
BILL00001285,CUST000052,MTR000052,2013-02,448.17,0.15,67.23,PAID,2026-09-14 15:45:00.154911
BILL00001286,CUST000052,MTR000052,2013-03,426.69,0.15,64.0,PAID,2026-09-14 15:45:00.154911
BILL00001287,CUST000052,MTR000052,2013-04,367.19,0.15,55.08,PAID,2026-09-14 15:45:00.154911
BILL00001288,CUST000052,MTR000052,2013-05,384.65,0.15,57.7,PAID,2026-09-14 15:45:00.154911
BILL00001289,CUST000052,MTR000052,2013-06,389.15,0.15,58.37,UNPAID,2026-09-14 15:45:00.154911
BILL00001290,CUST000052,MTR000052,2013-07,280.67,0.15,42.1,PAID,2026-09-14 15:45:00.154911
BILL00001291,CUST000052,MTR000052,2013-08,356.2,0.15,53.43,PAID,2026-09-14 15:45:00.154911
BILL00001292,CUST000052,MTR000052,2013-09,265.54,0.15,39.83,PAID,2026-09-14 15:45:00.154911
BILL00001293,CUST000053,MTR000053,2011-12,209.45,0.15,31.42,PAID,2026-09-14 15:45:00.154911
BILL00001294,CUST000053,MTR000053,2012-01,293.56,0.15,44.03,PAID,2026-09-14 15:45:00.154911
BILL00001295,CUST000053,MTR000053,2012-02,149.01,0.15,22.35,PAID,2026-09-14 15:45:00.154911
BILL00001296,CUST000053,MTR000053,2012-03,218.04,0.15,32.71,PAID,2026-09-14 15:45:00.154911
BILL00001297,CUST000053,MTR000053,2012-04,269.52,0.15,40.43,PAID,2026-09-14 15:45:00.154911
BILL00001298,CUST000053,MTR000053,2012-05,153.1,0.15,22.96,UNPAID,2026-09-14 15:45:00.154911
BILL00001299,CUST000053,MTR000053,2012-06,101.56,0.15,15.23,PAID,2026-09-14 15:45:00.154911
BILL00001300,CUST000053,MTR000053,2012-07,207.7,0.15,31.15,PAID,2026-09-14 15:45:00.154911
BILL00001301,CUST000053,MTR000053,2012-08,129.81,0.15,19.47,PAID,2026-09-14 15:45:00.154911
BILL00001302,CUST000053,MTR000053,2012-09,195.35,0.15,29.3,PAID,2026-09-14 15:45:00.154911
BILL00001303,CUST000053,MTR000053,2012-10,194.24,0.15,29.14,PAID,2026-09-14 15:45:00.154911
BILL00001304,CUST000053,MTR000053,2012-11,267.3,0.15,40.1,PAID,2026-09-14 15:45:00.154911
BILL00001305,CUST000053,MTR000053,2012-12,278.4,0.15,41.76,PAID,2026-09-14 15:45:00.154911
BILL00001306,CUST000053,MTR000053,2013-01,274.48,0.15,41.17,PAID,2026-09-14 15:45:00.154911
BILL00001307,CUST000053,MTR000053,2013-02,254.13,0.15,38.12,PAID,2026-09-14 15:45:00.154911
BILL00001308,CUST000053,MTR000053,2013-03,121.96,0.15,18.29,PAID,2026-09-14 15:45:00.154911
BILL00001309,CUST000053,MTR000053,2013-04,258.4,0.15,38.76,PAID,2026-09-14 15:45:00.154911
BILL00001310,CUST000053,MTR000053,2013-05,265.6,0.15,39.84,PAID,2026-09-14 15:45:00.154911
BILL00001311,CUST000053,MTR000053,2013-06,210.39,0.15,31.56,PAID,2026-09-14 15:45:00.154911
BILL00001312,CUST000053,MTR000053,2013-07,133.18,0.15,19.98,PAID,2026-09-14 15:45:00.154911
BILL00001313,CUST000053,MTR000053,2013-08,135.12,0.15,20.27,PAID,2026-09-14 15:45:00.154911
BILL00001314,CUST000053,MTR000053,2013-09,83.56,0.15,12.53,PAID,2026-09-14 15:45:00.154911
BILL00001315,CUST000053,MTR000053,2013-10,219.54,0.15,32.93,PAID,2026-09-14 15:45:00.154911
BILL00001316,CUST000053,MTR000053,2013-11,273.92,0.15,41.09,PAID,2026-09-14 15:45:00.154911
BILL00001317,CUST000053,MTR000053,2013-12,274.54,0.15,41.18,PAID,2026-09-14 15:45:00.154911
BILL00001318,CUST000053,MTR000053,2014-01,240.34,0.15,36.05,PAID,2026-09-14 15:45:00.154911
BILL00001319,CUST000053,MTR000053,2014-02,87.25,0.15,13.09,UNPAID,2026-09-14 15:45:00.154911
BILL00001320,CUST000054,MTR000054,2011-12,209.79,0.15,31.47,UNPAID,2026-09-14 15:45:00.154911
BILL00001321,CUST000054,MTR000054,2012-01,254.98,0.15,38.25,PAID,2026-09-14 15:45:00.154911
BILL00001322,CUST000054,MTR000054,2012-02,271.93,0.15,40.79,PAID,2026-09-14 15:45:00.154911
BILL00001323,CUST000054,MTR000054,2012-03,216.29,0.15,32.44,UNPAID,2026-09-14 15:45:00.154911
BILL00001324,CUST000054,MTR000054,2012-04,215.96,0.15,32.39,PAID,2026-09-14 15:45:00.154911
BILL00001325,CUST000054,MTR000054,2012-05,217.94,0.15,32.69,PAID,2026-09-14 15:45:00.154911
BILL00001326,CUST000054,MTR000054,2012-06,202.22,0.15,30.33,PAID,2026-09-14 15:45:00.154911
BILL00001327,CUST000054,MTR000054,2012-07,182.4,0.15,27.36,PAID,2026-09-14 15:45:00.154911
BILL00001328,CUST000054,MTR000054,2012-08,226.34,0.15,33.95,UNPAID,2026-09-14 15:45:00.154911
BILL00001329,CUST000054,MTR000054,2012-09,243.74,0.15,36.56,PAID,2026-09-14 15:45:00.154911
BILL00001330,CUST000054,MTR000054,2012-10,264.25,0.15,39.64,PAID,2026-09-14 15:45:00.154911
BILL00001331,CUST000054,MTR000054,2012-11,243.18,0.15,36.48,PAID,2026-09-14 15:45:00.154911
BILL00001332,CUST000054,MTR000054,2012-12,264.64,0.15,39.7,PAID,2026-09-14 15:45:00.154911
BILL00001333,CUST000054,MTR000054,2013-01,282.82,0.15,42.42,PAID,2026-09-14 15:45:00.154911
BILL00001334,CUST000054,MTR000054,2013-02,242.78,0.15,36.42,PAID,2026-09-14 15:45:00.154911
BILL00001335,CUST000054,MTR000054,2013-03,265.89,0.15,39.88,PAID,2026-09-14 15:45:00.154911
BILL00001336,CUST000054,MTR000054,2013-04,232.17,0.15,34.83,PAID,2026-09-14 15:45:00.154911
BILL00001337,CUST000054,MTR000054,2013-05,218.36,0.15,32.75,PAID,2026-09-14 15:45:00.154911
BILL00001338,CUST000054,MTR000054,2013-06,190.72,0.15,28.61,PAID,2026-09-14 15:45:00.154911
BILL00001339,CUST000054,MTR000054,2013-07,198.07,0.15,29.71,PAID,2026-09-14 15:45:00.154911
BILL00001340,CUST000054,MTR000054,2013-08,140.64,0.15,21.1,PAID,2026-09-14 15:45:00.154911
BILL00001341,CUST000054,MTR000054,2013-09,147.31,0.15,22.1,PAID,2026-09-14 15:45:00.154911
BILL00001342,CUST000054,MTR000054,2013-10,180.42,0.15,27.06,PAID,2026-09-14 15:45:00.154911
BILL00001343,CUST000054,MTR000054,2013-11,190.59,0.15,28.59,PAID,2026-09-14 15:45:00.154911
BILL00001344,CUST000054,MTR000054,2013-12,144.31,0.15,21.65,PAID,2026-09-14 15:45:00.154911
BILL00001345,CUST000054,MTR000054,2014-01,160.52,0.15,24.08,PAID,2026-09-14 15:45:00.154911
BILL00001346,CUST000054,MTR000054,2014-02,168.37,0.15,25.26,PAID,2026-09-14 15:45:00.154911
BILL00001347,CUST000055,MTR000055,2011-12,596.32,0.15,89.45,PAID,2026-09-14 15:45:00.154911
BILL00001348,CUST000055,MTR000055,2012-01,734.52,0.15,110.18,PAID,2026-09-14 15:45:00.154911
BILL00001349,CUST000055,MTR000055,2012-02,653.75,0.15,98.06,PAID,2026-09-14 15:45:00.154911
BILL00001350,CUST000055,MTR000055,2012-03,648.68,0.15,97.3,PAID,2026-09-14 15:45:00.154911
BILL00001351,CUST000055,MTR000055,2012-04,581.92,0.15,87.29,PAID,2026-09-14 15:45:00.154911
BILL00001352,CUST000055,MTR000055,2012-05,563.77,0.15,84.57,PAID,2026-09-14 15:45:00.154911
BILL00001353,CUST000055,MTR000055,2012-06,534.88,0.15,80.23,PAID,2026-09-14 15:45:00.154911
BILL00001354,CUST000055,MTR000055,2012-07,547.02,0.15,82.05,PAID,2026-09-14 15:45:00.154911
BILL00001355,CUST000055,MTR000055,2012-08,513.16,0.15,76.97,PAID,2026-09-14 15:45:00.154911
BILL00001356,CUST000055,MTR000055,2012-09,492.24,0.15,73.84,PAID,2026-09-14 15:45:00.154911
BILL00001357,CUST000055,MTR000055,2012-10,585.63,0.15,87.84,PAID,2026-09-14 15:45:00.154911
BILL00001358,CUST000055,MTR000055,2012-11,609.86,0.15,91.48,PAID,2026-09-14 15:45:00.154911
BILL00001359,CUST000055,MTR000055,2012-12,681.41,0.15,102.21,PAID,2026-09-14 15:45:00.154911
BILL00001360,CUST000055,MTR000055,2013-01,643.56,0.15,96.53,PAID,2026-09-14 15:45:00.154911
BILL00001361,CUST000055,MTR000055,2013-02,608.77,0.15,91.32,PAID,2026-09-14 15:45:00.154911
BILL00001362,CUST000055,MTR000055,2013-03,638.08,0.15,95.71,PAID,2026-09-14 15:45:00.154911
BILL00001363,CUST000055,MTR000055,2013-04,540.5,0.15,81.08,PAID,2026-09-14 15:45:00.154911
BILL00001364,CUST000055,MTR000055,2013-05,547.67,0.15,82.15,PAID,2026-09-14 15:45:00.154911
BILL00001365,CUST000055,MTR000055,2013-06,477.08,0.15,71.56,PAID,2026-09-14 15:45:00.154911
BILL00001366,CUST000055,MTR000055,2013-07,470.44,0.15,70.57,PAID,2026-09-14 15:45:00.154911
BILL00001367,CUST000055,MTR000055,2013-08,476.08,0.15,71.41,PAID,2026-09-14 15:45:00.154911
BILL00001368,CUST000055,MTR000055,2013-09,499.18,0.15,74.88,PAID,2026-09-14 15:45:00.154911
BILL00001369,CUST000055,MTR000055,2013-10,559.06,0.15,83.86,PAID,2026-09-14 15:45:00.154911
BILL00001370,CUST000055,MTR000055,2013-11,609.64,0.15,91.45,PAID,2026-09-14 15:45:00.154911
BILL00001371,CUST000055,MTR000055,2013-12,694.19,0.15,104.13,PAID,2026-09-14 15:45:00.154911
BILL00001372,CUST000055,MTR000055,2014-01,670.07,0.15,100.51,PAID,2026-09-14 15:45:00.154911
BILL00001373,CUST000055,MTR000055,2014-02,519.55,0.15,77.93,PAID,2026-09-14 15:45:00.154911
BILL00001374,CUST000056,MTR000056,2011-12,303.98,0.15,45.6,PAID,2026-09-14 15:45:00.154911
BILL00001375,CUST000056,MTR000056,2012-01,421.6,0.15,63.24,PAID,2026-09-14 15:45:00.154911
BILL00001376,CUST000056,MTR000056,2012-02,417.21,0.15,62.58,PAID,2026-09-14 15:45:00.154911
BILL00001377,CUST000056,MTR000056,2012-03,379.47,0.15,56.92,PAID,2026-09-14 15:45:00.154911
BILL00001378,CUST000056,MTR000056,2012-04,349.84,0.15,52.48,PAID,2026-09-14 15:45:00.154911
BILL00001379,CUST000056,MTR000056,2012-05,287.57,0.15,43.14,PAID,2026-09-14 15:45:00.154911
BILL00001380,CUST000056,MTR000056,2012-06,250.01,0.15,37.5,PAID,2026-09-14 15:45:00.154911
BILL00001381,CUST000056,MTR000056,2012-07,234.9,0.15,35.24,PAID,2026-09-14 15:45:00.154911
BILL00001382,CUST000056,MTR000056,2012-08,240.52,0.15,36.08,PAID,2026-09-14 15:45:00.154911
BILL00001383,CUST000056,MTR000056,2012-09,193.76,0.15,29.06,PAID,2026-09-14 15:45:00.154911
BILL00001384,CUST000056,MTR000056,2012-10,209.87,0.15,31.48,PAID,2026-09-14 15:45:00.154911
BILL00001385,CUST000056,MTR000056,2012-11,468.37,0.15,70.26,PAID,2026-09-14 15:45:00.154911
BILL00001386,CUST000056,MTR000056,2012-12,409.58,0.15,61.44,UNPAID,2026-09-14 15:45:00.154911
BILL00001387,CUST000056,MTR000056,2013-01,342.02,0.15,51.3,PAID,2026-09-14 15:45:00.154911
BILL00001388,CUST000056,MTR000056,2013-02,138.97,0.15,20.85,PAID,2026-09-14 15:45:00.154911
BILL00001389,CUST000056,MTR000056,2013-03,238.09,0.15,35.71,PAID,2026-09-14 15:45:00.154911
BILL00001390,CUST000056,MTR000056,2013-04,159.62,0.15,23.94,PAID,2026-09-14 15:45:00.154911
BILL00001391,CUST000056,MTR000056,2013-05,64.78,0.15,9.72,PAID,2026-09-14 15:45:00.154911
