period,respondent,respondent-name,type,type-name,value,value-units
2026-09-09T07,AVA,Avista Corporation,DF,Day-ahead demand forecast,1122,megawatthours
2026-09-09T07,AZPS,Arizona Public Service Company,DF,Day-ahead demand forecast,5562,megawatthours
2026-09-09T07,BANC,Balancing Authority of Northern California,DF,Day-ahead demand forecast,2206,megawatthours
2026-09-09T07,BPAT,Bonneville Power Administration,DF,Day-ahead demand forecast,6260,megawatthours
2026-09-09T07,CAL,California,DF,Day-ahead demand forecast,37617,megawatthours
2026-09-09T07,CHPD,Public Utility District No. 1 of Chelan County,DF,Day-ahead demand forecast,167,megawatthours
2026-09-09T07,CISO,California Independent System Operator,DF,Day-ahead demand forecast,30991,megawatthours
2026-09-09T07,DOPD,PUD No. 1 of Douglas County,DF,Day-ahead demand forecast,251,megawatthours
2026-09-09T07,EPE,El Paso Electric Company,DF,Day-ahead demand forecast,1223,megawatthours
2026-09-09T07,GCPD,"Public Utility District No. 2 of Grant County, Washington",DF,Day-ahead demand forecast,674,megawatthours
2026-09-09T07,IID,Imperial Irrigation District,DF,Day-ahead demand forecast,553,megawatthours
2026-09-09T07,IPCO,Idaho Power Company,DF,Day-ahead demand forecast,1862,megawatthours
2026-09-09T07,LDWP,Los Angeles Department of Water and Power,DF,Day-ahead demand forecast,3503,megawatthours
2026-09-09T07,NEVP,Nevada Power Company,DF,Day-ahead demand forecast,5095,megawatthours
2026-09-09T07,NW,Northwest,DF,Day-ahead demand forecast,23372,megawatthours
2026-09-09T07,PACW,PacifiCorp West,DF,Day-ahead demand forecast,2101,megawatthours
2026-09-09T07,PGE,Portland General Electric Company,DF,Day-ahead demand forecast,2563,megawatthours
2026-09-09T07,PNM,Public Service Company of New Mexico,DF,Day-ahead demand forecast,1776,megawatthours
2026-09-09T07,PSEI,"Puget Sound Energy, Inc.",DF,Day-ahead demand forecast,2028,megawatthours
2026-09-09T07,SCL,Seattle City Light,DF,Day-ahead demand forecast,849,megawatthours
2026-09-09T07,SRP,Salt River Project Agricultural Improvement and Power District,DF,Day-ahead demand forecast,5656,megawatthours
2026-09-09T07,SW,Southwest,DF,Day-ahead demand forecast,17174,megawatthours
2026-09-09T07,TEPC,Tucson Electric Power,DF,Day-ahead demand forecast,2044,megawatthours
2026-09-09T07,TIDC,Turlock Irrigation District,DF,Day-ahead demand forecast,364,megawatthours
2026-09-09T07,TPWR,"City of Tacoma, Department of Public Utilities, Light Division",DF,Day-ahead demand forecast,400,megawatthours
2026-09-09T07,US48,United States Lower 48,DF,Day-ahead demand forecast,78163,megawatthours
2026-09-09T07,WALC,Western Area Power Administration - Desert Southwest Region,DF,Day-ahead demand forecast,913,megawatthours
2026-09-09T06,AVA,Avista Corporation,DF,Day-ahead demand forecast,1208,megawatthours
2026-09-09T06,AZPS,Arizona Public Service Company,DF,Day-ahead demand forecast,5923,megawatthours
2026-09-09T06,BANC,Balancing Authority of Northern California,DF,Day-ahead demand forecast,2428,megawatthours
2026-09-09T06,BHBA,Black Hills Energy,DF,Day-ahead demand forecast,779,megawatthours
2026-09-09T06,BPAT,Bonneville Power Administration,DF,Day-ahead demand forecast,6638,megawatthours
2026-09-09T06,CAL,California,DF,Day-ahead demand forecast,40838,megawatthours
2026-09-09T06,CHPD,Public Utility District No. 1 of Chelan County,DF,Day-ahead demand forecast,178,megawatthours
2026-09-09T06,CISO,California Independent System Operator,DF,Day-ahead demand forecast,33618,megawatthours
2026-09-09T06,DOPD,PUD No. 1 of Douglas County,DF,Day-ahead demand forecast,262,megawatthours
2026-09-09T06,EPE,El Paso Electric Company,DF,Day-ahead demand forecast,1327,megawatthours
2026-09-09T06,GCPD,"Public Utility District No. 2 of Grant County, Washington",DF,Day-ahead demand forecast,695,megawatthours
2026-09-09T06,IID,Imperial Irrigation District,DF,Day-ahead demand forecast,606,megawatthours
2026-09-09T06,IPCO,Idaho Power Company,DF,Day-ahead demand forecast,1933,megawatthours
2026-09-09T06,LDWP,Los Angeles Department of Water and Power,DF,Day-ahead demand forecast,3788,megawatthours
2026-09-09T06,NEVP,Nevada Power Company,DF,Day-ahead demand forecast,5461,megawatthours
2026-09-09T06,NW,Northwest,DF,Day-ahead demand forecast,36793,megawatthours
2026-09-09T06,NWMT,NorthWestern Corporation,DF,Day-ahead demand forecast,1095,megawatthours
2026-09-09T06,PACE,PacifiCorp East,DF,Day-ahead demand forecast,6014,megawatthours
2026-09-09T06,PACW,PacifiCorp West,DF,Day-ahead demand forecast,2263,megawatthours
2026-09-09T06,PGE,Portland General Electric Company,DF,Day-ahead demand forecast,2765,megawatthours
2026-09-09T06,PNM,Public Service Company of New Mexico,DF,Day-ahead demand forecast,1891,megawatthours
2026-09-09T06,PSCO,Public Service Company of Colorado,DF,Day-ahead demand forecast,4096,megawatthours
2026-09-09T06,PSEI,"Puget Sound Energy, Inc.",DF,Day-ahead demand forecast,2047,megawatthours
2026-09-09T06,SCL,Seattle City Light,DF,Day-ahead demand forecast,921,megawatthours
2026-09-09T06,SRP,Salt River Project Agricultural Improvement and Power District,DF,Day-ahead demand forecast,6022,megawatthours
2026-09-09T06,SW,Southwest,DF,Day-ahead demand forecast,18262,megawatthours
2026-09-09T06,TEPC,Tucson Electric Power,DF,Day-ahead demand forecast,2167,megawatthours
2026-09-09T06,TIDC,Turlock Irrigation District,DF,Day-ahead demand forecast,398,megawatthours
2026-09-09T06,TPWR,"City of Tacoma, Department of Public Utilities, Light Division",DF,Day-ahead demand forecast,438,megawatthours
2026-09-09T06,US48,United States Lower 48,DF,Day-ahead demand forecast,95893,megawatthours
2026-09-09T06,WALC,Western Area Power Administration - Desert Southwest Region,DF,Day-ahead demand forecast,932,megawatthours
2026-09-09T05,AECI,"Associated Electric Cooperative, Inc.",DF,Day-ahead demand forecast,3272,megawatthours
2026-09-09T05,AVA,Avista Corporation,DF,Day-ahead demand forecast,1306,megawatthours
2026-09-09T05,AZPS,Arizona Public Service Company,DF,Day-ahead demand forecast,6476,megawatthours
2026-09-09T05,BANC,Balancing Authority of Northern California,DF,Day-ahead demand forecast,2680,megawatthours
2026-09-09T05,BHBA,Black Hills Energy,DF,Day-ahead demand forecast,825,megawatthours
2026-09-09T05,BPAT,Bonneville Power Administration,DF,Day-ahead demand forecast,7072,megawatthours
2026-09-09T05,CAL,California,DF,Day-ahead demand forecast,44150,megawatthours
2026-09-09T05,CHPD,Public Utility District No. 1 of Chelan County,DF,Day-ahead demand forecast,191,megawatthours
2026-09-09T05,CISO,California Independent System Operator,DF,Day-ahead demand forecast,36289,megawatthours
2026-09-09T05,DOPD,PUD No. 1 of Douglas County,DF,Day-ahead demand forecast,272,megawatthours
2026-09-09T05,EPE,El Paso Electric Company,DF,Day-ahead demand forecast,1470,megawatthours
2026-09-09T05,ERCO,"Electric Reliability Council of Texas, Inc.",DF,Day-ahead demand forecast,69929,megawatthours
2026-09-09T05,GCPD,"Public Utility District No. 2 of Grant County, Washington",DF,Day-ahead demand forecast,711,megawatthours
2026-09-09T05,IID,Imperial Irrigation District,DF,Day-ahead demand forecast,668,megawatthours
2026-09-09T05,IPCO,Idaho Power Company,DF,Day-ahead demand forecast,2039,megawatthours
2026-09-09T05,LDWP,Los Angeles Department of Water and Power,DF,Day-ahead demand forecast,4077,megawatthours
2026-09-09T05,LGEE,LG&E and KU Services Company as agent for Louisville Gas and Electric Company and Kentucky Utilities Company,DF,Day-ahead demand forecast,4128,megawatthours
2026-09-09T05,MIDW,Midwest,DF,Day-ahead demand forecast,93058,megawatthours
2026-09-09T05,MISO,"Midcontinent Independent System Operator, Inc.",DF,Day-ahead demand forecast,85658,megawatthours
2026-09-09T05,NEVP,Nevada Power Company,DF,Day-ahead demand forecast,5824,megawatthours
2026-09-09T05,NW,Northwest,DF,Day-ahead demand forecast,43653,megawatthours
2026-09-09T05,NWMT,NorthWestern Corporation,DF,Day-ahead demand forecast,1150,megawatthours
2026-09-09T05,PACE,PacifiCorp East,DF,Day-ahead demand forecast,6426,megawatthours
2026-09-09T05,PACW,PacifiCorp West,DF,Day-ahead demand forecast,2464,megawatthours
2026-09-09T05,PGE,Portland General Electric Company,DF,Day-ahead demand forecast,2965,megawatthours
2026-09-09T05,PNM,Public Service Company of New Mexico,DF,Day-ahead demand forecast,2040,megawatthours
2026-09-09T05,PSCO,Public Service Company of Colorado,DF,Day-ahead demand forecast,4493,megawatthours
2026-09-09T05,PSEI,"Puget Sound Energy, Inc.",DF,Day-ahead demand forecast,2265,megawatthours
2026-09-09T05,SCL,Seattle City Light,DF,Day-ahead demand forecast,998,megawatthours
2026-09-09T05,SE,Southeast,DF,Day-ahead demand forecast,28336,megawatthours
2026-09-09T05,SOCO,"Southern Company Services, Inc. - Trans",DF,Day-ahead demand forecast,28336,megawatthours
2026-09-09T05,SRP,Salt River Project Agricultural Improvement and Power District,DF,Day-ahead demand forecast,6465,megawatthours
2026-09-09T05,SW,Southwest,DF,Day-ahead demand forecast,19769,megawatthours
2026-09-09T05,SWPW,Southwest Power Pool West Balancing Authority Area,DF,Day-ahead demand forecast,4171,megawatthours
2026-09-09T05,TEN,Tennessee,DF,Day-ahead demand forecast,20910,megawatthours
2026-09-09T05,TEPC,Tucson Electric Power,DF,Day-ahead demand forecast,2338,megawatthours
2026-09-09T05,TEX,Texas,DF,Day-ahead demand forecast,69929,megawatthours
2026-09-09T05,TIDC,Turlock Irrigation District,DF,Day-ahead demand forecast,436,megawatthours
2026-09-09T05,TPWR,"City of Tacoma, Department of Public Utilities, Light Division",DF,Day-ahead demand forecast,481,megawatthours
2026-09-09T05,TVA,Tennessee Valley Authority,DF,Day-ahead demand forecast,20910,megawatthours
2026-09-09T05,US48,United States Lower 48,DF,Day-ahead demand forecast,319805,megawatthours
2026-09-09T05,WALC,Western Area Power Administration - Desert Southwest Region,DF,Day-ahead demand forecast,980,megawatthours
2026-09-09T04,AECI,"Associated Electric Cooperative, Inc.",DF,Day-ahead demand forecast,3635,megawatthours
2026-09-09T04,AVA,Avista Corporation,DF,Day-ahead demand forecast,1380,megawatthours
2026-09-09T04,AZPS,Arizona Public Service Company,DF,Day-ahead demand forecast,6912,megawatthours
2026-09-09T04,BANC,Balancing Authority of Northern California,DF,Day-ahead demand forecast,2899,megawatthours
2026-09-09T04,BHBA,Black Hills Energy,DF,Day-ahead demand forecast,861,megawatthours
2026-09-09T04,BPAT,Bonneville Power Administration,DF,Day-ahead demand forecast,7460,megawatthours
2026-09-09T04,CAL,California,DF,Day-ahead demand forecast,46324,megawatthours
2026-09-09T04,CAR,Carolinas,DF,Day-ahead demand forecast,24937,megawatthours
2026-09-09T04,CHPD,Public Utility District No. 1 of Chelan County,DF,Day-ahead demand forecast,200,megawatthours
2026-09-09T04,CISO,California Independent System Operator,DF,Day-ahead demand forecast,37921,megawatthours
2026-09-09T04,CPLE,Duke Energy Progress East,DF,Day-ahead demand forecast,6520,megawatthours
2026-09-09T04,CPLW,Duke Energy Progress West,DF,Day-ahead demand forecast,441,megawatthours
2026-09-09T04,DOPD,PUD No. 1 of Douglas County,DF,Day-ahead demand forecast,281,megawatthours
2026-09-09T04,DUK,Duke Energy Carolinas,DF,Day-ahead demand forecast,11800,megawatthours
2026-09-09T04,EPE,El Paso Electric Company,DF,Day-ahead demand forecast,1624,megawatthours
2026-09-09T04,ERCO,"Electric Reliability Council of Texas, Inc.",DF,Day-ahead demand forecast,74293,megawatthours
2026-09-09T04,FLA,Florida,DF,Day-ahead demand forecast,30676,megawatthours
2026-09-09T04,FMPP,Florida Municipal Power Pool,DF,Day-ahead demand forecast,2255,megawatthours
2026-09-09T04,FPC,"Duke Energy Florida, Inc.",DF,Day-ahead demand forecast,5360,megawatthours
2026-09-09T04,FPL,Florida Power & Light Co.,DF,Day-ahead demand forecast,17501,megawatthours
2026-09-09T04,GCPD,"Public Utility District No. 2 of Grant County, Washington",DF,Day-ahead demand forecast,727,megawatthours
2026-09-09T04,GVL,Gainesville Regional Utilities,DF,Day-ahead demand forecast,260,megawatthours
2026-09-09T04,HST,City of Homestead,DF,Day-ahead demand forecast,90,megawatthours
2026-09-09T04,IID,Imperial Irrigation District,DF,Day-ahead demand forecast,723,megawatthours
2026-09-09T04,IPCO,Idaho Power Company,DF,Day-ahead demand forecast,2132,megawatthours
2026-09-09T04,JEA,JEA,DF,Day-ahead demand forecast,1877,megawatthours
2026-09-09T04,LDWP,Los Angeles Department of Water and Power,DF,Day-ahead demand forecast,4315,megawatthours
2026-09-09T04,LGEE,LG&E and KU Services Company as agent for Louisville Gas and Electric Company and Kentucky Utilities Company,DF,Day-ahead demand forecast,4438,megawatthours
2026-09-09T04,MIDA,Mid-Atlantic,DF,Day-ahead demand forecast,93472,megawatthours
2026-09-09T04,MIDW,Midwest,DF,Day-ahead demand forecast,98600,megawatthours
2026-09-09T04,MISO,"Midcontinent Independent System Operator, Inc.",DF,Day-ahead demand forecast,90527,megawatthours
2026-09-09T04,NEVP,Nevada Power Company,DF,Day-ahead demand forecast,6119,megawatthours
2026-09-09T04,NW,Northwest,DF,Day-ahead demand forecast,46217,megawatthours
2026-09-09T04,NWMT,NorthWestern Corporation,DF,Day-ahead demand forecast,1243,megawatthours
2026-09-09T04,NY,New York,DF,Day-ahead demand forecast,17415,megawatthours
2026-09-09T04,NYIS,New York Independent System Operator,DF,Day-ahead demand forecast,17415,megawatthours
2026-09-09T04,PACE,PacifiCorp East,DF,Day-ahead demand forecast,6856,megawatthours
2026-09-09T04,PACW,PacifiCorp West,DF,Day-ahead demand forecast,2624,megawatthours
2026-09-09T04,PGE,Portland General Electric Company,DF,Day-ahead demand forecast,3113,megawatthours
2026-09-09T04,PJM,"PJM Interconnection, LLC",DF,Day-ahead demand forecast,93472,megawatthours
2026-09-09T04,PNM,Public Service Company of New Mexico,DF,Day-ahead demand forecast,2192,megawatthours
2026-09-09T04,PSCO,Public Service Company of Colorado,DF,Day-ahead demand forecast,4852,megawatthours
2026-09-09T04,PSEI,"Puget Sound Energy, Inc.",DF,Day-ahead demand forecast,2392,megawatthours
2026-09-09T04,SC,South Carolina Public Service Authority,DF,Day-ahead demand forecast,3420,megawatthours
2026-09-09T04,SCEG,"Dominion Energy South Carolina, Inc.",DF,Day-ahead demand forecast,2756,megawatthours
2026-09-09T04,SCL,Seattle City Light,DF,Day-ahead demand forecast,1046,megawatthours
2026-09-09T04,SE,Southeast,DF,Day-ahead demand forecast,30459,megawatthours
2026-09-09T04,SEC,Seminole Electric Cooperative,DF,Day-ahead demand forecast,240,megawatthours
2026-09-09T04,SOCO,"Southern Company Services, Inc. - Trans",DF,Day-ahead demand forecast,30459,megawatthours
2026-09-09T04,SRP,Salt River Project Agricultural Improvement and Power District,DF,Day-ahead demand forecast,6845,megawatthours
2026-09-09T04,SW,Southwest,DF,Day-ahead demand forecast,21159,megawatthours
2026-09-09T04,SWPW,Southwest Power Pool West Balancing Authority Area,DF,Day-ahead demand forecast,4421,megawatthours
2026-09-09T04,TAL,City of Tallahassee,DF,Day-ahead demand forecast,403,megawatthours
2026-09-09T04,TEC,Tampa Electric Company,DF,Day-ahead demand forecast,2690,megawatthours
2026-09-09T04,TEN,Tennessee,DF,Day-ahead demand forecast,22802,megawatthours
2026-09-09T04,TEPC,Tucson Electric Power,DF,Day-ahead demand forecast,2494,megawatthours
2026-09-09T04,TEX,Texas,DF,Day-ahead demand forecast,74293,megawatthours
2026-09-09T04,TIDC,Turlock Irrigation District,DF,Day-ahead demand forecast,466,megawatthours
2026-09-09T04,TPWR,"City of Tacoma, Department of Public Utilities, Light Division",DF,Day-ahead demand forecast,510,megawatthours
2026-09-09T04,TVA,Tennessee Valley Authority,DF,Day-ahead demand forecast,22802,megawatthours
2026-09-09T04,US48,United States Lower 48,DF,Day-ahead demand forecast,506354,megawatthours
2026-09-09T04,WALC,Western Area Power Administration - Desert Southwest Region,DF,Day-ahead demand forecast,1092,megawatthours
2026-09-09T03,AECI,"Associated Electric Cooperative, Inc.",DF,Day-ahead demand forecast,3990,megawatthours
2026-09-09T03,AVA,Avista Corporation,DF,Day-ahead demand forecast,1415,megawatthours
2026-09-09T03,AZPS,Arizona Public Service Company,DF,Day-ahead demand forecast,7285,megawatthours
2026-09-09T03,BANC,Balancing Authority of Northern California,DF,Day-ahead demand forecast,3035,megawatthours
2026-09-09T03,BHBA,Black Hills Energy,DF,Day-ahead demand forecast,892,megawatthours
2026-09-09T03,BPAT,Bonneville Power Administration,DF,Day-ahead demand forecast,7572,megawatthours
2026-09-09T03,CAL,California,DF,Day-ahead demand forecast,48040,megawatthours
2026-09-09T03,CAR,Carolinas,DF,Day-ahead demand forecast,27288,megawatthours
2026-09-09T03,CHPD,Public Utility District No. 1 of Chelan County,DF,Day-ahead demand forecast,205,megawatthours
2026-09-09T03,CISO,California Independent System Operator,DF,Day-ahead demand forecast,39180,megawatthours
2026-09-09T03,CPLE,Duke Energy Progress East,DF,Day-ahead demand forecast,7201,megawatthours
2026-09-09T03,CPLW,Duke Energy Progress West,DF,Day-ahead demand forecast,487,megawatthours
2026-09-09T03,DOPD,PUD No. 1 of Douglas County,DF,Day-ahead demand forecast,287,megawatthours
2026-09-09T03,DUK,Duke Energy Carolinas,DF,Day-ahead demand forecast,12956,megawatthours
2026-09-09T03,EPE,El Paso Electric Company,DF,Day-ahead demand forecast,1757,megawatthours
2026-09-09T03,ERCO,"Electric Reliability Council of Texas, Inc.",DF,Day-ahead demand forecast,78501,megawatthours
2026-09-09T03,FLA,Florida,DF,Day-ahead demand forecast,33293,megawatthours
2026-09-09T03,FMPP,Florida Municipal Power Pool,DF,Day-ahead demand forecast,2463,megawatthours
2026-09-09T03,FPC,"Duke Energy Florida, Inc.",DF,Day-ahead demand forecast,5849,megawatthours
2026-09-09T03,FPL,Florida Power & Light Co.,DF,Day-ahead demand forecast,18959,megawatthours
2026-09-09T03,GCPD,"Public Utility District No. 2 of Grant County, Washington",DF,Day-ahead demand forecast,738,megawatthours
2026-09-09T03,GVL,Gainesville Regional Utilities,DF,Day-ahead demand forecast,282,megawatthours
2026-09-09T03,HST,City of Homestead,DF,Day-ahead demand forecast,97,megawatthours
2026-09-09T03,IID,Imperial Irrigation District,DF,Day-ahead demand forecast,773,megawatthours
2026-09-09T03,IPCO,Idaho Power Company,DF,Day-ahead demand forecast,2198,megawatthours
2026-09-09T03,JEA,JEA,DF,Day-ahead demand forecast,2011,megawatthours
2026-09-09T03,LDWP,Los Angeles Department of Water and Power,DF,Day-ahead demand forecast,4566,megawatthours
2026-09-09T03,LGEE,LG&E and KU Services Company as agent for Louisville Gas and Electric Company and Kentucky Utilities Company,DF,Day-ahead demand forecast,4802,megawatthours
2026-09-09T03,MIDA,Mid-Atlantic,DF,Day-ahead demand forecast,99675,megawatthours
2026-09-09T03,MIDW,Midwest,DF,Day-ahead demand forecast,105436,megawatthours
2026-09-09T03,MISO,"Midcontinent Independent System Operator, Inc.",DF,Day-ahead demand forecast,96644,megawatthours
2026-09-09T03,NEVP,Nevada Power Company,DF,Day-ahead demand forecast,6347,megawatthours
2026-09-09T03,NW,Northwest,DF,Day-ahead demand forecast,47684,megawatthours
2026-09-09T03,NWMT,NorthWestern Corporation,DF,Day-ahead demand forecast,1304,megawatthours
2026-09-09T03,NY,New York,DF,Day-ahead demand forecast,18581,megawatthours
2026-09-09T03,NYIS,New York Independent System Operator,DF,Day-ahead demand forecast,18581,megawatthours
2026-09-09T03,PACE,PacifiCorp East,DF,Day-ahead demand forecast,7200,megawatthours
2026-09-09T03,PACW,PacifiCorp West,DF,Day-ahead demand forecast,2719,megawatthours
2026-09-09T03,PGE,Portland General Electric Company,DF,Day-ahead demand forecast,3161,megawatthours
2026-09-09T03,PJM,"PJM Interconnection, LLC",DF,Day-ahead demand forecast,99675,megawatthours
2026-09-09T03,PNM,Public Service Company of New Mexico,DF,Day-ahead demand forecast,2321,megawatthours
2026-09-09T03,PSCO,Public Service Company of Colorado,DF,Day-ahead demand forecast,5107,megawatthours
2026-09-09T03,PSEI,"Puget Sound Energy, Inc.",DF,Day-ahead demand forecast,2381,megawatthours
2026-09-09T03,SC,South Carolina Public Service Authority,DF,Day-ahead demand forecast,3651,megawatthours
2026-09-09T03,SCEG,"Dominion Energy South Carolina, Inc.",DF,Day-ahead demand forecast,2993,megawatthours
2026-09-09T03,SCL,Seattle City Light,DF,Day-ahead demand forecast,1056,megawatthours
2026-09-09T03,SE,Southeast,DF,Day-ahead demand forecast,32707,megawatthours
2026-09-09T03,SEC,Seminole Electric Cooperative,DF,Day-ahead demand forecast,270,megawatthours
2026-09-09T03,SOCO,"Southern Company Services, Inc. - Trans",DF,Day-ahead demand forecast,32707,megawatthours
2026-09-09T03,SRP,Salt River Project Agricultural Improvement and Power District,DF,Day-ahead demand forecast,7129,megawatthours
2026-09-09T03,SW,Southwest,DF,Day-ahead demand forecast,22209,megawatthours
2026-09-09T03,SWPW,Southwest Power Pool West Balancing Authority Area,DF,Day-ahead demand forecast,4588,megawatthours
2026-09-09T03,TAL,City of Tallahassee,DF,Day-ahead demand forecast,440,megawatthours
2026-09-09T03,TEC,Tampa Electric Company,DF,Day-ahead demand forecast,2922,megawatthours
2026-09-09T03,TEN,Tennessee,DF,Day-ahead demand forecast,24600,megawatthours
2026-09-09T03,TEPC,Tucson Electric Power,DF,Day-ahead demand forecast,2598,megawatthours
2026-09-09T03,TEX,Texas,DF,Day-ahead demand forecast,78501,megawatthours
2026-09-09T03,TIDC,Turlock Irrigation District,DF,Day-ahead demand forecast,486,megawatthours
2026-09-09T03,TPWR,"City of Tacoma, Department of Public Utilities, Light Division",DF,Day-ahead demand forecast,514,megawatthours
2026-09-09T03,TVA,Tennessee Valley Authority,DF,Day-ahead demand forecast,24600,megawatthours
2026-09-09T03,US48,United States Lower 48,DF,Day-ahead demand forecast,538014,megawatthours
2026-09-09T03,WALC,Western Area Power Administration - Desert Southwest Region,DF,Day-ahead demand forecast,1119,megawatthours
2026-09-09T02,AECI,"Associated Electric Cooperative, Inc.",DF,Day-ahead demand forecast,4260,megawatthours
2026-09-09T02,AVA,Avista Corporation,DF,Day-ahead demand forecast,1432,megawatthours
2026-09-09T02,AZPS,Arizona Public Service Company,DF,Day-ahead demand forecast,7708,megawatthours
2026-09-09T02,BANC,Balancing Authority of Northern California,DF,Day-ahead demand forecast,3164,megawatthours
2026-09-09T02,BHBA,Black Hills Energy,DF,Day-ahead demand forecast,910,megawatthours
2026-09-09T02,BPAT,Bonneville Power Administration,DF,Day-ahead demand forecast,7628,megawatthours
2026-09-09T02,CAL,California,DF,Day-ahead demand forecast,49319,megawatthours
2026-09-09T02,CAR,Carolinas,DF,Day-ahead demand forecast,29775,megawatthours
2026-09-09T02,CHPD,Public Utility District No. 1 of Chelan County,DF,Day-ahead demand forecast,210,megawatthours
2026-09-09T02,CISO,California Independent System Operator,DF,Day-ahead demand forecast,40123,megawatthours
2026-09-09T02,CPLE,Duke Energy Progress East,DF,Day-ahead demand forecast,7936,megawatthours
2026-09-09T02,CPLW,Duke Energy Progress West,DF,Day-ahead demand forecast,533,megawatthours
2026-09-09T02,DOPD,PUD No. 1 of Douglas County,DF,Day-ahead demand forecast,292,megawatthours
2026-09-09T02,DUK,Duke Energy Carolinas,DF,Day-ahead demand forecast,14176,megawatthours
2026-09-09T02,EPE,El Paso Electric Company,DF,Day-ahead demand forecast,1863,megawatthours
2026-09-09T02,ERCO,"Electric Reliability Council of Texas, Inc.",DF,Day-ahead demand forecast,81437,megawatthours
2026-09-09T02,FLA,Florida,DF,Day-ahead demand forecast,35941,megawatthours
2026-09-09T02,FMPP,Florida Municipal Power Pool,DF,Day-ahead demand forecast,2691,megawatthours
2026-09-09T02,FPC,"Duke Energy Florida, Inc.",DF,Day-ahead demand forecast,6346,megawatthours
2026-09-09T02,FPL,Florida Power & Light Co.,DF,Day-ahead demand forecast,20398,megawatthours
2026-09-09T02,GCPD,"Public Utility District No. 2 of Grant County, Washington",DF,Day-ahead demand forecast,746,megawatthours
2026-09-09T02,GVL,Gainesville Regional Utilities,DF,Day-ahead demand forecast,305,megawatthours
2026-09-09T02,HST,City of Homestead,DF,Day-ahead demand forecast,105,megawatthours
2026-09-09T02,IID,Imperial Irrigation District,DF,Day-ahead demand forecast,820,megawatthours
2026-09-09T02,IPCO,Idaho Power Company,DF,Day-ahead demand forecast,2222,megawatthours
2026-09-09T02,JEA,JEA,DF,Day-ahead demand forecast,2154,megawatthours
2026-09-09T02,LDWP,Los Angeles Department of Water and Power,DF,Day-ahead demand forecast,4707,megawatthours
2026-09-09T02,LGEE,LG&E and KU Services Company as agent for Louisville Gas and Electric Company and Kentucky Utilities Company,DF,Day-ahead demand forecast,5179,megawatthours
2026-09-09T02,MIDA,Mid-Atlantic,DF,Day-ahead demand forecast,107036,megawatthours
2026-09-09T02,MIDW,Midwest,DF,Day-ahead demand forecast,110893,megawatthours
2026-09-09T02,MISO,"Midcontinent Independent System Operator, Inc.",DF,Day-ahead demand forecast,101454,megawatthours
2026-09-09T02,NEVP,Nevada Power Company,DF,Day-ahead demand forecast,6492,megawatthours
2026-09-09T02,NW,Northwest,DF,Day-ahead demand forecast,48666,megawatthours
2026-09-09T02,NWMT,NorthWestern Corporation,DF,Day-ahead demand forecast,1316,megawatthours
2026-09-09T02,NY,New York,DF,Day-ahead demand forecast,19781,megawatthours
2026-09-09T02,NYIS,New York Independent System Operator,DF,Day-ahead demand forecast,19781,megawatthours
2026-09-09T02,PACE,PacifiCorp East,DF,Day-ahead demand forecast,7434,megawatthours
2026-09-09T02,PACW,PacifiCorp West,DF,Day-ahead demand forecast,2754,megawatthours
2026-09-09T02,PGE,Portland General Electric Company,DF,Day-ahead demand forecast,3205,megawatthours
2026-09-09T02,PJM,"PJM Interconnection, LLC",DF,Day-ahead demand forecast,107036,megawatthours
2026-09-09T02,PNM,Public Service Company of New Mexico,DF,Day-ahead demand forecast,2405,megawatthours
2026-09-09T02,PSCO,Public Service Company of Colorado,DF,Day-ahead demand forecast,5280,megawatthours
2026-09-09T02,PSEI,"Puget Sound Energy, Inc.",DF,Day-ahead demand forecast,2463,megawatthours
2026-09-09T02,SC,South Carolina Public Service Authority,DF,Day-ahead demand forecast,3883,megawatthours
2026-09-09T02,SCEG,"Dominion Energy South Carolina, Inc.",DF,Day-ahead demand forecast,3247,megawatthours
2026-09-09T02,SCL,Seattle City Light,DF,Day-ahead demand forecast,1064,megawatthours
2026-09-09T02,SE,Southeast,DF,Day-ahead demand forecast,34694,megawatthours
2026-09-09T02,SEC,Seminole Electric Cooperative,DF,Day-ahead demand forecast,302,megawatthours
2026-09-09T02,SOCO,"Southern Company Services, Inc. - Trans",DF,Day-ahead demand forecast,34694,megawatthours
2026-09-09T02,SRP,Salt River Project Agricultural Improvement and Power District,DF,Day-ahead demand forecast,7425,megawatthours
2026-09-09T02,SW,Southwest,DF,Day-ahead demand forecast,23092,megawatthours
2026-09-09T02,SWPW,Southwest Power Pool West Balancing Authority Area,DF,Day-ahead demand forecast,4701,megawatthours
2026-09-09T02,TAL,City of Tallahassee,DF,Day-ahead demand forecast,468,megawatthours
2026-09-09T02,TEC,Tampa Electric Company,DF,Day-ahead demand forecast,3172,megawatthours
2026-09-09T02,TEN,Tennessee,DF,Day-ahead demand forecast,26303,megawatthours
2026-09-09T02,TEPC,Tucson Electric Power,DF,Day-ahead demand forecast,2698,megawatthours
2026-09-09T02,TEX,Texas,DF,Day-ahead demand forecast,81437,megawatthours
2026-09-09T02,TIDC,Turlock Irrigation District,DF,Day-ahead demand forecast,505,megawatthours
2026-09-09T02,TPWR,"City of Tacoma, Department of Public Utilities, Light Division",DF,Day-ahead demand forecast,517,megawatthours
2026-09-09T02,TVA,Tennessee Valley Authority,DF,Day-ahead demand forecast,26303,megawatthours
2026-09-09T02,US48,United States Lower 48,DF,Day-ahead demand forecast,566937,megawatthours
2026-09-09T02,WALC,Western Area Power Administration - Desert Southwest Region,DF,Day-ahead demand forecast,993,megawatthours
2026-09-09T01,AECI,"Associated Electric Cooperative, Inc.",DF,Day-ahead demand forecast,4561,megawatthours
2026-09-09T01,AVA,Avista Corporation,DF,Day-ahead demand forecast,1430,megawatthours
2026-09-09T01,AZPS,Arizona Public Service Company,DF,Day-ahead demand forecast,7751,megawatthours
2026-09-09T01,BANC,Balancing Authority of Northern California,DF,Day-ahead demand forecast,3249,megawatthours
2026-09-09T01,BHBA,Black Hills Energy,DF,Day-ahead demand forecast,945,megawatthours
2026-09-09T01,BPAT,Bonneville Power Administration,DF,Day-ahead demand forecast,7603,megawatthours
2026-09-09T01,CAL,California,DF,Day-ahead demand forecast,49369,megawatthours
2026-09-09T01,CAR,Carolinas,DF,Day-ahead demand forecast,31810,megawatthours
2026-09-09T01,CHPD,Public Utility District No. 1 of Chelan County,DF,Day-ahead demand forecast,212,megawatthours
2026-09-09T01,CISO,California Independent System Operator,DF,Day-ahead demand forecast,39834,megawatthours
2026-09-09T01,CPLE,Duke Energy Progress East,DF,Day-ahead demand forecast,8594,megawatthours
2026-09-09T01,CPLW,Duke Energy Progress West,DF,Day-ahead demand forecast,568,megawatthours
2026-09-09T01,DOPD,PUD No. 1 of Douglas County,DF,Day-ahead demand forecast,294,megawatthours
2026-09-09T01,DUK,Duke Energy Carolinas,DF,Day-ahead demand forecast,15191,megawatthours
2026-09-09T01,EPE,El Paso Electric Company,DF,Day-ahead demand forecast,1971,megawatthours
2026-09-09T01,ERCO,"Electric Reliability Council of Texas, Inc.",DF,Day-ahead demand forecast,83867,megawatthours
2026-09-09T01,FLA,Florida,DF,Day-ahead demand forecast,38117,megawatthours
2026-09-09T01,FMPP,Florida Municipal Power Pool,DF,Day-ahead demand forecast,2855,megawatthours
2026-09-09T01,FPC,"Duke Energy Florida, Inc.",DF,Day-ahead demand forecast,6751,megawatthours
2026-09-09T01,FPL,Florida Power & Light Co.,DF,Day-ahead demand forecast,21648,megawatthours
2026-09-09T01,GCPD,"Public Utility District No. 2 of Grant County, Washington",DF,Day-ahead demand forecast,754,megawatthours
2026-09-09T01,GVL,Gainesville Regional Utilities,DF,Day-ahead demand forecast,322,megawatthours
2026-09-09T01,HST,City of Homestead,DF,Day-ahead demand forecast,109,megawatthours
2026-09-09T01,IID,Imperial Irrigation District,DF,Day-ahead demand forecast,859,megawatthours
2026-09-09T01,IPCO,Idaho Power Company,DF,Day-ahead demand forecast,2239,megawatthours
2026-09-09T01,JEA,JEA,DF,Day-ahead demand forecast,2224,megawatthours
2026-09-09T01,LDWP,Los Angeles Department of Water and Power,DF,Day-ahead demand forecast,4913,megawatthours
2026-09-09T01,LGEE,LG&E and KU Services Company as agent for Louisville Gas and Electric Company and Kentucky Utilities Company,DF,Day-ahead demand forecast,5464,megawatthours
2026-09-09T01,MIDA,Mid-Atlantic,DF,Day-ahead demand forecast,114297,megawatthours
2026-09-09T01,MIDW,Midwest,DF,Day-ahead demand forecast,114513,megawatthours
2026-09-09T01,MISO,"Midcontinent Independent System Operator, Inc.",DF,Day-ahead demand forecast,104488,megawatthours
2026-09-09T01,NEVP,Nevada Power Company,DF,Day-ahead demand forecast,6653,megawatthours
2026-09-09T01,NW,Northwest,DF,Day-ahead demand forecast,49044,megawatthours
2026-09-09T01,NWMT,NorthWestern Corporation,DF,Day-ahead demand forecast,1321,megawatthours
2026-09-09T01,NY,New York,DF,Day-ahead demand forecast,20889,megawatthours
2026-09-09T01,NYIS,New York Independent System Operator,DF,Day-ahead demand forecast,20889,megawatthours
2026-09-09T01,PACE,PacifiCorp East,DF,Day-ahead demand forecast,7560,megawatthours
2026-09-09T01,PACW,PacifiCorp West,DF,Day-ahead demand forecast,2753,megawatthours
2026-09-09T01,PGE,Portland General Electric Company,DF,Day-ahead demand forecast,3158,megawatthours
2026-09-09T01,PJM,"PJM Interconnection, LLC",DF,Day-ahead demand forecast,114297,megawatthours
2026-09-09T01,PNM,Public Service Company of New Mexico,DF,Day-ahead demand forecast,2468,megawatthours
2026-09-09T01,PSCO,Public Service Company of Colorado,DF,Day-ahead demand forecast,5433,megawatthours
2026-09-09T01,PSEI,"Puget Sound Energy, Inc.",DF,Day-ahead demand forecast,2420,megawatthours
2026-09-09T01,SC,South Carolina Public Service Authority,DF,Day-ahead demand forecast,4005,megawatthours
2026-09-09T01,SCEG,"Dominion Energy South Carolina, Inc.",DF,Day-ahead demand forecast,3452,megawatthours
2026-09-09T01,SCL,Seattle City Light,DF,Day-ahead demand forecast,1086,megawatthours
2026-09-09T01,SE,Southeast,DF,Day-ahead demand forecast,36208,megawatthours
2026-09-09T01,SEC,Seminole Electric Cooperative,DF,Day-ahead demand forecast,325,megawatthours
2026-09-09T01,SOCO,"Southern Company Services, Inc. - Trans",DF,Day-ahead demand forecast,36208,megawatthours
2026-09-09T01,SRP,Salt River Project Agricultural Improvement and Power District,DF,Day-ahead demand forecast,7663,megawatthours
2026-09-09T01,SW,Southwest,DF,Day-ahead demand forecast,23587,megawatthours
2026-09-09T01,SWPW,Southwest Power Pool West Balancing Authority Area,DF,Day-ahead demand forecast,4661,megawatthours
2026-09-09T01,TAL,City of Tallahassee,DF,Day-ahead demand forecast,498,megawatthours
2026-09-09T01,TEC,Tampa Electric Company,DF,Day-ahead demand forecast,3385,megawatthours
2026-09-09T01,TEN,Tennessee,DF,Day-ahead demand forecast,27556,megawatthours
2026-09-09T01,TEPC,Tucson Electric Power,DF,Day-ahead demand forecast,2784,megawatthours
2026-09-09T01,TEX,Texas,DF,Day-ahead demand forecast,83867,megawatthours
2026-09-09T01,TIDC,Turlock Irrigation District,DF,Day-ahead demand forecast,514,megawatthours
2026-09-09T01,TPWR,"City of Tacoma, Department of Public Utilities, Light Division",DF,Day-ahead demand forecast,522,megawatthours
2026-09-09T01,TVA,Tennessee Valley Authority,DF,Day-ahead demand forecast,27556,megawatthours
2026-09-09T01,US48,United States Lower 48,DF,Day-ahead demand forecast,589257,megawatthours
2026-09-09T01,WALC,Western Area Power Administration - Desert Southwest Region,DF,Day-ahead demand forecast,950,megawatthours
2026-09-09T00,AECI,"Associated Electric Cooperative, Inc.",DF,Day-ahead demand forecast,4714,megawatthours
2026-09-09T00,AVA,Avista Corporation,DF,Day-ahead demand forecast,1407,megawatthours
2026-09-09T00,AZPS,Arizona Public Service Company,DF,Day-ahead demand forecast,7829,megawatthours
2026-09-09T00,BANC,Balancing Authority of Northern California,DF,Day-ahead demand forecast,3191,megawatthours
2026-09-09T00,BHBA,Black Hills Energy,DF,Day-ahead demand forecast,977,megawatthours
2026-09-09T00,BPAT,Bonneville Power Administration,DF,Day-ahead demand forecast,7478,megawatthours
2026-09-09T00,CAL,California,DF,Day-ahead demand forecast,47630,megawatthours
2026-09-09T00,CAR,Carolinas,DF,Day-ahead demand forecast,33236,megawatthours
2026-09-09T00,CHPD,Public Utility District No. 1 of Chelan County,DF,Day-ahead demand forecast,208,megawatthours
2026-09-09T00,CISO,California Independent System Operator,DF,Day-ahead demand forecast,38136,megawatthours
2026-09-09T00,CPLE,Duke Energy Progress East,DF,Day-ahead demand forecast,9069,megawatthours
2026-09-09T00,CPLW,Duke Energy Progress West,DF,Day-ahead demand forecast,593,megawatthours
2026-09-09T00,DOPD,PUD No. 1 of Douglas County,DF,Day-ahead demand forecast,293,megawatthours
2026-09-09T00,DUK,Duke Energy Carolinas,DF,Day-ahead demand forecast,15935,megawatthours
2026-09-09T00,EPE,El Paso Electric Company,DF,Day-ahead demand forecast,2045,megawatthours
2026-09-09T00,ERCO,"Electric Reliability Council of Texas, Inc.",DF,Day-ahead demand forecast,86548,megawatthours
2026-09-09T00,FLA,Florida,DF,Day-ahead demand forecast,39302,megawatthours
2026-09-09T00,FMPP,Florida Municipal Power Pool,DF,Day-ahead demand forecast,2951,megawatthours
2026-09-09T00,FPC,"Duke Energy Florida, Inc.",DF,Day-ahead demand forecast,6999,megawatthours
2026-09-09T00,FPL,Florida Power & Light Co.,DF,Day-ahead demand forecast,22251,megawatthours
2026-09-09T00,GCPD,"Public Utility District No. 2 of Grant County, Washington",DF,Day-ahead demand forecast,756,megawatthours
2026-09-09T00,GVL,Gainesville Regional Utilities,DF,Day-ahead demand forecast,326,megawatthours
2026-09-09T00,HST,City of Homestead,DF,Day-ahead demand forecast,114,megawatthours
2026-09-09T00,IID,Imperial Irrigation District,DF,Day-ahead demand forecast,870,megawatthours
2026-09-09T00,IPCO,Idaho Power Company,DF,Day-ahead demand forecast,2226,megawatthours
2026-09-09T00,JEA,JEA,DF,Day-ahead demand forecast,2274,megawatthours
2026-09-09T00,LDWP,Los Angeles Department of Water and Power,DF,Day-ahead demand forecast,4929,megawatthours
2026-09-09T00,LGEE,LG&E and KU Services Company as agent for Louisville Gas and Electric Company and Kentucky Utilities Company,DF,Day-ahead demand forecast,5697,megawatthours
2026-09-09T00,MIDA,Mid-Atlantic,DF,Day-ahead demand forecast,119770,megawatthours
2026-09-09T00,MIDW,Midwest,DF,Day-ahead demand forecast,117415,megawatthours
2026-09-09T00,MISO,"Midcontinent Independent System Operator, Inc.",DF,Day-ahead demand forecast,107004,megawatthours
2026-09-09T00,NEVP,Nevada Power Company,DF,Day-ahead demand forecast,6714,megawatthours
2026-09-09T00,NW,Northwest,DF,Day-ahead demand forecast,48791,megawatthours
2026-09-09T00,NWMT,NorthWestern Corporation,DF,Day-ahead demand forecast,1337,megawatthours
2026-09-09T00,NY,New York,DF,Day-ahead demand forecast,21308,megawatthours
2026-09-09T00,NYIS,New York Independent System Operator,DF,Day-ahead demand forecast,21308,megawatthours
2026-09-09T00,PACE,PacifiCorp East,DF,Day-ahead demand forecast,7581,megawatthours
2026-09-09T00,PACW,PacifiCorp West,DF,Day-ahead demand forecast,2703,megawatthours
2026-09-09T00,PGE,Portland General Electric Company,DF,Day-ahead demand forecast,3021,megawatthours
2026-09-09T00,PJM,"PJM Interconnection, LLC",DF,Day-ahead demand forecast,119770,megawatthours
2026-09-09T00,PNM,Public Service Company of New Mexico,DF,Day-ahead demand forecast,2477,megawatthours
2026-09-09T00,PSCO,Public Service Company of Colorado,DF,Day-ahead demand forecast,5471,megawatthours
2026-09-09T00,PSEI,"Puget Sound Energy, Inc.",DF,Day-ahead demand forecast,2360,megawatthours
2026-09-09T00,SC,South Carolina Public Service Authority,DF,Day-ahead demand forecast,4130,megawatthours
2026-09-09T00,SCEG,"Dominion Energy South Carolina, Inc.",DF,Day-ahead demand forecast,3509,megawatthours
2026-09-09T00,SCL,Seattle City Light,DF,Day-ahead demand forecast,1082,megawatthours
2026-09-09T00,SE,Southeast,DF,Day-ahead demand forecast,37533,megawatthours
2026-09-09T00,SEC,Seminole Electric Cooperative,DF,Day-ahead demand forecast,340,megawatthours
2026-09-09T00,SOCO,"Southern Company Services, Inc. - Trans",DF,Day-ahead demand forecast,37533,megawatthours
2026-09-09T00,SRP,Salt River Project Agricultural Improvement and Power District,DF,Day-ahead demand forecast,7768,megawatthours
2026-09-09T00,SW,Southwest,DF,Day-ahead demand forecast,23811,megawatthours
2026-09-09T00,SWPW,Southwest Power Pool West Balancing Authority Area,DF,Day-ahead demand forecast,4658,megawatthours
2026-09-09T00,TAL,City of Tallahassee,DF,Day-ahead demand forecast,519,megawatthours
2026-09-09T00,TEC,Tampa Electric Company,DF,Day-ahead demand forecast,3528,megawatthours
2026-09-09T00,TEN,Tennessee,DF,Day-ahead demand forecast,28318,megawatthours
2026-09-09T00,TEPC,Tucson Electric Power,DF,Day-ahead demand forecast,2722,megawatthours
2026-09-09T00,TEX,Texas,DF,Day-ahead demand forecast,86548,megawatthours
2026-09-09T00,TIDC,Turlock Irrigation District,DF,Day-ahead demand forecast,504,megawatthours
2026-09-09T00,TPWR,"City of Tacoma, Department of Public Utilities, Light Division",DF,Day-ahead demand forecast,519,megawatthours
2026-09-09T00,TVA,Tennessee Valley Authority,DF,Day-ahead demand forecast,28318,megawatthours
2026-09-09T00,US48,United States Lower 48,DF,Day-ahead demand forecast,603663,megawatthours
2026-09-09T00,WALC,Western Area Power Administration - Desert Southwest Region,DF,Day-ahead demand forecast,970,megawatthours
2026-09-08T23,AECI,"Associated Electric Cooperative, Inc.",DF,Day-ahead demand forecast,4689,megawatthours
2026-09-08T23,AVA,Avista Corporation,DF,Day-ahead demand forecast,1380,megawatthours
2026-09-08T23,AZPS,Arizona Public Service Company,DF,Day-ahead demand forecast,7756,megawatthours
2026-09-08T23,BANC,Balancing Authority of Northern California,DF,Day-ahead demand forecast,3027,megawatthours
2026-09-08T23,BHBA,Black Hills Energy,DF,Day-ahead demand forecast,981,megawatthours
2026-09-08T23,BPAT,Bonneville Power Administration,DF,Day-ahead demand forecast,7342,megawatthours
2026-09-08T23,CAL,California,DF,Day-ahead demand forecast,45652,megawatthours
2026-09-08T23,CAR,Carolinas,DF,Day-ahead demand forecast,34479,megawatthours
2026-09-08T23,CHPD,Public Utility District No. 1 of Chelan County,DF,Day-ahead demand forecast,202,megawatthours
2026-09-08T23,CISO,California Independent System Operator,DF,Day-ahead demand forecast,36422,megawatthours
2026-09-08T23,CPLE,Duke Energy Progress East,DF,Day-ahead demand forecast,9439,megawatthours
2026-09-08T23,CPLW,Duke Energy Progress West,DF,Day-ahead demand forecast,612,megawatthours
2026-09-08T23,DOPD,PUD No. 1 of Douglas County,DF,Day-ahead demand forecast,291,megawatthours
2026-09-08T23,DUK,Duke Energy Carolinas,DF,Day-ahead demand forecast,16615,megawatthours
2026-09-08T23,EPE,El Paso Electric Company,DF,Day-ahead demand forecast,2059,megawatthours
2026-09-08T23,ERCO,"Electric Reliability Council of Texas, Inc.",DF,Day-ahead demand forecast,88211,megawatthours
2026-09-08T23,FLA,Florida,DF,Day-ahead demand forecast,40494,megawatthours
2026-09-08T23,FMPP,Florida Municipal Power Pool,DF,Day-ahead demand forecast,3040,megawatthours
2026-09-08T23,FPC,"Duke Energy Florida, Inc.",DF,Day-ahead demand forecast,7219,megawatthours
2026-09-08T23,FPL,Florida Power & Light Co.,DF,Day-ahead demand forecast,22921,megawatthours
2026-09-08T23,GCPD,"Public Utility District No. 2 of Grant County, Washington",DF,Day-ahead demand forecast,752,megawatthours
2026-09-08T23,GVL,Gainesville Regional Utilities,DF,Day-ahead demand forecast,337,megawatthours
2026-09-08T23,HST,City of Homestead,DF,Day-ahead demand forecast,113,megawatthours
2026-09-08T23,IID,Imperial Irrigation District,DF,Day-ahead demand forecast,868,megawatthours
2026-09-08T23,IPCO,Idaho Power Company,DF,Day-ahead demand forecast,2218,megawatthours
2026-09-08T23,JEA,JEA,DF,Day-ahead demand forecast,2326,megawatthours
2026-09-08T23,LDWP,Los Angeles Department of Water and Power,DF,Day-ahead demand forecast,4852,megawatthours
2026-09-08T23,LGEE,LG&E and KU Services Company as agent for Louisville Gas and Electric Company and Kentucky Utilities Company,DF,Day-ahead demand forecast,5919,megawatthours
2026-09-08T23,MIDA,Mid-Atlantic,DF,Day-ahead demand forecast,123534,megawatthours
2026-09-08T23,MIDW,Midwest,DF,Day-ahead demand forecast,119520,megawatthours
2026-09-08T23,MISO,"Midcontinent Independent System Operator, Inc.",DF,Day-ahead demand forecast,108912,megawatthours
2026-09-08T23,NEVP,Nevada Power Company,DF,Day-ahead demand forecast,6455,megawatthours
2026-09-08T23,NW,Northwest,DF,Day-ahead demand forecast,47979,megawatthours
2026-09-08T23,NWMT,NorthWestern Corporation,DF,Day-ahead demand forecast,1328,megawatthours
2026-09-08T23,NY,New York,DF,Day-ahead demand forecast,21181,megawatthours
2026-09-08T23,NYIS,New York Independent System Operator,DF,Day-ahead demand forecast,21181,megawatthours
2026-09-08T23,PACE,PacifiCorp East,DF,Day-ahead demand forecast,7464,megawatthours
2026-09-08T23,PACW,PacifiCorp West,DF,Day-ahead demand forecast,2632,megawatthours
2026-09-08T23,PGE,Portland General Electric Company,DF,Day-ahead demand forecast,2858,megawatthours
2026-09-08T23,PJM,"PJM Interconnection, LLC",DF,Day-ahead demand forecast,123534,megawatthours
2026-09-08T23,PNM,Public Service Company of New Mexico,DF,Day-ahead demand forecast,2443,megawatthours
2026-09-08T23,PSCO,Public Service Company of Colorado,DF,Day-ahead demand forecast,5603,megawatthours
2026-09-08T23,PSEI,"Puget Sound Energy, Inc.",DF,Day-ahead demand forecast,2268,megawatthours
2026-09-08T23,SC,South Carolina Public Service Authority,DF,Day-ahead demand forecast,4210,megawatthours
2026-09-08T23,SCEG,"Dominion Energy South Carolina, Inc.",DF,Day-ahead demand forecast,3603,megawatthours
2026-09-08T23,SCL,Seattle City Light,DF,Day-ahead demand forecast,1062,megawatthours
2026-09-08T23,SE,Southeast,DF,Day-ahead demand forecast,38905,megawatthours
2026-09-08T23,SEC,Seminole Electric Cooperative,DF,Day-ahead demand forecast,355,megawatthours
2026-09-08T23,SOCO,"Southern Company Services, Inc. - Trans",DF,Day-ahead demand forecast,38905,megawatthours
2026-09-08T23,SRP,Salt River Project Agricultural Improvement and Power District,DF,Day-ahead demand forecast,7706,megawatthours
2026-09-08T23,SW,Southwest,DF,Day-ahead demand forecast,23729,megawatthours
2026-09-08T23,SWPW,Southwest Power Pool West Balancing Authority Area,DF,Day-ahead demand forecast,4633,megawatthours
2026-09-08T23,TAL,City of Tallahassee,DF,Day-ahead demand forecast,534,megawatthours
2026-09-08T23,TEC,Tampa Electric Company,DF,Day-ahead demand forecast,3649,megawatthours
2026-09-08T23,TEN,Tennessee,DF,Day-ahead demand forecast,29350,megawatthours
2026-09-08T23,TEPC,Tucson Electric Power,DF,Day-ahead demand forecast,2624,megawatthours
2026-09-08T23,TEX,Texas,DF,Day-ahead demand forecast,88211,megawatthours
2026-09-08T23,TIDC,Turlock Irrigation District,DF,Day-ahead demand forecast,483,megawatthours
2026-09-08T23,TPWR,"City of Tacoma, Department of Public Utilities, Light Division",DF,Day-ahead demand forecast,510,megawatthours
2026-09-08T23,TVA,Tennessee Valley Authority,DF,Day-ahead demand forecast,29350,megawatthours
2026-09-08T23,US48,United States Lower 48,DF,Day-ahead demand forecast,613034,megawatthours
2026-09-08T23,WALC,Western Area Power Administration - Desert Southwest Region,DF,Day-ahead demand forecast,1141,megawatthours
2026-09-08T22,AECI,"Associated Electric Cooperative, Inc.",DF,Day-ahead demand forecast,4579,megawatthours
2026-09-08T22,AVA,Avista Corporation,DF,Day-ahead demand forecast,1377,megawatthours
2026-09-08T22,AZPS,Arizona Public Service Company,DF,Day-ahead demand forecast,7634,megawatthours
2026-09-08T22,BANC,Balancing Authority of Northern California,DF,Day-ahead demand forecast,2787,megawatthours
2026-09-08T22,BHBA,Black Hills Energy,DF,Day-ahead demand forecast,976,megawatthours
2026-09-08T22,BPAT,Bonneville Power Administration,DF,Day-ahead demand forecast,7210,megawatthours
2026-09-08T22,CAL,California,DF,Day-ahead demand forecast,42653,megawatthours
2026-09-08T22,CAR,Carolinas,DF,Day-ahead demand forecast,35247,megawatthours
2026-09-08T22,CHPD,Public Utility District No. 1 of Chelan County,DF,Day-ahead demand forecast,199,megawatthours
2026-09-08T22,CISO,California Independent System Operator,DF,Day-ahead demand forecast,33847,megawatthours
2026-09-08T22,CPLE,Duke Energy Progress East,DF,Day-ahead demand forecast,9639,megawatthours
2026-09-08T22,CPLW,Duke Energy Progress West,DF,Day-ahead demand forecast,619,megawatthours
2026-09-08T22,DOPD,PUD No. 1 of Douglas County,DF,Day-ahead demand forecast,288,megawatthours
2026-09-08T22,DUK,Duke Energy Carolinas,DF,Day-ahead demand forecast,17031,megawatthours
2026-09-08T22,EPE,El Paso Electric Company,DF,Day-ahead demand forecast,2019,megawatthours
2026-09-08T22,ERCO,"Electric Reliability Council of Texas, Inc.",DF,Day-ahead demand forecast,88914,megawatthours
2026-09-08T22,FLA,Florida,DF,Day-ahead demand forecast,41847,megawatthours
2026-09-08T22,FMPP,Florida Municipal Power Pool,DF,Day-ahead demand forecast,3173,megawatthours
2026-09-08T22,FPC,"Duke Energy Florida, Inc.",DF,Day-ahead demand forecast,7430,megawatthours
2026-09-08T22,FPL,Florida Power & Light Co.,DF,Day-ahead demand forecast,23739,megawatthours
2026-09-08T22,GCPD,"Public Utility District No. 2 of Grant County, Washington",DF,Day-ahead demand forecast,748,megawatthours
2026-09-08T22,GVL,Gainesville Regional Utilities,DF,Day-ahead demand forecast,347,megawatthours
2026-09-08T22,HST,City of Homestead,DF,Day-ahead demand forecast,115,megawatthours
2026-09-08T22,IID,Imperial Irrigation District,DF,Day-ahead demand forecast,833,megawatthours
2026-09-08T22,IPCO,Idaho Power Company,DF,Day-ahead demand forecast,2200,megawatthours
2026-09-08T22,JEA,JEA,DF,Day-ahead demand forecast,2339,megawatthours
2026-09-08T22,LDWP,Los Angeles Department of Water and Power,DF,Day-ahead demand forecast,4731,megawatthours
2026-09-08T22,LGEE,LG&E and KU Services Company as agent for Louisville Gas and Electric Company and Kentucky Utilities Company,DF,Day-ahead demand forecast,6003,megawatthours
2026-09-08T22,MIDA,Mid-Atlantic,DF,Day-ahead demand forecast,127071,megawatthours
2026-09-08T22,MIDW,Midwest,DF,Day-ahead demand forecast,119930,megawatthours
2026-09-08T22,MISO,"Midcontinent Independent System Operator, Inc.",DF,Day-ahead demand forecast,109348,megawatthours
2026-09-08T22,NEVP,Nevada Power Company,DF,Day-ahead demand forecast,6125,megawatthours
2026-09-08T22,NW,Northwest,DF,Day-ahead demand forecast,46704,megawatthours
2026-09-08T22,NWMT,NorthWestern Corporation,DF,Day-ahead demand forecast,1303,megawatthours
2026-09-08T22,NY,New York,DF,Day-ahead demand forecast,20847,megawatthours
2026-09-08T22,NYIS,New York Independent System Operator,DF,Day-ahead demand forecast,20847,megawatthours
2026-09-08T22,PACE,PacifiCorp East,DF,Day-ahead demand forecast,7256,megawatthours
2026-09-08T22,PACW,PacifiCorp West,DF,Day-ahead demand forecast,2562,megawatthours
2026-09-08T22,PGE,Portland General Electric Company,DF,Day-ahead demand forecast,2762,megawatthours
2026-09-08T22,PJM,"PJM Interconnection, LLC",DF,Day-ahead demand forecast,127071,megawatthours
2026-09-08T22,PNM,Public Service Company of New Mexico,DF,Day-ahead demand forecast,2375,megawatthours
2026-09-08T22,PSCO,Public Service Company of Colorado,DF,Day-ahead demand forecast,5486,megawatthours
2026-09-08T22,PSEI,"Puget Sound Energy, Inc.",DF,Day-ahead demand forecast,2052,megawatthours
2026-09-08T22,SC,South Carolina Public Service Authority,DF,Day-ahead demand forecast,4224,megawatthours
2026-09-08T22,SCEG,"Dominion Energy South Carolina, Inc.",DF,Day-ahead demand forecast,3734,megawatthours
2026-09-08T22,SCL,Seattle City Light,DF,Day-ahead demand forecast,1057,megawatthours
2026-09-08T22,SE,Southeast,DF,Day-ahead demand forecast,39830,megawatthours
2026-09-08T22,SEC,Seminole Electric Cooperative,DF,Day-ahead demand forecast,360,megawatthours
2026-09-08T22,SOCO,"Southern Company Services, Inc. - Trans",DF,Day-ahead demand forecast,39830,megawatthours
2026-09-08T22,SRP,Salt River Project Agricultural Improvement and Power District,DF,Day-ahead demand forecast,7591,megawatthours
2026-09-08T22,SW,Southwest,DF,Day-ahead demand forecast,23041,megawatthours
2026-09-08T22,SWPW,Southwest Power Pool West Balancing Authority Area,DF,Day-ahead demand forecast,4603,megawatthours
2026-09-08T22,TAL,City of Tallahassee,DF,Day-ahead demand forecast,541,megawatthours
2026-09-08T22,TEC,Tampa Electric Company,DF,Day-ahead demand forecast,3803,megawatthours
2026-09-08T22,TEN,Tennessee,DF,Day-ahead demand forecast,30006,megawatthours
2026-09-08T22,TEPC,Tucson Electric Power,DF,Day-ahead demand forecast,2501,megawatthours
2026-09-08T22,TEX,Texas,DF,Day-ahead demand forecast,88914,megawatthours
2026-09-08T22,TIDC,Turlock Irrigation District,DF,Day-ahead demand forecast,455,megawatthours
2026-09-08T22,TPWR,"City of Tacoma, Department of Public Utilities, Light Division",DF,Day-ahead demand forecast,500,megawatthours
2026-09-08T22,TVA,Tennessee Valley Authority,DF,Day-ahead demand forecast,30006,megawatthours
2026-09-08T22,US48,United States Lower 48,DF,Day-ahead demand forecast,616090,megawatthours
2026-09-08T22,WALC,Western Area Power Administration - Desert Southwest Region,DF,Day-ahead demand forecast,921,megawatthours
2026-09-08T21,AECI,"Associated Electric Cooperative, Inc.",DF,Day-ahead demand forecast,4438,megawatthours
2026-09-08T21,AVA,Avista Corporation,DF,Day-ahead demand forecast,1377,megawatthours
2026-09-08T21,AZPS,Arizona Public Service Company,DF,Day-ahead demand forecast,7309,megawatthours
2026-09-08T21,BANC,Balancing Authority of Northern California,DF,Day-ahead demand forecast,2569,megawatthours
2026-09-08T21,BHBA,Black Hills Energy,DF,Day-ahead demand forecast,960,megawatthours
2026-09-08T21,BPAT,Bonneville Power Administration,DF,Day-ahead demand forecast,7124,megawatthours
2026-09-08T21,CAL,California,DF,Day-ahead demand forecast,39857,megawatthours
2026-09-08T21,CAR,Carolinas,DF,Day-ahead demand forecast,35307,megawatthours
2026-09-08T21,CHPD,Public Utility District No. 1 of Chelan County,DF,Day-ahead demand forecast,193,megawatthours
2026-09-08T21,CISO,California Independent System Operator,DF,Day-ahead demand forecast,31550,megawatthours
2026-09-08T21,CPLE,Duke Energy Progress East,DF,Day-ahead demand forecast,9658,megawatthours
2026-09-08T21,CPLW,Duke Energy Progress West,DF,Day-ahead demand forecast,608,megawatthours
2026-09-08T21,DOPD,PUD No. 1 of Douglas County,DF,Day-ahead demand forecast,285,megawatthours
2026-09-08T21,DUK,Duke Energy Carolinas,DF,Day-ahead demand forecast,17040,megawatthours
2026-09-08T21,EPE,El Paso Electric Company,DF,Day-ahead demand forecast,1936,megawatthours
2026-09-08T21,ERCO,"Electric Reliability Council of Texas, Inc.",DF,Day-ahead demand forecast,88495,megawatthours
2026-09-08T21,FLA,Florida,DF,Day-ahead demand forecast,42244,megawatthours
2026-09-08T21,FMPP,Florida Municipal Power Pool,DF,Day-ahead demand forecast,3240,megawatthours
2026-09-08T21,FPC,"Duke Energy Florida, Inc.",DF,Day-ahead demand forecast,7513,megawatthours
2026-09-08T21,FPL,Florida Power & Light Co.,DF,Day-ahead demand forecast,23903,megawatthours
2026-09-08T21,GCPD,"Public Utility District No. 2 of Grant County, Washington",DF,Day-ahead demand forecast,746,megawatthours
2026-09-08T21,GVL,Gainesville Regional Utilities,DF,Day-ahead demand forecast,350,megawatthours
2026-09-08T21,HST,City of Homestead,DF,Day-ahead demand forecast,116,megawatthours
2026-09-08T21,IID,Imperial Irrigation District,DF,Day-ahead demand forecast,798,megawatthours
2026-09-08T21,IPCO,Idaho Power Company,DF,Day-ahead demand forecast,2184,megawatthours
2026-09-08T21,JEA,JEA,DF,Day-ahead demand forecast,2360,megawatthours
2026-09-08T21,LDWP,Los Angeles Department of Water and Power,DF,Day-ahead demand forecast,4515,megawatthours
2026-09-08T21,LGEE,LG&E and KU Services Company as agent for Louisville Gas and Electric Company and Kentucky Utilities Company,DF,Day-ahead demand forecast,5997,megawatthours
2026-09-08T21,MIDA,Mid-Atlantic,DF,Day-ahead demand forecast,128377,megawatthours
2026-09-08T21,MIDW,Midwest,DF,Day-ahead demand forecast,118845,megawatthours
2026-09-08T21,MISO,"Midcontinent Independent System Operator, Inc.",DF,Day-ahead demand forecast,108410,megawatthours
2026-09-08T21,NEVP,Nevada Power Company,DF,Day-ahead demand forecast,5778,megawatthours
2026-09-08T21,NW,Northwest,DF,Day-ahead demand forecast,45520,megawatthours
2026-09-08T21,NWMT,NorthWestern Corporation,DF,Day-ahead demand forecast,1286,megawatthours
2026-09-08T21,NY,New York,DF,Day-ahead demand forecast,20006,megawatthours
2026-09-08T21,NYIS,New York Independent System Operator,DF,Day-ahead demand forecast,20006,megawatthours
2026-09-08T21,PACE,PacifiCorp East,DF,Day-ahead demand forecast,7015,megawatthours
2026-09-08T21,PACW,PacifiCorp West,DF,Day-ahead demand forecast,2496,megawatthours
2026-09-08T21,PGE,Portland General Electric Company,DF,Day-ahead demand forecast,2690,megawatthours
2026-09-08T21,PJM,"PJM Interconnection, LLC",DF,Day-ahead demand forecast,128377,megawatthours
2026-09-08T21,PNM,Public Service Company of New Mexico,DF,Day-ahead demand forecast,2273,megawatthours
2026-09-08T21,PSCO,Public Service Company of Colorado,DF,Day-ahead demand forecast,5294,megawatthours
2026-09-08T21,PSEI,"Puget Sound Energy, Inc.",DF,Day-ahead demand forecast,2008,megawatthours
2026-09-08T21,SC,South Carolina Public Service Authority,DF,Day-ahead demand forecast,4228,megawatthours
2026-09-08T21,SCEG,"Dominion Energy South Carolina, Inc.",DF,Day-ahead demand forecast,3773,megawatthours
2026-09-08T21,SCL,Seattle City Light,DF,Day-ahead demand forecast,1052,megawatthours
2026-09-08T21,SE,Southeast,DF,Day-ahead demand forecast,39731,megawatthours
2026-09-08T21,SEC,Seminole Electric Cooperative,DF,Day-ahead demand forecast,358,megawatthours
2026-09-08T21,SOCO,"Southern Company Services, Inc. - Trans",DF,Day-ahead demand forecast,39731,megawatthours
2026-09-08T21,SRP,Salt River Project Agricultural Improvement and Power District,DF,Day-ahead demand forecast,7337,megawatthours
2026-09-08T21,SW,Southwest,DF,Day-ahead demand forecast,21995,megawatthours
2026-09-08T21,SWPW,Southwest Power Pool West Balancing Authority Area,DF,Day-ahead demand forecast,4538,megawatthours
2026-09-08T21,TAL,City of Tallahassee,DF,Day-ahead demand forecast,533,megawatthours
2026-09-08T21,TEC,Tampa Electric Company,DF,Day-ahead demand forecast,3871,megawatthours
2026-09-08T21,TEN,Tennessee,DF,Day-ahead demand forecast,29947,megawatthours
2026-09-08T21,TEPC,Tucson Electric Power,DF,Day-ahead demand forecast,2351,megawatthours
2026-09-08T21,TEX,Texas,DF,Day-ahead demand forecast,88495,megawatthours
2026-09-08T21,TIDC,Turlock Irrigation District,DF,Day-ahead demand forecast,425,megawatthours
2026-09-08T21,TPWR,"City of Tacoma, Department of Public Utilities, Light Division",DF,Day-ahead demand forecast,494,megawatthours
2026-09-08T21,TVA,Tennessee Valley Authority,DF,Day-ahead demand forecast,29947,megawatthours
2026-09-08T21,US48,United States Lower 48,DF,Day-ahead demand forecast,610324,megawatthours
2026-09-08T21,WALC,Western Area Power Administration - Desert Southwest Region,DF,Day-ahead demand forecast,789,megawatthours
2026-09-08T20,AECI,"Associated Electric Cooperative, Inc.",DF,Day-ahead demand forecast,4252,megawatthours
2026-09-08T20,AVA,Avista Corporation,DF,Day-ahead demand forecast,1377,megawatthours
2026-09-08T20,AZPS,Arizona Public Service Company,DF,Day-ahead demand forecast,6851,megawatthours
2026-09-08T20,BANC,Balancing Authority of Northern California,DF,Day-ahead demand forecast,2377,megawatthours
2026-09-08T20,BHBA,Black Hills Energy,DF,Day-ahead demand forecast,947,megawatthours
2026-09-08T20,BPAT,Bonneville Power Administration,DF,Day-ahead demand forecast,7044,megawatthours
2026-09-08T20,CAL,California,DF,Day-ahead demand forecast,37224,megawatthours
2026-09-08T20,CAR,Carolinas,DF,Day-ahead demand forecast,34593,megawatthours
2026-09-08T20,CHPD,Public Utility District No. 1 of Chelan County,DF,Day-ahead demand forecast,189,megawatthours
2026-09-08T20,CISO,California Independent System Operator,DF,Day-ahead demand forecast,29420,megawatthours
2026-09-08T20,CPLE,Duke Energy Progress East,DF,Day-ahead demand forecast,9470,megawatthours
2026-09-08T20,CPLW,Duke Energy Progress West,DF,Day-ahead demand forecast,585,megawatthours
2026-09-08T20,DOPD,PUD No. 1 of Douglas County,DF,Day-ahead demand forecast,281,megawatthours
2026-09-08T20,DUK,Duke Energy Carolinas,DF,Day-ahead demand forecast,16628,megawatthours
2026-09-08T20,EPE,El Paso Electric Company,DF,Day-ahead demand forecast,1831,megawatthours
2026-09-08T20,ERCO,"Electric Reliability Council of Texas, Inc.",DF,Day-ahead demand forecast,87543,megawatthours
2026-09-08T20,FLA,Florida,DF,Day-ahead demand forecast,42624,megawatthours
2026-09-08T20,FMPP,Florida Municipal Power Pool,DF,Day-ahead demand forecast,3280,megawatthours
2026-09-08T20,FPC,"Duke Energy Florida, Inc.",DF,Day-ahead demand forecast,7478,megawatthours
2026-09-08T20,FPL,Florida Power & Light Co.,DF,Day-ahead demand forecast,24372,megawatthours
2026-09-08T20,GCPD,"Public Utility District No. 2 of Grant County, Washington",DF,Day-ahead demand forecast,739,megawatthours
2026-09-08T20,GVL,Gainesville Regional Utilities,DF,Day-ahead demand forecast,341,megawatthours
2026-09-08T20,HST,City of Homestead,DF,Day-ahead demand forecast,112,megawatthours
2026-09-08T20,IID,Imperial Irrigation District,DF,Day-ahead demand forecast,744,megawatthours
2026-09-08T20,IPCO,Idaho Power Company,DF,Day-ahead demand forecast,2159,megawatthours
2026-09-08T20,JEA,JEA,DF,Day-ahead demand forecast,2331,megawatthours
2026-09-08T20,LDWP,Los Angeles Department of Water and Power,DF,Day-ahead demand forecast,4287,megawatthours
2026-09-08T20,LGEE,LG&E and KU Services Company as agent for Louisville Gas and Electric Company and Kentucky Utilities Company,DF,Day-ahead demand forecast,5915,megawatthours
2026-09-08T20,MIDA,Mid-Atlantic,DF,Day-ahead demand forecast,126505,megawatthours
2026-09-08T20,MIDW,Midwest,DF,Day-ahead demand forecast,116826,megawatthours
2026-09-08T20,MISO,"Midcontinent Independent System Operator, Inc.",DF,Day-ahead demand forecast,106659,megawatthours
2026-09-08T20,NEVP,Nevada Power Company,DF,Day-ahead demand forecast,5446,megawatthours
2026-09-08T20,NW,Northwest,DF,Day-ahead demand forecast,44180,megawatthours
2026-09-08T20,NWMT,NorthWestern Corporation,DF,Day-ahead demand forecast,1283,megawatthours
2026-09-08T20,NY,New York,DF,Day-ahead demand forecast,19165,megawatthours
2026-09-08T20,NYIS,New York Independent System Operator,DF,Day-ahead demand forecast,19165,megawatthours
2026-09-08T20,PACE,PacifiCorp East,DF,Day-ahead demand forecast,6759,megawatthours
2026-09-08T20,PACW,PacifiCorp West,DF,Day-ahead demand forecast,2429,megawatthours
2026-09-08T20,PGE,Portland General Electric Company,DF,Day-ahead demand forecast,2603,megawatthours
2026-09-08T20,PJM,"PJM Interconnection, LLC",DF,Day-ahead demand forecast,126505,megawatthours
2026-09-08T20,PNM,Public Service Company of New Mexico,DF,Day-ahead demand forecast,2145,megawatthours
2026-09-08T20,PSCO,Public Service Company of Colorado,DF,Day-ahead demand forecast,5029,megawatthours
2026-09-08T20,PSEI,"Puget Sound Energy, Inc.",DF,Day-ahead demand forecast,1919,megawatthours
2026-09-08T20,SC,South Carolina Public Service Authority,DF,Day-ahead demand forecast,4187,megawatthours
2026-09-08T20,SCEG,"Dominion Energy South Carolina, Inc.",DF,Day-ahead demand forecast,3723,megawatthours
2026-09-08T20,SCL,Seattle City Light,DF,Day-ahead demand forecast,1040,megawatthours
2026-09-08T20,SE,Southeast,DF,Day-ahead demand forecast,39234,megawatthours
2026-09-08T20,SEC,Seminole Electric Cooperative,DF,Day-ahead demand forecast,353,megawatthours
2026-09-08T20,SOCO,"Southern Company Services, Inc. - Trans",DF,Day-ahead demand forecast,39234,megawatthours
2026-09-08T20,SRP,Salt River Project Agricultural Improvement and Power District,DF,Day-ahead demand forecast,6934,megawatthours
2026-09-08T20,SW,Southwest,DF,Day-ahead demand forecast,20724,megawatthours
2026-09-08T20,SWPW,Southwest Power Pool West Balancing Authority Area,DF,Day-ahead demand forecast,4453,megawatthours
2026-09-08T20,TAL,City of Tallahassee,DF,Day-ahead demand forecast,517,megawatthours
2026-09-08T20,TEC,Tampa Electric Company,DF,Day-ahead demand forecast,3840,megawatthours
2026-09-08T20,TEN,Tennessee,DF,Day-ahead demand forecast,29474,megawatthours
2026-09-08T20,TEPC,Tucson Electric Power,DF,Day-ahead demand forecast,2181,megawatthours
2026-09-08T20,TEX,Texas,DF,Day-ahead demand forecast,87543,megawatthours
2026-09-08T20,TIDC,Turlock Irrigation District,DF,Day-ahead demand forecast,396,megawatthours
2026-09-08T20,TPWR,"City of Tacoma, Department of Public Utilities, Light Division",DF,Day-ahead demand forecast,483,megawatthours
2026-09-08T20,TVA,Tennessee Valley Authority,DF,Day-ahead demand forecast,29474,megawatthours
2026-09-08T20,US48,United States Lower 48,DF,Day-ahead demand forecast,598092,megawatthours
2026-09-08T20,WALC,Western Area Power Administration - Desert Southwest Region,DF,Day-ahead demand forecast,782,megawatthours
2026-09-08T19,AECI,"Associated Electric Cooperative, Inc.",DF,Day-ahead demand forecast,4010,megawatthours
2026-09-08T19,AVA,Avista Corporation,DF,Day-ahead demand forecast,1363,megawatthours
2026-09-08T19,AZPS,Arizona Public Service Company,DF,Day-ahead demand forecast,6305,megawatthours
2026-09-08T19,BANC,Balancing Authority of Northern California,DF,Day-ahead demand forecast,2214,megawatthours
2026-09-08T19,BHBA,Black Hills Energy,DF,Day-ahead demand forecast,926,megawatthours
2026-09-08T19,BPAT,Bonneville Power Administration,DF,Day-ahead demand forecast,6945,megawatthours
2026-09-08T19,CAL,California,DF,Day-ahead demand forecast,35466,megawatthours
2026-09-08T19,CAR,Carolinas,DF,Day-ahead demand forecast,33365,megawatthours
2026-09-08T19,CHPD,Public Utility District No. 1 of Chelan County,DF,Day-ahead demand forecast,189,megawatthours
2026-09-08T19,CISO,California Independent System Operator,DF,Day-ahead demand forecast,28180,megawatthours
2026-09-08T19,CPLE,Duke Energy Progress East,DF,Day-ahead demand forecast,9134,megawatthours
2026-09-08T19,CPLW,Duke Energy Progress West,DF,Day-ahead demand forecast,562,megawatthours
2026-09-08T19,DOPD,PUD No. 1 of Douglas County,DF,Day-ahead demand forecast,276,megawatthours
2026-09-08T19,DUK,Duke Energy Carolinas,DF,Day-ahead demand forecast,15985,megawatthours
2026-09-08T19,EPE,El Paso Electric Company,DF,Day-ahead demand forecast,1697,megawatthours
2026-09-08T19,ERCO,"Electric Reliability Council of Texas, Inc.",DF,Day-ahead demand forecast,85133,megawatthours
2026-09-08T19,FLA,Florida,DF,Day-ahead demand forecast,42441,megawatthours
2026-09-08T19,FMPP,Florida Municipal Power Pool,DF,Day-ahead demand forecast,3265,megawatthours
2026-09-08T19,FPC,"Duke Energy Florida, Inc.",DF,Day-ahead demand forecast,7329,megawatthours
2026-09-08T19,FPL,Florida Power & Light Co.,DF,Day-ahead demand forecast,24455,megawatthours
2026-09-08T19,GCPD,"Public Utility District No. 2 of Grant County, Washington",DF,Day-ahead demand forecast,729,megawatthours
2026-09-08T19,GVL,Gainesville Regional Utilities,DF,Day-ahead demand forecast,344,megawatthours
2026-09-08T19,HST,City of Homestead,DF,Day-ahead demand forecast,110,megawatthours
2026-09-08T19,IID,Imperial Irrigation District,DF,Day-ahead demand forecast,684,megawatthours
2026-09-08T19,IPCO,Idaho Power Company,DF,Day-ahead demand forecast,2150,megawatthours
2026-09-08T19,JEA,JEA,DF,Day-ahead demand forecast,2321,megawatthours
2026-09-08T19,LDWP,Los Angeles Department of Water and Power,DF,Day-ahead demand forecast,4016,megawatthours
2026-09-08T19,LGEE,LG&E and KU Services Company as agent for Louisville Gas and Electric Company and Kentucky Utilities Company,DF,Day-ahead demand forecast,5767,megawatthours
2026-09-08T19,MIDA,Mid-Atlantic,DF,Day-ahead demand forecast,122923,megawatthours
2026-09-08T19,MIDW,Midwest,DF,Day-ahead demand forecast,114001,megawatthours
2026-09-08T19,MISO,"Midcontinent Independent System Operator, Inc.",DF,Day-ahead demand forecast,104224,megawatthours
2026-09-08T19,NEVP,Nevada Power Company,DF,Day-ahead demand forecast,5157,megawatthours
2026-09-08T19,NW,Northwest,DF,Day-ahead demand forecast,42874,megawatthours
2026-09-08T19,NWMT,NorthWestern Corporation,DF,Day-ahead demand forecast,1272,megawatthours
2026-09-08T19,NY,New York,DF,Day-ahead demand forecast,18456,megawatthours
2026-09-08T19,NYIS,New York Independent System Operator,DF,Day-ahead demand forecast,18456,megawatthours
2026-09-08T19,PACE,PacifiCorp East,DF,Day-ahead demand forecast,6502,megawatthours
2026-09-08T19,PACW,PacifiCorp West,DF,Day-ahead demand forecast,2375,megawatthours
2026-09-08T19,PGE,Portland General Electric Company,DF,Day-ahead demand forecast,2538,megawatthours
2026-09-08T19,PJM,"PJM Interconnection, LLC",DF,Day-ahead demand forecast,122923,megawatthours
2026-09-08T19,PNM,Public Service Company of New Mexico,DF,Day-ahead demand forecast,2010,megawatthours
2026-09-08T19,PSCO,Public Service Company of Colorado,DF,Day-ahead demand forecast,4704,megawatthours
2026-09-08T19,PSEI,"Puget Sound Energy, Inc.",DF,Day-ahead demand forecast,1975,megawatthours
2026-09-08T19,SC,South Carolina Public Service Authority,DF,Day-ahead demand forecast,4072,megawatthours
2026-09-08T19,SCEG,"Dominion Energy South Carolina, Inc.",DF,Day-ahead demand forecast,3612,megawatthours
2026-09-08T19,SCL,Seattle City Light,DF,Day-ahead demand forecast,1027,megawatthours
2026-09-08T19,SE,Southeast,DF,Day-ahead demand forecast,38240,megawatthours
2026-09-08T19,SEC,Seminole Electric Cooperative,DF,Day-ahead demand forecast,353,megawatthours
2026-09-08T19,SOCO,"Southern Company Services, Inc. - Trans",DF,Day-ahead demand forecast,38240,megawatthours
2026-09-08T19,SRP,Salt River Project Agricultural Improvement and Power District,DF,Day-ahead demand forecast,6464,megawatthours
2026-09-08T19,SW,Southwest,DF,Day-ahead demand forecast,19411,megawatthours
2026-09-08T19,SWPW,Southwest Power Pool West Balancing Authority Area,DF,Day-ahead demand forecast,4272,megawatthours
2026-09-08T19,TAL,City of Tallahassee,DF,Day-ahead demand forecast,496,megawatthours
2026-09-08T19,TEC,Tampa Electric Company,DF,Day-ahead demand forecast,3768,megawatthours
2026-09-08T19,TEN,Tennessee,DF,Day-ahead demand forecast,28582,megawatthours
2026-09-08T19,TEPC,Tucson Electric Power,DF,Day-ahead demand forecast,2068,megawatthours
2026-09-08T19,TEX,Texas,DF,Day-ahead demand forecast,85133,megawatthours
2026-09-08T19,TIDC,Turlock Irrigation District,DF,Day-ahead demand forecast,372,megawatthours
2026-09-08T19,TPWR,"City of Tacoma, Department of Public Utilities, Light Division",DF,Day-ahead demand forecast,474,megawatthours
2026-09-08T19,TVA,Tennessee Valley Authority,DF,Day-ahead demand forecast,28582,megawatthours
2026-09-08T19,US48,United States Lower 48,DF,Day-ahead demand forecast,580892,megawatthours
2026-09-08T19,WALC,Western Area Power Administration - Desert Southwest Region,DF,Day-ahead demand forecast,867,megawatthours
2026-09-08T18,AECI,"Associated Electric Cooperative, Inc.",DF,Day-ahead demand forecast,3703,megawatthours
2026-09-08T18,AVA,Avista Corporation,DF,Day-ahead demand forecast,1354,megawatthours
2026-09-08T18,AZPS,Arizona Public Service Company,DF,Day-ahead demand forecast,5932,megawatthours
2026-09-08T18,BANC,Balancing Authority of Northern California,DF,Day-ahead demand forecast,2088,megawatthours
2026-09-08T18,BHBA,Black Hills Energy,DF,Day-ahead demand forecast,900,megawatthours
2026-09-08T18,BPAT,Bonneville Power Administration,DF,Day-ahead demand forecast,6901,megawatthours
2026-09-08T18,CAL,California,DF,Day-ahead demand forecast,34352,megawatthours
2026-09-08T18,CAR,Carolinas,DF,Day-ahead demand forecast,31870,megawatthours
2026-09-08T18,CHPD,Public Utility District No. 1 of Chelan County,DF,Day-ahead demand forecast,190,megawatthours
2026-09-08T18,CISO,California Independent System Operator,DF,Day-ahead demand forecast,27536,megawatthours
2026-09-08T18,CPLE,Duke Energy Progress East,DF,Day-ahead demand forecast,8700,megawatthours
2026-09-08T18,CPLW,Duke Energy Progress West,DF,Day-ahead demand forecast,539,megawatthours
2026-09-08T18,DOPD,PUD No. 1 of Douglas County,DF,Day-ahead demand forecast,271,megawatthours
2026-09-08T18,DUK,Duke Energy Carolinas,DF,Day-ahead demand forecast,15162,megawatthours
2026-09-08T18,EPE,El Paso Electric Company,DF,Day-ahead demand forecast,1566,megawatthours
2026-09-08T18,ERCO,"Electric Reliability Council of Texas, Inc.",DF,Day-ahead demand forecast,81508,megawatthours
2026-09-08T18,FLA,Florida,DF,Day-ahead demand forecast,41865,megawatthours
2026-09-08T18,FMPP,Florida Municipal Power Pool,DF,Day-ahead demand forecast,3205,megawatthours
2026-09-08T18,FPC,"Duke Energy Florida, Inc.",DF,Day-ahead demand forecast,7056,megawatthours
2026-09-08T18,FPL,Florida Power & Light Co.,DF,Day-ahead demand forecast,24456,megawatthours
2026-09-08T18,GCPD,"Public Utility District No. 2 of Grant County, Washington",DF,Day-ahead demand forecast,720,megawatthours
2026-09-08T18,GVL,Gainesville Regional Utilities,DF,Day-ahead demand forecast,331,megawatthours
2026-09-08T18,HST,City of Homestead,DF,Day-ahead demand forecast,103,megawatthours
2026-09-08T18,IID,Imperial Irrigation District,DF,Day-ahead demand forecast,628,megawatthours
2026-09-08T18,IPCO,Idaho Power Company,DF,Day-ahead demand forecast,2137,megawatthours
2026-09-08T18,JEA,JEA,DF,Day-ahead demand forecast,2292,megawatthours
2026-09-08T18,LDWP,Los Angeles Department of Water and Power,DF,Day-ahead demand forecast,3744,megawatthours
2026-09-08T18,LGEE,LG&E and KU Services Company as agent for Louisville Gas and Electric Company and Kentucky Utilities Company,DF,Day-ahead demand forecast,5555,megawatthours
2026-09-08T18,MIDA,Mid-Atlantic,DF,Day-ahead demand forecast,118890,megawatthours
2026-09-08T18,MIDW,Midwest,DF,Day-ahead demand forecast,109938,megawatthours
2026-09-08T18,MISO,"Midcontinent Independent System Operator, Inc.",DF,Day-ahead demand forecast,100680,megawatthours
2026-09-08T18,NEVP,Nevada Power Company,DF,Day-ahead demand forecast,4771,megawatthours
2026-09-08T18,NW,Northwest,DF,Day-ahead demand forecast,41737,megawatthours
2026-09-08T18,NWMT,NorthWestern Corporation,DF,Day-ahead demand forecast,1263,megawatthours
2026-09-08T18,NY,New York,DF,Day-ahead demand forecast,17775,megawatthours
2026-09-08T18,NYIS,New York Independent System Operator,DF,Day-ahead demand forecast,17775,megawatthours
2026-09-08T18,PACE,PacifiCorp East,DF,Day-ahead demand forecast,6280,megawatthours
2026-09-08T18,PACW,PacifiCorp West,DF,Day-ahead demand forecast,2340,megawatthours
2026-09-08T18,PGE,Portland General Electric Company,DF,Day-ahead demand forecast,2518,megawatthours
2026-09-08T18,PJM,"PJM Interconnection, LLC",DF,Day-ahead demand forecast,118890,megawatthours
2026-09-08T18,PNM,Public Service Company of New Mexico,DF,Day-ahead demand forecast,1890,megawatthours
2026-09-08T18,PSCO,Public Service Company of Colorado,DF,Day-ahead demand forecast,4491,megawatthours
2026-09-08T18,PSEI,"Puget Sound Energy, Inc.",DF,Day-ahead demand forecast,1991,megawatthours
2026-09-08T18,SC,South Carolina Public Service Authority,DF,Day-ahead demand forecast,3964,megawatthours
2026-09-08T18,SCEG,"Dominion Energy South Carolina, Inc.",DF,Day-ahead demand forecast,3505,megawatthours
2026-09-08T18,SCL,Seattle City Light,DF,Day-ahead demand forecast,1018,megawatthours
2026-09-08T18,SE,Southeast,DF,Day-ahead demand forecast,37048,megawatthours
2026-09-08T18,SEC,Seminole Electric Cooperative,DF,Day-ahead demand forecast,341,megawatthours
2026-09-08T18,SOCO,"Southern Company Services, Inc. - Trans",DF,Day-ahead demand forecast,37048,megawatthours
2026-09-08T18,SRP,Salt River Project Agricultural Improvement and Power District,DF,Day-ahead demand forecast,5993,megawatthours
2026-09-08T18,SW,Southwest,DF,Day-ahead demand forecast,18298,megawatthours
2026-09-08T18,SWPW,Southwest Power Pool West Balancing Authority Area,DF,Day-ahead demand forecast,4129,megawatthours
2026-09-08T18,TAL,City of Tallahassee,DF,Day-ahead demand forecast,471,megawatthours
2026-09-08T18,TEC,Tampa Electric Company,DF,Day-ahead demand forecast,3610,megawatthours
2026-09-08T18,TEN,Tennessee,DF,Day-ahead demand forecast,27511,megawatthours
2026-09-08T18,TEPC,Tucson Electric Power,DF,Day-ahead demand forecast,1969,megawatthours
2026-09-08T18,TEX,Texas,DF,Day-ahead demand forecast,81508,megawatthours
2026-09-08T18,TIDC,Turlock Irrigation District,DF,Day-ahead demand forecast,356,megawatthours
2026-09-08T18,TPWR,"City of Tacoma, Department of Public Utilities, Light Division",DF,Day-ahead demand forecast,463,megawatthours
2026-09-08T18,TVA,Tennessee Valley Authority,DF,Day-ahead demand forecast,27511,megawatthours
2026-09-08T18,US48,United States Lower 48,DF,Day-ahead demand forecast,560792,megawatthours
2026-09-08T18,WALC,Western Area Power Administration - Desert Southwest Region,DF,Day-ahead demand forecast,948,megawatthours
2026-09-08T17,AECI,"Associated Electric Cooperative, Inc.",DF,Day-ahead demand forecast,3353,megawatthours
2026-09-08T17,AVA,Avista Corporation,DF,Day-ahead demand forecast,1346,megawatthours
2026-09-08T17,AZPS,Arizona Public Service Company,DF,Day-ahead demand forecast,5626,megawatthours
2026-09-08T17,BANC,Balancing Authority of Northern California,DF,Day-ahead demand forecast,2002,megawatthours
2026-09-08T17,BHBA,Black Hills Energy,DF,Day-ahead demand forecast,877,megawatthours
2026-09-08T17,BPAT,Bonneville Power Administration,DF,Day-ahead demand forecast,6863,megawatthours
2026-09-08T17,CAL,California,DF,Day-ahead demand forecast,33843,megawatthours
2026-09-08T17,CAR,Carolinas,DF,Day-ahead demand forecast,30064,megawatthours
2026-09-08T17,CHPD,Public Utility District No. 1 of Chelan County,DF,Day-ahead demand forecast,190,megawatthours
2026-09-08T17,CISO,California Independent System Operator,DF,Day-ahead demand forecast,27441,megawatthours
2026-09-08T17,CPLE,Duke Energy Progress East,DF,Day-ahead demand forecast,8171,megawatthours
2026-09-08T17,CPLW,Duke Energy Progress West,DF,Day-ahead demand forecast,516,megawatthours
2026-09-08T17,DOPD,PUD No. 1 of Douglas County,DF,Day-ahead demand forecast,268,megawatthours
2026-09-08T17,DUK,Duke Energy Carolinas,DF,Day-ahead demand forecast,14240,megawatthours
2026-09-08T17,EPE,El Paso Electric Company,DF,Day-ahead demand forecast,1427,megawatthours
2026-09-08T17,ERCO,"Electric Reliability Council of Texas, Inc.",DF,Day-ahead demand forecast,77454,megawatthours
2026-09-08T17,FLA,Florida,DF,Day-ahead demand forecast,40302,megawatthours
2026-09-08T17,FMPP,Florida Municipal Power Pool,DF,Day-ahead demand forecast,3090,megawatthours
2026-09-08T17,FPC,"Duke Energy Florida, Inc.",DF,Day-ahead demand forecast,6648,megawatthours
2026-09-08T17,FPL,Florida Power & Light Co.,DF,Day-ahead demand forecast,23725,megawatthours
2026-09-08T17,GCPD,"Public Utility District No. 2 of Grant County, Washington",DF,Day-ahead demand forecast,712,megawatthours
2026-09-08T17,GVL,Gainesville Regional Utilities,DF,Day-ahead demand forecast,310,megawatthours
2026-09-08T17,HST,City of Homestead,DF,Day-ahead demand forecast,99,megawatthours
2026-09-08T17,IID,Imperial Irrigation District,DF,Day-ahead demand forecast,570,megawatthours
2026-09-08T17,IPCO,Idaho Power Company,DF,Day-ahead demand forecast,2112,megawatthours
2026-09-08T17,JEA,JEA,DF,Day-ahead demand forecast,2223,megawatthours
2026-09-08T17,LDWP,Los Angeles Department of Water and Power,DF,Day-ahead demand forecast,3483,megawatthours
2026-09-08T17,LGEE,LG&E and KU Services Company as agent for Louisville Gas and Electric Company and Kentucky Utilities Company,DF,Day-ahead demand forecast,5278,megawatthours
2026-09-08T17,MIDA,Mid-Atlantic,DF,Day-ahead demand forecast,113998,megawatthours
2026-09-08T17,MIDW,Midwest,DF,Day-ahead demand forecast,104967,megawatthours
2026-09-08T17,MISO,"Midcontinent Independent System Operator, Inc.",DF,Day-ahead demand forecast,96336,megawatthours
2026-09-08T17,NEVP,Nevada Power Company,DF,Day-ahead demand forecast,4668,megawatthours
2026-09-08T17,NW,Northwest,DF,Day-ahead demand forecast,40893,megawatthours
2026-09-08T17,NWMT,NorthWestern Corporation,DF,Day-ahead demand forecast,1261,megawatthours
2026-09-08T17,NY,New York,DF,Day-ahead demand forecast,17057,megawatthours
2026-09-08T17,NYIS,New York Independent System Operator,DF,Day-ahead demand forecast,17057,megawatthours
2026-09-08T17,PACE,PacifiCorp East,DF,Day-ahead demand forecast,6122,megawatthours
2026-09-08T17,PACW,PacifiCorp West,DF,Day-ahead demand forecast,2315,megawatthours
2026-09-08T17,PGE,Portland General Electric Company,DF,Day-ahead demand forecast,2513,megawatthours
2026-09-08T17,PJM,"PJM Interconnection, LLC",DF,Day-ahead demand forecast,113998,megawatthours
2026-09-08T17,PNM,Public Service Company of New Mexico,DF,Day-ahead demand forecast,1790,megawatthours
2026-09-08T17,PSCO,Public Service Company of Colorado,DF,Day-ahead demand forecast,4285,megawatthours
2026-09-08T17,PSEI,"Puget Sound Energy, Inc.",DF,Day-ahead demand forecast,1928,megawatthours
2026-09-08T17,SC,South Carolina Public Service Authority,DF,Day-ahead demand forecast,3785,megawatthours
2026-09-08T17,SCEG,"Dominion Energy South Carolina, Inc.",DF,Day-ahead demand forecast,3352,megawatthours
2026-09-08T17,SCL,Seattle City Light,DF,Day-ahead demand forecast,1009,megawatthours
2026-09-08T17,SE,Southeast,DF,Day-ahead demand forecast,35259,megawatthours
2026-09-08T17,SEC,Seminole Electric Cooperative,DF,Day-ahead demand forecast,325,megawatthours
2026-09-08T17,SOCO,"Southern Company Services, Inc. - Trans",DF,Day-ahead demand forecast,35259,megawatthours
2026-09-08T17,SRP,Salt River Project Agricultural Improvement and Power District,DF,Day-ahead demand forecast,5561,megawatthours
2026-09-08T17,SW,Southwest,DF,Day-ahead demand forecast,17147,megawatthours
2026-09-08T17,SWPW,Southwest Power Pool West Balancing Authority Area,DF,Day-ahead demand forecast,3968,megawatthours
2026-09-08T17,TAL,City of Tallahassee,DF,Day-ahead demand forecast,440,megawatthours
2026-09-08T17,TEC,Tampa Electric Company,DF,Day-ahead demand forecast,3442,megawatthours
2026-09-08T17,TEN,Tennessee,DF,Day-ahead demand forecast,26345,megawatthours
2026-09-08T17,TEPC,Tucson Electric Power,DF,Day-ahead demand forecast,1879,megawatthours
2026-09-08T17,TEX,Texas,DF,Day-ahead demand forecast,77454,megawatthours
2026-09-08T17,TIDC,Turlock Irrigation District,DF,Day-ahead demand forecast,347,megawatthours
2026-09-08T17,TPWR,"City of Tacoma, Department of Public Utilities, Light Division",DF,Day-ahead demand forecast,456,megawatthours
2026-09-08T17,TVA,Tennessee Valley Authority,DF,Day-ahead demand forecast,26345,megawatthours
2026-09-08T17,US48,United States Lower 48,DF,Day-ahead demand forecast,537329,megawatthours
2026-09-08T17,WALC,Western Area Power Administration - Desert Southwest Region,DF,Day-ahead demand forecast,864,megawatthours
2026-09-08T16,AECI,"Associated Electric Cooperative, Inc.",DF,Day-ahead demand forecast,2981,megawatthours
2026-09-08T16,AVA,Avista Corporation,DF,Day-ahead demand forecast,1335,megawatthours
2026-09-08T16,AZPS,Arizona Public Service Company,DF,Day-ahead demand forecast,5340,megawatthours
2026-09-08T16,BANC,Balancing Authority of Northern California,DF,Day-ahead demand forecast,1945,megawatthours
2026-09-08T16,BHBA,Black Hills Energy,DF,Day-ahead demand forecast,852,megawatthours
2026-09-08T16,BPAT,Bonneville Power Administration,DF,Day-ahead demand forecast,6803,megawatthours
2026-09-08T16,CAL,California,DF,Day-ahead demand forecast,33590,megawatthours
2026-09-08T16,CAR,Carolinas,DF,Day-ahead demand forecast,28140,megawatthours
2026-09-08T16,CHPD,Public Utility District No. 1 of Chelan County,DF,Day-ahead demand forecast,190,megawatthours
2026-09-08T16,CISO,California Independent System Operator,DF,Day-ahead demand forecast,27558,megawatthours
2026-09-08T16,CPLE,Duke Energy Progress East,DF,Day-ahead demand forecast,7586,megawatthours
2026-09-08T16,CPLW,Duke Energy Progress West,DF,Day-ahead demand forecast,495,megawatthours
2026-09-08T16,DOPD,PUD No. 1 of Douglas County,DF,Day-ahead demand forecast,264,megawatthours
2026-09-08T16,DUK,Duke Energy Carolinas,DF,Day-ahead demand forecast,13310,megawatthours
2026-09-08T16,EPE,El Paso Electric Company,DF,Day-ahead demand forecast,1307,megawatthours
2026-09-08T16,ERCO,"Electric Reliability Council of Texas, Inc.",DF,Day-ahead demand forecast,72912,megawatthours
2026-09-08T16,FLA,Florida,DF,Day-ahead demand forecast,37836,megawatthours
2026-09-08T16,FMPP,Florida Municipal Power Pool,DF,Day-ahead demand forecast,2920,megawatthours
2026-09-08T16,FPC,"Duke Energy Florida, Inc.",DF,Day-ahead demand forecast,6154,megawatthours
2026-09-08T16,FPL,Florida Power & Light Co.,DF,Day-ahead demand forecast,22322,megawatthours
2026-09-08T16,GCPD,"Public Utility District No. 2 of Grant County, Washington",DF,Day-ahead demand forecast,709,megawatthours
2026-09-08T16,GVL,Gainesville Regional Utilities,DF,Day-ahead demand forecast,290,megawatthours
2026-09-08T16,HST,City of Homestead,DF,Day-ahead demand forecast,83,megawatthours
2026-09-08T16,IID,Imperial Irrigation District,DF,Day-ahead demand forecast,519,megawatthours
2026-09-08T16,IPCO,Idaho Power Company,DF,Day-ahead demand forecast,2112,megawatthours
2026-09-08T16,JEA,JEA,DF,Day-ahead demand forecast,2140,megawatthours
2026-09-08T16,LDWP,Los Angeles Department of Water and Power,DF,Day-ahead demand forecast,3227,megawatthours
2026-09-08T16,LGEE,LG&E and KU Services Company as agent for Louisville Gas and Electric Company and Kentucky Utilities Company,DF,Day-ahead demand forecast,4925,megawatthours
2026-09-08T16,MIDA,Mid-Atlantic,DF,Day-ahead demand forecast,108663,megawatthours
2026-09-08T16,MIDW,Midwest,DF,Day-ahead demand forecast,99617,megawatthours
2026-09-08T16,MISO,"Midcontinent Independent System Operator, Inc.",DF,Day-ahead demand forecast,91711,megawatthours
2026-09-08T16,NEVP,Nevada Power Company,DF,Day-ahead demand forecast,4499,megawatthours
2026-09-08T16,NW,Northwest,DF,Day-ahead demand forecast,40265,megawatthours
2026-09-08T16,NWMT,NorthWestern Corporation,DF,Day-ahead demand forecast,1262,megawatthours
2026-09-08T16,NY,New York,DF,Day-ahead demand forecast,16601,megawatthours
2026-09-08T16,NYIS,New York Independent System Operator,DF,Day-ahead demand forecast,16601,megawatthours
2026-09-08T16,PACE,PacifiCorp East,DF,Day-ahead demand forecast,5993,megawatthours
2026-09-08T16,PACW,PacifiCorp West,DF,Day-ahead demand forecast,2299,megawatthours
2026-09-08T16,PGE,Portland General Electric Company,DF,Day-ahead demand forecast,2547,megawatthours
2026-09-08T16,PJM,"PJM Interconnection, LLC",DF,Day-ahead demand forecast,108663,megawatthours
2026-09-08T16,PNM,Public Service Company of New Mexico,DF,Day-ahead demand forecast,1727,megawatthours
2026-09-08T16,PSCO,Public Service Company of Colorado,DF,Day-ahead demand forecast,4190,megawatthours
2026-09-08T16,PSEI,"Puget Sound Energy, Inc.",DF,Day-ahead demand forecast,1971,megawatthours
2026-09-08T16,SC,South Carolina Public Service Authority,DF,Day-ahead demand forecast,3565,megawatthours
2026-09-08T16,SCEG,"Dominion Energy South Carolina, Inc.",DF,Day-ahead demand forecast,3184,megawatthours
2026-09-08T16,SCL,Seattle City Light,DF,Day-ahead demand forecast,993,megawatthours
2026-09-08T16,SE,Southeast,DF,Day-ahead demand forecast,33322,megawatthours
2026-09-08T16,SEC,Seminole Electric Cooperative,DF,Day-ahead demand forecast,298,megawatthours
2026-09-08T16,SOCO,"Southern Company Services, Inc. - Trans",DF,Day-ahead demand forecast,33322,megawatthours
2026-09-08T16,SRP,Salt River Project Agricultural Improvement and Power District,DF,Day-ahead demand forecast,5165,megawatthours
2026-09-08T16,SW,Southwest,DF,Day-ahead demand forecast,16240,megawatthours
2026-09-08T16,SWPW,Southwest Power Pool West Balancing Authority Area,DF,Day-ahead demand forecast,3802,megawatthours
2026-09-08T16,TAL,City of Tallahassee,DF,Day-ahead demand forecast,406,megawatthours
2026-09-08T16,TEC,Tampa Electric Company,DF,Day-ahead demand forecast,3223,megawatthours
2026-09-08T16,TEN,Tennessee,DF,Day-ahead demand forecast,24279,megawatthours
2026-09-08T16,TEPC,Tucson Electric Power,DF,Day-ahead demand forecast,1813,megawatthours
2026-09-08T16,TEX,Texas,DF,Day-ahead demand forecast,72912,megawatthours
2026-09-08T16,TIDC,Turlock Irrigation District,DF,Day-ahead demand forecast,341,megawatthours
2026-09-08T16,TPWR,"City of Tacoma, Department of Public Utilities, Light Division",DF,Day-ahead demand forecast,444,megawatthours
2026-09-08T16,TVA,Tennessee Valley Authority,DF,Day-ahead demand forecast,24279,megawatthours
2026-09-08T16,US48,United States Lower 48,DF,Day-ahead demand forecast,511465,megawatthours
2026-09-08T16,WALC,Western Area Power Administration - Desert Southwest Region,DF,Day-ahead demand forecast,888,megawatthours
2026-09-08T15,AECI,"Associated Electric Cooperative, Inc.",DF,Day-ahead demand forecast,2663,megawatthours
2026-09-08T15,AVA,Avista Corporation,DF,Day-ahead demand forecast,1308,megawatthours
2026-09-08T15,AZPS,Arizona Public Service Company,DF,Day-ahead demand forecast,5199,megawatthours
2026-09-08T15,BANC,Balancing Authority of Northern California,DF,Day-ahead demand forecast,1901,megawatthours
2026-09-08T15,BHBA,Black Hills Energy,DF,Day-ahead demand forecast,817,megawatthours
2026-09-08T15,BPAT,Bonneville Power Administration,DF,Day-ahead demand forecast,6691,megawatthours
2026-09-08T15,CAL,California,DF,Day-ahead demand forecast,33101,megawatthours
2026-09-08T15,CAR,Carolinas,DF,Day-ahead demand forecast,26351,megawatthours
2026-09-08T15,CHPD,Public Utility District No. 1 of Chelan County,DF,Day-ahead demand forecast,187,megawatthours
2026-09-08T15,CISO,California Independent System Operator,DF,Day-ahead demand forecast,27382,megawatthours
2026-09-08T15,CPLE,Duke Energy Progress East,DF,Day-ahead demand forecast,7019,megawatthours
2026-09-08T15,CPLW,Duke Energy Progress West,DF,Day-ahead demand forecast,482,megawatthours
2026-09-08T15,DOPD,PUD No. 1 of Douglas County,DF,Day-ahead demand forecast,259,megawatthours
2026-09-08T15,DUK,Duke Energy Carolinas,DF,Day-ahead demand forecast,12491,megawatthours
2026-09-08T15,EPE,El Paso Electric Company,DF,Day-ahead demand forecast,1221,megawatthours
2026-09-08T15,ERCO,"Electric Reliability Council of Texas, Inc.",DF,Day-ahead demand forecast,68020,megawatthours
2026-09-08T15,FLA,Florida,DF,Day-ahead demand forecast,35126,megawatthours
2026-09-08T15,FMPP,Florida Municipal Power Pool,DF,Day-ahead demand forecast,2740,megawatthours
2026-09-08T15,FPC,"Duke Energy Florida, Inc.",DF,Day-ahead demand forecast,5666,megawatthours
2026-09-08T15,FPL,Florida Power & Light Co.,DF,Day-ahead demand forecast,20725,megawatthours
2026-09-08T15,GCPD,"Public Utility District No. 2 of Grant County, Washington",DF,Day-ahead demand forecast,694,megawatthours
2026-09-08T15,GVL,Gainesville Regional Utilities,DF,Day-ahead demand forecast,266,megawatthours
2026-09-08T15,HST,City of Homestead,DF,Day-ahead demand forecast,75,megawatthours
2026-09-08T15,IID,Imperial Irrigation District,DF,Day-ahead demand forecast,473,megawatthours
2026-09-08T15,IPCO,Idaho Power Company,DF,Day-ahead demand forecast,2162,megawatthours
2026-09-08T15,JEA,JEA,DF,Day-ahead demand forecast,2032,megawatthours
2026-09-08T15,LDWP,Los Angeles Department of Water and Power,DF,Day-ahead demand forecast,3007,megawatthours
2026-09-08T15,LGEE,LG&E and KU Services Company as agent for Louisville Gas and Electric Company and Kentucky Utilities Company,DF,Day-ahead demand forecast,4590,megawatthours
2026-09-08T15,MIDA,Mid-Atlantic,DF,Day-ahead demand forecast,103406,megawatthours
2026-09-08T15,MIDW,Midwest,DF,Day-ahead demand forecast,94516,megawatthours
2026-09-08T15,MISO,"Midcontinent Independent System Operator, Inc.",DF,Day-ahead demand forecast,87263,megawatthours
2026-09-08T15,NEVP,Nevada Power Company,DF,Day-ahead demand forecast,4300,megawatthours
2026-09-08T15,NW,Northwest,DF,Day-ahead demand forecast,39483,megawatthours
2026-09-08T15,NWMT,NorthWestern Corporation,DF,Day-ahead demand forecast,1262,megawatthours
2026-09-08T15,NY,New York,DF,Day-ahead demand forecast,16332,megawatthours
2026-09-08T15,NYIS,New York Independent System Operator,DF,Day-ahead demand forecast,16332,megawatthours
2026-09-08T15,PACE,PacifiCorp East,DF,Day-ahead demand forecast,5877,megawatthours
2026-09-08T15,PACW,PacifiCorp West,DF,Day-ahead demand forecast,2268,megawatthours
2026-09-08T15,PGE,Portland General Electric Company,DF,Day-ahead demand forecast,2556,megawatthours
2026-09-08T15,PJM,"PJM Interconnection, LLC",DF,Day-ahead demand forecast,103406,megawatthours
2026-09-08T15,PNM,Public Service Company of New Mexico,DF,Day-ahead demand forecast,1676,megawatthours
2026-09-08T15,PSCO,Public Service Company of Colorado,DF,Day-ahead demand forecast,4080,megawatthours
2026-09-08T15,PSEI,"Puget Sound Energy, Inc.",DF,Day-ahead demand forecast,1892,megawatthours
2026-09-08T15,SC,South Carolina Public Service Authority,DF,Day-ahead demand forecast,3335,megawatthours
2026-09-08T15,SCEG,"Dominion Energy South Carolina, Inc.",DF,Day-ahead demand forecast,3024,megawatthours
2026-09-08T15,SCL,Seattle City Light,DF,Day-ahead demand forecast,961,megawatthours
2026-09-08T15,SE,Southeast,DF,Day-ahead demand forecast,31285,megawatthours
2026-09-08T15,SEC,Seminole Electric Cooperative,DF,Day-ahead demand forecast,265,megawatthours
2026-09-08T15,SOCO,"Southern Company Services, Inc. - Trans",DF,Day-ahead demand forecast,31285,megawatthours
2026-09-08T15,SRP,Salt River Project Agricultural Improvement and Power District,DF,Day-ahead demand forecast,4843,megawatthours
2026-09-08T15,SW,Southwest,DF,Day-ahead demand forecast,15656,megawatthours
2026-09-08T15,SWPW,Southwest Power Pool West Balancing Authority Area,DF,Day-ahead demand forecast,3737,megawatthours
2026-09-08T15,TAL,City of Tallahassee,DF,Day-ahead demand forecast,372,megawatthours
2026-09-08T15,TEC,Tampa Electric Company,DF,Day-ahead demand forecast,2985,megawatthours
2026-09-08T15,TEN,Tennessee,DF,Day-ahead demand forecast,22119,megawatthours
2026-09-08T15,TEPC,Tucson Electric Power,DF,Day-ahead demand forecast,1789,megawatthours
2026-09-08T15,TEX,Texas,DF,Day-ahead demand forecast,68020,megawatthours
2026-09-08T15,TIDC,Turlock Irrigation District,DF,Day-ahead demand forecast,338,megawatthours
2026-09-08T15,TPWR,"City of Tacoma, Department of Public Utilities, Light Division",DF,Day-ahead demand forecast,432,megawatthours
2026-09-08T15,TVA,Tennessee Valley Authority,DF,Day-ahead demand forecast,22119,megawatthours
2026-09-08T15,US48,United States Lower 48,DF,Day-ahead demand forecast,485395,megawatthours
2026-09-08T15,WALC,Western Area Power Administration - Desert Southwest Region,DF,Day-ahead demand forecast,928,megawatthours
2026-09-08T14,AECI,"Associated Electric Cooperative, Inc.",DF,Day-ahead demand forecast,2433,megawatthours
2026-09-08T14,AVA,Avista Corporation,DF,Day-ahead demand forecast,1233,megawatthours
2026-09-08T14,AZPS,Arizona Public Service Company,DF,Day-ahead demand forecast,5077,megawatthours
2026-09-08T14,BANC,Balancing Authority of Northern California,DF,Day-ahead demand forecast,1844,megawatthours
2026-09-08T14,BHBA,Black Hills Energy,DF,Day-ahead demand forecast,774,megawatthours
2026-09-08T14,BPAT,Bonneville Power Administration,DF,Day-ahead demand forecast,6457,megawatthours
2026-09-08T14,CAL,California,DF,Day-ahead demand forecast,31963,megawatthours
2026-09-08T14,CAR,Carolinas,DF,Day-ahead demand forecast,24869,megawatthours
2026-09-08T14,CHPD,Public Utility District No. 1 of Chelan County,DF,Day-ahead demand forecast,177,megawatthours
2026-09-08T14,CISO,California Independent System Operator,DF,Day-ahead demand forecast,26516,megawatthours
2026-09-08T14,CPLE,Duke Energy Progress East,DF,Day-ahead demand forecast,6548,megawatthours
2026-09-08T14,CPLW,Duke Energy Progress West,DF,Day-ahead demand forecast,475,megawatthours
2026-09-08T14,DOPD,PUD No. 1 of Douglas County,DF,Day-ahead demand forecast,252,megawatthours
2026-09-08T14,DUK,Duke Energy Carolinas,DF,Day-ahead demand forecast,11841,megawatthours
2026-09-08T14,EPE,El Paso Electric Company,DF,Day-ahead demand forecast,1157,megawatthours
2026-09-08T14,ERCO,"Electric Reliability Council of Texas, Inc.",DF,Day-ahead demand forecast,63654,megawatthours
2026-09-08T14,FLA,Florida,DF,Day-ahead demand forecast,32461,megawatthours
2026-09-08T14,FMPP,Florida Municipal Power Pool,DF,Day-ahead demand forecast,2535,megawatthours
2026-09-08T14,FPC,"Duke Energy Florida, Inc.",DF,Day-ahead demand forecast,5248,megawatthours
2026-09-08T14,FPL,Florida Power & Light Co.,DF,Day-ahead demand forecast,19105,megawatthours
2026-09-08T14,GCPD,"Public Utility District No. 2 of Grant County, Washington",DF,Day-ahead demand forecast,679,megawatthours
2026-09-08T14,GVL,Gainesville Regional Utilities,DF,Day-ahead demand forecast,245,megawatthours
2026-09-08T14,HST,City of Homestead,DF,Day-ahead demand forecast,68,megawatthours
2026-09-08T14,IID,Imperial Irrigation District,DF,Day-ahead demand forecast,444,megawatthours
2026-09-08T14,IPCO,Idaho Power Company,DF,Day-ahead demand forecast,2188,megawatthours
2026-09-08T14,JEA,JEA,DF,Day-ahead demand forecast,1908,megawatthours
2026-09-08T14,LDWP,Los Angeles Department of Water and Power,DF,Day-ahead demand forecast,2830,megawatthours
2026-09-08T14,LGEE,LG&E and KU Services Company as agent for Louisville Gas and Electric Company and Kentucky Utilities Company,DF,Day-ahead demand forecast,4274,megawatthours
2026-09-08T14,MIDA,Mid-Atlantic,DF,Day-ahead demand forecast,98761,megawatthours
2026-09-08T14,MIDW,Midwest,DF,Day-ahead demand forecast,90261,megawatthours
2026-09-08T14,MISO,"Midcontinent Independent System Operator, Inc.",DF,Day-ahead demand forecast,83554,megawatthours
2026-09-08T14,NEVP,Nevada Power Company,DF,Day-ahead demand forecast,4175,megawatthours
2026-09-08T14,NW,Northwest,DF,Day-ahead demand forecast,38483,megawatthours
2026-09-08T14,NWMT,NorthWestern Corporation,DF,Day-ahead demand forecast,1266,megawatthours
2026-09-08T14,NY,New York,DF,Day-ahead demand forecast,16335,megawatthours
2026-09-08T14,NYIS,New York Independent System Operator,DF,Day-ahead demand forecast,16335,megawatthours
2026-09-08T14,PACE,PacifiCorp East,DF,Day-ahead demand forecast,5730,megawatthours
2026-09-08T14,PACW,PacifiCorp West,DF,Day-ahead demand forecast,2158,megawatthours
2026-09-08T14,PGE,Portland General Electric Company,DF,Day-ahead demand forecast,2446,megawatthours
2026-09-08T14,PJM,"PJM Interconnection, LLC",DF,Day-ahead demand forecast,98761,megawatthours
2026-09-08T14,PNM,Public Service Company of New Mexico,DF,Day-ahead demand forecast,1640,megawatthours
2026-09-08T14,PSCO,Public Service Company of Colorado,DF,Day-ahead demand forecast,3983,megawatthours
2026-09-08T14,PSEI,"Puget Sound Energy, Inc.",DF,Day-ahead demand forecast,1956,megawatthours
2026-09-08T14,SC,South Carolina Public Service Authority,DF,Day-ahead demand forecast,3161,megawatthours
2026-09-08T14,SCEG,"Dominion Energy South Carolina, Inc.",DF,Day-ahead demand forecast,2844,megawatthours
2026-09-08T14,SCL,Seattle City Light,DF,Day-ahead demand forecast,889,megawatthours
2026-09-08T14,SE,Southeast,DF,Day-ahead demand forecast,29547,megawatthours
2026-09-08T14,SEC,Seminole Electric Cooperative,DF,Day-ahead demand forecast,239,megawatthours
2026-09-08T14,SOCO,"Southern Company Services, Inc. - Trans",DF,Day-ahead demand forecast,29547,megawatthours
2026-09-08T14,SRP,Salt River Project Agricultural Improvement and Power District,DF,Day-ahead demand forecast,4635,megawatthours
2026-09-08T14,SW,Southwest,DF,Day-ahead demand forecast,15261,megawatthours
2026-09-08T14,SWPW,Southwest Power Pool West Balancing Authority Area,DF,Day-ahead demand forecast,3712,megawatthours
2026-09-08T14,TAL,City of Tallahassee,DF,Day-ahead demand forecast,345,megawatthours
2026-09-08T14,TEC,Tampa Electric Company,DF,Day-ahead demand forecast,2768,megawatthours
2026-09-08T14,TEN,Tennessee,DF,Day-ahead demand forecast,20354,megawatthours
2026-09-08T14,TEPC,Tucson Electric Power,DF,Day-ahead demand forecast,1775,megawatthours
2026-09-08T14,TEX,Texas,DF,Day-ahead demand forecast,63654,megawatthours
2026-09-08T14,TIDC,Turlock Irrigation District,DF,Day-ahead demand forecast,329,megawatthours
2026-09-08T14,TPWR,"City of Tacoma, Department of Public Utilities, Light Division",DF,Day-ahead demand forecast,408,megawatthours
2026-09-08T14,TVA,Tennessee Valley Authority,DF,Day-ahead demand forecast,20354,megawatthours
2026-09-08T14,US48,United States Lower 48,DF,Day-ahead demand forecast,461948,megawatthours
2026-09-08T14,WALC,Western Area Power Administration - Desert Southwest Region,DF,Day-ahead demand forecast,977,megawatthours
2026-09-08T13,AECI,"Associated Electric Cooperative, Inc.",DF,Day-ahead demand forecast,2323,megawatthours
2026-09-08T13,AVA,Avista Corporation,DF,Day-ahead demand forecast,1117,megawatthours
2026-09-08T13,AZPS,Arizona Public Service Company,DF,Day-ahead demand forecast,5110,megawatthours
2026-09-08T13,BANC,Balancing Authority of Northern California,DF,Day-ahead demand forecast,1721,megawatthours
2026-09-08T13,BHBA,Black Hills Energy,DF,Day-ahead demand forecast,746,megawatthours
2026-09-08T13,BPAT,Bonneville Power Administration,DF,Day-ahead demand forecast,5961,megawatthours
2026-09-08T13,CAL,California,DF,Day-ahead demand forecast,30113,megawatthours
2026-09-08T13,CAR,Carolinas,DF,Day-ahead demand forecast,23898,megawatthours
2026-09-08T13,CHPD,Public Utility District No. 1 of Chelan County,DF,Day-ahead demand forecast,163,megawatthours
2026-09-08T13,CISO,California Independent System Operator,DF,Day-ahead demand forecast,24978,megawatthours
2026-09-08T13,CPLE,Duke Energy Progress East,DF,Day-ahead demand forecast,6243,megawatthours
2026-09-08T13,CPLW,Duke Energy Progress West,DF,Day-ahead demand forecast,469,megawatthours
2026-09-08T13,DOPD,PUD No. 1 of Douglas County,DF,Day-ahead demand forecast,243,megawatthours
2026-09-08T13,DUK,Duke Energy Carolinas,DF,Day-ahead demand forecast,11372,megawatthours
2026-09-08T13,EPE,El Paso Electric Company,DF,Day-ahead demand forecast,1140,megawatthours
2026-09-08T13,ERCO,"Electric Reliability Council of Texas, Inc.",DF,Day-ahead demand forecast,61601,megawatthours
2026-09-08T13,FLA,Florida,DF,Day-ahead demand forecast,29531,megawatthours
2026-09-08T13,FMPP,Florida Municipal Power Pool,DF,Day-ahead demand forecast,2360,megawatthours
2026-09-08T13,FPC,"Duke Energy Florida, Inc.",DF,Day-ahead demand forecast,4951,megawatthours
2026-09-08T13,FPL,Florida Power & Light Co.,DF,Day-ahead demand forecast,17073,megawatthours
2026-09-08T13,GCPD,"Public Utility District No. 2 of Grant County, Washington",DF,Day-ahead demand forecast,667,megawatthours
2026-09-08T13,GVL,Gainesville Regional Utilities,DF,Day-ahead demand forecast,229,megawatthours
2026-09-08T13,HST,City of Homestead,DF,Day-ahead demand forecast,58,megawatthours
2026-09-08T13,IID,Imperial Irrigation District,DF,Day-ahead demand forecast,426,megawatthours
2026-09-08T13,IPCO,Idaho Power Company,DF,Day-ahead demand forecast,2124,megawatthours
2026-09-08T13,JEA,JEA,DF,Day-ahead demand forecast,1783,megawatthours
2026-09-08T13,LDWP,Los Angeles Department of Water and Power,DF,Day-ahead demand forecast,2680,megawatthours
2026-09-08T13,LGEE,LG&E and KU Services Company as agent for Louisville Gas and Electric Company and Kentucky Utilities Company,DF,Day-ahead demand forecast,4000,megawatthours
2026-09-08T13,MIDA,Mid-Atlantic,DF,Day-ahead demand forecast,94476,megawatthours
2026-09-08T13,MIDW,Midwest,DF,Day-ahead demand forecast,86856,megawatthours
2026-09-08T13,MISO,"Midcontinent Independent System Operator, Inc.",DF,Day-ahead demand forecast,80533,megawatthours
2026-09-08T13,NEVP,Nevada Power Company,DF,Day-ahead demand forecast,4124,megawatthours
2026-09-08T13,NW,Northwest,DF,Day-ahead demand forecast,36643,megawatthours
2026-09-08T13,NWMT,NorthWestern Corporation,DF,Day-ahead demand forecast,1240,megawatthours
2026-09-08T13,NY,New York,DF,Day-ahead demand forecast,16492,megawatthours
2026-09-08T13,NYIS,New York Independent System Operator,DF,Day-ahead demand forecast,16492,megawatthours
2026-09-08T13,PACE,PacifiCorp East,DF,Day-ahead demand forecast,5501,megawatthours
2026-09-08T13,PACW,PacifiCorp West,DF,Day-ahead demand forecast,1976,megawatthours
2026-09-08T13,PGE,Portland General Electric Company,DF,Day-ahead demand forecast,2240,megawatthours
2026-09-08T13,PJM,"PJM Interconnection, LLC",DF,Day-ahead demand forecast,94476,megawatthours
2026-09-08T13,PNM,Public Service Company of New Mexico,DF,Day-ahead demand forecast,1625,megawatthours
2026-09-08T13,PSCO,Public Service Company of Colorado,DF,Day-ahead demand forecast,3792,megawatthours
2026-09-08T13,PSEI,"Puget Sound Energy, Inc.",DF,Day-ahead demand forecast,1918,megawatthours
2026-09-08T13,SC,South Carolina Public Service Authority,DF,Day-ahead demand forecast,3055,megawatthours
2026-09-08T13,SCEG,"Dominion Energy South Carolina, Inc.",DF,Day-ahead demand forecast,2759,megawatthours
2026-09-08T13,SCL,Seattle City Light,DF,Day-ahead demand forecast,790,megawatthours
2026-09-08T13,SE,Southeast,DF,Day-ahead demand forecast,27857,megawatthours
2026-09-08T13,SEC,Seminole Electric Cooperative,DF,Day-ahead demand forecast,221,megawatthours
2026-09-08T13,SOCO,"Southern Company Services, Inc. - Trans",DF,Day-ahead demand forecast,27857,megawatthours
2026-09-08T13,SRP,Salt River Project Agricultural Improvement and Power District,DF,Day-ahead demand forecast,4569,megawatthours
2026-09-08T13,SW,Southwest,DF,Day-ahead demand forecast,14960,megawatthours
2026-09-08T13,SWPW,Southwest Power Pool West Balancing Authority Area,DF,Day-ahead demand forecast,3672,megawatthours
2026-09-08T13,TAL,City of Tallahassee,DF,Day-ahead demand forecast,322,megawatthours
2026-09-08T13,TEC,Tampa Electric Company,DF,Day-ahead demand forecast,2534,megawatthours
2026-09-08T13,TEN,Tennessee,DF,Day-ahead demand forecast,19341,megawatthours
2026-09-08T13,TEPC,Tucson Electric Power,DF,Day-ahead demand forecast,1718,megawatthours
2026-09-08T13,TEX,Texas,DF,Day-ahead demand forecast,61601,megawatthours
2026-09-08T13,TIDC,Turlock Irrigation District,DF,Day-ahead demand forecast,308,megawatthours
2026-09-08T13,TPWR,"City of Tacoma, Department of Public Utilities, Light Division",DF,Day-ahead demand forecast,369,megawatthours
2026-09-08T13,TVA,Tennessee Valley Authority,DF,Day-ahead demand forecast,19341,megawatthours
2026-09-08T13,US48,United States Lower 48,DF,Day-ahead demand forecast,441768,megawatthours
2026-09-08T13,WALC,Western Area Power Administration - Desert Southwest Region,DF,Day-ahead demand forecast,798,megawatthours
2026-09-08T12,AECI,"Associated Electric Cooperative, Inc.",D,Demand,2337,megawatthours
2026-09-08T12,AECI,"Associated Electric Cooperative, Inc.",DF,Day-ahead demand forecast,2231,megawatthours
2026-09-08T12,AVA,Avista Corporation,D,Demand,1017,megawatthours
2026-09-08T12,AVA,Avista Corporation,DF,Day-ahead demand forecast,1026,megawatthours
2026-09-08T12,AZPS,Arizona Public Service Company,D,Demand,843,megawatthours
2026-09-08T12,AZPS,Arizona Public Service Company,DF,Day-ahead demand forecast,5052,megawatthours
2026-09-08T12,BANC,Balancing Authority of Northern California,D,Demand,1604,megawatthours
2026-09-08T12,BANC,Balancing Authority of Northern California,DF,Day-ahead demand forecast,1655,megawatthours
2026-09-08T12,BHBA,Black Hills Energy,D,Demand,812,megawatthours
2026-09-08T12,BHBA,Black Hills Energy,DF,Day-ahead demand forecast,755,megawatthours
2026-09-08T12,BPAT,Bonneville Power Administration,D,Demand,5655,megawatthours
2026-09-08T12,BPAT,Bonneville Power Administration,DF,Day-ahead demand forecast,5623,megawatthours
2026-09-08T12,CAL,California,D,Demand,27855,megawatthours
2026-09-08T12,CAL,California,DF,Day-ahead demand forecast,29134,megawatthours
2026-09-08T12,CAR,Carolinas,D,Demand,23363,megawatthours
2026-09-08T12,CAR,Carolinas,DF,Day-ahead demand forecast,23266,megawatthours
2026-09-08T12,CENT,Central,D,Demand,37819,megawatthours
2026-09-08T12,CHPD,Public Utility District No. 1 of Chelan County,D,Demand,150,megawatthours
2026-09-08T12,CHPD,Public Utility District No. 1 of Chelan County,DF,Day-ahead demand forecast,154,megawatthours
2026-09-08T12,CISO,California Independent System Operator,D,Demand,25738,megawatthours
2026-09-08T12,CISO,California Independent System Operator,DF,Day-ahead demand forecast,24152,megawatthours
2026-09-08T12,CPLE,Duke Energy Progress East,D,Demand,6152,megawatthours
2026-09-08T12,CPLE,Duke Energy Progress East,DF,Day-ahead demand forecast,6098,megawatthours
2026-09-08T12,CPLW,Duke Energy Progress West,D,Demand,461,megawatthours
2026-09-08T12,CPLW,Duke Energy Progress West,DF,Day-ahead demand forecast,457,megawatthours
2026-09-08T12,DOPD,PUD No. 1 of Douglas County,D,Demand,232,megawatthours
2026-09-08T12,DOPD,PUD No. 1 of Douglas County,DF,Day-ahead demand forecast,235,megawatthours
2026-09-08T12,DUK,Duke Energy Carolinas,D,Demand,11216,megawatthours
2026-09-08T12,DUK,Duke Energy Carolinas,DF,Day-ahead demand forecast,11067,megawatthours
2026-09-08T12,EPE,El Paso Electric Company,D,Demand,1137,megawatthours
2026-09-08T12,EPE,El Paso Electric Company,DF,Day-ahead demand forecast,1108,megawatthours
2026-09-08T12,ERCO,"Electric Reliability Council of Texas, Inc.",D,Demand,61849,megawatthours
2026-09-08T12,ERCO,"Electric Reliability Council of Texas, Inc.",DF,Day-ahead demand forecast,61601,megawatthours
2026-09-08T12,FLA,Florida,D,Demand,28723,megawatthours
2026-09-08T12,FLA,Florida,DF,Day-ahead demand forecast,26995,megawatthours
2026-09-08T12,FMPP,Florida Municipal Power Pool,D,Demand,2137,megawatthours
2026-09-08T12,FMPP,Florida Municipal Power Pool,DF,Day-ahead demand forecast,2210,megawatthours
2026-09-08T12,FPC,"Duke Energy Florida, Inc.",D,Demand,6228,megawatthours
2026-09-08T12,FPC,"Duke Energy Florida, Inc.",DF,Day-ahead demand forecast,4770,megawatthours
2026-09-08T12,FPL,Florida Power & Light Co.,D,Demand,15339,megawatthours
2026-09-08T12,FPL,Florida Power & Light Co.,DF,Day-ahead demand forecast,15261,megawatthours
2026-09-08T12,GCPD,"Public Utility District No. 2 of Grant County, Washington",D,Demand,669,megawatthours
2026-09-08T12,GCPD,"Public Utility District No. 2 of Grant County, Washington",DF,Day-ahead demand forecast,653,megawatthours
2026-09-08T12,GVL,Gainesville Regional Utilities,D,Demand,241,megawatthours
2026-09-08T12,GVL,Gainesville Regional Utilities,DF,Day-ahead demand forecast,218,megawatthours
2026-09-08T12,HST,City of Homestead,D,Demand,64,megawatthours
2026-09-08T12,HST,City of Homestead,DF,Day-ahead demand forecast,56,megawatthours
2026-09-08T12,IID,Imperial Irrigation District,D,Demand,339,megawatthours
2026-09-08T12,IID,Imperial Irrigation District,DF,Day-ahead demand forecast,414,megawatthours
2026-09-08T12,IPCO,Idaho Power Company,D,Demand,1818,megawatthours
2026-09-08T12,IPCO,Idaho Power Company,DF,Day-ahead demand forecast,1977,megawatthours
2026-09-08T12,ISNE,ISO New England,D,Demand,12370,megawatthours
2026-09-08T12,JEA,JEA,D,Demand,1633,megawatthours
2026-09-08T12,JEA,JEA,DF,Day-ahead demand forecast,1651,megawatthours
2026-09-08T12,LDWP,Los Angeles Department of Water and Power,D,Demand,174,megawatthours
2026-09-08T12,LDWP,Los Angeles Department of Water and Power,DF,Day-ahead demand forecast,2615,megawatthours
2026-09-08T12,LGEE,LG&E and KU Services Company as agent for Louisville Gas and Electric Company and Kentucky Utilities Company,D,Demand,4184,megawatthours
2026-09-08T12,LGEE,LG&E and KU Services Company as agent for Louisville Gas and Electric Company and Kentucky Utilities Company,DF,Day-ahead demand forecast,3791,megawatthours
2026-09-08T12,MIDA,Mid-Atlantic,D,Demand,91522,megawatthours
2026-09-08T12,MIDA,Mid-Atlantic,DF,Day-ahead demand forecast,91368,megawatthours
2026-09-08T12,MIDW,Midwest,D,Demand,85844,megawatthours
2026-09-08T12,MIDW,Midwest,DF,Day-ahead demand forecast,83420,megawatthours
2026-09-08T12,MISO,"Midcontinent Independent System Operator, Inc.",D,Demand,79323,megawatthours
2026-09-08T12,MISO,"Midcontinent Independent System Operator, Inc.",DF,Day-ahead demand forecast,77398,megawatthours
2026-09-08T12,NE,New England,D,Demand,12370,megawatthours
2026-09-08T12,NEVP,Nevada Power Company,D,Demand,4189,megawatthours
2026-09-08T12,NEVP,Nevada Power Company,DF,Day-ahead demand forecast,4121,megawatthours
2026-09-08T12,NW,Northwest,D,Demand,34396,megawatthours
2026-09-08T12,NW,Northwest,DF,Day-ahead demand forecast,34814,megawatthours
2026-09-08T12,NWMT,NorthWestern Corporation,D,Demand,1167,megawatthours
2026-09-08T12,NWMT,NorthWestern Corporation,DF,Day-ahead demand forecast,1165,megawatthours
2026-09-08T12,NY,New York,D,Demand,16577,megawatthours
2026-09-08T12,NY,New York,DF,Day-ahead demand forecast,16244,megawatthours
2026-09-08T12,NYIS,New York Independent System Operator,D,Demand,16577,megawatthours
2026-09-08T12,NYIS,New York Independent System Operator,DF,Day-ahead demand forecast,16244,megawatthours
2026-09-08T12,PACE,PacifiCorp East,D,Demand,5009,megawatthours
2026-09-08T12,PACE,PacifiCorp East,DF,Day-ahead demand forecast,5232,megawatthours
2026-09-08T12,PACW,PacifiCorp West,D,Demand,1763,megawatthours
2026-09-08T12,PACW,PacifiCorp West,DF,Day-ahead demand forecast,1818,megawatthours
2026-09-08T12,PGE,Portland General Electric Company,D,Demand,2108,megawatthours
2026-09-08T12,PGE,Portland General Electric Company,DF,Day-ahead demand forecast,2109,megawatthours
2026-09-08T12,PJM,"PJM Interconnection, LLC",D,Demand,91522,megawatthours
2026-09-08T12,PJM,"PJM Interconnection, LLC",DF,Day-ahead demand forecast,91368,megawatthours
2026-09-08T12,PNM,Public Service Company of New Mexico,D,Demand,1722,megawatthours
2026-09-08T12,PNM,Public Service Company of New Mexico,DF,Day-ahead demand forecast,1571,megawatthours
2026-09-08T12,PSCO,Public Service Company of Colorado,D,Demand,4053,megawatthours
2026-09-08T12,PSCO,Public Service Company of Colorado,DF,Day-ahead demand forecast,3605,megawatthours
2026-09-08T12,PSEI,"Puget Sound Energy, Inc.",D,Demand,1926,megawatthours
2026-09-08T12,PSEI,"Puget Sound Energy, Inc.",DF,Day-ahead demand forecast,1772,megawatthours
2026-09-08T12,SC,South Carolina Public Service Authority,D,Demand,2931,megawatthours
2026-09-08T12,SC,South Carolina Public Service Authority,DF,Day-ahead demand forecast,2980,megawatthours
2026-09-08T12,SCEG,"Dominion Energy South Carolina, Inc.",D,Demand,2603,megawatthours
2026-09-08T12,SCEG,"Dominion Energy South Carolina, Inc.",DF,Day-ahead demand forecast,2664,megawatthours
2026-09-08T12,SCL,Seattle City Light,D,Demand,736,megawatthours
2026-09-08T12,SCL,Seattle City Light,DF,Day-ahead demand forecast,736,megawatthours
2026-09-08T12,SE,Southeast,D,Demand,26786,megawatthours
2026-09-08T12,SE,Southeast,DF,Day-ahead demand forecast,27261,megawatthours
2026-09-08T12,SEC,Seminole Electric Cooperative,D,Demand,254,megawatthours
2026-09-08T12,SEC,Seminole Electric Cooperative,DF,Day-ahead demand forecast,209,megawatthours
2026-09-08T12,SOCO,"Southern Company Services, Inc. - Trans",D,Demand,26786,megawatthours
2026-09-08T12,SOCO,"Southern Company Services, Inc. - Trans",DF,Day-ahead demand forecast,27261,megawatthours
2026-09-08T12,SPA,Southwestern Power Administration,D,Demand,24,megawatthours
2026-09-08T12,SRP,Salt River Project Agricultural Improvement and Power District,D,Demand,4426,megawatthours
2026-09-08T12,SRP,Salt River Project Agricultural Improvement and Power District,DF,Day-ahead demand forecast,4600,megawatthours
2026-09-08T12,SW,Southwest,D,Demand,10662,megawatthours
2026-09-08T12,SW,Southwest,DF,Day-ahead demand forecast,14863,megawatthours
2026-09-08T12,SWPP,Southwest Power Pool,D,Demand,37795,megawatthours
2026-09-08T12,SWPW,Southwest Power Pool West Balancing Authority Area,D,Demand,2755,megawatthours
2026-09-08T12,SWPW,Southwest Power Pool West Balancing Authority Area,DF,Day-ahead demand forecast,3491,megawatthours
2026-09-08T12,TAL,City of Tallahassee,D,Demand,346,megawatthours
2026-09-08T12,TAL,City of Tallahassee,DF,Day-ahead demand forecast,322,megawatthours
2026-09-08T12,TEC,Tampa Electric Company,D,Demand,2481,megawatthours
2026-09-08T12,TEC,Tampa Electric Company,DF,Day-ahead demand forecast,2298,megawatthours
2026-09-08T12,TEN,Tennessee,D,Demand,19250,megawatthours
2026-09-08T12,TEN,Tennessee,DF,Day-ahead demand forecast,18626,megawatthours
2026-09-08T12,TEPC,Tucson Electric Power,D,Demand,1644,megawatthours
2026-09-08T12,TEPC,Tucson Electric Power,DF,Day-ahead demand forecast,1673,megawatthours
2026-09-08T12,TEX,Texas,D,Demand,61849,megawatthours
2026-09-08T12,TEX,Texas,DF,Day-ahead demand forecast,61601,megawatthours
2026-09-08T12,TIDC,Turlock Irrigation District,D,Demand,0,megawatthours
2026-09-08T12,TIDC,Turlock Irrigation District,DF,Day-ahead demand forecast,298,megawatthours
2026-09-08T12,TPWR,"City of Tacoma, Department of Public Utilities, Light Division",D,Demand,337,megawatthours
2026-09-08T12,TPWR,"City of Tacoma, Department of Public Utilities, Light Division",DF,Day-ahead demand forecast,342,megawatthours
2026-09-08T12,TVA,Tennessee Valley Authority,D,Demand,19250,megawatthours
2026-09-08T12,TVA,Tennessee Valley Authority,DF,Day-ahead demand forecast,18626,megawatthours
2026-09-08T12,US48,United States Lower 48,D,Demand,477016,megawatthours
2026-09-08T12,US48,United States Lower 48,DF,Day-ahead demand forecast,427592,megawatthours
2026-09-08T12,WALC,Western Area Power Administration - Desert Southwest Region,D,Demand,890,megawatthours
2026-09-08T12,WALC,Western Area Power Administration - Desert Southwest Region,DF,Day-ahead demand forecast,859,megawatthours
2026-09-08T11,AECI,"Associated Electric Cooperative, Inc.",D,Demand,2207,megawatthours
2026-09-08T11,AECI,"Associated Electric Cooperative, Inc.",DF,Day-ahead demand forecast,2155,megawatthours
2026-09-08T11,AVA,Avista Corporation,D,Demand,978,megawatthours
2026-09-08T11,AVA,Avista Corporation,DF,Day-ahead demand forecast,982,megawatthours
2026-09-08T11,AZPS,Arizona Public Service Company,D,Demand,5575,megawatthours
2026-09-08T11,AZPS,Arizona Public Service Company,DF,Day-ahead demand forecast,4994,megawatthours
2026-09-08T11,BANC,Balancing Authority of Northern California,D,Demand,1614,megawatthours
2026-09-08T11,BANC,Balancing Authority of Northern California,DF,Day-ahead demand forecast,1647,megawatthours
2026-09-08T11,BHBA,Black Hills Energy,D,Demand,787,megawatthours
2026-09-08T11,BHBA,Black Hills Energy,DF,Day-ahead demand forecast,755,megawatthours
2026-09-08T11,BPAT,Bonneville Power Administration,D,Demand,5517,megawatthours
2026-09-08T11,BPAT,Bonneville Power Administration,DF,Day-ahead demand forecast,5514,megawatthours
2026-09-08T11,CAL,California,D,Demand,27878,megawatthours
2026-09-08T11,CAL,California,DF,Day-ahead demand forecast,29110,megawatthours
2026-09-08T11,CAR,Carolinas,D,Demand,22587,megawatthours
2026-09-08T11,CAR,Carolinas,DF,Day-ahead demand forecast,22441,megawatthours
2026-09-08T11,CENT,Central,D,Demand,36454,megawatthours
2026-09-08T11,CHPD,Public Utility District No. 1 of Chelan County,D,Demand,144,megawatthours
2026-09-08T11,CHPD,Public Utility District No. 1 of Chelan County,DF,Day-ahead demand forecast,149,megawatthours
2026-09-08T11,CISO,California Independent System Operator,D,Demand,25752,megawatthours
2026-09-08T11,CISO,California Independent System Operator,DF,Day-ahead demand forecast,24103,megawatthours
2026-09-08T11,CPLE,Duke Energy Progress East,D,Demand,5939,megawatthours
2026-09-08T11,CPLE,Duke Energy Progress East,DF,Day-ahead demand forecast,5889,megawatthours
2026-09-08T11,CPLW,Duke Energy Progress West,D,Demand,439,megawatthours
2026-09-08T11,CPLW,Duke Energy Progress West,DF,Day-ahead demand forecast,426,megawatthours
2026-09-08T11,DOPD,PUD No. 1 of Douglas County,D,Demand,229,megawatthours
2026-09-08T11,DOPD,PUD No. 1 of Douglas County,DF,Day-ahead demand forecast,230,megawatthours
2026-09-08T11,DUK,Duke Energy Carolinas,D,Demand,10789,megawatthours
2026-09-08T11,DUK,Duke Energy Carolinas,DF,Day-ahead demand forecast,10574,megawatthours
2026-09-08T11,EPE,El Paso Electric Company,D,Demand,1113,megawatthours
2026-09-08T11,EPE,El Paso Electric Company,DF,Day-ahead demand forecast,1103,megawatthours
2026-09-08T11,ERCO,"Electric Reliability Council of Texas, Inc.",D,Demand,60348,megawatthours
2026-09-08T11,ERCO,"Electric Reliability Council of Texas, Inc.",DF,Day-ahead demand forecast,59934,megawatthours
2026-09-08T11,FLA,Florida,D,Demand,27959,megawatthours
2026-09-08T11,FLA,Florida,DF,Day-ahead demand forecast,26202,megawatthours
2026-09-08T11,FMPP,Florida Municipal Power Pool,D,Demand,2074,megawatthours
2026-09-08T11,FMPP,Florida Municipal Power Pool,DF,Day-ahead demand forecast,2145,megawatthours
2026-09-08T11,FPC,"Duke Energy Florida, Inc.",D,Demand,6063,megawatthours
2026-09-08T11,FPC,"Duke Energy Florida, Inc.",DF,Day-ahead demand forecast,4582,megawatthours
2026-09-08T11,FPL,Florida Power & Light Co.,D,Demand,14915,megawatthours
2026-09-08T11,FPL,Florida Power & Light Co.,DF,Day-ahead demand forecast,14823,megawatthours
2026-09-08T11,GCPD,"Public Utility District No. 2 of Grant County, Washington",D,Demand,666,megawatthours
2026-09-08T11,GCPD,"Public Utility District No. 2 of Grant County, Washington",DF,Day-ahead demand forecast,650,megawatthours
2026-09-08T11,GVL,Gainesville Regional Utilities,D,Demand,232,megawatthours
2026-09-08T11,GVL,Gainesville Regional Utilities,DF,Day-ahead demand forecast,211,megawatthours
2026-09-08T11,HST,City of Homestead,D,Demand,66,megawatthours
2026-09-08T11,HST,City of Homestead,DF,Day-ahead demand forecast,56,megawatthours
2026-09-08T11,IID,Imperial Irrigation District,D,Demand,339,megawatthours
2026-09-08T11,IID,Imperial Irrigation District,DF,Day-ahead demand forecast,414,megawatthours
2026-09-08T11,IPCO,Idaho Power Company,D,Demand,1749,megawatthours
2026-09-08T11,IPCO,Idaho Power Company,DF,Day-ahead demand forecast,1855,megawatthours
2026-09-08T11,ISNE,ISO New England,D,Demand,11949,megawatthours
2026-09-08T11,JEA,JEA,D,Demand,1589,megawatthours
2026-09-08T11,JEA,JEA,DF,Day-ahead demand forecast,1609,megawatthours
2026-09-08T11,LDWP,Los Angeles Department of Water and Power,D,Demand,173,megawatthours
2026-09-08T11,LDWP,Los Angeles Department of Water and Power,DF,Day-ahead demand forecast,2649,megawatthours
2026-09-08T11,LGEE,LG&E and KU Services Company as agent for Louisville Gas and Electric Company and Kentucky Utilities Company,D,Demand,3995,megawatthours
2026-09-08T11,LGEE,LG&E and KU Services Company as agent for Louisville Gas and Electric Company and Kentucky Utilities Company,DF,Day-ahead demand forecast,3626,megawatthours
2026-09-08T11,MIDA,Mid-Atlantic,D,Demand,87898,megawatthours
2026-09-08T11,MIDA,Mid-Atlantic,DF,Day-ahead demand forecast,88254,megawatthours
2026-09-08T11,MIDW,Midwest,D,Demand,81338,megawatthours
2026-09-08T11,MIDW,Midwest,DF,Day-ahead demand forecast,79141,megawatthours
2026-09-08T11,MISO,"Midcontinent Independent System Operator, Inc.",D,Demand,75136,megawatthours
2026-09-08T11,MISO,"Midcontinent Independent System Operator, Inc.",DF,Day-ahead demand forecast,73360,megawatthours
2026-09-08T11,NE,New England,D,Demand,11949,megawatthours
2026-09-08T11,NEVP,Nevada Power Company,D,Demand,4220,megawatthours
2026-09-08T11,NEVP,Nevada Power Company,DF,Day-ahead demand forecast,4166,megawatthours
2026-09-08T11,NW,Northwest,D,Demand,33611,megawatthours
2026-09-08T11,NW,Northwest,DF,Day-ahead demand forecast,34119,megawatthours
2026-09-08T11,NWMT,NorthWestern Corporation,D,Demand,1108,megawatthours
2026-09-08T11,NWMT,NorthWestern Corporation,DF,Day-ahead demand forecast,1119,megawatthours
2026-09-08T11,NY,New York,D,Demand,15907,megawatthours
2026-09-08T11,NY,New York,DF,Day-ahead demand forecast,15625,megawatthours
2026-09-08T11,NYIS,New York Independent System Operator,D,Demand,15907,megawatthours
2026-09-08T11,NYIS,New York Independent System Operator,DF,Day-ahead demand forecast,15625,megawatthours
2026-09-08T11,PACE,PacifiCorp East,D,Demand,5010,megawatthours
2026-09-08T11,PACE,PacifiCorp East,DF,Day-ahead demand forecast,5052,megawatthours
2026-09-08T11,PACW,PacifiCorp West,D,Demand,1693,megawatthours
2026-09-08T11,PACW,PacifiCorp West,DF,Day-ahead demand forecast,1757,megawatthours
2026-09-08T11,PGE,Portland General Electric Company,D,Demand,2051,megawatthours
2026-09-08T11,PGE,Portland General Electric Company,DF,Day-ahead demand forecast,2063,megawatthours
2026-09-08T11,PJM,"PJM Interconnection, LLC",D,Demand,87898,megawatthours
2026-09-08T11,PJM,"PJM Interconnection, LLC",DF,Day-ahead demand forecast,88254,megawatthours
2026-09-08T11,PNM,Public Service Company of New Mexico,D,Demand,1693,megawatthours
2026-09-08T11,PNM,Public Service Company of New Mexico,DF,Day-ahead demand forecast,1550,megawatthours
2026-09-08T11,PSCO,Public Service Company of Colorado,D,Demand,3941,megawatthours
2026-09-08T11,PSCO,Public Service Company of Colorado,DF,Day-ahead demand forecast,3465,megawatthours
2026-09-08T11,PSEI,"Puget Sound Energy, Inc.",D,Demand,1850,megawatthours
2026-09-08T11,PSEI,"Puget Sound Energy, Inc.",DF,Day-ahead demand forecast,1900,megawatthours
2026-09-08T11,SC,South Carolina Public Service Authority,D,Demand,2905,megawatthours
2026-09-08T11,SC,South Carolina Public Service Authority,DF,Day-ahead demand forecast,2942,megawatthours
2026-09-08T11,SCEG,"Dominion Energy South Carolina, Inc.",D,Demand,2515,megawatthours
2026-09-08T11,SCEG,"Dominion Energy South Carolina, Inc.",DF,Day-ahead demand forecast,2610,megawatthours
2026-09-08T11,SCL,Seattle City Light,D,Demand,672,megawatthours
2026-09-08T11,SCL,Seattle City Light,DF,Day-ahead demand forecast,721,megawatthours
2026-09-08T11,SE,Southeast,D,Demand,26006,megawatthours
2026-09-08T11,SE,Southeast,DF,Day-ahead demand forecast,26367,megawatthours
2026-09-08T11,SEC,Seminole Electric Cooperative,D,Demand,249,megawatthours
2026-09-08T11,SEC,Seminole Electric Cooperative,DF,Day-ahead demand forecast,204,megawatthours
2026-09-08T11,SOCO,"Southern Company Services, Inc. - Trans",D,Demand,26006,megawatthours
2026-09-08T11,SOCO,"Southern Company Services, Inc. - Trans",DF,Day-ahead demand forecast,26367,megawatthours
2026-09-08T11,SPA,Southwestern Power Administration,D,Demand,24,megawatthours
2026-09-08T11,SRP,Salt River Project Agricultural Improvement and Power District,D,Demand,4519,megawatthours
2026-09-08T11,SRP,Salt River Project Agricultural Improvement and Power District,DF,Day-ahead demand forecast,4645,megawatthours
2026-09-08T11,SW,Southwest,D,Demand,15426,megawatthours
2026-09-08T11,SW,Southwest,DF,Day-ahead demand forecast,14798,megawatthours
2026-09-08T11,SWPP,Southwest Power Pool,D,Demand,36430,megawatthours
2026-09-08T11,SWPW,Southwest Power Pool West Balancing Authority Area,D,Demand,2669,megawatthours
2026-09-08T11,SWPW,Southwest Power Pool West Balancing Authority Area,DF,Day-ahead demand forecast,3411,megawatthours
2026-09-08T11,TAL,City of Tallahassee,D,Demand,330,megawatthours
2026-09-08T11,TAL,City of Tallahassee,DF,Day-ahead demand forecast,327,megawatthours
2026-09-08T11,TEC,Tampa Electric Company,D,Demand,2441,megawatthours
2026-09-08T11,TEC,Tampa Electric Company,DF,Day-ahead demand forecast,2245,megawatthours
2026-09-08T11,TEN,Tennessee,D,Demand,18489,megawatthours
2026-09-08T11,TEN,Tennessee,DF,Day-ahead demand forecast,17834,megawatthours
2026-09-08T11,TEPC,Tucson Electric Power,D,Demand,1644,megawatthours
2026-09-08T11,TEPC,Tucson Electric Power,DF,Day-ahead demand forecast,1679,megawatthours
2026-09-08T11,TEX,Texas,D,Demand,60348,megawatthours
2026-09-08T11,TEX,Texas,DF,Day-ahead demand forecast,59934,megawatthours
2026-09-08T11,TIDC,Turlock Irrigation District,D,Demand,0,megawatthours
2026-09-08T11,TIDC,Turlock Irrigation District,DF,Day-ahead demand forecast,297,megawatthours
2026-09-08T11,TPWR,"City of Tacoma, Department of Public Utilities, Light Division",D,Demand,327,megawatthours
2026-09-08T11,TPWR,"City of Tacoma, Department of Public Utilities, Light Division",DF,Day-ahead demand forecast,330,megawatthours
2026-09-08T11,TVA,Tennessee Valley Authority,D,Demand,18489,megawatthours
2026-09-08T11,TVA,Tennessee Valley Authority,DF,Day-ahead demand forecast,17834,megawatthours
2026-09-08T11,US48,United States Lower 48,D,Demand,465850,megawatthours
2026-09-08T11,US48,United States Lower 48,DF,Day-ahead demand forecast,413825,megawatthours
2026-09-08T11,WALC,Western Area Power Administration - Desert Southwest Region,D,Demand,882,megawatthours
2026-09-08T11,WALC,Western Area Power Administration - Desert Southwest Region,DF,Day-ahead demand forecast,827,megawatthours
2026-09-08T10,AECI,"Associated Electric Cooperative, Inc.",D,Demand,2121,megawatthours
2026-09-08T10,AECI,"Associated Electric Cooperative, Inc.",DF,Day-ahead demand forecast,2136,megawatthours
2026-09-08T10,AVA,Avista Corporation,D,Demand,963,megawatthours
2026-09-08T10,AVA,Avista Corporation,DF,Day-ahead demand forecast,975,megawatthours
2026-09-08T10,AZPS,Arizona Public Service Company,D,Demand,5751,megawatthours
2026-09-08T10,AZPS,Arizona Public Service Company,DF,Day-ahead demand forecast,5059,megawatthours
2026-09-08T10,BANC,Balancing Authority of Northern California,D,Demand,1666,megawatthours
2026-09-08T10,BANC,Balancing Authority of Northern California,DF,Day-ahead demand forecast,1693,megawatthours
2026-09-08T10,BHBA,Black Hills Energy,D,Demand,787,megawatthours
2026-09-08T10,BHBA,Black Hills Energy,DF,Day-ahead demand forecast,754,megawatthours
2026-09-08T10,BPAT,Bonneville Power Administration,D,Demand,5515,megawatthours
2026-09-08T10,BPAT,Bonneville Power Administration,DF,Day-ahead demand forecast,5518,megawatthours
2026-09-08T10,CAL,California,D,Demand,31009,megawatthours
2026-09-08T10,CAL,California,DF,Day-ahead demand forecast,29992,megawatthours
2026-09-08T10,CAR,Carolinas,D,Demand,20769,megawatthours
2026-09-08T10,CAR,Carolinas,DF,Day-ahead demand forecast,21066,megawatthours
2026-09-08T10,CENT,Central,D,Demand,35821,megawatthours
2026-09-08T10,CHPD,Public Utility District No. 1 of Chelan County,D,Demand,147,megawatthours
2026-09-08T10,CHPD,Public Utility District No. 1 of Chelan County,DF,Day-ahead demand forecast,147,megawatthours
2026-09-08T10,CISO,California Independent System Operator,D,Demand,26103,megawatthours
2026-09-08T10,CISO,California Independent System Operator,DF,Day-ahead demand forecast,24804,megawatthours
2026-09-08T10,CPLE,Duke Energy Progress East,D,Demand,5421,megawatthours
2026-09-08T10,CPLE,Duke Energy Progress East,DF,Day-ahead demand forecast,5522,megawatthours
2026-09-08T10,CPLW,Duke Energy Progress West,D,Demand,393,megawatthours
2026-09-08T10,CPLW,Duke Energy Progress West,DF,Day-ahead demand forecast,389,megawatthours
2026-09-08T10,DOPD,PUD No. 1 of Douglas County,D,Demand,230,megawatthours
2026-09-08T10,DOPD,PUD No. 1 of Douglas County,DF,Day-ahead demand forecast,229,megawatthours
2026-09-08T10,DUK,Duke Energy Carolinas,D,Demand,9881,megawatthours
2026-09-08T10,DUK,Duke Energy Carolinas,DF,Day-ahead demand forecast,9892,megawatthours
2026-09-08T10,EPE,El Paso Electric Company,D,Demand,1131,megawatthours
2026-09-08T10,EPE,El Paso Electric Company,DF,Day-ahead demand forecast,1126,megawatthours
2026-09-08T10,ERCO,"Electric Reliability Council of Texas, Inc.",D,Demand,59629,megawatthours
2026-09-08T10,ERCO,"Electric Reliability Council of Texas, Inc.",DF,Day-ahead demand forecast,59269,megawatthours
2026-09-08T10,FLA,Florida,D,Demand,26500,megawatthours
2026-09-08T10,FLA,Florida,DF,Day-ahead demand forecast,25169,megawatthours
2026-09-08T10,FMPP,Florida Municipal Power Pool,D,Demand,1938,megawatthours
2026-09-08T10,FMPP,Florida Municipal Power Pool,DF,Day-ahead demand forecast,2035,megawatthours
2026-09-08T10,FPC,"Duke Energy Florida, Inc.",D,Demand,5657,megawatthours
2026-09-08T10,FPC,"Duke Energy Florida, Inc.",DF,Day-ahead demand forecast,4323,megawatthours
2026-09-08T10,FPL,Florida Power & Light Co.,D,Demand,14306,megawatthours
2026-09-08T10,FPL,Florida Power & Light Co.,DF,Day-ahead demand forecast,14365,megawatthours
2026-09-08T10,GCPD,"Public Utility District No. 2 of Grant County, Washington",D,Demand,659,megawatthours
2026-09-08T10,GCPD,"Public Utility District No. 2 of Grant County, Washington",DF,Day-ahead demand forecast,651,megawatthours
2026-09-08T10,GVL,Gainesville Regional Utilities,D,Demand,216,megawatthours
2026-09-08T10,GVL,Gainesville Regional Utilities,DF,Day-ahead demand forecast,195,megawatthours
2026-09-08T10,HST,City of Homestead,D,Demand,64,megawatthours
2026-09-08T10,HST,City of Homestead,DF,Day-ahead demand forecast,57,megawatthours
2026-09-08T10,IID,Imperial Irrigation District,D,Demand,339,megawatthours
2026-09-08T10,IID,Imperial Irrigation District,DF,Day-ahead demand forecast,433,megawatthours
2026-09-08T10,IPCO,Idaho Power Company,D,Demand,1721,megawatthours
2026-09-08T10,IPCO,Idaho Power Company,DF,Day-ahead demand forecast,1723,megawatthours
2026-09-08T10,ISNE,ISO New England,D,Demand,11229,megawatthours
2026-09-08T10,JEA,JEA,D,Demand,1482,megawatthours
2026-09-08T10,JEA,JEA,DF,Day-ahead demand forecast,1522,megawatthours
2026-09-08T10,LDWP,Los Angeles Department of Water and Power,D,Demand,2901,megawatthours
2026-09-08T10,LDWP,Los Angeles Department of Water and Power,DF,Day-ahead demand forecast,2758,megawatthours
2026-09-08T10,LGEE,LG&E and KU Services Company as agent for Louisville Gas and Electric Company and Kentucky Utilities Company,D,Demand,3720,megawatthours
2026-09-08T10,LGEE,LG&E and KU Services Company as agent for Louisville Gas and Electric Company and Kentucky Utilities Company,DF,Day-ahead demand forecast,3386,megawatthours
2026-09-08T10,MIDA,Mid-Atlantic,D,Demand,83226,megawatthours
2026-09-08T10,MIDA,Mid-Atlantic,DF,Day-ahead demand forecast,84605,megawatthours
2026-09-08T10,MIDW,Midwest,D,Demand,77672,megawatthours
2026-09-08T10,MIDW,Midwest,DF,Day-ahead demand forecast,76306,megawatthours
2026-09-08T10,MISO,"Midcontinent Independent System Operator, Inc.",D,Demand,71831,megawatthours
2026-09-08T10,MISO,"Midcontinent Independent System Operator, Inc.",DF,Day-ahead demand forecast,70784,megawatthours
2026-09-08T10,NE,New England,D,Demand,11229,megawatthours
2026-09-08T10,NEVP,Nevada Power Company,D,Demand,4330,megawatthours
2026-09-08T10,NEVP,Nevada Power Company,DF,Day-ahead demand forecast,4280,megawatthours
2026-09-08T10,NW,Northwest,D,Demand,33543,megawatthours
2026-09-08T10,NW,Northwest,DF,Day-ahead demand forecast,33866,megawatthours
2026-09-08T10,NWMT,NorthWestern Corporation,D,Demand,1089,megawatthours
2026-09-08T10,NWMT,NorthWestern Corporation,DF,Day-ahead demand forecast,1085,megawatthours
2026-09-08T10,NY,New York,D,Demand,14740,megawatthours
2026-09-08T10,NY,New York,DF,Day-ahead demand forecast,14486,megawatthours
2026-09-08T10,NYIS,New York Independent System Operator,D,Demand,14740,megawatthours
2026-09-08T10,NYIS,New York Independent System Operator,DF,Day-ahead demand forecast,14486,megawatthours
2026-09-08T10,PACE,PacifiCorp East,D,Demand,4859,megawatthours
2026-09-08T10,PACE,PacifiCorp East,DF,Day-ahead demand forecast,5018,megawatthours
2026-09-08T10,PACW,PacifiCorp West,D,Demand,1689,megawatthours
2026-09-08T10,PACW,PacifiCorp West,DF,Day-ahead demand forecast,1768,megawatthours
2026-09-08T10,PGE,Portland General Electric Company,D,Demand,2069,megawatthours
2026-09-08T10,PGE,Portland General Electric Company,DF,Day-ahead demand forecast,2073,megawatthours
2026-09-08T10,PJM,"PJM Interconnection, LLC",D,Demand,83226,megawatthours
2026-09-08T10,PJM,"PJM Interconnection, LLC",DF,Day-ahead demand forecast,84605,megawatthours
2026-09-08T10,PNM,Public Service Company of New Mexico,D,Demand,1687,megawatthours
2026-09-08T10,PNM,Public Service Company of New Mexico,DF,Day-ahead demand forecast,1572,megawatthours
2026-09-08T10,PSCO,Public Service Company of Colorado,D,Demand,3848,megawatthours
2026-09-08T10,PSCO,Public Service Company of Colorado,DF,Day-ahead demand forecast,3403,megawatthours
2026-09-08T10,PSEI,"Puget Sound Energy, Inc.",D,Demand,1873,megawatthours
2026-09-08T10,PSEI,"Puget Sound Energy, Inc.",DF,Day-ahead demand forecast,1764,megawatthours
2026-09-08T10,SC,South Carolina Public Service Authority,D,Demand,2748,megawatthours
2026-09-08T10,SC,South Carolina Public Service Authority,DF,Day-ahead demand forecast,2827,megawatthours
2026-09-08T10,SCEG,"Dominion Energy South Carolina, Inc.",D,Demand,2326,megawatthours
2026-09-08T10,SCEG,"Dominion Energy South Carolina, Inc.",DF,Day-ahead demand forecast,2436,megawatthours
2026-09-08T10,SCL,Seattle City Light,D,Demand,765,megawatthours
2026-09-08T10,SCL,Seattle City Light,DF,Day-ahead demand forecast,728,megawatthours
2026-09-08T10,SE,Southeast,D,Demand,24802,megawatthours
2026-09-08T10,SE,Southeast,DF,Day-ahead demand forecast,25374,megawatthours
2026-09-08T10,SEC,Seminole Electric Cooperative,D,Demand,233,megawatthours
2026-09-08T10,SEC,Seminole Electric Cooperative,DF,Day-ahead demand forecast,192,megawatthours
2026-09-08T10,SOCO,"Southern Company Services, Inc. - Trans",D,Demand,24802,megawatthours
2026-09-08T10,SOCO,"Southern Company Services, Inc. - Trans",DF,Day-ahead demand forecast,25374,megawatthours
2026-09-08T10,SPA,Southwestern Power Administration,D,Demand,31,megawatthours
2026-09-08T10,SRP,Salt River Project Agricultural Improvement and Power District,D,Demand,4653,megawatthours
2026-09-08T10,SRP,Salt River Project Agricultural Improvement and Power District,DF,Day-ahead demand forecast,4764,megawatthours
2026-09-08T10,SW,Southwest,D,Demand,15791,megawatthours
2026-09-08T10,SW,Southwest,DF,Day-ahead demand forecast,15032,megawatthours
2026-09-08T10,SWPP,Southwest Power Pool,D,Demand,35790,megawatthours
2026-09-08T10,SWPW,Southwest Power Pool West Balancing Authority Area,D,Demand,2668,megawatthours
2026-09-08T10,SWPW,Southwest Power Pool West Balancing Authority Area,DF,Day-ahead demand forecast,3420,megawatthours
2026-09-08T10,TAL,City of Tallahassee,D,Demand,310,megawatthours
2026-09-08T10,TAL,City of Tallahassee,DF,Day-ahead demand forecast,314,megawatthours
2026-09-08T10,TEC,Tampa Electric Company,D,Demand,2294,megawatthours
2026-09-08T10,TEC,Tampa Electric Company,DF,Day-ahead demand forecast,2166,megawatthours
2026-09-08T10,TEN,Tennessee,D,Demand,17525,megawatthours
2026-09-08T10,TEN,Tennessee,DF,Day-ahead demand forecast,17035,megawatthours
2026-09-08T10,TEPC,Tucson Electric Power,D,Demand,1695,megawatthours
2026-09-08T10,TEPC,Tucson Electric Power,DF,Day-ahead demand forecast,1708,megawatthours
2026-09-08T10,TEX,Texas,D,Demand,59629,megawatthours
2026-09-08T10,TEX,Texas,DF,Day-ahead demand forecast,59269,megawatthours
2026-09-08T10,TIDC,Turlock Irrigation District,D,Demand,0,megawatthours
2026-09-08T10,TIDC,Turlock Irrigation District,DF,Day-ahead demand forecast,304,megawatthours
2026-09-08T10,TPWR,"City of Tacoma, Department of Public Utilities, Light Division",D,Demand,331,megawatthours
2026-09-08T10,TPWR,"City of Tacoma, Department of Public Utilities, Light Division",DF,Day-ahead demand forecast,330,megawatthours
2026-09-08T10,TVA,Tennessee Valley Authority,D,Demand,17525,megawatthours
2026-09-08T10,TVA,Tennessee Valley Authority,DF,Day-ahead demand forecast,17035,megawatthours
2026-09-08T10,US48,United States Lower 48,D,Demand,452256,megawatthours
2026-09-08T10,US48,United States Lower 48,DF,Day-ahead demand forecast,402200,megawatthours
2026-09-08T10,WALC,Western Area Power Administration - Desert Southwest Region,D,Demand,874,megawatthours
2026-09-08T10,WALC,Western Area Power Administration - Desert Southwest Region,DF,Day-ahead demand forecast,803,megawatthours
2026-09-08T09,AECI,"Associated Electric Cooperative, Inc.",D,Demand,2141,megawatthours
2026-09-08T09,AECI,"Associated Electric Cooperative, Inc.",DF,Day-ahead demand forecast,2195,megawatthours
2026-09-08T09,AVA,Avista Corporation,D,Demand,989,megawatthours
2026-09-08T09,AVA,Avista Corporation,DF,Day-ahead demand forecast,1002,megawatthours
2026-09-08T09,AZPS,Arizona Public Service Company,D,Demand,5832,megawatthours
2026-09-08T09,AZPS,Arizona Public Service Company,DF,Day-ahead demand forecast,5248,megawatthours
2026-09-08T09,BANC,Balancing Authority of Northern California,D,Demand,1760,megawatthours
2026-09-08T09,BANC,Balancing Authority of Northern California,DF,Day-ahead demand forecast,1785,megawatthours
2026-09-08T09,BHBA,Black Hills Energy,D,Demand,794,megawatthours
2026-09-08T09,BHBA,Black Hills Energy,DF,Day-ahead demand forecast,763,megawatthours
2026-09-08T09,BPAT,Bonneville Power Administration,D,Demand,5561,megawatthours
2026-09-08T09,BPAT,Bonneville Power Administration,DF,Day-ahead demand forecast,5596,megawatthours
2026-09-08T09,CAL,California,D,Demand,32043,megawatthours
2026-09-08T09,CAL,California,DF,Day-ahead demand forecast,31469,megawatthours
2026-09-08T09,CAR,Carolinas,D,Demand,19930,megawatthours
2026-09-08T09,CAR,Carolinas,DF,Day-ahead demand forecast,20111,megawatthours
2026-09-08T09,CENT,Central,D,Demand,36005,megawatthours
2026-09-08T09,CHPD,Public Utility District No. 1 of Chelan County,D,Demand,147,megawatthours
2026-09-08T09,CHPD,Public Utility District No. 1 of Chelan County,DF,Day-ahead demand forecast,150,megawatthours
2026-09-08T09,CISO,California Independent System Operator,D,Demand,26920,megawatthours
2026-09-08T09,CISO,California Independent System Operator,DF,Day-ahead demand forecast,25990,megawatthours
2026-09-08T09,CPLE,Duke Energy Progress East,D,Demand,5171,megawatthours
2026-09-08T09,CPLE,Duke Energy Progress East,DF,Day-ahead demand forecast,5245,megawatthours
2026-09-08T09,CPLW,Duke Energy Progress West,D,Demand,376,megawatthours
2026-09-08T09,CPLW,Duke Energy Progress West,DF,Day-ahead demand forecast,364,megawatthours
2026-09-08T09,DOPD,PUD No. 1 of Douglas County,D,Demand,227,megawatthours
2026-09-08T09,DOPD,PUD No. 1 of Douglas County,DF,Day-ahead demand forecast,232,megawatthours
2026-09-08T09,DUK,Duke Energy Carolinas,D,Demand,9414,megawatthours
2026-09-08T09,DUK,Duke Energy Carolinas,DF,Day-ahead demand forecast,9388,megawatthours
2026-09-08T09,EPE,El Paso Electric Company,D,Demand,1173,megawatthours
2026-09-08T09,EPE,El Paso Electric Company,DF,Day-ahead demand forecast,1170,megawatthours
2026-09-08T09,ERCO,"Electric Reliability Council of Texas, Inc.",D,Demand,60022,megawatthours
2026-09-08T09,ERCO,"Electric Reliability Council of Texas, Inc.",DF,Day-ahead demand forecast,59762,megawatthours
2026-09-08T09,FLA,Florida,D,Demand,25373,megawatthours
2026-09-08T09,FLA,Florida,DF,Day-ahead demand forecast,24162,megawatthours
2026-09-08T09,FMPP,Florida Municipal Power Pool,D,Demand,1845,megawatthours
2026-09-08T09,FMPP,Florida Municipal Power Pool,DF,Day-ahead demand forecast,1915,megawatthours
2026-09-08T09,FPC,"Duke Energy Florida, Inc.",D,Demand,5433,megawatthours
2026-09-08T09,FPC,"Duke Energy Florida, Inc.",DF,Day-ahead demand forecast,4137,megawatthours
2026-09-08T09,FPL,Florida Power & Light Co.,D,Demand,13672,megawatthours
2026-09-08T09,FPL,Florida Power & Light Co.,DF,Day-ahead demand forecast,13837,megawatthours
2026-09-08T09,GCPD,"Public Utility District No. 2 of Grant County, Washington",D,Demand,660,megawatthours
2026-09-08T09,GCPD,"Public Utility District No. 2 of Grant County, Washington",DF,Day-ahead demand forecast,653,megawatthours
2026-09-08T09,GVL,Gainesville Regional Utilities,D,Demand,209,megawatthours
2026-09-08T09,GVL,Gainesville Regional Utilities,DF,Day-ahead demand forecast,189,megawatthours
2026-09-08T09,HST,City of Homestead,D,Demand,63,megawatthours
2026-09-08T09,HST,City of Homestead,DF,Day-ahead demand forecast,57,megawatthours
2026-09-08T09,IID,Imperial Irrigation District,D,Demand,339,megawatthours
2026-09-08T09,IID,Imperial Irrigation District,DF,Day-ahead demand forecast,455,megawatthours
2026-09-08T09,IPCO,Idaho Power Company,D,Demand,1733,megawatthours
2026-09-08T09,IPCO,Idaho Power Company,DF,Day-ahead demand forecast,1732,megawatthours
2026-09-08T09,ISNE,ISO New England,D,Demand,10899,megawatthours
2026-09-08T09,JEA,JEA,D,Demand,1426,megawatthours
2026-09-08T09,JEA,JEA,DF,Day-ahead demand forecast,1440,megawatthours
2026-09-08T09,LDWP,Los Angeles Department of Water and Power,D,Demand,3024,megawatthours
2026-09-08T09,LDWP,Los Angeles Department of Water and Power,DF,Day-ahead demand forecast,2923,megawatthours
2026-09-08T09,LGEE,LG&E and KU Services Company as agent for Louisville Gas and Electric Company and Kentucky Utilities Company,D,Demand,3645,megawatthours
2026-09-08T09,LGEE,LG&E and KU Services Company as agent for Louisville Gas and Electric Company and Kentucky Utilities Company,DF,Day-ahead demand forecast,3288,megawatthours
2026-09-08T09,MIDA,Mid-Atlantic,D,Demand,81525,megawatthours
2026-09-08T09,MIDA,Mid-Atlantic,DF,Day-ahead demand forecast,80067,megawatthours
2026-09-08T09,MIDW,Midwest,D,Demand,76427,megawatthours
2026-09-08T09,MIDW,Midwest,DF,Day-ahead demand forecast,74995,megawatthours
2026-09-08T09,MISO,"Midcontinent Independent System Operator, Inc.",D,Demand,70641,megawatthours
2026-09-08T09,MISO,"Midcontinent Independent System Operator, Inc.",DF,Day-ahead demand forecast,69512,megawatthours
2026-09-08T09,NE,New England,D,Demand,10899,megawatthours
2026-09-08T09,NEVP,Nevada Power Company,D,Demand,4511,megawatthours
2026-09-08T09,NEVP,Nevada Power Company,DF,Day-ahead demand forecast,4382,megawatthours
2026-09-08T09,NW,Northwest,D,Demand,34244,megawatthours
2026-09-08T09,NW,Northwest,DF,Day-ahead demand forecast,34532,megawatthours
2026-09-08T09,NWMT,NorthWestern Corporation,D,Demand,1089,megawatthours
2026-09-08T09,NWMT,NorthWestern Corporation,DF,Day-ahead demand forecast,1092,megawatthours
2026-09-08T09,NY,New York,D,Demand,14111,megawatthours
2026-09-08T09,NY,New York,DF,Day-ahead demand forecast,13880,megawatthours
2026-09-08T09,NYIS,New York Independent System Operator,D,Demand,14111,megawatthours
2026-09-08T09,NYIS,New York Independent System Operator,DF,Day-ahead demand forecast,13880,megawatthours
2026-09-08T09,PACE,PacifiCorp East,D,Demand,4885,megawatthours
2026-09-08T09,PACE,PacifiCorp East,DF,Day-ahead demand forecast,5122,megawatthours
2026-09-08T09,PACW,PacifiCorp West,D,Demand,1707,megawatthours
2026-09-08T09,PACW,PacifiCorp West,DF,Day-ahead demand forecast,1805,megawatthours
2026-09-08T09,PGE,Portland General Electric Company,D,Demand,2118,megawatthours
2026-09-08T09,PGE,Portland General Electric Company,DF,Day-ahead demand forecast,2117,megawatthours
2026-09-08T09,PJM,"PJM Interconnection, LLC",D,Demand,81525,megawatthours
2026-09-08T09,PJM,"PJM Interconnection, LLC",DF,Day-ahead demand forecast,80067,megawatthours
2026-09-08T09,PNM,Public Service Company of New Mexico,D,Demand,1727,megawatthours
2026-09-08T09,PNM,Public Service Company of New Mexico,DF,Day-ahead demand forecast,1626,megawatthours
2026-09-08T09,PSCO,Public Service Company of Colorado,D,Demand,4056,megawatthours
2026-09-08T09,PSCO,Public Service Company of Colorado,DF,Day-ahead demand forecast,3448,megawatthours
2026-09-08T09,PSEI,"Puget Sound Energy, Inc.",D,Demand,1929,megawatthours
2026-09-08T09,PSEI,"Puget Sound Energy, Inc.",DF,Day-ahead demand forecast,1864,megawatthours
2026-09-08T09,SC,South Carolina Public Service Authority,D,Demand,2721,megawatthours
2026-09-08T09,SC,South Carolina Public Service Authority,DF,Day-ahead demand forecast,2806,megawatthours
2026-09-08T09,SCEG,"Dominion Energy South Carolina, Inc.",D,Demand,2248,megawatthours
2026-09-08T09,SCEG,"Dominion Energy South Carolina, Inc.",DF,Day-ahead demand forecast,2308,megawatthours
2026-09-08T09,SCL,Seattle City Light,D,Demand,784,megawatthours
2026-09-08T09,SCL,Seattle City Light,DF,Day-ahead demand forecast,751,megawatthours
2026-09-08T09,SE,Southeast,D,Demand,24210,megawatthours
2026-09-08T09,SE,Southeast,DF,Day-ahead demand forecast,24827,megawatthours
2026-09-08T09,SEC,Seminole Electric Cooperative,D,Demand,221,megawatthours
2026-09-08T09,SEC,Seminole Electric Cooperative,DF,Day-ahead demand forecast,182,megawatthours
2026-09-08T09,SOCO,"Southern Company Services, Inc. - Trans",D,Demand,24210,megawatthours
2026-09-08T09,SOCO,"Southern Company Services, Inc. - Trans",DF,Day-ahead demand forecast,24827,megawatthours
2026-09-08T09,SPA,Southwestern Power Administration,D,Demand,26,megawatthours
2026-09-08T09,SRP,Salt River Project Agricultural Improvement and Power District,D,Demand,4909,megawatthours
2026-09-08T09,SRP,Salt River Project Agricultural Improvement and Power District,DF,Day-ahead demand forecast,4994,megawatthours
2026-09-08T09,SW,Southwest,D,Demand,16189,megawatthours
2026-09-08T09,SW,Southwest,DF,Day-ahead demand forecast,15566,megawatthours
2026-09-08T09,SWPP,Southwest Power Pool,D,Demand,35979,megawatthours
2026-09-08T09,SWPW,Southwest Power Pool West Balancing Authority Area,D,Demand,2723,megawatthours
2026-09-08T09,SWPW,Southwest Power Pool West Balancing Authority Area,DF,Day-ahead demand forecast,3484,megawatthours
2026-09-08T09,TAL,City of Tallahassee,D,Demand,303,megawatthours
2026-09-08T09,TAL,City of Tallahassee,DF,Day-ahead demand forecast,300,megawatthours
2026-09-08T09,TEC,Tampa Electric Company,D,Demand,2201,megawatthours
2026-09-08T09,TEC,Tampa Electric Company,DF,Day-ahead demand forecast,2105,megawatthours
2026-09-08T09,TEN,Tennessee,D,Demand,17356,megawatthours
2026-09-08T09,TEN,Tennessee,DF,Day-ahead demand forecast,16907,megawatthours
2026-09-08T09,TEPC,Tucson Electric Power,D,Demand,1707,megawatthours
2026-09-08T09,TEPC,Tucson Electric Power,DF,Day-ahead demand forecast,1786,megawatthours
2026-09-08T09,TEX,Texas,D,Demand,60022,megawatthours
2026-09-08T09,TEX,Texas,DF,Day-ahead demand forecast,59762,megawatthours
2026-09-08T09,TIDC,Turlock Irrigation District,D,Demand,0,megawatthours
2026-09-08T09,TIDC,Turlock Irrigation District,DF,Day-ahead demand forecast,316,megawatthours
2026-09-08T09,TPWR,"City of Tacoma, Department of Public Utilities, Light Division",D,Demand,331,megawatthours
2026-09-08T09,TPWR,"City of Tacoma, Department of Public Utilities, Light Division",DF,Day-ahead demand forecast,339,megawatthours
2026-09-08T09,TVA,Tennessee Valley Authority,D,Demand,17356,megawatthours
2026-09-08T09,TVA,Tennessee Valley Authority,DF,Day-ahead demand forecast,16907,megawatthours
2026-09-08T09,US48,United States Lower 48,D,Demand,448334,megawatthours
2026-09-08T09,US48,United States Lower 48,DF,Day-ahead demand forecast,396277,megawatthours
2026-09-08T09,WALC,Western Area Power Administration - Desert Southwest Region,D,Demand,841,megawatthours
2026-09-08T09,WALC,Western Area Power Administration - Desert Southwest Region,DF,Day-ahead demand forecast,742,megawatthours
2026-09-08T08,AECI,"Associated Electric Cooperative, Inc.",D,Demand,2220,megawatthours
2026-09-08T08,AECI,"Associated Electric Cooperative, Inc.",DF,Day-ahead demand forecast,2311,megawatthours
2026-09-08T08,AVA,Avista Corporation,D,Demand,1003,megawatthours
2026-09-08T08,AVA,Avista Corporation,DF,Day-ahead demand forecast,1047,megawatthours
2026-09-08T08,AZPS,Arizona Public Service Company,D,Demand,5906,megawatthours
2026-09-08T08,AZPS,Arizona Public Service Company,DF,Day-ahead demand forecast,5436,megawatthours
2026-09-08T08,BANC,Balancing Authority of Northern California,D,Demand,1891,megawatthours
2026-09-08T08,BANC,Balancing Authority of Northern California,DF,Day-ahead demand forecast,1890,megawatthours
2026-09-08T08,BHBA,Black Hills Energy,D,Demand,810,megawatthours
2026-09-08T08,BHBA,Black Hills Energy,DF,Day-ahead demand forecast,783,megawatthours
2026-09-08T08,BPAT,Bonneville Power Administration,D,Demand,5710,megawatthours
2026-09-08T08,BPAT,Bonneville Power Administration,DF,Day-ahead demand forecast,5750,megawatthours
2026-09-08T08,CAL,California,D,Demand,33620,megawatthours
2026-09-08T08,CAL,California,DF,Day-ahead demand forecast,33220,megawatthours
2026-09-08T08,CAR,Carolinas,D,Demand,19858,megawatthours
2026-09-08T08,CAR,Carolinas,DF,Day-ahead demand forecast,20147,megawatthours
2026-09-08T08,CENT,Central,D,Demand,36744,megawatthours
2026-09-08T08,CHPD,Public Utility District No. 1 of Chelan County,D,Demand,147,megawatthours
2026-09-08T08,CHPD,Public Utility District No. 1 of Chelan County,DF,Day-ahead demand forecast,154,megawatthours
2026-09-08T08,CISO,California Independent System Operator,D,Demand,28214,megawatthours
2026-09-08T08,CISO,California Independent System Operator,DF,Day-ahead demand forecast,27403,megawatthours
2026-09-08T08,CPLE,Duke Energy Progress East,D,Demand,5182,megawatthours
2026-09-08T08,CPLE,Duke Energy Progress East,DF,Day-ahead demand forecast,5243,megawatthours
2026-09-08T08,CPLW,Duke Energy Progress West,D,Demand,377,megawatthours
2026-09-08T08,CPLW,Duke Energy Progress West,DF,Day-ahead demand forecast,360,megawatthours
2026-09-08T08,DOPD,PUD No. 1 of Douglas County,D,Demand,232,megawatthours
2026-09-08T08,DOPD,PUD No. 1 of Douglas County,DF,Day-ahead demand forecast,237,megawatthours
2026-09-08T08,DUK,Duke Energy Carolinas,D,Demand,9373,megawatthours
2026-09-08T08,DUK,Duke Energy Carolinas,DF,Day-ahead demand forecast,9355,megawatthours
2026-09-08T08,EPE,El Paso Electric Company,D,Demand,1232,megawatthours
2026-09-08T08,EPE,El Paso Electric Company,DF,Day-ahead demand forecast,1229,megawatthours
2026-09-08T08,ERCO,"Electric Reliability Council of Texas, Inc.",D,Demand,61337,megawatthours
2026-09-08T08,ERCO,"Electric Reliability Council of Texas, Inc.",DF,Day-ahead demand forecast,61140,megawatthours
2026-09-08T08,FLA,Florida,D,Demand,25271,megawatthours
2026-09-08T08,FLA,Florida,DF,Day-ahead demand forecast,24130,megawatthours
2026-09-08T08,FMPP,Florida Municipal Power Pool,D,Demand,1814,megawatthours
2026-09-08T08,FMPP,Florida Municipal Power Pool,DF,Day-ahead demand forecast,1880,megawatthours
2026-09-08T08,FPC,"Duke Energy Florida, Inc.",D,Demand,5419,megawatthours
2026-09-08T08,FPC,"Duke Energy Florida, Inc.",DF,Day-ahead demand forecast,4126,megawatthours
2026-09-08T08,FPL,Florida Power & Light Co.,D,Demand,13647,megawatthours
2026-09-08T08,FPL,Florida Power & Light Co.,DF,Day-ahead demand forecast,13875,megawatthours
2026-09-08T08,GCPD,"Public Utility District No. 2 of Grant County, Washington",D,Demand,667,megawatthours
2026-09-08T08,GCPD,"Public Utility District No. 2 of Grant County, Washington",DF,Day-ahead demand forecast,659,megawatthours
2026-09-08T08,GVL,Gainesville Regional Utilities,D,Demand,211,megawatthours
2026-09-08T08,GVL,Gainesville Regional Utilities,DF,Day-ahead demand forecast,191,megawatthours
2026-09-08T08,HST,City of Homestead,D,Demand,63,megawatthours
2026-09-08T08,HST,City of Homestead,DF,Day-ahead demand forecast,59,megawatthours
2026-09-08T08,IID,Imperial Irrigation District,D,Demand,339,megawatthours
2026-09-08T08,IID,Imperial Irrigation District,DF,Day-ahead demand forecast,486,megawatthours
2026-09-08T08,IPCO,Idaho Power Company,D,Demand,1763,megawatthours
2026-09-08T08,IPCO,Idaho Power Company,DF,Day-ahead demand forecast,1938,megawatthours
2026-09-08T08,ISNE,ISO New England,D,Demand,10705,megawatthours
2026-09-08T08,JEA,JEA,D,Demand,1414,megawatthours
2026-09-08T08,JEA,JEA,DF,Day-ahead demand forecast,1429,megawatthours
2026-09-08T08,LDWP,Los Angeles Department of Water and Power,D,Demand,3176,megawatthours
2026-09-08T08,LDWP,Los Angeles Department of Water and Power,DF,Day-ahead demand forecast,3105,megawatthours
2026-09-08T08,LGEE,LG&E and KU Services Company as agent for Louisville Gas and Electric Company and Kentucky Utilities Company,D,Demand,3665,megawatthours
2026-09-08T08,LGEE,LG&E and KU Services Company as agent for Louisville Gas and Electric Company and Kentucky Utilities Company,DF,Day-ahead demand forecast,3309,megawatthours
2026-09-08T08,MIDA,Mid-Atlantic,D,Demand,81477,megawatthours
2026-09-08T08,MIDA,Mid-Atlantic,DF,Day-ahead demand forecast,77581,megawatthours
2026-09-08T08,MIDW,Midwest,D,Demand,77066,megawatthours
2026-09-08T08,MIDW,Midwest,DF,Day-ahead demand forecast,75619,megawatthours
2026-09-08T08,MISO,"Midcontinent Independent System Operator, Inc.",D,Demand,71181,megawatthours
2026-09-08T08,MISO,"Midcontinent Independent System Operator, Inc.",DF,Day-ahead demand forecast,69999,megawatthours
2026-09-08T08,NE,New England,D,Demand,10705,megawatthours
2026-09-08T08,NEVP,Nevada Power Company,D,Demand,4768,megawatthours
2026-09-08T08,NEVP,Nevada Power Company,DF,Day-ahead demand forecast,4479,megawatthours
2026-09-08T08,NW,Northwest,D,Demand,35278,megawatthours
2026-09-08T08,NW,Northwest,DF,Day-ahead demand forecast,35882,megawatthours
2026-09-08T08,NWMT,NorthWestern Corporation,D,Demand,1087,megawatthours
2026-09-08T08,NWMT,NorthWestern Corporation,DF,Day-ahead demand forecast,1117,megawatthours
2026-09-08T08,NY,New York,D,Demand,14044,megawatthours
2026-09-08T08,NY,New York,DF,Day-ahead demand forecast,13792,megawatthours
2026-09-08T08,NYIS,New York Independent System Operator,D,Demand,14044,megawatthours
2026-09-08T08,NYIS,New York Independent System Operator,DF,Day-ahead demand forecast,13792,megawatthours
2026-09-08T08,PACE,PacifiCorp East,D,Demand,4908,megawatthours
2026-09-08T08,PACE,PacifiCorp East,DF,Day-ahead demand forecast,5297,megawatthours
2026-09-08T08,PACW,PacifiCorp West,D,Demand,1775,megawatthours
2026-09-08T08,PACW,PacifiCorp West,DF,Day-ahead demand forecast,1873,megawatthours
2026-09-08T08,PGE,Portland General Electric Company,D,Demand,2202,megawatthours
2026-09-08T08,PGE,Portland General Electric Company,DF,Day-ahead demand forecast,2264,megawatthours
2026-09-08T08,PJM,"PJM Interconnection, LLC",D,Demand,81477,megawatthours
2026-09-08T08,PJM,"PJM Interconnection, LLC",DF,Day-ahead demand forecast,77581,megawatthours
2026-09-08T08,PNM,Public Service Company of New Mexico,D,Demand,1779,megawatthours
2026-09-08T08,PNM,Public Service Company of New Mexico,DF,Day-ahead demand forecast,1696,megawatthours
2026-09-08T08,PSCO,Public Service Company of Colorado,D,Demand,4202,megawatthours
2026-09-08T08,PSCO,Public Service Company of Colorado,DF,Day-ahead demand forecast,3591,megawatthours
2026-09-08T08,PSEI,"Puget Sound Energy, Inc.",D,Demand,2036,megawatthours
2026-09-08T08,PSEI,"Puget Sound Energy, Inc.",DF,Day-ahead demand forecast,1960,megawatthours
2026-09-08T08,SC,South Carolina Public Service Authority,D,Demand,2679,megawatthours
2026-09-08T08,SC,South Carolina Public Service Authority,DF,Day-ahead demand forecast,2882,megawatthours
2026-09-08T08,SCEG,"Dominion Energy South Carolina, Inc.",D,Demand,2247,megawatthours
2026-09-08T08,SCEG,"Dominion Energy South Carolina, Inc.",DF,Day-ahead demand forecast,2307,megawatthours
2026-09-08T08,SCL,Seattle City Light,D,Demand,802,megawatthours
2026-09-08T08,SCL,Seattle City Light,DF,Day-ahead demand forecast,789,megawatthours
2026-09-08T08,SE,Southeast,D,Demand,24214,megawatthours
2026-09-08T08,SE,Southeast,DF,Day-ahead demand forecast,25026,megawatthours
2026-09-08T08,SEC,Seminole Electric Cooperative,D,Demand,217,megawatthours
2026-09-08T08,SEC,Seminole Electric Cooperative,DF,Day-ahead demand forecast,180,megawatthours
2026-09-08T08,SOCO,"Southern Company Services, Inc. - Trans",D,Demand,24214,megawatthours
2026-09-08T08,SOCO,"Southern Company Services, Inc. - Trans",DF,Day-ahead demand forecast,25026,megawatthours
2026-09-08T08,SPA,Southwestern Power Administration,D,Demand,20,megawatthours
2026-09-08T08,SRP,Salt River Project Agricultural Improvement and Power District,D,Demand,5151,megawatthours
2026-09-08T08,SRP,Salt River Project Agricultural Improvement and Power District,DF,Day-ahead demand forecast,5270,megawatthours
2026-09-08T08,SW,Southwest,D,Demand,16759,megawatthours
2026-09-08T08,SW,Southwest,DF,Day-ahead demand forecast,16225,megawatthours
2026-09-08T08,SWPP,Southwest Power Pool,D,Demand,36724,megawatthours
2026-09-08T08,SWPW,Southwest Power Pool West Balancing Authority Area,D,Demand,2815,megawatthours
2026-09-08T08,SWPW,Southwest Power Pool West Balancing Authority Area,DF,Day-ahead demand forecast,3585,megawatthours
2026-09-08T08,TAL,City of Tallahassee,D,Demand,307,megawatthours
2026-09-08T08,TAL,City of Tallahassee,DF,Day-ahead demand forecast,305,megawatthours
2026-09-08T08,TEC,Tampa Electric Company,D,Demand,2179,megawatthours
2026-09-08T08,TEC,Tampa Electric Company,DF,Day-ahead demand forecast,2085,megawatthours
2026-09-08T08,TEN,Tennessee,D,Demand,17424,megawatthours
2026-09-08T08,TEN,Tennessee,DF,Day-ahead demand forecast,17243,megawatthours
2026-09-08T08,TEPC,Tucson Electric Power,D,Demand,1849,megawatthours
2026-09-08T08,TEPC,Tucson Electric Power,DF,Day-ahead demand forecast,1891,megawatthours
2026-09-08T08,TEX,Texas,D,Demand,61337,megawatthours
2026-09-08T08,TEX,Texas,DF,Day-ahead demand forecast,61140,megawatthours
2026-09-08T08,TIDC,Turlock Irrigation District,D,Demand,0,megawatthours
2026-09-08T08,TIDC,Turlock Irrigation District,DF,Day-ahead demand forecast,336,megawatthours
2026-09-08T08,TPWR,"City of Tacoma, Department of Public Utilities, Light Division",D,Demand,351,megawatthours
2026-09-08T08,TPWR,"City of Tacoma, Department of Public Utilities, Light Division",DF,Day-ahead demand forecast,359,megawatthours
2026-09-08T08,TVA,Tennessee Valley Authority,D,Demand,17424,megawatthours
2026-09-08T08,TVA,Tennessee Valley Authority,DF,Day-ahead demand forecast,17243,megawatthours
2026-09-08T08,US48,United States Lower 48,D,Demand,453797,megawatthours
2026-09-08T08,US48,United States Lower 48,DF,Day-ahead demand forecast,400005,megawatthours
2026-09-08T08,WALC,Western Area Power Administration - Desert Southwest Region,D,Demand,842,megawatthours
2026-09-08T08,WALC,Western Area Power Administration - Desert Southwest Region,DF,Day-ahead demand forecast,703,megawatthours
2026-09-08T07,AECI,"Associated Electric Cooperative, Inc.",D,Demand,2346,megawatthours
2026-09-08T07,AECI,"Associated Electric Cooperative, Inc.",DF,Day-ahead demand forecast,2493,megawatthours
2026-09-08T07,AVA,Avista Corporation,D,Demand,1053,megawatthours
2026-09-08T07,AVA,Avista Corporation,DF,Day-ahead demand forecast,1094,megawatthours
2026-09-08T07,AZPS,Arizona Public Service Company,D,Demand,6249,megawatthours
2026-09-08T07,AZPS,Arizona Public Service Company,DF,Day-ahead demand forecast,5410,megawatthours
2026-09-08T07,BANC,Balancing Authority of Northern California,D,Demand,1959,megawatthours
2026-09-08T07,BANC,Balancing Authority of Northern California,DF,Day-ahead demand forecast,1995,megawatthours
2026-09-08T07,BHBA,Black Hills Energy,D,Demand,829,megawatthours
2026-09-08T07,BHBA,Black Hills Energy,DF,Day-ahead demand forecast,791,megawatthours
2026-09-08T07,BPAT,Bonneville Power Administration,D,Demand,5962,megawatthours
2026-09-08T07,BPAT,Bonneville Power Administration,DF,Day-ahead demand forecast,5992,megawatthours
2026-09-08T07,CAL,California,D,Demand,35488,megawatthours
2026-09-08T07,CAL,California,DF,Day-ahead demand forecast,34953,megawatthours
2026-09-08T07,CAR,Carolinas,D,Demand,20288,megawatthours
2026-09-08T07,CAR,Carolinas,DF,Day-ahead demand forecast,20612,megawatthours
2026-09-08T07,CENT,Central,D,Demand,37950,megawatthours
2026-09-08T07,CHPD,Public Utility District No. 1 of Chelan County,D,Demand,160,megawatthours
2026-09-08T07,CHPD,Public Utility District No. 1 of Chelan County,DF,Day-ahead demand forecast,160,megawatthours
2026-09-08T07,CISO,California Independent System Operator,D,Demand,29356,megawatthours
2026-09-08T07,CISO,California Independent System Operator,DF,Day-ahead demand forecast,28805,megawatthours
2026-09-08T07,CPLE,Duke Energy Progress East,D,Demand,5320,megawatthours
2026-09-08T07,CPLE,Duke Energy Progress East,DF,Day-ahead demand forecast,5398,megawatthours
2026-09-08T07,CPLW,Duke Energy Progress West,D,Demand,378,megawatthours
2026-09-08T07,CPLW,Duke Energy Progress West,DF,Day-ahead demand forecast,366,megawatthours
2026-09-08T07,DOPD,PUD No. 1 of Douglas County,D,Demand,240,megawatthours
2026-09-08T07,DOPD,PUD No. 1 of Douglas County,DF,Day-ahead demand forecast,240,megawatthours
2026-09-08T07,DUK,Duke Energy Carolinas,D,Demand,9602,megawatthours
2026-09-08T07,DUK,Duke Energy Carolinas,DF,Day-ahead demand forecast,9580,megawatthours
2026-09-08T07,EPE,El Paso Electric Company,D,Demand,1321,megawatthours
2026-09-08T07,EPE,El Paso Electric Company,DF,Day-ahead demand forecast,1224,megawatthours
2026-09-08T07,ERCO,"Electric Reliability Council of Texas, Inc.",D,Demand,63556,megawatthours
2026-09-08T07,ERCO,"Electric Reliability Council of Texas, Inc.",DF,Day-ahead demand forecast,63171,megawatthours
2026-09-08T07,FLA,Florida,D,Demand,25816,megawatthours
2026-09-08T07,FLA,Florida,DF,Day-ahead demand forecast,24657,megawatthours
2026-09-08T07,FMPP,Florida Municipal Power Pool,D,Demand,1853,megawatthours
2026-09-08T07,FMPP,Florida Municipal Power Pool,DF,Day-ahead demand forecast,1900,megawatthours
2026-09-08T07,FPC,"Duke Energy Florida, Inc.",D,Demand,5511,megawatthours
2026-09-08T07,FPC,"Duke Energy Florida, Inc.",DF,Day-ahead demand forecast,4241,megawatthours
2026-09-08T07,FPL,Florida Power & Light Co.,D,Demand,13988,megawatthours
2026-09-08T07,FPL,Florida Power & Light Co.,DF,Day-ahead demand forecast,14139,megawatthours
2026-09-08T07,GCPD,"Public Utility District No. 2 of Grant County, Washington",D,Demand,677,megawatthours
2026-09-08T07,GCPD,"Public Utility District No. 2 of Grant County, Washington",DF,Day-ahead demand forecast,656,megawatthours
2026-09-08T07,GVL,Gainesville Regional Utilities,D,Demand,218,megawatthours
2026-09-08T07,GVL,Gainesville Regional Utilities,DF,Day-ahead demand forecast,198,megawatthours
2026-09-08T07,HST,City of Homestead,D,Demand,65,megawatthours
2026-09-08T07,HST,City of Homestead,DF,Day-ahead demand forecast,62,megawatthours
2026-09-08T07,IID,Imperial Irrigation District,D,Demand,521,megawatthours
2026-09-08T07,IID,Imperial Irrigation District,DF,Day-ahead demand forecast,517,megawatthours
2026-09-08T07,IPCO,Idaho Power Company,D,Demand,1822,megawatthours
2026-09-08T07,IPCO,Idaho Power Company,DF,Day-ahead demand forecast,2115,megawatthours
2026-09-08T07,ISNE,ISO New England,D,Demand,10804,megawatthours
2026-09-08T07,JEA,JEA,D,Demand,1446,megawatthours
2026-09-08T07,JEA,JEA,DF,Day-ahead demand forecast,1476,megawatthours
2026-09-08T07,LDWP,Los Angeles Department of Water and Power,D,Demand,3300,megawatthours
2026-09-08T07,LDWP,Los Angeles Department of Water and Power,DF,Day-ahead demand forecast,3296,megawatthours
2026-09-08T07,LGEE,LG&E and KU Services Company as agent for Louisville Gas and Electric Company and Kentucky Utilities Company,D,Demand,3715,megawatthours
2026-09-08T07,LGEE,LG&E and KU Services Company as agent for Louisville Gas and Electric Company and Kentucky Utilities Company,DF,Day-ahead demand forecast,3387,megawatthours
2026-09-08T07,MIDA,Mid-Atlantic,D,Demand,82731,megawatthours
2026-09-08T07,MIDA,Mid-Atlantic,DF,Day-ahead demand forecast,77309,megawatthours
2026-09-08T07,MIDW,Midwest,D,Demand,78926,megawatthours
2026-09-08T07,MIDW,Midwest,DF,Day-ahead demand forecast,77513,megawatthours
2026-09-08T07,MISO,"Midcontinent Independent System Operator, Inc.",D,Demand,72865,megawatthours
2026-09-08T07,MISO,"Midcontinent Independent System Operator, Inc.",DF,Day-ahead demand forecast,71633,megawatthours
2026-09-08T07,NE,New England,D,Demand,10804,megawatthours
2026-09-08T07,NEVP,Nevada Power Company,D,Demand,5063,megawatthours
2026-09-08T07,NEVP,Nevada Power Company,DF,Day-ahead demand forecast,4735,megawatthours
2026-09-08T07,NW,Northwest,D,Demand,37050,megawatthours
2026-09-08T07,NW,Northwest,DF,Day-ahead demand forecast,37651,megawatthours
2026-09-08T07,NWMT,NorthWestern Corporation,D,Demand,1127,megawatthours
2026-09-08T07,NWMT,NorthWestern Corporation,DF,Day-ahead demand forecast,1148,megawatthours
2026-09-08T07,NY,New York,D,Demand,14277,megawatthours
2026-09-08T07,NY,New York,DF,Day-ahead demand forecast,14038,megawatthours
2026-09-08T07,NYIS,New York Independent System Operator,D,Demand,14277,megawatthours
2026-09-08T07,NYIS,New York Independent System Operator,DF,Day-ahead demand forecast,14038,megawatthours
2026-09-08T07,PACE,PacifiCorp East,D,Demand,5131,megawatthours
2026-09-08T07,PACE,PacifiCorp East,DF,Day-ahead demand forecast,5621,megawatthours
2026-09-08T07,PACW,PacifiCorp West,D,Demand,1861,megawatthours
2026-09-08T07,PACW,PacifiCorp West,DF,Day-ahead demand forecast,1974,megawatthours
2026-09-08T07,PGE,Portland General Electric Company,D,Demand,2316,megawatthours
2026-09-08T07,PGE,Portland General Electric Company,DF,Day-ahead demand forecast,2378,megawatthours
2026-09-08T07,PJM,"PJM Interconnection, LLC",D,Demand,82731,megawatthours
2026-09-08T07,PJM,"PJM Interconnection, LLC",DF,Day-ahead demand forecast,77309,megawatthours
2026-09-08T07,PNM,Public Service Company of New Mexico,D,Demand,1849,megawatthours
2026-09-08T07,PNM,Public Service Company of New Mexico,DF,Day-ahead demand forecast,1731,megawatthours
2026-09-08T07,PSCO,Public Service Company of Colorado,D,Demand,4452,megawatthours
2026-09-08T07,PSCO,Public Service Company of Colorado,DF,Day-ahead demand forecast,3800,megawatthours
2026-09-08T07,PSEI,"Puget Sound Energy, Inc.",D,Demand,2184,megawatthours
2026-09-08T07,PSEI,"Puget Sound Energy, Inc.",DF,Day-ahead demand forecast,2001,megawatthours
2026-09-08T07,SC,South Carolina Public Service Authority,D,Demand,2699,megawatthours
2026-09-08T07,SC,South Carolina Public Service Authority,DF,Day-ahead demand forecast,2937,megawatthours
2026-09-08T07,SCEG,"Dominion Energy South Carolina, Inc.",D,Demand,2289,megawatthours
2026-09-08T07,SCEG,"Dominion Energy South Carolina, Inc.",DF,Day-ahead demand forecast,2331,megawatthours
2026-09-08T07,SCL,Seattle City Light,D,Demand,862,megawatthours
2026-09-08T07,SCL,Seattle City Light,DF,Day-ahead demand forecast,842,megawatthours
2026-09-08T07,SE,Southeast,D,Demand,24800,megawatthours
2026-09-08T07,SE,Southeast,DF,Day-ahead demand forecast,24800,megawatthours
2026-09-08T07,SEC,Seminole Electric Cooperative,D,Demand,222,megawatthours
2026-09-08T07,SEC,Seminole Electric Cooperative,DF,Day-ahead demand forecast,187,megawatthours
2026-09-08T07,SOCO,"Southern Company Services, Inc. - Trans",D,Demand,24800,megawatthours
2026-09-08T07,SOCO,"Southern Company Services, Inc. - Trans",DF,Day-ahead demand forecast,24800,megawatthours
2026-09-08T07,SPA,Southwestern Power Administration,D,Demand,30,megawatthours
2026-09-08T07,SRP,Salt River Project Agricultural Improvement and Power District,D,Demand,5384,megawatthours
2026-09-08T07,SRP,Salt River Project Agricultural Improvement and Power District,DF,Day-ahead demand forecast,5343,megawatthours
2026-09-08T07,SW,Southwest,D,Demand,17732,megawatthours
2026-09-08T07,SW,Southwest,DF,Day-ahead demand forecast,16483,megawatthours
2026-09-08T07,SWPP,Southwest Power Pool,D,Demand,37920,megawatthours
2026-09-08T07,SWPW,Southwest Power Pool West Balancing Authority Area,D,Demand,2935,megawatthours
2026-09-08T07,SWPW,Southwest Power Pool West Balancing Authority Area,DF,Day-ahead demand forecast,3727,megawatthours
2026-09-08T07,TAL,City of Tallahassee,D,Demand,321,megawatthours
2026-09-08T07,TAL,City of Tallahassee,DF,Day-ahead demand forecast,319,megawatthours
2026-09-08T07,TEC,Tampa Electric Company,D,Demand,2192,megawatthours
2026-09-08T07,TEC,Tampa Electric Company,DF,Day-ahead demand forecast,2135,megawatthours
2026-09-08T07,TEN,Tennessee,D,Demand,18062,megawatthours
2026-09-08T07,TEN,Tennessee,DF,Day-ahead demand forecast,17827,megawatthours
2026-09-08T07,TEPC,Tucson Electric Power,D,Demand,1989,megawatthours
2026-09-08T07,TEPC,Tucson Electric Power,DF,Day-ahead demand forecast,2002,megawatthours
2026-09-08T07,TEX,Texas,D,Demand,63556,megawatthours
2026-09-08T07,TEX,Texas,DF,Day-ahead demand forecast,63171,megawatthours
2026-09-08T07,TIDC,Turlock Irrigation District,D,Demand,352,megawatthours
2026-09-08T07,TIDC,Turlock Irrigation District,DF,Day-ahead demand forecast,340,megawatthours
2026-09-08T07,TPWR,"City of Tacoma, Department of Public Utilities, Light Division",D,Demand,376,megawatthours
2026-09-08T07,TPWR,"City of Tacoma, Department of Public Utilities, Light Division",DF,Day-ahead demand forecast,377,megawatthours
2026-09-08T07,TVA,Tennessee Valley Authority,D,Demand,18062,megawatthours
2026-09-08T07,TVA,Tennessee Valley Authority,DF,Day-ahead demand forecast,17827,megawatthours
2026-09-08T07,US48,United States Lower 48,D,Demand,467480,megawatthours
2026-09-08T07,US48,United States Lower 48,DF,Day-ahead demand forecast,409014,megawatthours
2026-09-08T07,WALC,Western Area Power Administration - Desert Southwest Region,D,Demand,940,megawatthours
2026-09-08T07,WALC,Western Area Power Administration - Desert Southwest Region,DF,Day-ahead demand forecast,773,megawatthours
2026-09-08T06,AECI,"Associated Electric Cooperative, Inc.",D,Demand,2510,megawatthours
2026-09-08T06,AECI,"Associated Electric Cooperative, Inc.",DF,Day-ahead demand forecast,2667,megawatthours
2026-09-08T06,AVA,Avista Corporation,D,Demand,1136,megawatthours
2026-09-08T06,AVA,Avista Corporation,DF,Day-ahead demand forecast,1162,megawatthours
2026-09-08T06,AVA,Avista Corporation,NG,Net generation,767,megawatthours
2026-09-08T06,AVA,Avista Corporation,TI,Total interchange,-369,megawatthours
2026-09-08T06,AVRN,"Avangrid Renewables, LLC",NG,Net generation,1028,megawatthours
2026-09-08T06,AVRN,"Avangrid Renewables, LLC",TI,Total interchange,1028,megawatthours
2026-09-08T06,AZPS,Arizona Public Service Company,D,Demand,6457,megawatthours
2026-09-08T06,AZPS,Arizona Public Service Company,DF,Day-ahead demand forecast,5665,megawatthours
2026-09-08T06,AZPS,Arizona Public Service Company,NG,Net generation,3636,megawatthours
2026-09-08T06,AZPS,Arizona Public Service Company,TI,Total interchange,-2821,megawatthours
2026-09-08T06,BANC,Balancing Authority of Northern California,D,Demand,2177,megawatthours
2026-09-08T06,BANC,Balancing Authority of Northern California,DF,Day-ahead demand forecast,2195,megawatthours
2026-09-08T06,BANC,Balancing Authority of Northern California,NG,Net generation,2109,megawatthours
2026-09-08T06,BANC,Balancing Authority of Northern California,TI,Total interchange,-68,megawatthours
2026-09-08T06,BHBA,Black Hills Energy,D,Demand,855,megawatthours
2026-09-08T06,BHBA,Black Hills Energy,DF,Day-ahead demand forecast,806,megawatthours
2026-09-08T06,BPAT,Bonneville Power Administration,D,Demand,6289,megawatthours
2026-09-08T06,BPAT,Bonneville Power Administration,DF,Day-ahead demand forecast,6336,megawatthours
2026-09-08T06,BPAT,Bonneville Power Administration,NG,Net generation,7329,megawatthours
2026-09-08T06,BPAT,Bonneville Power Administration,TI,Total interchange,1040,megawatthours
2026-09-08T06,CAL,California,D,Demand,38548,megawatthours
2026-09-08T06,CAL,California,DF,Day-ahead demand forecast,37744,megawatthours
2026-09-08T06,CAL,California,NG,Net generation,28965,megawatthours
2026-09-08T06,CAL,California,TI,Total interchange,-9322,megawatthours
2026-09-08T06,CAR,Carolinas,D,Demand,21069,megawatthours
2026-09-08T06,CAR,Carolinas,DF,Day-ahead demand forecast,21631,megawatthours
2026-09-08T06,CAR,Carolinas,NG,Net generation,21173,megawatthours
2026-09-08T06,CENT,Central,D,Demand,39420,megawatthours
2026-09-08T06,CHPD,Public Utility District No. 1 of Chelan County,D,Demand,167,megawatthours
2026-09-08T06,CHPD,Public Utility District No. 1 of Chelan County,DF,Day-ahead demand forecast,169,megawatthours
2026-09-08T06,CHPD,Public Utility District No. 1 of Chelan County,NG,Net generation,593,megawatthours
2026-09-08T06,CHPD,Public Utility District No. 1 of Chelan County,TI,Total interchange,426,megawatthours
2026-09-08T06,CISO,California Independent System Operator,D,Demand,31864,megawatthours
2026-09-08T06,CISO,California Independent System Operator,DF,Day-ahead demand forecast,31072,megawatthours
2026-09-08T06,CISO,California Independent System Operator,NG,Net generation,23295,megawatthours
2026-09-08T06,CISO,California Independent System Operator,TI,Total interchange,-8313,megawatthours
2026-09-08T06,CPLE,Duke Energy Progress East,D,Demand,5537,megawatthours
2026-09-08T06,CPLE,Duke Energy Progress East,DF,Day-ahead demand forecast,5692,megawatthours
2026-09-08T06,CPLW,Duke Energy Progress West,D,Demand,392,megawatthours
2026-09-08T06,CPLW,Duke Energy Progress West,DF,Day-ahead demand forecast,381,megawatthours
2026-09-08T06,DEAA,"Arlington Valley, LLC",NG,Net generation,534,megawatthours
2026-09-08T06,DEAA,"Arlington Valley, LLC",TI,Total interchange,534,megawatthours
2026-09-08T06,DOPD,PUD No. 1 of Douglas County,D,Demand,246,megawatthours
2026-09-08T06,DOPD,PUD No. 1 of Douglas County,DF,Day-ahead demand forecast,249,megawatthours
2026-09-08T06,DOPD,PUD No. 1 of Douglas County,NG,Net generation,214,megawatthours
2026-09-08T06,DOPD,PUD No. 1 of Douglas County,TI,Total interchange,-32,megawatthours
2026-09-08T06,DUK,Duke Energy Carolinas,D,Demand,9996,megawatthours
2026-09-08T06,DUK,Duke Energy Carolinas,DF,Day-ahead demand forecast,10038,megawatthours
2026-09-08T06,EPE,El Paso Electric Company,D,Demand,1421,megawatthours
2026-09-08T06,EPE,El Paso Electric Company,DF,Day-ahead demand forecast,1336,megawatthours
2026-09-08T06,EPE,El Paso Electric Company,NG,Net generation,912,megawatthours
2026-09-08T06,EPE,El Paso Electric Company,TI,Total interchange,-509,megawatthours
2026-09-08T06,ERCO,"Electric Reliability Council of Texas, Inc.",D,Demand,66641,megawatthours
2026-09-08T06,ERCO,"Electric Reliability Council of Texas, Inc.",DF,Day-ahead demand forecast,66069,megawatthours
2026-09-08T06,FLA,Florida,D,Demand,26836,megawatthours
2026-09-08T06,FLA,Florida,DF,Day-ahead demand forecast,25939,megawatthours
2026-09-08T06,FMPP,Florida Municipal Power Pool,D,Demand,1910,megawatthours
2026-09-08T06,FMPP,Florida Municipal Power Pool,DF,Day-ahead demand forecast,1960,megawatthours
2026-09-08T06,FPC,"Duke Energy Florida, Inc.",D,Demand,5766,megawatthours
2026-09-08T06,FPC,"Duke Energy Florida, Inc.",DF,Day-ahead demand forecast,4451,megawatthours
2026-09-08T06,FPL,Florida Power & Light Co.,D,Demand,14511,megawatthours
2026-09-08T06,FPL,Florida Power & Light Co.,DF,Day-ahead demand forecast,14928,megawatthours
2026-09-08T06,GCPD,"Public Utility District No. 2 of Grant County, Washington",D,Demand,693,megawatthours
2026-09-08T06,GCPD,"Public Utility District No. 2 of Grant County, Washington",DF,Day-ahead demand forecast,666,megawatthours
2026-09-08T06,GCPD,"Public Utility District No. 2 of Grant County, Washington",NG,Net generation,722,megawatthours
2026-09-08T06,GCPD,"Public Utility District No. 2 of Grant County, Washington",TI,Total interchange,22,megawatthours
2026-09-08T06,GRID,"Gridforce Energy Management, LLC",NG,Net generation,2291,megawatthours
2026-09-08T06,GRID,"Gridforce Energy Management, LLC",TI,Total interchange,2291,megawatthours
2026-09-08T06,GVL,Gainesville Regional Utilities,D,Demand,230,megawatthours
2026-09-08T06,GVL,Gainesville Regional Utilities,DF,Day-ahead demand forecast,211,megawatthours
2026-09-08T06,HST,City of Homestead,D,Demand,68,megawatthours
2026-09-08T06,HST,City of Homestead,DF,Day-ahead demand forecast,67,megawatthours
2026-09-08T06,IID,Imperial Irrigation District,D,Demand,563,megawatthours
2026-09-08T06,IID,Imperial Irrigation District,DF,Day-ahead demand forecast,562,megawatthours
2026-09-08T06,IID,Imperial Irrigation District,NG,Net generation,672,megawatthours
2026-09-08T06,IID,Imperial Irrigation District,TI,Total interchange,109,megawatthours
2026-09-08T06,IPCO,Idaho Power Company,D,Demand,1918,megawatthours
2026-09-08T06,IPCO,Idaho Power Company,DF,Day-ahead demand forecast,2262,megawatthours
2026-09-08T06,IPCO,Idaho Power Company,NG,Net generation,1615,megawatthours
2026-09-08T06,IPCO,Idaho Power Company,TI,Total interchange,-303,megawatthours
2026-09-08T06,ISNE,ISO New England,D,Demand,10999,megawatthours
2026-09-08T06,JEA,JEA,D,Demand,1492,megawatthours
2026-09-08T06,JEA,JEA,DF,Day-ahead demand forecast,1556,megawatthours
2026-09-08T06,LDWP,Los Angeles Department of Water and Power,D,Demand,3560,megawatthours
2026-09-08T06,LDWP,Los Angeles Department of Water and Power,DF,Day-ahead demand forecast,3542,megawatthours
2026-09-08T06,LDWP,Los Angeles Department of Water and Power,NG,Net generation,2559,megawatthours
2026-09-08T06,LDWP,Los Angeles Department of Water and Power,TI,Total interchange,-1001,megawatthours
2026-09-08T06,LGEE,LG&E and KU Services Company as agent for Louisville Gas and Electric Company and Kentucky Utilities Company,D,Demand,3893,megawatthours
2026-09-08T06,LGEE,LG&E and KU Services Company as agent for Louisville Gas and Electric Company and Kentucky Utilities Company,DF,Day-ahead demand forecast,3517,megawatthours
2026-09-08T06,MIDA,Mid-Atlantic,D,Demand,84792,megawatthours
2026-09-08T06,MIDA,Mid-Atlantic,DF,Day-ahead demand forecast,78818,megawatthours
2026-09-08T06,MIDW,Midwest,D,Demand,81767,megawatthours
2026-09-08T06,MIDW,Midwest,DF,Day-ahead demand forecast,80393,megawatthours
2026-09-08T06,MISO,"Midcontinent Independent System Operator, Inc.",D,Demand,75364,megawatthours
2026-09-08T06,MISO,"Midcontinent Independent System Operator, Inc.",DF,Day-ahead demand forecast,74209,megawatthours
2026-09-08T06,NE,New England,D,Demand,10999,megawatthours
2026-09-08T06,NEVP,Nevada Power Company,D,Demand,5421,megawatthours
2026-09-08T06,NEVP,Nevada Power Company,DF,Day-ahead demand forecast,5104,megawatthours
2026-09-08T06,NEVP,Nevada Power Company,NG,Net generation,3674,megawatthours
2026-09-08T06,NEVP,Nevada Power Company,TI,Total interchange,-614,megawatthours
2026-09-08T06,NW,Northwest,D,Demand,40091,megawatthours
2026-09-08T06,NW,Northwest,DF,Day-ahead demand forecast,39630,megawatthours
2026-09-08T06,NWMT,NorthWestern Corporation,D,Demand,1174,megawatthours
2026-09-08T06,NWMT,NorthWestern Corporation,DF,Day-ahead demand forecast,1041,megawatthours
2026-09-08T06,NY,New York,D,Demand,14720,megawatthours
2026-09-08T06,NY,New York,DF,Day-ahead demand forecast,14434,megawatthours
2026-09-08T06,NYIS,New York Independent System Operator,D,Demand,14720,megawatthours
2026-09-08T06,NYIS,New York Independent System Operator,DF,Day-ahead demand forecast,14434,megawatthours
2026-09-08T06,PACE,PacifiCorp East,D,Demand,5305,megawatthours
2026-09-08T06,PACE,PacifiCorp East,DF,Day-ahead demand forecast,5917,megawatthours
2026-09-08T06,PACW,PacifiCorp West,D,Demand,2012,megawatthours
2026-09-08T06,PACW,PacifiCorp West,DF,Day-ahead demand forecast,2128,megawatthours
2026-09-08T06,PACW,PacifiCorp West,NG,Net generation,907,megawatthours
2026-09-08T06,PACW,PacifiCorp West,TI,Total interchange,-1105,megawatthours
2026-09-08T06,PGE,Portland General Electric Company,D,Demand,2504,megawatthours
2026-09-08T06,PGE,Portland General Electric Company,DF,Day-ahead demand forecast,2515,megawatthours
2026-09-08T06,PGE,Portland General Electric Company,NG,Net generation,1275,megawatthours
2026-09-08T06,PGE,Portland General Electric Company,TI,Total interchange,-1229,megawatthours
2026-09-08T06,PJM,"PJM Interconnection, LLC",D,Demand,84792,megawatthours
2026-09-08T06,PJM,"PJM Interconnection, LLC",DF,Day-ahead demand forecast,78818,megawatthours
2026-09-08T06,PNM,Public Service Company of New Mexico,D,Demand,1965,megawatthours
2026-09-08T06,PNM,Public Service Company of New Mexico,DF,Day-ahead demand forecast,1843,megawatthours
2026-09-08T06,PNM,Public Service Company of New Mexico,NG,Net generation,1511,megawatthours
2026-09-08T06,PNM,Public Service Company of New Mexico,TI,Total interchange,-423,megawatthours
2026-09-08T06,PSCO,Public Service Company of Colorado,D,Demand,5516,megawatthours
2026-09-08T06,PSCO,Public Service Company of Colorado,DF,Day-ahead demand forecast,4042,megawatthours
2026-09-08T06,PSEI,"Puget Sound Energy, Inc.",D,Demand,2392,megawatthours
2026-09-08T06,PSEI,"Puget Sound Energy, Inc.",DF,Day-ahead demand forecast,2034,megawatthours
2026-09-08T06,PSEI,"Puget Sound Energy, Inc.",NG,Net generation,581,megawatthours
2026-09-08T06,PSEI,"Puget Sound Energy, Inc.",TI,Total interchange,-1811,megawatthours
2026-09-08T06,SC,South Carolina Public Service Authority,D,Demand,2772,megawatthours
2026-09-08T06,SC,South Carolina Public Service Authority,DF,Day-ahead demand forecast,3120,megawatthours
2026-09-08T06,SCEG,"Dominion Energy South Carolina, Inc.",D,Demand,2372,megawatthours
2026-09-08T06,SCEG,"Dominion Energy South Carolina, Inc.",DF,Day-ahead demand forecast,2400,megawatthours
2026-09-08T06,SCL,Seattle City Light,D,Demand,942,megawatthours
2026-09-08T06,SCL,Seattle City Light,DF,Day-ahead demand forecast,907,megawatthours
2026-09-08T06,SCL,Seattle City Light,NG,Net generation,477,megawatthours
2026-09-08T06,SCL,Seattle City Light,TI,Total interchange,-465,megawatthours
2026-09-08T06,SE,Southeast,D,Demand,25859,megawatthours
2026-09-08T06,SE,Southeast,DF,Day-ahead demand forecast,25859,megawatthours
2026-09-08T06,SEC,Seminole Electric Cooperative,D,Demand,235,megawatthours
2026-09-08T06,SEC,Seminole Electric Cooperative,DF,Day-ahead demand forecast,198,megawatthours
2026-09-08T06,SOCO,"Southern Company Services, Inc. - Trans",D,Demand,25859,megawatthours
2026-09-08T06,SOCO,"Southern Company Services, Inc. - Trans",DF,Day-ahead demand forecast,25859,megawatthours
2026-09-08T06,SPA,Southwestern Power Administration,D,Demand,24,megawatthours
2026-09-08T06,SRP,Salt River Project Agricultural Improvement and Power District,D,Demand,5629,megawatthours
2026-09-08T06,SRP,Salt River Project Agricultural Improvement and Power District,DF,Day-ahead demand forecast,5680,megawatthours
2026-09-08T06,SRP,Salt River Project Agricultural Improvement and Power District,NG,Net generation,9220,megawatthours
2026-09-08T06,SRP,Salt River Project Agricultural Improvement and Power District,TI,Total interchange,3591,megawatthours
2026-09-08T06,SW,Southwest,D,Demand,18543,megawatthours
2026-09-08T06,SW,Southwest,DF,Day-ahead demand forecast,17418,megawatthours
2026-09-08T06,SW,Southwest,NG,Net generation,19925,megawatthours
2026-09-08T06,SW,Southwest,TI,Total interchange,1413,megawatthours
2026-09-08T06,SWPP,Southwest Power Pool,D,Demand,39396,megawatthours
2026-09-08T06,SWPW,Southwest Power Pool West Balancing Authority Area,D,Demand,3103,megawatthours
2026-09-08T06,SWPW,Southwest Power Pool West Balancing Authority Area,DF,Day-ahead demand forecast,3889,megawatthours
2026-09-08T06,TAL,City of Tallahassee,D,Demand,342,megawatthours
2026-09-08T06,TAL,City of Tallahassee,DF,Day-ahead demand forecast,340,megawatthours
2026-09-08T06,TEC,Tampa Electric Company,D,Demand,2282,megawatthours
2026-09-08T06,TEC,Tampa Electric Company,DF,Day-ahead demand forecast,2228,megawatthours
2026-09-08T06,TEN,Tennessee,D,Demand,18787,megawatthours
2026-09-08T06,TEN,Tennessee,DF,Day-ahead demand forecast,18580,megawatthours
2026-09-08T06,TEPC,Tucson Electric Power,D,Demand,2136,megawatthours
2026-09-08T06,TEPC,Tucson Electric Power,DF,Day-ahead demand forecast,2117,megawatthours
2026-09-08T06,TEPC,Tucson Electric Power,NG,Net generation,2625,megawatthours
2026-09-08T06,TEPC,Tucson Electric Power,TI,Total interchange,489,megawatthours
2026-09-08T06,TEX,Texas,D,Demand,66641,megawatthours
2026-09-08T06,TEX,Texas,DF,Day-ahead demand forecast,66069,megawatthours
2026-09-08T06,TIDC,Turlock Irrigation District,D,Demand,384,megawatthours
2026-09-08T06,TIDC,Turlock Irrigation District,DF,Day-ahead demand forecast,373,megawatthours
2026-09-08T06,TIDC,Turlock Irrigation District,NG,Net generation,330,megawatthours
2026-09-08T06,TIDC,Turlock Irrigation District,TI,Total interchange,-49,megawatthours
2026-09-08T06,TPWR,"City of Tacoma, Department of Public Utilities, Light Division",D,Demand,418,megawatthours
2026-09-08T06,TPWR,"City of Tacoma, Department of Public Utilities, Light Division",DF,Day-ahead demand forecast,403,megawatthours
2026-09-08T06,TPWR,"City of Tacoma, Department of Public Utilities, Light Division",NG,Net generation,189,megawatthours
2026-09-08T06,TPWR,"City of Tacoma, Department of Public Utilities, Light Division",TI,Total interchange,-229,megawatthours
2026-09-08T06,TVA,Tennessee Valley Authority,D,Demand,18787,megawatthours
2026-09-08T06,TVA,Tennessee Valley Authority,DF,Day-ahead demand forecast,18580,megawatthours
2026-09-08T06,US48,United States Lower 48,D,Demand,488072,megawatthours
2026-09-08T06,US48,United States Lower 48,DF,Day-ahead demand forecast,426516,megawatthours
2026-09-08T06,WALC,Western Area Power Administration - Desert Southwest Region,D,Demand,935,megawatthours
2026-09-08T06,WALC,Western Area Power Administration - Desert Southwest Region,DF,Day-ahead demand forecast,777,megawatthours
2026-09-08T06,WALC,Western Area Power Administration - Desert Southwest Region,NG,Net generation,1487,megawatthours
2026-09-08T06,WALC,Western Area Power Administration - Desert Southwest Region,TI,Total interchange,552,megawatthours
2026-09-08T05,AECI,"Associated Electric Cooperative, Inc.",D,Demand,2719,megawatthours
2026-09-08T05,AECI,"Associated Electric Cooperative, Inc.",DF,Day-ahead demand forecast,2989,megawatthours
2026-09-08T05,AVA,Avista Corporation,D,Demand,1230,megawatthours
2026-09-08T05,AVA,Avista Corporation,DF,Day-ahead demand forecast,1231,megawatthours
2026-09-08T05,AVA,Avista Corporation,NG,Net generation,770,megawatthours
2026-09-08T05,AVA,Avista Corporation,TI,Total interchange,-460,megawatthours
2026-09-08T05,AVRN,"Avangrid Renewables, LLC",NG,Net generation,1140,megawatthours
2026-09-08T05,AVRN,"Avangrid Renewables, LLC",TI,Total interchange,1140,megawatthours
2026-09-08T05,AZPS,Arizona Public Service Company,D,Demand,6910,megawatthours
2026-09-08T05,AZPS,Arizona Public Service Company,DF,Day-ahead demand forecast,6112,megawatthours
2026-09-08T05,AZPS,Arizona Public Service Company,NG,Net generation,3865,megawatthours
2026-09-08T05,AZPS,Arizona Public Service Company,TI,Total interchange,-3045,megawatthours
2026-09-08T05,BANC,Balancing Authority of Northern California,D,Demand,2407,megawatthours
2026-09-08T05,BANC,Balancing Authority of Northern California,DF,Day-ahead demand forecast,2431,megawatthours
2026-09-08T05,BANC,Balancing Authority of Northern California,NG,Net generation,2010,megawatthours
2026-09-08T05,BANC,Balancing Authority of Northern California,TI,Total interchange,-396,megawatthours
2026-09-08T05,BHBA,Black Hills Energy,D,Demand,904,megawatthours
2026-09-08T05,BHBA,Black Hills Energy,DF,Day-ahead demand forecast,857,megawatthours
2026-09-08T05,BHBA,Black Hills Energy,NG,Net generation,868,megawatthours
2026-09-08T05,BHBA,Black Hills Energy,TI,Total interchange,67,megawatthours
2026-09-08T05,BPAT,Bonneville Power Administration,D,Demand,6681,megawatthours
2026-09-08T05,BPAT,Bonneville Power Administration,DF,Day-ahead demand forecast,6724,megawatthours
2026-09-08T05,BPAT,Bonneville Power Administration,NG,Net generation,7310,megawatthours
2026-09-08T05,BPAT,Bonneville Power Administration,TI,Total interchange,629,megawatthours
2026-09-08T05,CAL,California,D,Demand,41456,megawatthours
2026-09-08T05,CAL,California,DF,Day-ahead demand forecast,40846,megawatthours
2026-09-08T05,CAL,California,NG,Net generation,31984,megawatthours
2026-09-08T05,CAL,California,TI,Total interchange,-9039,megawatthours
2026-09-08T05,CAR,Carolinas,D,Demand,22404,megawatthours
2026-09-08T05,CAR,Carolinas,DF,Day-ahead demand forecast,23014,megawatthours
2026-09-08T05,CAR,Carolinas,NG,Net generation,23299,megawatthours
2026-09-08T05,CENT,Central,D,Demand,41343,megawatthours
2026-09-08T05,CENT,Central,DF,Day-ahead demand forecast,42295,megawatthours
2026-09-08T05,CHPD,Public Utility District No. 1 of Chelan County,D,Demand,180,megawatthours
2026-09-08T05,CHPD,Public Utility District No. 1 of Chelan County,DF,Day-ahead demand forecast,179,megawatthours
2026-09-08T05,CHPD,Public Utility District No. 1 of Chelan County,NG,Net generation,614,megawatthours
2026-09-08T05,CHPD,Public Utility District No. 1 of Chelan County,TI,Total interchange,434,megawatthours
2026-09-08T05,CISO,California Independent System Operator,D,Demand,34067,megawatthours
2026-09-08T05,CISO,California Independent System Operator,DF,Day-ahead demand forecast,33603,megawatthours
2026-09-08T05,CISO,California Independent System Operator,NG,Net generation,26234,megawatthours
2026-09-08T05,CISO,California Independent System Operator,TI,Total interchange,-7406,megawatthours
2026-09-08T05,CPLE,Duke Energy Progress East,D,Demand,5925,megawatthours
2026-09-08T05,CPLE,Duke Energy Progress East,DF,Day-ahead demand forecast,6096,megawatthours
2026-09-08T05,CPLW,Duke Energy Progress West,D,Demand,414,megawatthours
2026-09-08T05,CPLW,Duke Energy Progress West,DF,Day-ahead demand forecast,403,megawatthours
2026-09-08T05,DEAA,"Arlington Valley, LLC",NG,Net generation,510,megawatthours
2026-09-08T05,DEAA,"Arlington Valley, LLC",TI,Total interchange,510,megawatthours
2026-09-08T05,DOPD,PUD No. 1 of Douglas County,D,Demand,257,megawatthours
2026-09-08T05,DOPD,PUD No. 1 of Douglas County,DF,Day-ahead demand forecast,257,megawatthours
2026-09-08T05,DOPD,PUD No. 1 of Douglas County,NG,Net generation,232,megawatthours
2026-09-08T05,DOPD,PUD No. 1 of Douglas County,TI,Total interchange,-25,megawatthours
2026-09-08T05,DUK,Duke Energy Carolinas,D,Demand,10595,megawatthours
2026-09-08T05,DUK,Duke Energy Carolinas,DF,Day-ahead demand forecast,10673,megawatthours
2026-09-08T05,EPE,El Paso Electric Company,D,Demand,1550,megawatthours
2026-09-08T05,EPE,El Paso Electric Company,DF,Day-ahead demand forecast,1487,megawatthours
2026-09-08T05,EPE,El Paso Electric Company,NG,Net generation,928,megawatthours
2026-09-08T05,EPE,El Paso Electric Company,TI,Total interchange,-622,megawatthours
2026-09-08T05,ERCO,"Electric Reliability Council of Texas, Inc.",D,Demand,70371,megawatthours
2026-09-08T05,ERCO,"Electric Reliability Council of Texas, Inc.",DF,Day-ahead demand forecast,69658,megawatthours
2026-09-08T05,FLA,Florida,D,Demand,28487,megawatthours
2026-09-08T05,FLA,Florida,DF,Day-ahead demand forecast,27587,megawatthours
2026-09-08T05,FMPP,Florida Municipal Power Pool,D,Demand,2011,megawatthours
2026-09-08T05,FMPP,Florida Municipal Power Pool,DF,Day-ahead demand forecast,2050,megawatthours
2026-09-08T05,FPC,"Duke Energy Florida, Inc.",D,Demand,6155,megawatthours
2026-09-08T05,FPC,"Duke Energy Florida, Inc.",DF,Day-ahead demand forecast,4760,megawatthours
2026-09-08T05,FPL,Florida Power & Light Co.,D,Demand,15374,megawatthours
2026-09-08T05,FPL,Florida Power & Light Co.,DF,Day-ahead demand forecast,15712,megawatthours
2026-09-08T05,GCPD,"Public Utility District No. 2 of Grant County, Washington",D,Demand,712,megawatthours
2026-09-08T05,GCPD,"Public Utility District No. 2 of Grant County, Washington",DF,Day-ahead demand forecast,674,megawatthours
2026-09-08T05,GCPD,"Public Utility District No. 2 of Grant County, Washington",NG,Net generation,923,megawatthours
2026-09-08T05,GCPD,"Public Utility District No. 2 of Grant County, Washington",TI,Total interchange,209,megawatthours
2026-09-08T05,GRID,"Gridforce Energy Management, LLC",NG,Net generation,2282,megawatthours
2026-09-08T05,GRID,"Gridforce Energy Management, LLC",TI,Total interchange,2282,megawatthours
2026-09-08T05,GVL,Gainesville Regional Utilities,D,Demand,247,megawatthours
2026-09-08T05,GVL,Gainesville Regional Utilities,DF,Day-ahead demand forecast,229,megawatthours
2026-09-08T05,GWA,"NaturEner Power Watch, LLC",NG,Net generation,222,megawatthours
2026-09-08T05,GWA,"NaturEner Power Watch, LLC",TI,Total interchange,222,megawatthours
2026-09-08T05,HST,City of Homestead,D,Demand,73,megawatthours
2026-09-08T05,HST,City of Homestead,DF,Day-ahead demand forecast,82,megawatthours
2026-09-08T05,IID,Imperial Irrigation District,D,Demand,604,megawatthours
2026-09-08T05,IID,Imperial Irrigation District,DF,Day-ahead demand forecast,612,megawatthours
2026-09-08T05,IID,Imperial Irrigation District,NG,Net generation,560,megawatthours
2026-09-08T05,IID,Imperial Irrigation District,TI,Total interchange,-43,megawatthours
2026-09-08T05,IPCO,Idaho Power Company,D,Demand,2061,megawatthours
2026-09-08T05,IPCO,Idaho Power Company,DF,Day-ahead demand forecast,2456,megawatthours
2026-09-08T05,IPCO,Idaho Power Company,NG,Net generation,1736,megawatthours
2026-09-08T05,IPCO,Idaho Power Company,TI,Total interchange,-325,megawatthours
2026-09-08T05,ISNE,ISO New England,D,Demand,11018,megawatthours
2026-09-08T05,JEA,JEA,D,Demand,1586,megawatthours
2026-09-08T05,JEA,JEA,DF,Day-ahead demand forecast,1669,megawatthours
2026-09-08T05,LDWP,Los Angeles Department of Water and Power,D,Demand,3956,megawatthours
2026-09-08T05,LDWP,Los Angeles Department of Water and Power,DF,Day-ahead demand forecast,3791,megawatthours
2026-09-08T05,LDWP,Los Angeles Department of Water and Power,NG,Net generation,2835,megawatthours
2026-09-08T05,LDWP,Los Angeles Department of Water and Power,TI,Total interchange,-1121,megawatthours
2026-09-08T05,LGEE,LG&E and KU Services Company as agent for Louisville Gas and Electric Company and Kentucky Utilities Company,D,Demand,4130,megawatthours
2026-09-08T05,LGEE,LG&E and KU Services Company as agent for Louisville Gas and Electric Company and Kentucky Utilities Company,DF,Day-ahead demand forecast,3693,megawatthours
2026-09-08T05,MIDA,Mid-Atlantic,D,Demand,87815,megawatthours
2026-09-08T05,MIDA,Mid-Atlantic,DF,Day-ahead demand forecast,81288,megawatthours
2026-09-08T05,MIDW,Midwest,D,Demand,82670,megawatthours
2026-09-08T05,MIDW,Midwest,DF,Day-ahead demand forecast,85157,megawatthours
2026-09-08T05,MISO,"Midcontinent Independent System Operator, Inc.",D,Demand,75821,megawatthours
2026-09-08T05,MISO,"Midcontinent Independent System Operator, Inc.",DF,Day-ahead demand forecast,78475,megawatthours
2026-09-08T05,NE,New England,D,Demand,11018,megawatthours
2026-09-08T05,NEVP,Nevada Power Company,D,Demand,5826,megawatthours
2026-09-08T05,NEVP,Nevada Power Company,DF,Day-ahead demand forecast,5443,megawatthours
2026-09-08T05,NEVP,Nevada Power Company,NG,Net generation,3767,megawatthours
2026-09-08T05,NEVP,Nevada Power Company,TI,Total interchange,-1064,megawatthours
2026-09-08T05,NW,Northwest,D,Demand,42698,megawatthours
2026-09-08T05,NW,Northwest,DF,Day-ahead demand forecast,41425,megawatthours
2026-09-08T05,NW,Northwest,NG,Net generation,43626,megawatthours
2026-09-08T05,NW,Northwest,TI,Total interchange,2024,megawatthours
2026-09-08T05,NWMT,NorthWestern Corporation,D,Demand,1253,megawatthours
2026-09-08T05,NWMT,NorthWestern Corporation,DF,Day-ahead demand forecast,1100,megawatthours
2026-09-08T05,NWMT,NorthWestern Corporation,NG,Net generation,2981,megawatthours
2026-09-08T05,NWMT,NorthWestern Corporation,TI,Total interchange,1728,megawatthours
2026-09-08T05,NY,New York,D,Demand,15395,megawatthours
2026-09-08T05,NY,New York,DF,Day-ahead demand forecast,15051,megawatthours
2026-09-08T05,NYIS,New York Independent System Operator,D,Demand,15395,megawatthours
2026-09-08T05,NYIS,New York Independent System Operator,DF,Day-ahead demand forecast,15051,megawatthours
2026-09-08T05,PACE,PacifiCorp East,D,Demand,5372,megawatthours
2026-09-08T05,PACE,PacifiCorp East,DF,Day-ahead demand forecast,6302,megawatthours
2026-09-08T05,PACE,PacifiCorp East,NG,Net generation,8146,megawatthours
2026-09-08T05,PACE,PacifiCorp East,TI,Total interchange,2774,megawatthours
2026-09-08T05,PACW,PacifiCorp West,D,Demand,2197,megawatthours
2026-09-08T05,PACW,PacifiCorp West,DF,Day-ahead demand forecast,2310,megawatthours
2026-09-08T05,PACW,PacifiCorp West,NG,Net generation,931,megawatthours
2026-09-08T05,PACW,PacifiCorp West,TI,Total interchange,-1266,megawatthours
2026-09-08T05,PGE,Portland General Electric Company,D,Demand,2679,megawatthours
2026-09-08T05,PGE,Portland General Electric Company,DF,Day-ahead demand forecast,2723,megawatthours
2026-09-08T05,PGE,Portland General Electric Company,NG,Net generation,1343,megawatthours
2026-09-08T05,PGE,Portland General Electric Company,TI,Total interchange,-1336,megawatthours
2026-09-08T05,PJM,"PJM Interconnection, LLC",D,Demand,87815,megawatthours
2026-09-08T05,PJM,"PJM Interconnection, LLC",DF,Day-ahead demand forecast,81288,megawatthours
2026-09-08T05,PNM,Public Service Company of New Mexico,D,Demand,2110,megawatthours
2026-09-08T05,PNM,Public Service Company of New Mexico,DF,Day-ahead demand forecast,1978,megawatthours
2026-09-08T05,PNM,Public Service Company of New Mexico,NG,Net generation,2398,megawatthours
2026-09-08T05,PNM,Public Service Company of New Mexico,TI,Total interchange,322,megawatthours
2026-09-08T05,PSCO,Public Service Company of Colorado,D,Demand,5934,megawatthours
2026-09-08T05,PSCO,Public Service Company of Colorado,DF,Day-ahead demand forecast,4475,megawatthours
2026-09-08T05,PSCO,Public Service Company of Colorado,NG,Net generation,6474,megawatthours
2026-09-08T05,PSCO,Public Service Company of Colorado,TI,Total interchange,540,megawatthours
2026-09-08T05,PSEI,"Puget Sound Energy, Inc.",D,Demand,2624,megawatthours
2026-09-08T05,PSEI,"Puget Sound Energy, Inc.",DF,Day-ahead demand forecast,1964,megawatthours
2026-09-08T05,PSEI,"Puget Sound Energy, Inc.",NG,Net generation,607,megawatthours
2026-09-08T05,PSEI,"Puget Sound Energy, Inc.",TI,Total interchange,-2017,megawatthours
2026-09-08T05,SC,South Carolina Public Service Authority,D,Demand,2935,megawatthours
2026-09-08T05,SC,South Carolina Public Service Authority,DF,Day-ahead demand forecast,3326,megawatthours
2026-09-08T05,SCEG,"Dominion Energy South Carolina, Inc.",D,Demand,2535,megawatthours
2026-09-08T05,SCEG,"Dominion Energy South Carolina, Inc.",DF,Day-ahead demand forecast,2516,megawatthours
2026-09-08T05,SCL,Seattle City Light,D,Demand,999,megawatthours
2026-09-08T05,SCL,Seattle City Light,DF,Day-ahead demand forecast,972,megawatthours
2026-09-08T05,SCL,Seattle City Light,NG,Net generation,495,megawatthours
2026-09-08T05,SCL,Seattle City Light,TI,Total interchange,-504,megawatthours
2026-09-08T05,SE,Southeast,D,Demand,27253,megawatthours
2026-09-08T05,SE,Southeast,DF,Day-ahead demand forecast,27906,megawatthours
2026-09-08T05,SEC,Seminole Electric Cooperative,D,Demand,254,megawatthours
2026-09-08T05,SEC,Seminole Electric Cooperative,DF,Day-ahead demand forecast,214,megawatthours
2026-09-08T05,SOCO,"Southern Company Services, Inc. - Trans",D,Demand,27253,megawatthours
2026-09-08T05,SOCO,"Southern Company Services, Inc. - Trans",DF,Day-ahead demand forecast,27906,megawatthours
2026-09-08T05,SPA,Southwestern Power Administration,D,Demand,12,megawatthours
2026-09-08T05,SRP,Salt River Project Agricultural Improvement and Power District,D,Demand,5800,megawatthours
2026-09-08T05,SRP,Salt River Project Agricultural Improvement and Power District,DF,Day-ahead demand forecast,6043,megawatthours
2026-09-08T05,SRP,Salt River Project Agricultural Improvement and Power District,NG,Net generation,9669,megawatthours
2026-09-08T05,SRP,Salt River Project Agricultural Improvement and Power District,TI,Total interchange,3868,megawatthours
2026-09-08T05,SW,Southwest,D,Demand,19697,megawatthours
2026-09-08T05,SW,Southwest,DF,Day-ahead demand forecast,18462,megawatthours
2026-09-08T05,SW,Southwest,NG,Net generation,21737,megawatthours
2026-09-08T05,SW,Southwest,TI,Total interchange,2073,megawatthours
2026-09-08T05,SWPP,Southwest Power Pool,D,Demand,41331,megawatthours
2026-09-08T05,SWPP,Southwest Power Pool,DF,Day-ahead demand forecast,42295,megawatthours
2026-09-08T05,SWPW,Southwest Power Pool West Balancing Authority Area,D,Demand,3337,megawatthours
2026-09-08T05,SWPW,Southwest Power Pool West Balancing Authority Area,DF,Day-ahead demand forecast,3318,megawatthours
2026-09-08T05,TAL,City of Tallahassee,D,Demand,361,megawatthours
2026-09-08T05,TAL,City of Tallahassee,DF,Day-ahead demand forecast,359,megawatthours
2026-09-08T05,TEC,Tampa Electric Company,D,Demand,2426,megawatthours
2026-09-08T05,TEC,Tampa Electric Company,DF,Day-ahead demand forecast,2512,megawatthours
2026-09-08T05,TEN,Tennessee,D,Demand,19864,megawatthours
2026-09-08T05,TEN,Tennessee,DF,Day-ahead demand forecast,19153,megawatthours
2026-09-08T05,TEPC,Tucson Electric Power,D,Demand,2380,megawatthours
2026-09-08T05,TEPC,Tucson Electric Power,DF,Day-ahead demand forecast,2255,megawatthours
2026-09-08T05,TEPC,Tucson Electric Power,NG,Net generation,2743,megawatthours
2026-09-08T05,TEPC,Tucson Electric Power,TI,Total interchange,363,megawatthours
2026-09-08T05,TEX,Texas,D,Demand,70371,megawatthours
2026-09-08T05,TEX,Texas,DF,Day-ahead demand forecast,69658,megawatthours
2026-09-08T05,TIDC,Turlock Irrigation District,D,Demand,422,megawatthours
2026-09-08T05,TIDC,Turlock Irrigation District,DF,Day-ahead demand forecast,409,megawatthours
2026-09-08T05,TIDC,Turlock Irrigation District,NG,Net generation,345,megawatthours
2026-09-08T05,TIDC,Turlock Irrigation District,TI,Total interchange,-73,megawatthours
2026-09-08T05,TPWR,"City of Tacoma, Department of Public Utilities, Light Division",D,Demand,452,megawatthours
2026-09-08T05,TPWR,"City of Tacoma, Department of Public Utilities, Light Division",DF,Day-ahead demand forecast,440,megawatthours
2026-09-08T05,TPWR,"City of Tacoma, Department of Public Utilities, Light Division",NG,Net generation,181,megawatthours
2026-09-08T05,TPWR,"City of Tacoma, Department of Public Utilities, Light Division",TI,Total interchange,-271,megawatthours
2026-09-08T05,TVA,Tennessee Valley Authority,D,Demand,19864,megawatthours
2026-09-08T05,TVA,Tennessee Valley Authority,DF,Day-ahead demand forecast,19153,megawatthours
2026-09-08T05,US48,United States Lower 48,D,Demand,510472,megawatthours
2026-09-08T05,US48,United States Lower 48,DF,Day-ahead demand forecast,491842,megawatthours
2026-09-08T05,WALC,Western Area Power Administration - Desert Southwest Region,D,Demand,947,megawatthours
2026-09-08T05,WALC,Western Area Power Administration - Desert Southwest Region,DF,Day-ahead demand forecast,587,megawatthours
2026-09-08T05,WALC,Western Area Power Administration - Desert Southwest Region,NG,Net generation,1624,megawatthours
2026-09-08T05,WALC,Western Area Power Administration - Desert Southwest Region,TI,Total interchange,677,megawatthours
2026-09-08T04,AECI,"Associated Electric Cooperative, Inc.",D,Demand,3067,megawatthours
2026-09-08T04,AECI,"Associated Electric Cooperative, Inc.",DF,Day-ahead demand forecast,3330,megawatthours
2026-09-08T04,AECI,"Associated Electric Cooperative, Inc.",NG,Net generation,2545,megawatthours
2026-09-08T04,AECI,"Associated Electric Cooperative, Inc.",TI,Total interchange,-522,megawatthours
2026-09-08T04,AVA,Avista Corporation,D,Demand,1298,megawatthours
2026-09-08T04,AVA,Avista Corporation,DF,Day-ahead demand forecast,1303,megawatthours
2026-09-08T04,AVA,Avista Corporation,NG,Net generation,799,megawatthours
2026-09-08T04,AVA,Avista Corporation,TI,Total interchange,-499,megawatthours
2026-09-08T04,AVRN,"Avangrid Renewables, LLC",NG,Net generation,1211,megawatthours
2026-09-08T04,AVRN,"Avangrid Renewables, LLC",TI,Total interchange,1211,megawatthours
2026-09-08T04,AZPS,Arizona Public Service Company,D,Demand,7295,megawatthours
2026-09-08T04,AZPS,Arizona Public Service Company,DF,Day-ahead demand forecast,6552,megawatthours
2026-09-08T04,AZPS,Arizona Public Service Company,NG,Net generation,4203,megawatthours
2026-09-08T04,AZPS,Arizona Public Service Company,TI,Total interchange,-3092,megawatthours
2026-09-08T04,BANC,Balancing Authority of Northern California,D,Demand,2618,megawatthours
2026-09-08T04,BANC,Balancing Authority of Northern California,DF,Day-ahead demand forecast,2622,megawatthours
2026-09-08T04,BANC,Balancing Authority of Northern California,NG,Net generation,2239,megawatthours
2026-09-08T04,BANC,Balancing Authority of Northern California,TI,Total interchange,-378,megawatthours
2026-09-08T04,BHBA,Black Hills Energy,D,Demand,952,megawatthours
2026-09-08T04,BHBA,Black Hills Energy,DF,Day-ahead demand forecast,897,megawatthours
2026-09-08T04,BHBA,Black Hills Energy,NG,Net generation,881,megawatthours
2026-09-08T04,BHBA,Black Hills Energy,TI,Total interchange,33,megawatthours
2026-09-08T04,BPAT,Bonneville Power Administration,D,Demand,7044,megawatthours
2026-09-08T04,BPAT,Bonneville Power Administration,DF,Day-ahead demand forecast,7048,megawatthours
2026-09-08T04,BPAT,Bonneville Power Administration,NG,Net generation,7804,megawatthours
2026-09-08T04,BPAT,Bonneville Power Administration,TI,Total interchange,760,megawatthours
2026-09-08T04,CAL,California,D,Demand,43255,megawatthours
2026-09-08T04,CAL,California,DF,Day-ahead demand forecast,42716,megawatthours
2026-09-08T04,CAL,California,NG,Net generation,33934,megawatthours
2026-09-08T04,CAL,California,TI,Total interchange,-9394,megawatthours
2026-09-08T04,CAR,Carolinas,D,Demand,24215,megawatthours
2026-09-08T04,CAR,Carolinas,DF,Day-ahead demand forecast,24008,megawatthours
2026-09-08T04,CAR,Carolinas,NG,Net generation,23299,megawatthours
2026-09-08T04,CAR,Carolinas,TI,Total interchange,-956,megawatthours
2026-09-08T04,CENT,Central,D,Demand,43909,megawatthours
2026-09-08T04,CENT,Central,DF,Day-ahead demand forecast,44675,megawatthours
2026-09-08T04,CENT,Central,NG,Net generation,43530,megawatthours
2026-09-08T04,CHPD,Public Utility District No. 1 of Chelan County,D,Demand,191,megawatthours
2026-09-08T04,CHPD,Public Utility District No. 1 of Chelan County,DF,Day-ahead demand forecast,185,megawatthours
2026-09-08T04,CHPD,Public Utility District No. 1 of Chelan County,NG,Net generation,869,megawatthours
2026-09-08T04,CHPD,Public Utility District No. 1 of Chelan County,TI,Total interchange,678,megawatthours
2026-09-08T04,CISO,California Independent System Operator,D,Demand,35332,megawatthours
2026-09-08T04,CISO,California Independent System Operator,DF,Day-ahead demand forecast,34984,megawatthours
2026-09-08T04,CISO,California Independent System Operator,NG,Net generation,27854,megawatthours
2026-09-08T04,CISO,California Independent System Operator,TI,Total interchange,-7557,megawatthours
2026-09-08T04,CPLE,Duke Energy Progress East,D,Demand,6387,megawatthours
2026-09-08T04,CPLE,Duke Energy Progress East,DF,Day-ahead demand forecast,6493,megawatthours
2026-09-08T04,CPLW,Duke Energy Progress West,D,Demand,451,megawatthours
2026-09-08T04,CPLW,Duke Energy Progress West,DF,Day-ahead demand forecast,445,megawatthours
2026-09-08T04,DEAA,"Arlington Valley, LLC",NG,Net generation,426,megawatthours
2026-09-08T04,DEAA,"Arlington Valley, LLC",TI,Total interchange,426,megawatthours
2026-09-08T04,DOPD,PUD No. 1 of Douglas County,D,Demand,274,megawatthours
2026-09-08T04,DOPD,PUD No. 1 of Douglas County,DF,Day-ahead demand forecast,264,megawatthours
2026-09-08T04,DOPD,PUD No. 1 of Douglas County,NG,Net generation,313,megawatthours
2026-09-08T04,DOPD,PUD No. 1 of Douglas County,TI,Total interchange,39,megawatthours
2026-09-08T04,DUK,Duke Energy Carolinas,D,Demand,11400,megawatthours
2026-09-08T04,DUK,Duke Energy Carolinas,DF,Day-ahead demand forecast,11042,megawatthours
2026-09-08T04,EPE,El Paso Electric Company,D,Demand,1694,megawatthours
2026-09-08T04,EPE,El Paso Electric Company,DF,Day-ahead demand forecast,1650,megawatthours
2026-09-08T04,EPE,El Paso Electric Company,NG,Net generation,1008,megawatthours
2026-09-08T04,EPE,El Paso Electric Company,TI,Total interchange,-686,megawatthours
2026-09-08T04,ERCO,"Electric Reliability Council of Texas, Inc.",D,Demand,74532,megawatthours
2026-09-08T04,ERCO,"Electric Reliability Council of Texas, Inc.",DF,Day-ahead demand forecast,73791,megawatthours
2026-09-08T04,ERCO,"Electric Reliability Council of Texas, Inc.",NG,Net generation,73823,megawatthours
2026-09-08T04,ERCO,"Electric Reliability Council of Texas, Inc.",TI,Total interchange,-704,megawatthours
2026-09-08T04,FLA,Florida,D,Demand,31018,megawatthours
2026-09-08T04,FLA,Florida,DF,Day-ahead demand forecast,30179,megawatthours
2026-09-08T04,FMPP,Florida Municipal Power Pool,D,Demand,2151,megawatthours
2026-09-08T04,FMPP,Florida Municipal Power Pool,DF,Day-ahead demand forecast,2184,megawatthours
2026-09-08T04,FPC,"Duke Energy Florida, Inc.",D,Demand,6673,megawatthours
2026-09-08T04,FPC,"Duke Energy Florida, Inc.",DF,Day-ahead demand forecast,5305,megawatthours
2026-09-08T04,FPL,Florida Power & Light Co.,D,Demand,16914,megawatthours
2026-09-08T04,FPL,Florida Power & Light Co.,DF,Day-ahead demand forecast,17531,megawatthours
2026-09-08T04,GCPD,"Public Utility District No. 2 of Grant County, Washington",D,Demand,725,megawatthours
2026-09-08T04,GCPD,"Public Utility District No. 2 of Grant County, Washington",DF,Day-ahead demand forecast,682,megawatthours
2026-09-08T04,GCPD,"Public Utility District No. 2 of Grant County, Washington",NG,Net generation,920,megawatthours
2026-09-08T04,GCPD,"Public Utility District No. 2 of Grant County, Washington",TI,Total interchange,192,megawatthours
2026-09-08T04,GRID,"Gridforce Energy Management, LLC",NG,Net generation,2297,megawatthours
2026-09-08T04,GRID,"Gridforce Energy Management, LLC",TI,Total interchange,2297,megawatthours
2026-09-08T04,GVL,Gainesville Regional Utilities,D,Demand,269,megawatthours
2026-09-08T04,GVL,Gainesville Regional Utilities,DF,Day-ahead demand forecast,247,megawatthours
2026-09-08T04,GWA,"NaturEner Power Watch, LLC",NG,Net generation,254,megawatthours
2026-09-08T04,GWA,"NaturEner Power Watch, LLC",TI,Total interchange,254,megawatthours
2026-09-08T04,HST,City of Homestead,D,Demand,82,megawatthours
2026-09-08T04,HST,City of Homestead,DF,Day-ahead demand forecast,92,megawatthours
2026-09-08T04,IID,Imperial Irrigation District,D,Demand,645,megawatthours
2026-09-08T04,IID,Imperial Irrigation District,DF,Day-ahead demand forecast,661,megawatthours
2026-09-08T04,IID,Imperial Irrigation District,NG,Net generation,520,megawatthours
2026-09-08T04,IID,Imperial Irrigation District,TI,Total interchange,-124,megawatthours
2026-09-08T04,IPCO,Idaho Power Company,D,Demand,2226,megawatthours
2026-09-08T04,IPCO,Idaho Power Company,DF,Day-ahead demand forecast,2626,megawatthours
2026-09-08T04,IPCO,Idaho Power Company,NG,Net generation,1867,megawatthours
2026-09-08T04,IPCO,Idaho Power Company,TI,Total interchange,-359,megawatthours
2026-09-08T04,ISNE,ISO New England,D,Demand,11575,megawatthours
2026-09-08T04,ISNE,ISO New England,DF,Day-ahead demand forecast,11490,megawatthours
2026-09-08T04,JEA,JEA,D,Demand,1715,megawatthours
2026-09-08T04,JEA,JEA,DF,Day-ahead demand forecast,1687,megawatthours
2026-09-08T04,LDWP,Los Angeles Department of Water and Power,D,Demand,4206,megawatthours
2026-09-08T04,LDWP,Los Angeles Department of Water and Power,DF,Day-ahead demand forecast,4010,megawatthours
2026-09-08T04,LDWP,Los Angeles Department of Water and Power,NG,Net generation,2983,megawatthours
2026-09-08T04,LDWP,Los Angeles Department of Water and Power,TI,Total interchange,-1223,megawatthours
2026-09-08T04,LGEE,LG&E and KU Services Company as agent for Louisville Gas and Electric Company and Kentucky Utilities Company,D,Demand,4333,megawatthours
2026-09-08T04,LGEE,LG&E and KU Services Company as agent for Louisville Gas and Electric Company and Kentucky Utilities Company,DF,Day-ahead demand forecast,3971,megawatthours
2026-09-08T04,LGEE,LG&E and KU Services Company as agent for Louisville Gas and Electric Company and Kentucky Utilities Company,NG,Net generation,3692,megawatthours
2026-09-08T04,LGEE,LG&E and KU Services Company as agent for Louisville Gas and Electric Company and Kentucky Utilities Company,TI,Total interchange,-641,megawatthours
2026-09-08T04,MIDA,Mid-Atlantic,D,Demand,91489,megawatthours
2026-09-08T04,MIDA,Mid-Atlantic,DF,Day-ahead demand forecast,84774,megawatthours
2026-09-08T04,MIDW,Midwest,D,Demand,87832,megawatthours
2026-09-08T04,MIDW,Midwest,DF,Day-ahead demand forecast,90461,megawatthours
2026-09-08T04,MISO,"Midcontinent Independent System Operator, Inc.",D,Demand,80432,megawatthours
2026-09-08T04,MISO,"Midcontinent Independent System Operator, Inc.",DF,Day-ahead demand forecast,83160,megawatthours
2026-09-08T04,MISO,"Midcontinent Independent System Operator, Inc.",NG,Net generation,80010,megawatthours
2026-09-08T04,MISO,"Midcontinent Independent System Operator, Inc.",TI,Total interchange,-2143,megawatthours
2026-09-08T04,NE,New England,D,Demand,11575,megawatthours
2026-09-08T04,NE,New England,DF,Day-ahead demand forecast,11490,megawatthours
2026-09-08T04,NEVP,Nevada Power Company,D,Demand,6147,megawatthours
2026-09-08T04,NEVP,Nevada Power Company,DF,Day-ahead demand forecast,5721,megawatthours
2026-09-08T04,NEVP,Nevada Power Company,NG,Net generation,5495,megawatthours
2026-09-08T04,NEVP,Nevada Power Company,TI,Total interchange,-1055,megawatthours
2026-09-08T04,NW,Northwest,D,Demand,44999,megawatthours
2026-09-08T04,NW,Northwest,DF,Day-ahead demand forecast,43886,megawatthours
2026-09-08T04,NW,Northwest,NG,Net generation,47892,megawatthours
2026-09-08T04,NW,Northwest,TI,Total interchange,2591,megawatthours
2026-09-08T04,NWMT,NorthWestern Corporation,D,Demand,1347,megawatthours
2026-09-08T04,NWMT,NorthWestern Corporation,DF,Day-ahead demand forecast,1216,megawatthours
2026-09-08T04,NWMT,NorthWestern Corporation,NG,Net generation,3174,megawatthours
2026-09-08T04,NWMT,NorthWestern Corporation,TI,Total interchange,1827,megawatthours
2026-09-08T04,NY,New York,D,Demand,16215,megawatthours
2026-09-08T04,NY,New York,DF,Day-ahead demand forecast,15879,megawatthours
2026-09-08T04,NYIS,New York Independent System Operator,D,Demand,16215,megawatthours
2026-09-08T04,NYIS,New York Independent System Operator,DF,Day-ahead demand forecast,15879,megawatthours
2026-09-08T04,PACE,PacifiCorp East,D,Demand,5437,megawatthours
2026-09-08T04,PACE,PacifiCorp East,DF,Day-ahead demand forecast,6707,megawatthours
2026-09-08T04,PACE,PacifiCorp East,NG,Net generation,8400,megawatthours
2026-09-08T04,PACE,PacifiCorp East,TI,Total interchange,2963,megawatthours
2026-09-08T04,PACW,PacifiCorp West,D,Demand,2350,megawatthours
2026-09-08T04,PACW,PacifiCorp West,DF,Day-ahead demand forecast,2452,megawatthours
2026-09-08T04,PACW,PacifiCorp West,NG,Net generation,1004,megawatthours
2026-09-08T04,PACW,PacifiCorp West,TI,Total interchange,-1346,megawatthours
2026-09-08T04,PGE,Portland General Electric Company,D,Demand,2780,megawatthours
2026-09-08T04,PGE,Portland General Electric Company,DF,Day-ahead demand forecast,2840,megawatthours
2026-09-08T04,PGE,Portland General Electric Company,NG,Net generation,1412,megawatthours
2026-09-08T04,PGE,Portland General Electric Company,TI,Total interchange,-1368,megawatthours
2026-09-08T04,PJM,"PJM Interconnection, LLC",D,Demand,91489,megawatthours
2026-09-08T04,PJM,"PJM Interconnection, LLC",DF,Day-ahead demand forecast,84774,megawatthours
2026-09-08T04,PNM,Public Service Company of New Mexico,D,Demand,2288,megawatthours
2026-09-08T04,PNM,Public Service Company of New Mexico,DF,Day-ahead demand forecast,2126,megawatthours
2026-09-08T04,PNM,Public Service Company of New Mexico,NG,Net generation,2751,megawatthours
2026-09-08T04,PNM,Public Service Company of New Mexico,TI,Total interchange,496,megawatthours
2026-09-08T04,PSCO,Public Service Company of Colorado,D,Demand,6337,megawatthours
2026-09-08T04,PSCO,Public Service Company of Colorado,DF,Day-ahead demand forecast,4823,megawatthours
2026-09-08T04,PSCO,Public Service Company of Colorado,NG,Net generation,6848,megawatthours
2026-09-08T04,PSCO,Public Service Company of Colorado,TI,Total interchange,511,megawatthours
2026-09-08T04,PSEI,"Puget Sound Energy, Inc.",D,Demand,2786,megawatthours
2026-09-08T04,PSEI,"Puget Sound Energy, Inc.",DF,Day-ahead demand forecast,2110,megawatthours
2026-09-08T04,PSEI,"Puget Sound Energy, Inc.",NG,Net generation,671,megawatthours
2026-09-08T04,PSEI,"Puget Sound Energy, Inc.",TI,Total interchange,-2115,megawatthours
2026-09-08T04,SC,South Carolina Public Service Authority,D,Demand,3189,megawatthours
2026-09-08T04,SC,South Carolina Public Service Authority,DF,Day-ahead demand forecast,3444,megawatthours
2026-09-08T04,SCEG,"Dominion Energy South Carolina, Inc.",D,Demand,2788,megawatthours
2026-09-08T04,SCEG,"Dominion Energy South Carolina, Inc.",DF,Day-ahead demand forecast,2584,megawatthours
2026-09-08T04,SCL,Seattle City Light,D,Demand,1046,megawatthours
2026-09-08T04,SCL,Seattle City Light,DF,Day-ahead demand forecast,1022,megawatthours
2026-09-08T04,SCL,Seattle City Light,NG,Net generation,675,megawatthours
2026-09-08T04,SCL,Seattle City Light,TI,Total interchange,-371,megawatthours
2026-09-08T04,SE,Southeast,D,Demand,28872,megawatthours
2026-09-08T04,SE,Southeast,DF,Day-ahead demand forecast,29943,megawatthours
2026-09-08T04,SE,Southeast,NG,Net generation,29891,megawatthours
2026-09-08T04,SE,Southeast,TI,Total interchange,821,megawatthours
2026-09-08T04,SEC,Seminole Electric Cooperative,D,Demand,199,megawatthours
2026-09-08T04,SEC,Seminole Electric Cooperative,DF,Day-ahead demand forecast,219,megawatthours
2026-09-08T04,SEPA,Southeastern Power Administration,NG,Net generation,0,megawatthours
2026-09-08T04,SEPA,Southeastern Power Administration,TI,Total interchange,-198,megawatthours
2026-09-08T04,SIKE,Sikeston Board of Municipal Utilities,NG,Net generation,32,megawatthours
2026-09-08T04,SIKE,Sikeston Board of Municipal Utilities,TI,Total interchange,32,megawatthours
2026-09-08T04,SOCO,"Southern Company Services, Inc. - Trans",D,Demand,28872,megawatthours
2026-09-08T04,SOCO,"Southern Company Services, Inc. - Trans",DF,Day-ahead demand forecast,29943,megawatthours
2026-09-08T04,SOCO,"Southern Company Services, Inc. - Trans",NG,Net generation,29891,megawatthours
2026-09-08T04,SOCO,"Southern Company Services, Inc. - Trans",TI,Total interchange,1019,megawatthours
2026-09-08T04,SPA,Southwestern Power Administration,D,Demand,12,megawatthours
2026-09-08T04,SRP,Salt River Project Agricultural Improvement and Power District,D,Demand,5613,megawatthours
2026-09-08T04,SRP,Salt River Project Agricultural Improvement and Power District,DF,Day-ahead demand forecast,6371,megawatthours
2026-09-08T04,SRP,Salt River Project Agricultural Improvement and Power District,NG,Net generation,9670,megawatthours
2026-09-08T04,SRP,Salt River Project Agricultural Improvement and Power District,TI,Total interchange,4057,megawatthours
2026-09-08T04,SW,Southwest,D,Demand,20386,megawatthours
2026-09-08T04,SW,Southwest,DF,Day-ahead demand forecast,19696,megawatthours
2026-09-08T04,SW,Southwest,NG,Net generation,22334,megawatthours
2026-09-08T04,SW,Southwest,TI,Total interchange,1981,megawatthours
2026-09-08T04,SWPP,Southwest Power Pool,D,Demand,43897,megawatthours
2026-09-08T04,SWPP,Southwest Power Pool,DF,Day-ahead demand forecast,44675,megawatthours
2026-09-08T04,SWPP,Southwest Power Pool,NG,Net generation,43530,megawatthours
2026-09-08T04,SWPW,Southwest Power Pool West Balancing Authority Area,D,Demand,3578,megawatthours
2026-09-08T04,SWPW,Southwest Power Pool West Balancing Authority Area,DF,Day-ahead demand forecast,3531,megawatthours
2026-09-08T04,SWPW,Southwest Power Pool West Balancing Authority Area,NG,Net generation,2787,megawatthours
2026-09-08T04,SWPW,Southwest Power Pool West Balancing Authority Area,TI,Total interchange,-791,megawatthours
2026-09-08T04,TAL,City of Tallahassee,D,Demand,392,megawatthours
2026-09-08T04,TAL,City of Tallahassee,DF,Day-ahead demand forecast,367,megawatthours
2026-09-08T04,TEC,Tampa Electric Company,D,Demand,2623,megawatthours
2026-09-08T04,TEC,Tampa Electric Company,DF,Day-ahead demand forecast,2547,megawatthours
2026-09-08T04,TEN,Tennessee,D,Demand,21464,megawatthours
2026-09-08T04,TEN,Tennessee,DF,Day-ahead demand forecast,20853,megawatthours
2026-09-08T04,TEN,Tennessee,NG,Net generation,20611,megawatthours
2026-09-08T04,TEN,Tennessee,TI,Total interchange,-852,megawatthours
2026-09-08T04,TEPC,Tucson Electric Power,D,Demand,2403,megawatthours
2026-09-08T04,TEPC,Tucson Electric Power,DF,Day-ahead demand forecast,2380,megawatthours
2026-09-08T04,TEPC,Tucson Electric Power,NG,Net generation,2677,megawatthours
2026-09-08T04,TEPC,Tucson Electric Power,TI,Total interchange,274,megawatthours
2026-09-08T04,TEX,Texas,D,Demand,74532,megawatthours
2026-09-08T04,TEX,Texas,DF,Day-ahead demand forecast,73791,megawatthours
2026-09-08T04,TEX,Texas,NG,Net generation,73823,megawatthours
2026-09-08T04,TEX,Texas,TI,Total interchange,-704,megawatthours
2026-09-08T04,TIDC,Turlock Irrigation District,D,Demand,454,megawatthours
2026-09-08T04,TIDC,Turlock Irrigation District,DF,Day-ahead demand forecast,439,megawatthours
2026-09-08T04,TIDC,Turlock Irrigation District,NG,Net generation,338,megawatthours
2026-09-08T04,TIDC,Turlock Irrigation District,TI,Total interchange,-112,megawatthours
2026-09-08T04,TPWR,"City of Tacoma, Department of Public Utilities, Light Division",D,Demand,481,megawatthours
2026-09-08T04,TPWR,"City of Tacoma, Department of Public Utilities, Light Division",DF,Day-ahead demand forecast,459,megawatthours
2026-09-08T04,TPWR,"City of Tacoma, Department of Public Utilities, Light Division",NG,Net generation,211,megawatthours
2026-09-08T04,TPWR,"City of Tacoma, Department of Public Utilities, Light Division",TI,Total interchange,-270,megawatthours
2026-09-08T04,TVA,Tennessee Valley Authority,D,Demand,21464,megawatthours
2026-09-08T04,TVA,Tennessee Valley Authority,DF,Day-ahead demand forecast,20853,megawatthours
2026-09-08T04,TVA,Tennessee Valley Authority,NG,Net generation,20611,megawatthours
2026-09-08T04,TVA,Tennessee Valley Authority,TI,Total interchange,-852,megawatthours
2026-09-08T04,US48,United States Lower 48,D,Demand,539761,megawatthours
2026-09-08T04,US48,United States Lower 48,DF,Day-ahead demand forecast,532352,megawatthours
2026-09-08T04,WALC,Western Area Power Administration - Desert Southwest Region,D,Demand,1093,megawatthours
2026-09-08T04,WALC,Western Area Power Administration - Desert Southwest Region,DF,Day-ahead demand forecast,617,megawatthours
2026-09-08T04,WALC,Western Area Power Administration - Desert Southwest Region,NG,Net generation,1599,megawatthours
2026-09-08T04,WALC,Western Area Power Administration - Desert Southwest Region,TI,Total interchange,506,megawatthours
2026-09-08T03,AECI,"Associated Electric Cooperative, Inc.",D,Demand,3411,megawatthours
2026-09-08T03,AECI,"Associated Electric Cooperative, Inc.",DF,Day-ahead demand forecast,3662,megawatthours
2026-09-08T03,AECI,"Associated Electric Cooperative, Inc.",NG,Net generation,2735,megawatthours
2026-09-08T03,AECI,"Associated Electric Cooperative, Inc.",TI,Total interchange,-676,megawatthours
2026-09-08T03,AVA,Avista Corporation,D,Demand,1348,megawatthours
2026-09-08T03,AVA,Avista Corporation,DF,Day-ahead demand forecast,1328,megawatthours
2026-09-08T03,AVA,Avista Corporation,NG,Net generation,838,megawatthours
2026-09-08T03,AVA,Avista Corporation,TI,Total interchange,-510,megawatthours
2026-09-08T03,AVRN,"Avangrid Renewables, LLC",NG,Net generation,1249,megawatthours
2026-09-08T03,AVRN,"Avangrid Renewables, LLC",TI,Total interchange,1249,megawatthours
2026-09-08T03,AZPS,Arizona Public Service Company,D,Demand,7685,megawatthours
2026-09-08T03,AZPS,Arizona Public Service Company,DF,Day-ahead demand forecast,6989,megawatthours
2026-09-08T03,AZPS,Arizona Public Service Company,NG,Net generation,4753,megawatthours
2026-09-08T03,AZPS,Arizona Public Service Company,TI,Total interchange,-2932,megawatthours
2026-09-08T03,BANC,Balancing Authority of Northern California,D,Demand,2733,megawatthours
2026-09-08T03,BANC,Balancing Authority of Northern California,DF,Day-ahead demand forecast,2687,megawatthours
2026-09-08T03,BANC,Balancing Authority of Northern California,NG,Net generation,2365,megawatthours
2026-09-08T03,BANC,Balancing Authority of Northern California,TI,Total interchange,-367,megawatthours
2026-09-08T03,BHBA,Black Hills Energy,D,Demand,1004,megawatthours
2026-09-08T03,BHBA,Black Hills Energy,DF,Day-ahead demand forecast,929,megawatthours
2026-09-08T03,BHBA,Black Hills Energy,NG,Net generation,923,megawatthours
2026-09-08T03,BHBA,Black Hills Energy,TI,Total interchange,97,megawatthours
2026-09-08T03,BPAT,Bonneville Power Administration,D,Demand,7114,megawatthours
2026-09-08T03,BPAT,Bonneville Power Administration,DF,Day-ahead demand forecast,7106,megawatthours
2026-09-08T03,BPAT,Bonneville Power Administration,NG,Net generation,7828,megawatthours
2026-09-08T03,BPAT,Bonneville Power Administration,TI,Total interchange,714,megawatthours
2026-09-08T03,CAL,California,D,Demand,44367,megawatthours
2026-09-08T03,CAL,California,DF,Day-ahead demand forecast,43903,megawatthours
2026-09-08T03,CAL,California,NG,Net generation,34510,megawatthours
2026-09-08T03,CAL,California,TI,Total interchange,-10238,megawatthours
2026-09-08T03,CAR,Carolinas,D,Demand,26528,megawatthours
2026-09-08T03,CAR,Carolinas,DF,Day-ahead demand forecast,26068,megawatthours
2026-09-08T03,CAR,Carolinas,NG,Net generation,25592,megawatthours
2026-09-08T03,CAR,Carolinas,TI,Total interchange,-977,megawatthours
2026-09-08T03,CENT,Central,D,Demand,46647,megawatthours
2026-09-08T03,CENT,Central,DF,Day-ahead demand forecast,47099,megawatthours
2026-09-08T03,CENT,Central,NG,Net generation,45534,megawatthours
2026-09-08T03,CHPD,Public Utility District No. 1 of Chelan County,D,Demand,195,megawatthours
2026-09-08T03,CHPD,Public Utility District No. 1 of Chelan County,DF,Day-ahead demand forecast,188,megawatthours
2026-09-08T03,CHPD,Public Utility District No. 1 of Chelan County,NG,Net generation,796,megawatthours
2026-09-08T03,CHPD,Public Utility District No. 1 of Chelan County,TI,Total interchange,601,megawatthours
2026-09-08T03,CISO,California Independent System Operator,D,Demand,36156,megawatthours
2026-09-08T03,CISO,California Independent System Operator,DF,Day-ahead demand forecast,35976,megawatthours
2026-09-08T03,CISO,California Independent System Operator,NG,Net generation,28089,megawatthours
2026-09-08T03,CISO,California Independent System Operator,TI,Total interchange,-8480,megawatthours
2026-09-08T03,CPLE,Duke Energy Progress East,D,Demand,7087,megawatthours
2026-09-08T03,CPLE,Duke Energy Progress East,DF,Day-ahead demand forecast,7181,megawatthours
2026-09-08T03,CPLE,Duke Energy Progress East,NG,Net generation,6917,megawatthours
2026-09-08T03,CPLE,Duke Energy Progress East,TI,Total interchange,-170,megawatthours
2026-09-08T03,CPLW,Duke Energy Progress West,D,Demand,494,megawatthours
2026-09-08T03,CPLW,Duke Energy Progress West,DF,Day-ahead demand forecast,492,megawatthours
2026-09-08T03,CPLW,Duke Energy Progress West,NG,Net generation,501,megawatthours
2026-09-08T03,CPLW,Duke Energy Progress West,TI,Total interchange,7,megawatthours
2026-09-08T03,DEAA,"Arlington Valley, LLC",NG,Net generation,375,megawatthours
2026-09-08T03,DEAA,"Arlington Valley, LLC",TI,Total interchange,375,megawatthours
2026-09-08T03,DOPD,PUD No. 1 of Douglas County,D,Demand,273,megawatthours
2026-09-08T03,DOPD,PUD No. 1 of Douglas County,DF,Day-ahead demand forecast,271,megawatthours
2026-09-08T03,DOPD,PUD No. 1 of Douglas County,NG,Net generation,307,megawatthours
2026-09-08T03,DOPD,PUD No. 1 of Douglas County,TI,Total interchange,34,megawatthours
2026-09-08T03,DUK,Duke Energy Carolinas,D,Demand,12486,megawatthours
2026-09-08T03,DUK,Duke Energy Carolinas,DF,Day-ahead demand forecast,11937,megawatthours
2026-09-08T03,DUK,Duke Energy Carolinas,NG,Net generation,12728,megawatthours
2026-09-08T03,DUK,Duke Energy Carolinas,TI,Total interchange,242,megawatthours
2026-09-08T03,EPE,El Paso Electric Company,D,Demand,1824,megawatthours
2026-09-08T03,EPE,El Paso Electric Company,DF,Day-ahead demand forecast,1781,megawatthours
2026-09-08T03,EPE,El Paso Electric Company,NG,Net generation,1038,megawatthours
2026-09-08T03,EPE,El Paso Electric Company,TI,Total interchange,-786,megawatthours
2026-09-08T03,ERCO,"Electric Reliability Council of Texas, Inc.",D,Demand,78329,megawatthours
2026-09-08T03,ERCO,"Electric Reliability Council of Texas, Inc.",DF,Day-ahead demand forecast,77789,megawatthours
2026-09-08T03,ERCO,"Electric Reliability Council of Texas, Inc.",NG,Net generation,77605,megawatthours
2026-09-08T03,ERCO,"Electric Reliability Council of Texas, Inc.",TI,Total interchange,-718,megawatthours
2026-09-08T03,FLA,Florida,D,Demand,33797,megawatthours
2026-09-08T03,FLA,Florida,DF,Day-ahead demand forecast,32738,megawatthours
2026-09-08T03,FLA,Florida,NG,Net generation,33064,megawatthours
2026-09-08T03,FLA,Florida,TI,Total interchange,-726,megawatthours
2026-09-08T03,FMPP,Florida Municipal Power Pool,D,Demand,2332,megawatthours
2026-09-08T03,FMPP,Florida Municipal Power Pool,DF,Day-ahead demand forecast,2392,megawatthours
2026-09-08T03,FMPP,Florida Municipal Power Pool,NG,Net generation,2320,megawatthours
2026-09-08T03,FMPP,Florida Municipal Power Pool,TI,Total interchange,-12,megawatthours
2026-09-08T03,FPC,"Duke Energy Florida, Inc.",D,Demand,7373,megawatthours
2026-09-08T03,FPC,"Duke Energy Florida, Inc.",DF,Day-ahead demand forecast,5823,megawatthours
2026-09-08T03,FPC,"Duke Energy Florida, Inc.",NG,Net generation,5671,megawatthours
2026-09-08T03,FPC,"Duke Energy Florida, Inc.",TI,Total interchange,-1702,megawatthours
2026-09-08T03,FPL,Florida Power & Light Co.,D,Demand,18366,megawatthours
2026-09-08T03,FPL,Florida Power & Light Co.,DF,Day-ahead demand forecast,18962,megawatthours
2026-09-08T03,FPL,Florida Power & Light Co.,NG,Net generation,18042,megawatthours
2026-09-08T03,FPL,Florida Power & Light Co.,TI,Total interchange,-324,megawatthours
2026-09-08T03,GCPD,"Public Utility District No. 2 of Grant County, Washington",D,Demand,731,megawatthours
2026-09-08T03,GCPD,"Public Utility District No. 2 of Grant County, Washington",DF,Day-ahead demand forecast,682,megawatthours
2026-09-08T03,GCPD,"Public Utility District No. 2 of Grant County, Washington",NG,Net generation,939,megawatthours
2026-09-08T03,GCPD,"Public Utility District No. 2 of Grant County, Washington",TI,Total interchange,194,megawatthours
2026-09-08T03,GRID,"Gridforce Energy Management, LLC",NG,Net generation,2302,megawatthours
2026-09-08T03,GRID,"Gridforce Energy Management, LLC",TI,Total interchange,2302,megawatthours
2026-09-08T03,GVL,Gainesville Regional Utilities,D,Demand,293,megawatthours
2026-09-08T03,GVL,Gainesville Regional Utilities,DF,Day-ahead demand forecast,272,megawatthours
2026-09-08T03,GVL,Gainesville Regional Utilities,NG,Net generation,285,megawatthours
2026-09-08T03,GVL,Gainesville Regional Utilities,TI,Total interchange,0,megawatthours
2026-09-08T03,GWA,"NaturEner Power Watch, LLC",NG,Net generation,335,megawatthours
2026-09-08T03,GWA,"NaturEner Power Watch, LLC",TI,Total interchange,335,megawatthours
2026-09-08T03,HST,City of Homestead,D,Demand,89,megawatthours
2026-09-08T03,HST,City of Homestead,DF,Day-ahead demand forecast,100,megawatthours
2026-09-08T03,HST,City of Homestead,NG,Net generation,0,megawatthours
2026-09-08T03,HST,City of Homestead,TI,Total interchange,-89,megawatthours
2026-09-08T03,IID,Imperial Irrigation District,D,Demand,686,megawatthours
2026-09-08T03,IID,Imperial Irrigation District,DF,Day-ahead demand forecast,707,megawatthours
2026-09-08T03,IID,Imperial Irrigation District,NG,Net generation,534,megawatthours
2026-09-08T03,IID,Imperial Irrigation District,TI,Total interchange,-125,megawatthours
2026-09-08T03,IPCO,Idaho Power Company,D,Demand,2308,megawatthours
2026-09-08T03,IPCO,Idaho Power Company,DF,Day-ahead demand forecast,2758,megawatthours
2026-09-08T03,IPCO,Idaho Power Company,NG,Net generation,1878,megawatthours
2026-09-08T03,IPCO,Idaho Power Company,TI,Total interchange,-430,megawatthours
2026-09-08T03,ISNE,ISO New England,D,Demand,12571,megawatthours
2026-09-08T03,ISNE,ISO New England,DF,Day-ahead demand forecast,12380,megawatthours
2026-09-08T03,ISNE,ISO New England,NG,Net generation,12192,megawatthours
2026-09-08T03,JEA,JEA,D,Demand,1864,megawatthours
2026-09-08T03,JEA,JEA,DF,Day-ahead demand forecast,1802,megawatthours
2026-09-08T03,JEA,JEA,NG,Net generation,1318,megawatthours
2026-09-08T03,JEA,JEA,TI,Total interchange,-545,megawatthours
2026-09-08T03,LDWP,Los Angeles Department of Water and Power,D,Demand,4318,megawatthours
2026-09-08T03,LDWP,Los Angeles Department of Water and Power,DF,Day-ahead demand forecast,4075,megawatthours
2026-09-08T03,LDWP,Los Angeles Department of Water and Power,NG,Net generation,3185,megawatthours
2026-09-08T03,LDWP,Los Angeles Department of Water and Power,TI,Total interchange,-1133,megawatthours
2026-09-08T03,LGEE,LG&E and KU Services Company as agent for Louisville Gas and Electric Company and Kentucky Utilities Company,D,Demand,4712,megawatthours
2026-09-08T03,LGEE,LG&E and KU Services Company as agent for Louisville Gas and Electric Company and Kentucky Utilities Company,DF,Day-ahead demand forecast,4285,megawatthours
2026-09-08T03,LGEE,LG&E and KU Services Company as agent for Louisville Gas and Electric Company and Kentucky Utilities Company,NG,Net generation,4008,megawatthours
2026-09-08T03,LGEE,LG&E and KU Services Company as agent for Louisville Gas and Electric Company and Kentucky Utilities Company,TI,Total interchange,-704,megawatthours
2026-09-08T03,MIDA,Mid-Atlantic,D,Demand,96653,megawatthours
2026-09-08T03,MIDA,Mid-Atlantic,DF,Day-ahead demand forecast,89441,megawatthours
2026-09-08T03,MIDA,Mid-Atlantic,NG,Net generation,102829,megawatthours
2026-09-08T03,MIDA,Mid-Atlantic,TI,Total interchange,580,megawatthours
2026-09-08T03,MIDW,Midwest,D,Demand,93982,megawatthours
2026-09-08T03,MIDW,Midwest,DF,Day-ahead demand forecast,96189,megawatthours
2026-09-08T03,MIDW,Midwest,NG,Net generation,91803,megawatthours
2026-09-08T03,MIDW,Midwest,TI,Total interchange,-3914,megawatthours
2026-09-08T03,MISO,"Midcontinent Independent System Operator, Inc.",D,Demand,85859,megawatthours
2026-09-08T03,MISO,"Midcontinent Independent System Operator, Inc.",DF,Day-ahead demand forecast,88242,megawatthours
2026-09-08T03,MISO,"Midcontinent Independent System Operator, Inc.",NG,Net generation,85029,megawatthours
2026-09-08T03,MISO,"Midcontinent Independent System Operator, Inc.",TI,Total interchange,-2565,megawatthours
2026-09-08T03,NE,New England,D,Demand,12571,megawatthours
2026-09-08T03,NE,New England,DF,Day-ahead demand forecast,12380,megawatthours
2026-09-08T03,NE,New England,NG,Net generation,12192,megawatthours
2026-09-08T03,NEVP,Nevada Power Company,D,Demand,6371,megawatthours
2026-09-08T03,NEVP,Nevada Power Company,DF,Day-ahead demand forecast,5931,megawatthours
2026-09-08T03,NEVP,Nevada Power Company,NG,Net generation,6064,megawatthours
2026-09-08T03,NEVP,Nevada Power Company,TI,Total interchange,-783,megawatthours
2026-09-08T03,NW,Northwest,D,Demand,46452,megawatthours
2026-09-08T03,NW,Northwest,DF,Day-ahead demand forecast,45424,megawatthours
2026-09-08T03,NW,Northwest,NG,Net generation,49417,megawatthours
2026-09-08T03,NW,Northwest,TI,Total interchange,2653,megawatthours
2026-09-08T03,NWMT,NorthWestern Corporation,D,Demand,1420,megawatthours
2026-09-08T03,NWMT,NorthWestern Corporation,DF,Day-ahead demand forecast,1284,megawatthours
2026-09-08T03,NWMT,NorthWestern Corporation,NG,Net generation,3084,megawatthours
2026-09-08T03,NWMT,NorthWestern Corporation,TI,Total interchange,1664,megawatthours
2026-09-08T03,NY,New York,D,Demand,17320,megawatthours
2026-09-08T03,NY,New York,DF,Day-ahead demand forecast,16910,megawatthours
2026-09-08T03,NY,New York,NG,Net generation,15418,megawatthours
2026-09-08T03,NY,New York,TI,Total interchange,-1902,megawatthours
2026-09-08T03,NYIS,New York Independent System Operator,D,Demand,17320,megawatthours
2026-09-08T03,NYIS,New York Independent System Operator,DF,Day-ahead demand forecast,16910,megawatthours
2026-09-08T03,NYIS,New York Independent System Operator,NG,Net generation,15418,megawatthours
2026-09-08T03,NYIS,New York Independent System Operator,TI,Total interchange,-1902,megawatthours
2026-09-08T03,PACE,PacifiCorp East,D,Demand,5679,megawatthours
2026-09-08T03,PACE,PacifiCorp East,DF,Day-ahead demand forecast,7016,megawatthours
2026-09-08T03,PACE,PacifiCorp East,NG,Net generation,8568,megawatthours
2026-09-08T03,PACE,PacifiCorp East,TI,Total interchange,2889,megawatthours
2026-09-08T03,PACW,PacifiCorp West,D,Demand,2378,megawatthours
2026-09-08T03,PACW,PacifiCorp West,DF,Day-ahead demand forecast,2527,megawatthours
2026-09-08T03,PACW,PacifiCorp West,NG,Net generation,1132,megawatthours
2026-09-08T03,PACW,PacifiCorp West,TI,Total interchange,-1246,megawatthours
2026-09-08T03,PGE,Portland General Electric Company,D,Demand,2806,megawatthours
2026-09-08T03,PGE,Portland General Electric Company,DF,Day-ahead demand forecast,2895,megawatthours
2026-09-08T03,PGE,Portland General Electric Company,NG,Net generation,1472,megawatthours
2026-09-08T03,PGE,Portland General Electric Company,TI,Total interchange,-1334,megawatthours
2026-09-08T03,PJM,"PJM Interconnection, LLC",D,Demand,96653,megawatthours
2026-09-08T03,PJM,"PJM Interconnection, LLC",DF,Day-ahead demand forecast,89441,megawatthours
2026-09-08T03,PJM,"PJM Interconnection, LLC",NG,Net generation,102829,megawatthours
2026-09-08T03,PJM,"PJM Interconnection, LLC",TI,Total interchange,580,megawatthours
2026-09-08T03,PNM,Public Service Company of New Mexico,D,Demand,2423,megawatthours
2026-09-08T03,PNM,Public Service Company of New Mexico,DF,Day-ahead demand forecast,2271,megawatthours
2026-09-08T03,PNM,Public Service Company of New Mexico,NG,Net generation,2986,megawatthours
2026-09-08T03,PNM,Public Service Company of New Mexico,TI,Total interchange,596,megawatthours
2026-09-08T03,PSCO,Public Service Company of Colorado,D,Demand,6800,megawatthours
2026-09-08T03,PSCO,Public Service Company of Colorado,DF,Day-ahead demand forecast,5082,megawatthours
2026-09-08T03,PSCO,Public Service Company of Colorado,NG,Net generation,7313,megawatthours
2026-09-08T03,PSCO,Public Service Company of Colorado,TI,Total interchange,513,megawatthours
2026-09-08T03,PSEI,"Puget Sound Energy, Inc.",D,Demand,2766,megawatthours
2026-09-08T03,PSEI,"Puget Sound Energy, Inc.",DF,Day-ahead demand forecast,2232,megawatthours
2026-09-08T03,PSEI,"Puget Sound Energy, Inc.",NG,Net generation,833,megawatthours
2026-09-08T03,PSEI,"Puget Sound Energy, Inc.",TI,Total interchange,-1933,megawatthours
2026-09-08T03,SC,South Carolina Public Service Authority,D,Demand,3417,megawatthours
2026-09-08T03,SC,South Carolina Public Service Authority,DF,Day-ahead demand forecast,3655,megawatthours
2026-09-08T03,SC,South Carolina Public Service Authority,NG,Net generation,2394,megawatthours
2026-09-08T03,SC,South Carolina Public Service Authority,TI,Total interchange,-1064,megawatthours
2026-09-08T03,SCEG,"Dominion Energy South Carolina, Inc.",D,Demand,3044,megawatthours
2026-09-08T03,SCEG,"Dominion Energy South Carolina, Inc.",DF,Day-ahead demand forecast,2803,megawatthours
2026-09-08T03,SCEG,"Dominion Energy South Carolina, Inc.",NG,Net generation,3052,megawatthours
2026-09-08T03,SCEG,"Dominion Energy South Carolina, Inc.",TI,Total interchange,8,megawatthours
2026-09-08T03,SCL,Seattle City Light,D,Demand,1015,megawatthours
2026-09-08T03,SCL,Seattle City Light,DF,Day-ahead demand forecast,1028,megawatthours
2026-09-08T03,SCL,Seattle City Light,NG,Net generation,643,megawatthours
2026-09-08T03,SCL,Seattle City Light,TI,Total interchange,-372,megawatthours
2026-09-08T03,SE,Southeast,D,Demand,31026,megawatthours
2026-09-08T03,SE,Southeast,DF,Day-ahead demand forecast,31979,megawatthours
2026-09-08T03,SE,Southeast,NG,Net generation,32390,megawatthours
2026-09-08T03,SE,Southeast,TI,Total interchange,1169,megawatthours
2026-09-08T03,SEC,Seminole Electric Cooperative,D,Demand,198,megawatthours
2026-09-08T03,SEC,Seminole Electric Cooperative,DF,Day-ahead demand forecast,242,megawatthours
2026-09-08T03,SEC,Seminole Electric Cooperative,NG,Net generation,2144,megawatthours
2026-09-08T03,SEC,Seminole Electric Cooperative,TI,Total interchange,1946,megawatthours
2026-09-08T03,SEPA,Southeastern Power Administration,NG,Net generation,0,megawatthours
2026-09-08T03,SEPA,Southeastern Power Administration,TI,Total interchange,-195,megawatthours
2026-09-08T03,SIKE,Sikeston Board of Municipal Utilities,NG,Net generation,31,megawatthours
2026-09-08T03,SIKE,Sikeston Board of Municipal Utilities,TI,Total interchange,31,megawatthours
2026-09-08T03,SOCO,"Southern Company Services, Inc. - Trans",D,Demand,31026,megawatthours
2026-09-08T03,SOCO,"Southern Company Services, Inc. - Trans",DF,Day-ahead demand forecast,31979,megawatthours
2026-09-08T03,SOCO,"Southern Company Services, Inc. - Trans",NG,Net generation,32390,megawatthours
2026-09-08T03,SOCO,"Southern Company Services, Inc. - Trans",TI,Total interchange,1364,megawatthours
2026-09-08T03,SRP,Salt River Project Agricultural Improvement and Power District,D,Demand,5435,megawatthours
2026-09-08T03,SRP,Salt River Project Agricultural Improvement and Power District,DF,Day-ahead demand forecast,6637,megawatthours
2026-09-08T03,SRP,Salt River Project Agricultural Improvement and Power District,NG,Net generation,10014,megawatthours
2026-09-08T03,SRP,Salt River Project Agricultural Improvement and Power District,TI,Total interchange,4578,megawatthours
2026-09-08T03,SW,Southwest,D,Demand,21089,megawatthours
2026-09-08T03,SW,Southwest,DF,Day-ahead demand forecast,21004,megawatthours
2026-09-08T03,SW,Southwest,NG,Net generation,23633,megawatthours
2026-09-08T03,SW,Southwest,TI,Total interchange,2576,megawatthours
2026-09-08T03,SWPP,Southwest Power Pool,D,Demand,46647,megawatthours
2026-09-08T03,SWPP,Southwest Power Pool,DF,Day-ahead demand forecast,47099,megawatthours
2026-09-08T03,SWPP,Southwest Power Pool,NG,Net generation,45534,megawatthours
2026-09-08T03,SWPW,Southwest Power Pool West Balancing Authority Area,D,Demand,3761,megawatthours
2026-09-08T03,SWPW,Southwest Power Pool West Balancing Authority Area,DF,Day-ahead demand forecast,3703,megawatthours
2026-09-08T03,SWPW,Southwest Power Pool West Balancing Authority Area,NG,Net generation,2718,megawatthours
2026-09-08T03,SWPW,Southwest Power Pool West Balancing Authority Area,TI,Total interchange,-1043,megawatthours
2026-09-08T03,TAL,City of Tallahassee,D,Demand,422,megawatthours
2026-09-08T03,TAL,City of Tallahassee,DF,Day-ahead demand forecast,405,megawatthours
2026-09-08T03,TAL,City of Tallahassee,NG,Net generation,425,megawatthours
2026-09-08T03,TAL,City of Tallahassee,TI,Total interchange,2,megawatthours
2026-09-08T03,TEC,Tampa Electric Company,D,Demand,2860,megawatthours
2026-09-08T03,TEC,Tampa Electric Company,DF,Day-ahead demand forecast,2740,megawatthours
2026-09-08T03,TEC,Tampa Electric Company,NG,Net generation,2859,megawatthours
2026-09-08T03,TEC,Tampa Electric Company,TI,Total interchange,-2,megawatthours
2026-09-08T03,TEN,Tennessee,D,Demand,22971,megawatthours
2026-09-08T03,TEN,Tennessee,DF,Day-ahead demand forecast,22492,megawatthours
2026-09-08T03,TEN,Tennessee,NG,Net generation,21622,megawatthours
2026-09-08T03,TEN,Tennessee,TI,Total interchange,-1348,megawatthours
2026-09-08T03,TEPC,Tucson Electric Power,D,Demand,2497,megawatthours
2026-09-08T03,TEPC,Tucson Electric Power,DF,Day-ahead demand forecast,2518,megawatthours
2026-09-08T03,TEPC,Tucson Electric Power,NG,Net generation,2613,megawatthours
2026-09-08T03,TEPC,Tucson Electric Power,TI,Total interchange,116,megawatthours
2026-09-08T03,TEX,Texas,D,Demand,78329,megawatthours
2026-09-08T03,TEX,Texas,DF,Day-ahead demand forecast,77789,megawatthours
2026-09-08T03,TEX,Texas,NG,Net generation,77605,megawatthours
2026-09-08T03,TEX,Texas,TI,Total interchange,-718,megawatthours
2026-09-08T03,TIDC,Turlock Irrigation District,D,Demand,474,megawatthours
2026-09-08T03,TIDC,Turlock Irrigation District,DF,Day-ahead demand forecast,458,megawatthours
2026-09-08T03,TIDC,Turlock Irrigation District,NG,Net generation,337,megawatthours
2026-09-08T03,TIDC,Turlock Irrigation District,TI,Total interchange,-133,megawatthours
2026-09-08T03,TPWR,"City of Tacoma, Department of Public Utilities, Light Division",D,Demand,483,megawatthours
2026-09-08T03,TPWR,"City of Tacoma, Department of Public Utilities, Light Division",DF,Day-ahead demand forecast,464,megawatthours
2026-09-08T03,TPWR,"City of Tacoma, Department of Public Utilities, Light Division",NG,Net generation,195,megawatthours
2026-09-08T03,TPWR,"City of Tacoma, Department of Public Utilities, Light Division",TI,Total interchange,-288,megawatthours
2026-09-08T03,TVA,Tennessee Valley Authority,D,Demand,22971,megawatthours
2026-09-08T03,TVA,Tennessee Valley Authority,DF,Day-ahead demand forecast,22492,megawatthours
2026-09-08T03,TVA,Tennessee Valley Authority,NG,Net generation,21622,megawatthours
2026-09-08T03,TVA,Tennessee Valley Authority,TI,Total interchange,-1348,megawatthours
2026-09-08T03,US48,United States Lower 48,D,Demand,571732,megawatthours
2026-09-08T03,US48,United States Lower 48,DF,Day-ahead demand forecast,563416,megawatthours
2026-09-08T03,US48,United States Lower 48,NG,Net generation,565609,megawatthours
2026-09-08T03,US48,United States Lower 48,TI,Total interchange,-12845,megawatthours
2026-09-08T03,WALC,Western Area Power Administration - Desert Southwest Region,D,Demand,1225,megawatthours
2026-09-08T03,WALC,Western Area Power Administration - Desert Southwest Region,DF,Day-ahead demand forecast,808,megawatthours
2026-09-08T03,WALC,Western Area Power Administration - Desert Southwest Region,NG,Net generation,1854,megawatthours
2026-09-08T03,WALC,Western Area Power Administration - Desert Southwest Region,TI,Total interchange,629,megawatthours
2026-09-08T03,YAD,"Alcoa Power Generating, Inc. - Yadkin Division",NG,Net generation,0,megawatthours
2026-09-08T03,YAD,"Alcoa Power Generating, Inc. - Yadkin Division",TI,Total interchange,0,megawatthours
2026-09-08T02,AECI,"Associated Electric Cooperative, Inc.",D,Demand,3754,megawatthours
2026-09-08T02,AECI,"Associated Electric Cooperative, Inc.",DF,Day-ahead demand forecast,3887,megawatthours
2026-09-08T02,AECI,"Associated Electric Cooperative, Inc.",NG,Net generation,2952,megawatthours
2026-09-08T02,AECI,"Associated Electric Cooperative, Inc.",TI,Total interchange,-802,megawatthours
2026-09-08T02,AVA,Avista Corporation,D,Demand,1343,megawatthours
2026-09-08T02,AVA,Avista Corporation,DF,Day-ahead demand forecast,1335,megawatthours
2026-09-08T02,AVA,Avista Corporation,NG,Net generation,873,megawatthours
2026-09-08T02,AVA,Avista Corporation,TI,Total interchange,-470,megawatthours
2026-09-08T02,AVRN,"Avangrid Renewables, LLC",NG,Net generation,1288,megawatthours
2026-09-08T02,AVRN,"Avangrid Renewables, LLC",TI,Total interchange,1288,megawatthours
2026-09-08T02,AZPS,Arizona Public Service Company,D,Demand,7987,megawatthours
2026-09-08T02,AZPS,Arizona Public Service Company,DF,Day-ahead demand forecast,7290,megawatthours
2026-09-08T02,AZPS,Arizona Public Service Company,NG,Net generation,4445,megawatthours
2026-09-08T02,AZPS,Arizona Public Service Company,TI,Total interchange,-3542,megawatthours
2026-09-08T02,BANC,Balancing Authority of Northern California,D,Demand,2864,megawatthours
2026-09-08T02,BANC,Balancing Authority of Northern California,DF,Day-ahead demand forecast,2790,megawatthours
2026-09-08T02,BANC,Balancing Authority of Northern California,NG,Net generation,2623,megawatthours
2026-09-08T02,BANC,Balancing Authority of Northern California,TI,Total interchange,-240,megawatthours
2026-09-08T02,BHBA,Black Hills Energy,D,Demand,1033,megawatthours
2026-09-08T02,BHBA,Black Hills Energy,DF,Day-ahead demand forecast,957,megawatthours
2026-09-08T02,BHBA,Black Hills Energy,NG,Net generation,903,megawatthours
2026-09-08T02,BHBA,Black Hills Energy,TI,Total interchange,49,megawatthours
2026-09-08T02,BPAT,Bonneville Power Administration,D,Demand,7151,megawatthours
2026-09-08T02,BPAT,Bonneville Power Administration,DF,Day-ahead demand forecast,7114,megawatthours
2026-09-08T02,BPAT,Bonneville Power Administration,NG,Net generation,8172,megawatthours
2026-09-08T02,BPAT,Bonneville Power Administration,TI,Total interchange,1021,megawatthours
2026-09-08T02,CAL,California,D,Demand,45080,megawatthours
2026-09-08T02,CAL,California,DF,Day-ahead demand forecast,44508,megawatthours
2026-09-08T02,CAL,California,NG,Net generation,34747,megawatthours
2026-09-08T02,CAL,California,TI,Total interchange,-10461,megawatthours
2026-09-08T02,CAR,Carolinas,D,Demand,29054,megawatthours
2026-09-08T02,CAR,Carolinas,DF,Day-ahead demand forecast,28239,megawatthours
2026-09-08T02,CAR,Carolinas,NG,Net generation,27979,megawatthours
2026-09-08T02,CAR,Carolinas,TI,Total interchange,-1117,megawatthours
2026-09-08T02,CENT,Central,D,Demand,48996,megawatthours
2026-09-08T02,CENT,Central,DF,Day-ahead demand forecast,49515,megawatthours
2026-09-08T02,CENT,Central,NG,Net generation,47635,megawatthours
2026-09-08T02,CHPD,Public Utility District No. 1 of Chelan County,D,Demand,193,megawatthours
2026-09-08T02,CHPD,Public Utility District No. 1 of Chelan County,DF,Day-ahead demand forecast,189,megawatthours
2026-09-08T02,CHPD,Public Utility District No. 1 of Chelan County,NG,Net generation,796,megawatthours
2026-09-08T02,CHPD,Public Utility District No. 1 of Chelan County,TI,Total interchange,603,megawatthours
2026-09-08T02,CISO,California Independent System Operator,D,Demand,36667,megawatthours
2026-09-08T02,CISO,California Independent System Operator,DF,Day-ahead demand forecast,36223,megawatthours
2026-09-08T02,CISO,California Independent System Operator,NG,Net generation,28161,megawatthours
2026-09-08T02,CISO,California Independent System Operator,TI,Total interchange,-8640,megawatthours
2026-09-08T02,CPLE,Duke Energy Progress East,D,Demand,7864,megawatthours
2026-09-08T02,CPLE,Duke Energy Progress East,DF,Day-ahead demand forecast,7883,megawatthours
2026-09-08T02,CPLE,Duke Energy Progress East,NG,Net generation,7773,megawatthours
2026-09-08T02,CPLE,Duke Energy Progress East,TI,Total interchange,-91,megawatthours
2026-09-08T02,CPLW,Duke Energy Progress West,D,Demand,549,megawatthours
2026-09-08T02,CPLW,Duke Energy Progress West,DF,Day-ahead demand forecast,535,megawatthours
2026-09-08T02,CPLW,Duke Energy Progress West,NG,Net generation,498,megawatthours
2026-09-08T02,CPLW,Duke Energy Progress West,TI,Total interchange,-51,megawatthours
2026-09-08T02,DEAA,"Arlington Valley, LLC",NG,Net generation,416,megawatthours
2026-09-08T02,DEAA,"Arlington Valley, LLC",TI,Total interchange,416,megawatthours
2026-09-08T02,DOPD,PUD No. 1 of Douglas County,D,Demand,277,megawatthours
2026-09-08T02,DOPD,PUD No. 1 of Douglas County,DF,Day-ahead demand forecast,277,megawatthours
2026-09-08T02,DOPD,PUD No. 1 of Douglas County,NG,Net generation,296,megawatthours
2026-09-08T02,DOPD,PUD No. 1 of Douglas County,TI,Total interchange,19,megawatthours
2026-09-08T02,DUK,Duke Energy Carolinas,D,Demand,13613,megawatthours
2026-09-08T02,DUK,Duke Energy Carolinas,DF,Day-ahead demand forecast,12939,megawatthours
2026-09-08T02,DUK,Duke Energy Carolinas,NG,Net generation,13724,megawatthours
2026-09-08T02,DUK,Duke Energy Carolinas,TI,Total interchange,111,megawatthours
2026-09-08T02,EPE,El Paso Electric Company,D,Demand,1915,megawatthours
2026-09-08T02,EPE,El Paso Electric Company,DF,Day-ahead demand forecast,1886,megawatthours
2026-09-08T02,EPE,El Paso Electric Company,NG,Net generation,1078,megawatthours
2026-09-08T02,EPE,El Paso Electric Company,TI,Total interchange,-837,megawatthours
2026-09-08T02,ERCO,"Electric Reliability Council of Texas, Inc.",D,Demand,81665,megawatthours
2026-09-08T02,ERCO,"Electric Reliability Council of Texas, Inc.",DF,Day-ahead demand forecast,80834,megawatthours
2026-09-08T02,ERCO,"Electric Reliability Council of Texas, Inc.",NG,Net generation,80925,megawatthours
2026-09-08T02,ERCO,"Electric Reliability Council of Texas, Inc.",TI,Total interchange,-734,megawatthours
2026-09-08T02,FLA,Florida,D,Demand,36492,megawatthours
2026-09-08T02,FLA,Florida,DF,Day-ahead demand forecast,35225,megawatthours
2026-09-08T02,FLA,Florida,NG,Net generation,35675,megawatthours
2026-09-08T02,FLA,Florida,TI,Total interchange,-799,megawatthours
2026-09-08T02,FMPP,Florida Municipal Power Pool,D,Demand,2496,megawatthours
2026-09-08T02,FMPP,Florida Municipal Power Pool,DF,Day-ahead demand forecast,2605,megawatthours
2026-09-08T02,FMPP,Florida Municipal Power Pool,NG,Net generation,2506,megawatthours
2026-09-08T02,FMPP,Florida Municipal Power Pool,TI,Total interchange,10,megawatthours
2026-09-08T02,FPC,"Duke Energy Florida, Inc.",D,Demand,8057,megawatthours
2026-09-08T02,FPC,"Duke Energy Florida, Inc.",DF,Day-ahead demand forecast,6328,megawatthours
2026-09-08T02,FPC,"Duke Energy Florida, Inc.",NG,Net generation,6345,megawatthours
2026-09-08T02,FPC,"Duke Energy Florida, Inc.",TI,Total interchange,-1712,megawatthours
2026-09-08T02,FPL,Florida Power & Light Co.,D,Demand,19741,megawatthours
2026-09-08T02,FPL,Florida Power & Light Co.,DF,Day-ahead demand forecast,20306,megawatthours
2026-09-08T02,FPL,Florida Power & Light Co.,NG,Net generation,19450,megawatthours
2026-09-08T02,FPL,Florida Power & Light Co.,TI,Total interchange,-291,megawatthours
2026-09-08T02,GCPD,"Public Utility District No. 2 of Grant County, Washington",D,Demand,740,megawatthours
2026-09-08T02,GCPD,"Public Utility District No. 2 of Grant County, Washington",DF,Day-ahead demand forecast,696,megawatthours
2026-09-08T02,GCPD,"Public Utility District No. 2 of Grant County, Washington",NG,Net generation,1125,megawatthours
2026-09-08T02,GCPD,"Public Utility District No. 2 of Grant County, Washington",TI,Total interchange,387,megawatthours
2026-09-08T02,GRID,"Gridforce Energy Management, LLC",NG,Net generation,2269,megawatthours
2026-09-08T02,GRID,"Gridforce Energy Management, LLC",TI,Total interchange,2269,megawatthours
2026-09-08T02,GVL,Gainesville Regional Utilities,D,Demand,316,megawatthours
2026-09-08T02,GVL,Gainesville Regional Utilities,DF,Day-ahead demand forecast,295,megawatthours
2026-09-08T02,GVL,Gainesville Regional Utilities,NG,Net generation,297,megawatthours
2026-09-08T02,GVL,Gainesville Regional Utilities,TI,Total interchange,-11,megawatthours
2026-09-08T02,GWA,"NaturEner Power Watch, LLC",NG,Net generation,340,megawatthours
2026-09-08T02,GWA,"NaturEner Power Watch, LLC",TI,Total interchange,340,megawatthours
2026-09-08T02,HST,City of Homestead,D,Demand,98,megawatthours
2026-09-08T02,HST,City of Homestead,DF,Day-ahead demand forecast,105,megawatthours
2026-09-08T02,HST,City of Homestead,NG,Net generation,0,megawatthours
2026-09-08T02,HST,City of Homestead,TI,Total interchange,-98,megawatthours
2026-09-08T02,IID,Imperial Irrigation District,D,Demand,697,megawatthours
2026-09-08T02,IID,Imperial Irrigation District,DF,Day-ahead demand forecast,754,megawatthours
2026-09-08T02,IID,Imperial Irrigation District,NG,Net generation,437,megawatthours
2026-09-08T02,IID,Imperial Irrigation District,TI,Total interchange,-259,megawatthours
2026-09-08T02,IPCO,Idaho Power Company,D,Demand,2316,megawatthours
2026-09-08T02,IPCO,Idaho Power Company,DF,Day-ahead demand forecast,2856,megawatthours
2026-09-08T02,IPCO,Idaho Power Company,NG,Net generation,1875,megawatthours
2026-09-08T02,IPCO,Idaho Power Company,TI,Total interchange,-441,megawatthours
2026-09-08T02,ISNE,ISO New England,D,Demand,13733,megawatthours
2026-09-08T02,ISNE,ISO New England,DF,Day-ahead demand forecast,13430,megawatthours
2026-09-08T02,ISNE,ISO New England,NG,Net generation,12298,megawatthours
2026-09-08T02,JEA,JEA,D,Demand,2010,megawatthours
2026-09-08T02,JEA,JEA,DF,Day-ahead demand forecast,1903,megawatthours
2026-09-08T02,JEA,JEA,NG,Net generation,1451,megawatthours
2026-09-08T02,JEA,JEA,TI,Total interchange,-550,megawatthours
2026-09-08T02,LDWP,Los Angeles Department of Water and Power,D,Demand,4362,megawatthours
2026-09-08T02,LDWP,Los Angeles Department of Water and Power,DF,Day-ahead demand forecast,4267,megawatthours
2026-09-08T02,LDWP,Los Angeles Department of Water and Power,NG,Net generation,3189,megawatthours
2026-09-08T02,LDWP,Los Angeles Department of Water and Power,TI,Total interchange,-1173,megawatthours
2026-09-08T02,LGEE,LG&E and KU Services Company as agent for Louisville Gas and Electric Company and Kentucky Utilities Company,D,Demand,5073,megawatthours
2026-09-08T02,LGEE,LG&E and KU Services Company as agent for Louisville Gas and Electric Company and Kentucky Utilities Company,DF,Day-ahead demand forecast,4618,megawatthours
2026-09-08T02,LGEE,LG&E and KU Services Company as agent for Louisville Gas and Electric Company and Kentucky Utilities Company,NG,Net generation,4490,megawatthours
2026-09-08T02,LGEE,LG&E and KU Services Company as agent for Louisville Gas and Electric Company and Kentucky Utilities Company,TI,Total interchange,-583,megawatthours
2026-09-08T02,MIDA,Mid-Atlantic,D,Demand,103353,megawatthours
2026-09-08T02,MIDA,Mid-Atlantic,DF,Day-ahead demand forecast,95300,megawatthours
2026-09-08T02,MIDA,Mid-Atlantic,NG,Net generation,109517,megawatthours
2026-09-08T02,MIDA,Mid-Atlantic,TI,Total interchange,524,megawatthours
2026-09-08T02,MIDW,Midwest,D,Demand,99966,megawatthours
2026-09-08T02,MIDW,Midwest,DF,Day-ahead demand forecast,101126,megawatthours
2026-09-08T02,MIDW,Midwest,NG,Net generation,96711,megawatthours
2026-09-08T02,MIDW,Midwest,TI,Total interchange,-5163,megawatthours
2026-09-08T02,MISO,"Midcontinent Independent System Operator, Inc.",D,Demand,91139,megawatthours
2026-09-08T02,MISO,"Midcontinent Independent System Operator, Inc.",DF,Day-ahead demand forecast,92621,megawatthours
2026-09-08T02,MISO,"Midcontinent Independent System Operator, Inc.",NG,Net generation,89238,megawatthours
2026-09-08T02,MISO,"Midcontinent Independent System Operator, Inc.",TI,Total interchange,-3809,megawatthours
2026-09-08T02,NE,New England,D,Demand,13733,megawatthours
2026-09-08T02,NE,New England,DF,Day-ahead demand forecast,13430,megawatthours
2026-09-08T02,NE,New England,NG,Net generation,12298,megawatthours
2026-09-08T02,NEVP,Nevada Power Company,D,Demand,6469,megawatthours
2026-09-08T02,NEVP,Nevada Power Company,DF,Day-ahead demand forecast,6049,megawatthours
2026-09-08T02,NEVP,Nevada Power Company,NG,Net generation,6394,megawatthours
2026-09-08T02,NEVP,Nevada Power Company,TI,Total interchange,-559,megawatthours
2026-09-08T02,NW,Northwest,D,Demand,47243,megawatthours
2026-09-08T02,NW,Northwest,DF,Day-ahead demand forecast,46432,megawatthours
2026-09-08T02,NW,Northwest,NG,Net generation,51342,megawatthours
2026-09-08T02,NW,Northwest,TI,Total interchange,3795,megawatthours
2026-09-08T02,NWMT,NorthWestern Corporation,D,Demand,1425,megawatthours
2026-09-08T02,NWMT,NorthWestern Corporation,DF,Day-ahead demand forecast,1317,megawatthours
2026-09-08T02,NWMT,NorthWestern Corporation,NG,Net generation,3126,megawatthours
2026-09-08T02,NWMT,NorthWestern Corporation,TI,Total interchange,1701,megawatthours
2026-09-08T02,NY,New York,D,Demand,18398,megawatthours
2026-09-08T02,NY,New York,DF,Day-ahead demand forecast,17941,megawatthours
2026-09-08T02,NY,New York,NG,Net generation,16284,megawatthours
2026-09-08T02,NY,New York,TI,Total interchange,-2114,megawatthours
2026-09-08T02,NYIS,New York Independent System Operator,D,Demand,18398,megawatthours
2026-09-08T02,NYIS,New York Independent System Operator,DF,Day-ahead demand forecast,17941,megawatthours
2026-09-08T02,NYIS,New York Independent System Operator,NG,Net generation,16284,megawatthours
2026-09-08T02,NYIS,New York Independent System Operator,TI,Total interchange,-2114,megawatthours
2026-09-08T02,PACE,PacifiCorp East,D,Demand,6122,megawatthours
2026-09-08T02,PACE,PacifiCorp East,DF,Day-ahead demand forecast,7193,megawatthours
2026-09-08T02,PACE,PacifiCorp East,NG,Net generation,9168,megawatthours
2026-09-08T02,PACE,PacifiCorp East,TI,Total interchange,3046,megawatthours
2026-09-08T02,PACW,PacifiCorp West,D,Demand,2394,megawatthours
2026-09-08T02,PACW,PacifiCorp West,DF,Day-ahead demand forecast,2545,megawatthours
2026-09-08T02,PACW,PacifiCorp West,NG,Net generation,1400,megawatthours
2026-09-08T02,PACW,PacifiCorp West,TI,Total interchange,-994,megawatthours
2026-09-08T02,PGE,Portland General Electric Company,D,Demand,2788,megawatthours
2026-09-08T02,PGE,Portland General Electric Company,DF,Day-ahead demand forecast,2884,megawatthours
2026-09-08T02,PGE,Portland General Electric Company,NG,Net generation,1422,megawatthours
2026-09-08T02,PGE,Portland General Electric Company,TI,Total interchange,-1366,megawatthours
2026-09-08T02,PJM,"PJM Interconnection, LLC",D,Demand,103353,megawatthours
2026-09-08T02,PJM,"PJM Interconnection, LLC",DF,Day-ahead demand forecast,95300,megawatthours
2026-09-08T02,PJM,"PJM Interconnection, LLC",NG,Net generation,109517,megawatthours
2026-09-08T02,PJM,"PJM Interconnection, LLC",TI,Total interchange,524,megawatthours
2026-09-08T02,PNM,Public Service Company of New Mexico,D,Demand,2527,megawatthours
2026-09-08T02,PNM,Public Service Company of New Mexico,DF,Day-ahead demand forecast,2358,megawatthours
2026-09-08T02,PNM,Public Service Company of New Mexico,NG,Net generation,3104,megawatthours
2026-09-08T02,PNM,Public Service Company of New Mexico,TI,Total interchange,610,megawatthours
2026-09-08T02,PSCO,Public Service Company of Colorado,D,Demand,6828,megawatthours
2026-09-08T02,PSCO,Public Service Company of Colorado,DF,Day-ahead demand forecast,5375,megawatthours
2026-09-08T02,PSCO,Public Service Company of Colorado,NG,Net generation,7365,megawatthours
2026-09-08T02,PSCO,Public Service Company of Colorado,TI,Total interchange,537,megawatthours
2026-09-08T02,PSEI,"Puget Sound Energy, Inc.",D,Demand,2763,megawatthours
2026-09-08T02,PSEI,"Puget Sound Energy, Inc.",DF,Day-ahead demand forecast,2320,megawatthours
2026-09-08T02,PSEI,"Puget Sound Energy, Inc.",NG,Net generation,772,megawatthours
2026-09-08T02,PSEI,"Puget Sound Energy, Inc.",TI,Total interchange,-1991,megawatthours
2026-09-08T02,SC,South Carolina Public Service Authority,D,Demand,3697,megawatthours
2026-09-08T02,SC,South Carolina Public Service Authority,DF,Day-ahead demand forecast,3868,megawatthours
2026-09-08T02,SC,South Carolina Public Service Authority,NG,Net generation,2668,megawatthours
2026-09-08T02,SC,South Carolina Public Service Authority,TI,Total interchange,-1072,megawatthours
2026-09-08T02,SCEG,"Dominion Energy South Carolina, Inc.",D,Demand,3331,megawatthours
2026-09-08T02,SCEG,"Dominion Energy South Carolina, Inc.",DF,Day-ahead demand forecast,3014,megawatthours
2026-09-08T02,SCEG,"Dominion Energy South Carolina, Inc.",NG,Net generation,3312,megawatthours
2026-09-08T02,SCEG,"Dominion Energy South Carolina, Inc.",TI,Total interchange,-19,megawatthours
2026-09-08T02,SCL,Seattle City Light,D,Demand,1028,megawatthours
2026-09-08T02,SCL,Seattle City Light,DF,Day-ahead demand forecast,1030,megawatthours
2026-09-08T02,SCL,Seattle City Light,NG,Net generation,617,megawatthours
2026-09-08T02,SCL,Seattle City Light,TI,Total interchange,-411,megawatthours
2026-09-08T02,SE,Southeast,D,Demand,33197,megawatthours
2026-09-08T02,SE,Southeast,DF,Day-ahead demand forecast,33718,megawatthours
2026-09-08T02,SE,Southeast,NG,Net generation,34936,megawatthours
2026-09-08T02,SE,Southeast,TI,Total interchange,1734,megawatthours
2026-09-08T02,SEC,Seminole Electric Cooperative,D,Demand,226,megawatthours
2026-09-08T02,SEC,Seminole Electric Cooperative,DF,Day-ahead demand forecast,265,megawatthours
2026-09-08T02,SEC,Seminole Electric Cooperative,NG,Net generation,2175,megawatthours
2026-09-08T02,SEC,Seminole Electric Cooperative,TI,Total interchange,1949,megawatthours
2026-09-08T02,SEPA,Southeastern Power Administration,NG,Net generation,0,megawatthours
2026-09-08T02,SEPA,Southeastern Power Administration,TI,Total interchange,-5,megawatthours
2026-09-08T02,SIKE,Sikeston Board of Municipal Utilities,NG,Net generation,31,megawatthours
2026-09-08T02,SIKE,Sikeston Board of Municipal Utilities,TI,Total interchange,31,megawatthours
2026-09-08T02,SOCO,"Southern Company Services, Inc. - Trans",D,Demand,33197,megawatthours
2026-09-08T02,SOCO,"Southern Company Services, Inc. - Trans",DF,Day-ahead demand forecast,33718,megawatthours
2026-09-08T02,SOCO,"Southern Company Services, Inc. - Trans",NG,Net generation,34936,megawatthours
2026-09-08T02,SOCO,"Southern Company Services, Inc. - Trans",TI,Total interchange,1739,megawatthours
2026-09-08T02,SRP,Salt River Project Agricultural Improvement and Power District,D,Demand,5432,megawatthours
2026-09-08T02,SRP,Salt River Project Agricultural Improvement and Power District,DF,Day-ahead demand forecast,6933,megawatthours
2026-09-08T02,SRP,Salt River Project Agricultural Improvement and Power District,NG,Net generation,9932,megawatthours
2026-09-08T02,SRP,Salt River Project Agricultural Improvement and Power District,TI,Total interchange,4509,megawatthours
2026-09-08T02,SW,Southwest,D,Demand,21728,megawatthours
2026-09-08T02,SW,Southwest,DF,Day-ahead demand forecast,22063,megawatthours
2026-09-08T02,SW,Southwest,NG,Net generation,23241,megawatthours
2026-09-08T02,SW,Southwest,TI,Total interchange,1555,megawatthours
2026-09-08T02,SWPP,Southwest Power Pool,D,Demand,48996,megawatthours
2026-09-08T02,SWPP,Southwest Power Pool,DF,Day-ahead demand forecast,49515,megawatthours
2026-09-08T02,SWPP,Southwest Power Pool,NG,Net generation,47635,megawatthours
2026-09-08T02,SWPW,Southwest Power Pool West Balancing Authority Area,D,Demand,3891,megawatthours
2026-09-08T02,SWPW,Southwest Power Pool West Balancing Authority Area,DF,Day-ahead demand forecast,3834,megawatthours
2026-09-08T02,SWPW,Southwest Power Pool West Balancing Authority Area,NG,Net generation,3024,megawatthours
2026-09-08T02,SWPW,Southwest Power Pool West Balancing Authority Area,TI,Total interchange,-868,megawatthours
2026-09-08T02,TAL,City of Tallahassee,D,Demand,455,megawatthours
2026-09-08T02,TAL,City of Tallahassee,DF,Day-ahead demand forecast,438,megawatthours
2026-09-08T02,TAL,City of Tallahassee,NG,Net generation,456,megawatthours
2026-09-08T02,TAL,City of Tallahassee,TI,Total interchange,1,megawatthours
2026-09-08T02,TEC,Tampa Electric Company,D,Demand,3093,megawatthours
2026-09-08T02,TEC,Tampa Electric Company,DF,Day-ahead demand forecast,2980,megawatthours
2026-09-08T02,TEC,Tampa Electric Company,NG,Net generation,2995,megawatthours
2026-09-08T02,TEC,Tampa Electric Company,TI,Total interchange,-97,megawatthours
2026-09-08T02,TEN,Tennessee,D,Demand,24563,megawatthours
2026-09-08T02,TEN,Tennessee,DF,Day-ahead demand forecast,24288,megawatthours
2026-09-08T02,TEN,Tennessee,NG,Net generation,23100,megawatthours
2026-09-08T02,TEN,Tennessee,TI,Total interchange,-1459,megawatthours
2026-09-08T02,TEPC,Tucson Electric Power,D,Demand,2675,megawatthours
2026-09-08T02,TEPC,Tucson Electric Power,DF,Day-ahead demand forecast,2632,megawatthours
2026-09-08T02,TEPC,Tucson Electric Power,NG,Net generation,2541,megawatthours
2026-09-08T02,TEPC,Tucson Electric Power,TI,Total interchange,-134,megawatthours
2026-09-08T02,TEX,Texas,D,Demand,81665,megawatthours
2026-09-08T02,TEX,Texas,DF,Day-ahead demand forecast,80834,megawatthours
2026-09-08T02,TEX,Texas,NG,Net generation,80925,megawatthours
2026-09-08T02,TEX,Texas,TI,Total interchange,-734,megawatthours
2026-09-08T02,TIDC,Turlock Irrigation District,D,Demand,490,megawatthours
2026-09-08T02,TIDC,Turlock Irrigation District,DF,Day-ahead demand forecast,474,megawatthours
2026-09-08T02,TIDC,Turlock Irrigation District,NG,Net generation,337,megawatthours
2026-09-08T02,TIDC,Turlock Irrigation District,TI,Total interchange,-149,megawatthours
2026-09-08T02,TPWR,"City of Tacoma, Department of Public Utilities, Light Division",D,Demand,482,megawatthours
2026-09-08T02,TPWR,"City of Tacoma, Department of Public Utilities, Light Division",DF,Day-ahead demand forecast,461,megawatthours
2026-09-08T02,TPWR,"City of Tacoma, Department of Public Utilities, Light Division",NG,Net generation,117,megawatthours
2026-09-08T02,TPWR,"City of Tacoma, Department of Public Utilities, Light Division",TI,Total interchange,-365,megawatthours
2026-09-08T02,TVA,Tennessee Valley Authority,D,Demand,24563,megawatthours
2026-09-08T02,TVA,Tennessee Valley Authority,DF,Day-ahead demand forecast,24288,megawatthours
2026-09-08T02,TVA,Tennessee Valley Authority,NG,Net generation,23100,megawatthours
2026-09-08T02,TVA,Tennessee Valley Authority,TI,Total interchange,-1459,megawatthours
2026-09-08T02,US48,United States Lower 48,D,Demand,603468,megawatthours
2026-09-08T02,US48,United States Lower 48,DF,Day-ahead demand forecast,592619,megawatthours
2026-09-08T02,US48,United States Lower 48,NG,Net generation,594390,megawatthours
2026-09-08T02,US48,United States Lower 48,TI,Total interchange,-14239,megawatthours
2026-09-08T02,WALC,Western Area Power Administration - Desert Southwest Region,D,Demand,1192,megawatthours
2026-09-08T02,WALC,Western Area Power Administration - Desert Southwest Region,DF,Day-ahead demand forecast,964,megawatthours
2026-09-08T02,WALC,Western Area Power Administration - Desert Southwest Region,NG,Net generation,1725,megawatthours
2026-09-08T02,WALC,Western Area Power Administration - Desert Southwest Region,TI,Total interchange,533,megawatthours
2026-09-08T02,YAD,"Alcoa Power Generating, Inc. - Yadkin Division",NG,Net generation,4,megawatthours
2026-09-08T02,YAD,"Alcoa Power Generating, Inc. - Yadkin Division",TI,Total interchange,5,megawatthours
2026-09-08T01,AECI,"Associated Electric Cooperative, Inc.",D,Demand,3975,megawatthours
2026-09-08T01,AECI,"Associated Electric Cooperative, Inc.",DF,Day-ahead demand forecast,4170,megawatthours
2026-09-08T01,AECI,"Associated Electric Cooperative, Inc.",NG,Net generation,2952,megawatthours
2026-09-08T01,AECI,"Associated Electric Cooperative, Inc.",TI,Total interchange,-1023,megawatthours
2026-09-08T01,AVA,Avista Corporation,D,Demand,1352,megawatthours
2026-09-08T01,AVA,Avista Corporation,DF,Day-ahead demand forecast,1322,megawatthours
2026-09-08T01,AVA,Avista Corporation,NG,Net generation,838,megawatthours
2026-09-08T01,AVA,Avista Corporation,TI,Total interchange,-514,megawatthours
2026-09-08T01,AVRN,"Avangrid Renewables, LLC",NG,Net generation,1475,megawatthours
2026-09-08T01,AVRN,"Avangrid Renewables, LLC",TI,Total interchange,1475,megawatthours
2026-09-08T01,AZPS,Arizona Public Service Company,D,Demand,8136,megawatthours
2026-09-08T01,AZPS,Arizona Public Service Company,DF,Day-ahead demand forecast,7488,megawatthours
2026-09-08T01,AZPS,Arizona Public Service Company,NG,Net generation,5207,megawatthours
2026-09-08T01,AZPS,Arizona Public Service Company,TI,Total interchange,-2929,megawatthours
2026-09-08T01,BANC,Balancing Authority of Northern California,D,Demand,2856,megawatthours
2026-09-08T01,BANC,Balancing Authority of Northern California,DF,Day-ahead demand forecast,2794,megawatthours
2026-09-08T01,BANC,Balancing Authority of Northern California,NG,Net generation,2307,megawatthours
2026-09-08T01,BANC,Balancing Authority of Northern California,TI,Total interchange,-549,megawatthours
2026-09-08T01,BHBA,Black Hills Energy,D,Demand,1058,megawatthours
2026-09-08T01,BHBA,Black Hills Energy,DF,Day-ahead demand forecast,986,megawatthours
2026-09-08T01,BHBA,Black Hills Energy,NG,Net generation,834,megawatthours
2026-09-08T01,BHBA,Black Hills Energy,TI,Total interchange,-62,megawatthours
2026-09-08T01,BPAT,Bonneville Power Administration,D,Demand,7142,megawatthours
2026-09-08T01,BPAT,Bonneville Power Administration,DF,Day-ahead demand forecast,7097,megawatthours
2026-09-08T01,BPAT,Bonneville Power Administration,NG,Net generation,7866,megawatthours
2026-09-08T01,BPAT,Bonneville Power Administration,TI,Total interchange,724,megawatthours
2026-09-08T01,CAL,California,D,Demand,45053,megawatthours
2026-09-08T01,CAL,California,DF,Day-ahead demand forecast,43687,megawatthours
2026-09-08T01,CAL,California,NG,Net generation,34192,megawatthours
2026-09-08T01,CAL,California,TI,Total interchange,-9571,megawatthours
2026-09-08T01,CAR,Carolinas,D,Demand,31061,megawatthours
2026-09-08T01,CAR,Carolinas,DF,Day-ahead demand forecast,29853,megawatthours
2026-09-08T01,CAR,Carolinas,NG,Net generation,30054,megawatthours
2026-09-08T01,CAR,Carolinas,TI,Total interchange,-1058,megawatthours
2026-09-08T01,CENT,Central,D,Demand,50631,megawatthours
2026-09-08T01,CENT,Central,DF,Day-ahead demand forecast,51274,megawatthours
2026-09-08T01,CENT,Central,NG,Net generation,49106,megawatthours
2026-09-08T01,CHPD,Public Utility District No. 1 of Chelan County,D,Demand,197,megawatthours
2026-09-08T01,CHPD,Public Utility District No. 1 of Chelan County,DF,Day-ahead demand forecast,190,megawatthours
2026-09-08T01,CHPD,Public Utility District No. 1 of Chelan County,NG,Net generation,753,megawatthours
2026-09-08T01,CHPD,Public Utility District No. 1 of Chelan County,TI,Total interchange,556,megawatthours
2026-09-08T01,CISO,California Independent System Operator,D,Demand,36484,megawatthours
2026-09-08T01,CISO,California Independent System Operator,DF,Day-ahead demand forecast,35212,megawatthours
2026-09-08T01,CISO,California Independent System Operator,NG,Net generation,28208,megawatthours
2026-09-08T01,CISO,California Independent System Operator,TI,Total interchange,-7008,megawatthours
2026-09-08T01,CPLE,Duke Energy Progress East,D,Demand,8563,megawatthours
2026-09-08T01,CPLE,Duke Energy Progress East,DF,Day-ahead demand forecast,8491,megawatthours
2026-09-08T01,CPLE,Duke Energy Progress East,NG,Net generation,8322,megawatthours
2026-09-08T01,CPLE,Duke Energy Progress East,TI,Total interchange,-241,megawatthours
2026-09-08T01,CPLW,Duke Energy Progress West,D,Demand,584,megawatthours
2026-09-08T01,CPLW,Duke Energy Progress West,DF,Day-ahead demand forecast,562,megawatthours
2026-09-08T01,CPLW,Duke Energy Progress West,NG,Net generation,498,megawatthours
2026-09-08T01,CPLW,Duke Energy Progress West,TI,Total interchange,-86,megawatthours
2026-09-08T01,DEAA,"Arlington Valley, LLC",NG,Net generation,377,megawatthours
2026-09-08T01,DEAA,"Arlington Valley, LLC",TI,Total interchange,377,megawatthours
2026-09-08T01,DOPD,PUD No. 1 of Douglas County,D,Demand,279,megawatthours
2026-09-08T01,DOPD,PUD No. 1 of Douglas County,DF,Day-ahead demand forecast,279,megawatthours
2026-09-08T01,DOPD,PUD No. 1 of Douglas County,NG,Net generation,266,megawatthours
2026-09-08T01,DOPD,PUD No. 1 of Douglas County,TI,Total interchange,-13,megawatthours
2026-09-08T01,DUK,Duke Energy Carolinas,D,Demand,14475,megawatthours
2026-09-08T01,DUK,Duke Energy Carolinas,DF,Day-ahead demand forecast,13698,megawatthours
2026-09-08T01,DUK,Duke Energy Carolinas,NG,Net generation,14691,megawatthours
2026-09-08T01,DUK,Duke Energy Carolinas,TI,Total interchange,216,megawatthours
2026-09-08T01,EPE,El Paso Electric Company,D,Demand,2006,megawatthours
2026-09-08T01,EPE,El Paso Electric Company,DF,Day-ahead demand forecast,1965,megawatthours
2026-09-08T01,EPE,El Paso Electric Company,NG,Net generation,1241,megawatthours
2026-09-08T01,EPE,El Paso Electric Company,TI,Total interchange,-765,megawatthours
2026-09-08T01,ERCO,"Electric Reliability Council of Texas, Inc.",D,Demand,83943,megawatthours
2026-09-08T01,ERCO,"Electric Reliability Council of Texas, Inc.",DF,Day-ahead demand forecast,82647,megawatthours
2026-09-08T01,ERCO,"Electric Reliability Council of Texas, Inc.",NG,Net generation,83306,megawatthours
2026-09-08T01,ERCO,"Electric Reliability Council of Texas, Inc.",TI,Total interchange,-632,megawatthours
2026-09-08T01,FLA,Florida,D,Demand,38339,megawatthours
2026-09-08T01,FLA,Florida,DF,Day-ahead demand forecast,37391,megawatthours
2026-09-08T01,FLA,Florida,NG,Net generation,37584,megawatthours
2026-09-08T01,FLA,Florida,TI,Total interchange,-745,megawatthours
2026-09-08T01,FMPP,Florida Municipal Power Pool,D,Demand,2644,megawatthours
2026-09-08T01,FMPP,Florida Municipal Power Pool,DF,Day-ahead demand forecast,2772,megawatthours
2026-09-08T01,FMPP,Florida Municipal Power Pool,NG,Net generation,2646,megawatthours
2026-09-08T01,FMPP,Florida Municipal Power Pool,TI,Total interchange,2,megawatthours
2026-09-08T01,FPC,"Duke Energy Florida, Inc.",D,Demand,8616,megawatthours
2026-09-08T01,FPC,"Duke Energy Florida, Inc.",DF,Day-ahead demand forecast,6725,megawatthours
2026-09-08T01,FPC,"Duke Energy Florida, Inc.",NG,Net generation,6910,megawatthours
2026-09-08T01,FPC,"Duke Energy Florida, Inc.",TI,Total interchange,-1706,megawatthours
2026-09-08T01,FPL,Florida Power & Light Co.,D,Demand,20480,megawatthours
2026-09-08T01,FPL,Florida Power & Light Co.,DF,Day-ahead demand forecast,21541,megawatthours
2026-09-08T01,FPL,Florida Power & Light Co.,NG,Net generation,20366,megawatthours
2026-09-08T01,FPL,Florida Power & Light Co.,TI,Total interchange,-114,megawatthours
2026-09-08T01,GCPD,"Public Utility District No. 2 of Grant County, Washington",D,Demand,752,megawatthours
2026-09-08T01,GCPD,"Public Utility District No. 2 of Grant County, Washington",DF,Day-ahead demand forecast,701,megawatthours
2026-09-08T01,GCPD,"Public Utility District No. 2 of Grant County, Washington",NG,Net generation,969,megawatthours
2026-09-08T01,GCPD,"Public Utility District No. 2 of Grant County, Washington",TI,Total interchange,212,megawatthours
2026-09-08T01,GRID,"Gridforce Energy Management, LLC",NG,Net generation,2284,megawatthours
2026-09-08T01,GRID,"Gridforce Energy Management, LLC",TI,Total interchange,2284,megawatthours
2026-09-08T01,GVL,Gainesville Regional Utilities,D,Demand,330,megawatthours
2026-09-08T01,GVL,Gainesville Regional Utilities,DF,Day-ahead demand forecast,312,megawatthours
2026-09-08T01,GVL,Gainesville Regional Utilities,NG,Net generation,291,megawatthours
2026-09-08T01,GVL,Gainesville Regional Utilities,TI,Total interchange,-31,megawatthours
2026-09-08T01,GWA,"NaturEner Power Watch, LLC",NG,Net generation,361,megawatthours
2026-09-08T01,GWA,"NaturEner Power Watch, LLC",TI,Total interchange,361,megawatthours
2026-09-08T01,HST,City of Homestead,D,Demand,103,megawatthours
2026-09-08T01,HST,City of Homestead,DF,Day-ahead demand forecast,111,megawatthours
2026-09-08T01,HST,City of Homestead,NG,Net generation,0,megawatthours
2026-09-08T01,HST,City of Homestead,TI,Total interchange,-103,megawatthours
2026-09-08T01,IID,Imperial Irrigation District,D,Demand,731,megawatthours
2026-09-08T01,IID,Imperial Irrigation District,DF,Day-ahead demand forecast,779,megawatthours
2026-09-08T01,IID,Imperial Irrigation District,NG,Net generation,472,megawatthours
2026-09-08T01,IID,Imperial Irrigation District,TI,Total interchange,-240,megawatthours
2026-09-08T01,IPCO,Idaho Power Company,D,Demand,2298,megawatthours
2026-09-08T01,IPCO,Idaho Power Company,DF,Day-ahead demand forecast,2903,megawatthours
2026-09-08T01,IPCO,Idaho Power Company,NG,Net generation,2179,megawatthours
2026-09-08T01,IPCO,Idaho Power Company,TI,Total interchange,-119,megawatthours
2026-09-08T01,ISNE,ISO New England,D,Demand,14713,megawatthours
2026-09-08T01,ISNE,ISO New England,DF,Day-ahead demand forecast,14310,megawatthours
2026-09-08T01,ISNE,ISO New England,NG,Net generation,13137,megawatthours
2026-09-08T01,JEA,JEA,D,Demand,2125,megawatthours
2026-09-08T01,JEA,JEA,DF,Day-ahead demand forecast,1997,megawatthours
2026-09-08T01,JEA,JEA,NG,Net generation,1609,megawatthours
2026-09-08T01,JEA,JEA,TI,Total interchange,-515,megawatthours
2026-09-08T01,LDWP,Los Angeles Department of Water and Power,D,Demand,4494,megawatthours
2026-09-08T01,LDWP,Los Angeles Department of Water and Power,DF,Day-ahead demand forecast,4424,megawatthours
2026-09-08T01,LDWP,Los Angeles Department of Water and Power,NG,Net generation,2900,megawatthours
2026-09-08T01,LDWP,Los Angeles Department of Water and Power,TI,Total interchange,-1594,megawatthours
2026-09-08T01,LGEE,LG&E and KU Services Company as agent for Louisville Gas and Electric Company and Kentucky Utilities Company,D,Demand,5419,megawatthours
2026-09-08T01,LGEE,LG&E and KU Services Company as agent for Louisville Gas and Electric Company and Kentucky Utilities Company,DF,Day-ahead demand forecast,4878,megawatthours
2026-09-08T01,LGEE,LG&E and KU Services Company as agent for Louisville Gas and Electric Company and Kentucky Utilities Company,NG,Net generation,4884,megawatthours
2026-09-08T01,LGEE,LG&E and KU Services Company as agent for Louisville Gas and Electric Company and Kentucky Utilities Company,TI,Total interchange,-535,megawatthours
2026-09-08T01,MIDA,Mid-Atlantic,D,Demand,109045,megawatthours
2026-09-08T01,MIDA,Mid-Atlantic,DF,Day-ahead demand forecast,101161,megawatthours
2026-09-08T01,MIDA,Mid-Atlantic,NG,Net generation,114597,megawatthours
2026-09-08T01,MIDA,Mid-Atlantic,TI,Total interchange,1209,megawatthours
2026-09-08T01,MIDW,Midwest,D,Demand,103544,megawatthours
2026-09-08T01,MIDW,Midwest,DF,Day-ahead demand forecast,104580,megawatthours
2026-09-08T01,MIDW,Midwest,NG,Net generation,99821,megawatthours
2026-09-08T01,MIDW,Midwest,TI,Total interchange,-5744,megawatthours
2026-09-08T01,MISO,"Midcontinent Independent System Operator, Inc.",D,Demand,94150,megawatthours
2026-09-08T01,MISO,"Midcontinent Independent System Operator, Inc.",DF,Day-ahead demand forecast,95532,megawatthours
2026-09-08T01,MISO,"Midcontinent Independent System Operator, Inc.",NG,Net generation,91954,megawatthours
2026-09-08T01,MISO,"Midcontinent Independent System Operator, Inc.",TI,Total interchange,-4217,megawatthours
2026-09-08T01,NE,New England,D,Demand,14713,megawatthours
2026-09-08T01,NE,New England,DF,Day-ahead demand forecast,14310,megawatthours
2026-09-08T01,NE,New England,NG,Net generation,13137,megawatthours
2026-09-08T01,NEVP,Nevada Power Company,D,Demand,6517,megawatthours
2026-09-08T01,NEVP,Nevada Power Company,DF,Day-ahead demand forecast,6150,megawatthours
2026-09-08T01,NEVP,Nevada Power Company,NG,Net generation,6017,megawatthours
2026-09-08T01,NEVP,Nevada Power Company,TI,Total interchange,-930,megawatthours
2026-09-08T01,NW,Northwest,D,Demand,48216,megawatthours
2026-09-08T01,NW,Northwest,DF,Day-ahead demand forecast,46959,megawatthours
2026-09-08T01,NW,Northwest,NG,Net generation,51604,megawatthours
2026-09-08T01,NW,Northwest,TI,Total interchange,3114,megawatthours
2026-09-08T01,NWMT,NorthWestern Corporation,D,Demand,1433,megawatthours
2026-09-08T01,NWMT,NorthWestern Corporation,DF,Day-ahead demand forecast,1360,megawatthours
2026-09-08T01,NWMT,NorthWestern Corporation,NG,Net generation,3104,megawatthours
2026-09-08T01,NWMT,NorthWestern Corporation,TI,Total interchange,1671,megawatthours
2026-09-08T01,NY,New York,D,Demand,19276,megawatthours
2026-09-08T01,NY,New York,DF,Day-ahead demand forecast,18854,megawatthours
2026-09-08T01,NY,New York,NG,Net generation,16668,megawatthours
2026-09-08T01,NY,New York,TI,Total interchange,-2608,megawatthours
2026-09-08T01,NYIS,New York Independent System Operator,D,Demand,19276,megawatthours
2026-09-08T01,NYIS,New York Independent System Operator,DF,Day-ahead demand forecast,18854,megawatthours
2026-09-08T01,NYIS,New York Independent System Operator,NG,Net generation,16668,megawatthours
2026-09-08T01,NYIS,New York Independent System Operator,TI,Total interchange,-2608,megawatthours
2026-09-08T01,PACE,PacifiCorp East,D,Demand,6953,megawatthours
2026-09-08T01,PACE,PacifiCorp East,DF,Day-ahead demand forecast,7272,megawatthours
2026-09-08T01,PACE,PacifiCorp East,NG,Net generation,10175,megawatthours
2026-09-08T01,PACE,PacifiCorp East,TI,Total interchange,3222,megawatthours
2026-09-08T01,PACW,PacifiCorp West,D,Demand,2350,megawatthours
2026-09-08T01,PACW,PacifiCorp West,DF,Day-ahead demand forecast,2515,megawatthours
2026-09-08T01,PACW,PacifiCorp West,NG,Net generation,1440,megawatthours
2026-09-08T01,PACW,PacifiCorp West,TI,Total interchange,-910,megawatthours
2026-09-08T01,PGE,Portland General Electric Company,D,Demand,2692,megawatthours
2026-09-08T01,PGE,Portland General Electric Company,DF,Day-ahead demand forecast,2778,megawatthours
2026-09-08T01,PGE,Portland General Electric Company,NG,Net generation,1196,megawatthours
2026-09-08T01,PGE,Portland General Electric Company,TI,Total interchange,-1496,megawatthours
2026-09-08T01,PJM,"PJM Interconnection, LLC",D,Demand,109045,megawatthours
2026-09-08T01,PJM,"PJM Interconnection, LLC",DF,Day-ahead demand forecast,101161,megawatthours
2026-09-08T01,PJM,"PJM Interconnection, LLC",NG,Net generation,114597,megawatthours
2026-09-08T01,PJM,"PJM Interconnection, LLC",TI,Total interchange,1209,megawatthours
2026-09-08T01,PNM,Public Service Company of New Mexico,D,Demand,2624,megawatthours
2026-09-08T01,PNM,Public Service Company of New Mexico,DF,Day-ahead demand forecast,2418,megawatthours
2026-09-08T01,PNM,Public Service Company of New Mexico,NG,Net generation,2768,megawatthours
2026-09-08T01,PNM,Public Service Company of New Mexico,TI,Total interchange,181,megawatthours
2026-09-08T01,PSCO,Public Service Company of Colorado,D,Demand,6909,megawatthours
2026-09-08T01,PSCO,Public Service Company of Colorado,DF,Day-ahead demand forecast,5597,megawatthours
2026-09-08T01,PSCO,Public Service Company of Colorado,NG,Net generation,7446,megawatthours
2026-09-08T01,PSCO,Public Service Company of Colorado,TI,Total interchange,537,megawatthours
2026-09-08T01,PSEI,"Puget Sound Energy, Inc.",D,Demand,2735,megawatthours
2026-09-08T01,PSEI,"Puget Sound Energy, Inc.",DF,Day-ahead demand forecast,2374,megawatthours
2026-09-08T01,PSEI,"Puget Sound Energy, Inc.",NG,Net generation,769,megawatthours
2026-09-08T01,PSEI,"Puget Sound Energy, Inc.",TI,Total interchange,-1966,megawatthours
2026-09-08T01,SC,South Carolina Public Service Authority,D,Demand,3885,megawatthours
2026-09-08T01,SC,South Carolina Public Service Authority,DF,Day-ahead demand forecast,3970,megawatthours
2026-09-08T01,SC,South Carolina Public Service Authority,NG,Net generation,2847,megawatthours
2026-09-08T01,SC,South Carolina Public Service Authority,TI,Total interchange,-1084,megawatthours
2026-09-08T01,SCEG,"Dominion Energy South Carolina, Inc.",D,Demand,3554,megawatthours
2026-09-08T01,SCEG,"Dominion Energy South Carolina, Inc.",DF,Day-ahead demand forecast,3132,megawatthours
2026-09-08T01,SCEG,"Dominion Energy South Carolina, Inc.",NG,Net generation,3577,megawatthours
2026-09-08T01,SCEG,"Dominion Energy South Carolina, Inc.",TI,Total interchange,23,megawatthours
2026-09-08T01,SCL,Seattle City Light,D,Demand,1059,megawatthours
2026-09-08T01,SCL,Seattle City Light,DF,Day-ahead demand forecast,1029,megawatthours
2026-09-08T01,SCL,Seattle City Light,NG,Net generation,466,megawatthours
2026-09-08T01,SCL,Seattle City Light,TI,Total interchange,-593,megawatthours
2026-09-08T01,SE,Southeast,D,Demand,34745,megawatthours
2026-09-08T01,SE,Southeast,DF,Day-ahead demand forecast,35407,megawatthours
2026-09-08T01,SE,Southeast,NG,Net generation,36762,megawatthours
2026-09-08T01,SE,Southeast,TI,Total interchange,2013,megawatthours
2026-09-08T01,SEC,Seminole Electric Cooperative,D,Demand,252,megawatthours
2026-09-08T01,SEC,Seminole Electric Cooperative,DF,Day-ahead demand forecast,288,megawatthours
2026-09-08T01,SEC,Seminole Electric Cooperative,NG,Net generation,2215,megawatthours
2026-09-08T01,SEC,Seminole Electric Cooperative,TI,Total interchange,1963,megawatthours
2026-09-08T01,SEPA,Southeastern Power Administration,NG,Net generation,0,megawatthours
2026-09-08T01,SEPA,Southeastern Power Administration,TI,Total interchange,-4,megawatthours
2026-09-08T01,SIKE,Sikeston Board of Municipal Utilities,NG,Net generation,31,megawatthours
2026-09-08T01,SIKE,Sikeston Board of Municipal Utilities,TI,Total interchange,31,megawatthours
2026-09-08T01,SOCO,"Southern Company Services, Inc. - Trans",D,Demand,34745,megawatthours
2026-09-08T01,SOCO,"Southern Company Services, Inc. - Trans",DF,Day-ahead demand forecast,35407,megawatthours
2026-09-08T01,SOCO,"Southern Company Services, Inc. - Trans",NG,Net generation,36762,megawatthours
2026-09-08T01,SOCO,"Southern Company Services, Inc. - Trans",TI,Total interchange,2017,megawatthours
2026-09-08T01,SRP,Salt River Project Agricultural Improvement and Power District,D,Demand,5729,megawatthours
2026-09-08T01,SRP,Salt River Project Agricultural Improvement and Power District,DF,Day-ahead demand forecast,7261,megawatthours
2026-09-08T01,SRP,Salt River Project Agricultural Improvement and Power District,NG,Net generation,9593,megawatthours
2026-09-08T01,SRP,Salt River Project Agricultural Improvement and Power District,TI,Total interchange,4021,megawatthours
2026-09-08T01,SW,Southwest,D,Demand,22094,megawatthours
2026-09-08T01,SW,Southwest,DF,Day-ahead demand forecast,22923,megawatthours
2026-09-08T01,SW,Southwest,NG,Net generation,23389,megawatthours
2026-09-08T01,SW,Southwest,TI,Total interchange,1489,megawatthours
2026-09-08T01,SWPP,Southwest Power Pool,D,Demand,50631,megawatthours
2026-09-08T01,SWPP,Southwest Power Pool,DF,Day-ahead demand forecast,51274,megawatthours
2026-09-08T01,SWPP,Southwest Power Pool,NG,Net generation,49106,megawatthours
2026-09-08T01,SWPW,Southwest Power Pool West Balancing Authority Area,D,Demand,4006,megawatthours
2026-09-08T01,SWPW,Southwest Power Pool West Balancing Authority Area,DF,Day-ahead demand forecast,3943,megawatthours
2026-09-08T01,SWPW,Southwest Power Pool West Balancing Authority Area,NG,Net generation,3062,megawatthours
2026-09-08T01,SWPW,Southwest Power Pool West Balancing Authority Area,TI,Total interchange,-945,megawatthours
2026-09-08T01,TAL,City of Tallahassee,D,Demand,485,megawatthours
2026-09-08T01,TAL,City of Tallahassee,DF,Day-ahead demand forecast,462,megawatthours
2026-09-08T01,TAL,City of Tallahassee,NG,Net generation,486,megawatthours
2026-09-08T01,TAL,City of Tallahassee,TI,Total interchange,1,megawatthours
2026-09-08T01,TEC,Tampa Electric Company,D,Demand,3304,megawatthours
2026-09-08T01,TEC,Tampa Electric Company,DF,Day-ahead demand forecast,3183,megawatthours
2026-09-08T01,TEC,Tampa Electric Company,NG,Net generation,3061,megawatthours
2026-09-08T01,TEC,Tampa Electric Company,TI,Total interchange,-242,megawatthours
2026-09-08T01,TEN,Tennessee,D,Demand,25890,megawatthours
2026-09-08T01,TEN,Tennessee,DF,Day-ahead demand forecast,25682,megawatthours
2026-09-08T01,TEN,Tennessee,NG,Net generation,24523,megawatthours
2026-09-08T01,TEN,Tennessee,TI,Total interchange,-1360,megawatthours
2026-09-08T01,TEPC,Tucson Electric Power,D,Demand,2666,megawatthours
2026-09-08T01,TEPC,Tucson Electric Power,DF,Day-ahead demand forecast,2699,megawatthours
2026-09-08T01,TEPC,Tucson Electric Power,NG,Net generation,2769,megawatthours
2026-09-08T01,TEPC,Tucson Electric Power,TI,Total interchange,103,megawatthours
2026-09-08T01,TEX,Texas,D,Demand,83943,megawatthours
2026-09-08T01,TEX,Texas,DF,Day-ahead demand forecast,82647,megawatthours
2026-09-08T01,TEX,Texas,NG,Net generation,83306,megawatthours
2026-09-08T01,TEX,Texas,TI,Total interchange,-632,megawatthours
2026-09-08T01,TIDC,Turlock Irrigation District,D,Demand,488,megawatthours
2026-09-08T01,TIDC,Turlock Irrigation District,DF,Day-ahead demand forecast,478,megawatthours
2026-09-08T01,TIDC,Turlock Irrigation District,NG,Net generation,305,megawatthours
2026-09-08T01,TIDC,Turlock Irrigation District,TI,Total interchange,-180,megawatthours
2026-09-08T01,TPWR,"City of Tacoma, Department of Public Utilities, Light Division",D,Demand,484,megawatthours
2026-09-08T01,TPWR,"City of Tacoma, Department of Public Utilities, Light Division",DF,Day-ahead demand forecast,463,megawatthours
2026-09-08T01,TPWR,"City of Tacoma, Department of Public Utilities, Light Division",NG,Net generation,104,megawatthours
2026-09-08T01,TPWR,"City of Tacoma, Department of Public Utilities, Light Division",TI,Total interchange,-380,megawatthours
2026-09-08T01,TVA,Tennessee Valley Authority,D,Demand,25890,megawatthours
2026-09-08T01,TVA,Tennessee Valley Authority,DF,Day-ahead demand forecast,25682,megawatthours
2026-09-08T01,TVA,Tennessee Valley Authority,NG,Net generation,24523,megawatthours
2026-09-08T01,TVA,Tennessee Valley Authority,TI,Total interchange,-1360,megawatthours
2026-09-08T01,US48,United States Lower 48,D,Demand,626550,megawatthours
2026-09-08T01,US48,United States Lower 48,DF,Day-ahead demand forecast,614728,megawatthours
2026-09-08T01,US48,United States Lower 48,NG,Net generation,614743,megawatthours
2026-09-08T01,US48,United States Lower 48,TI,Total interchange,-13893,megawatthours
2026-09-08T01,WALC,Western Area Power Administration - Desert Southwest Region,D,Demand,933,megawatthours
2026-09-08T01,WALC,Western Area Power Administration - Desert Southwest Region,DF,Day-ahead demand forecast,1092,megawatthours
2026-09-08T01,WALC,Western Area Power Administration - Desert Southwest Region,NG,Net generation,1434,megawatthours
2026-09-08T01,WALC,Western Area Power Administration - Desert Southwest Region,TI,Total interchange,501,megawatthours
2026-09-08T01,YAD,"Alcoa Power Generating, Inc. - Yadkin Division",NG,Net generation,119,megawatthours
2026-09-08T01,YAD,"Alcoa Power Generating, Inc. - Yadkin Division",TI,Total interchange,114,megawatthours
2026-09-08T00,AECI,"Associated Electric Cooperative, Inc.",D,Demand,4251,megawatthours
2026-09-08T00,AECI,"Associated Electric Cooperative, Inc.",DF,Day-ahead demand forecast,4356,megawatthours
2026-09-08T00,AECI,"Associated Electric Cooperative, Inc.",NG,Net generation,2906,megawatthours
2026-09-08T00,AECI,"Associated Electric Cooperative, Inc.",TI,Total interchange,-1345,megawatthours
2026-09-08T00,AVA,Avista Corporation,D,Demand,1323,megawatthours
2026-09-08T00,AVA,Avista Corporation,DF,Day-ahead demand forecast,1288,megawatthours
2026-09-08T00,AVA,Avista Corporation,NG,Net generation,839,megawatthours
2026-09-08T00,AVA,Avista Corporation,TI,Total interchange,-484,megawatthours
2026-09-08T00,AVRN,"Avangrid Renewables, LLC",NG,Net generation,1572,megawatthours
2026-09-08T00,AVRN,"Avangrid Renewables, LLC",TI,Total interchange,1572,megawatthours
2026-09-08T00,AZPS,Arizona Public Service Company,D,Demand,7885,megawatthours
2026-09-08T00,AZPS,Arizona Public Service Company,DF,Day-ahead demand forecast,7831,megawatthours
2026-09-08T00,AZPS,Arizona Public Service Company,NG,Net generation,5297,megawatthours
2026-09-08T00,AZPS,Arizona Public Service Company,TI,Total interchange,-2588,megawatthours
2026-09-08T00,BANC,Balancing Authority of Northern California,D,Demand,2749,megawatthours
2026-09-08T00,BANC,Balancing Authority of Northern California,DF,Day-ahead demand forecast,2695,megawatthours
2026-09-08T00,BANC,Balancing Authority of Northern California,NG,Net generation,2072,megawatthours
2026-09-08T00,BANC,Balancing Authority of Northern California,TI,Total interchange,-677,megawatthours
2026-09-08T00,BHBA,Black Hills Energy,D,Demand,1096,megawatthours
2026-09-08T00,BHBA,Black Hills Energy,DF,Day-ahead demand forecast,1024,megawatthours
2026-09-08T00,BHBA,Black Hills Energy,NG,Net generation,846,megawatthours
2026-09-08T00,BHBA,Black Hills Energy,TI,Total interchange,-58,megawatthours
2026-09-08T00,BPAT,Bonneville Power Administration,D,Demand,6965,megawatthours
2026-09-08T00,BPAT,Bonneville Power Administration,DF,Day-ahead demand forecast,7002,megawatthours
2026-09-08T00,BPAT,Bonneville Power Administration,NG,Net generation,7446,megawatthours
2026-09-08T00,BPAT,Bonneville Power Administration,TI,Total interchange,481,megawatthours
2026-09-08T00,CAL,California,D,Demand,42886,megawatthours
2026-09-08T00,CAL,California,DF,Day-ahead demand forecast,41374,megawatthours
2026-09-08T00,CAL,California,NG,Net generation,32130,megawatthours
2026-09-08T00,CAL,California,TI,Total interchange,-8294,megawatthours
2026-09-08T00,CAR,Carolinas,D,Demand,32135,megawatthours
2026-09-08T00,CAR,Carolinas,DF,Day-ahead demand forecast,30839,megawatthours
2026-09-08T00,CAR,Carolinas,NG,Net generation,31025,megawatthours
2026-09-08T00,CAR,Carolinas,TI,Total interchange,-1162,megawatthours
2026-09-08T00,CENT,Central,D,Demand,52334,megawatthours
2026-09-08T00,CENT,Central,DF,Day-ahead demand forecast,52945,megawatthours
2026-09-08T00,CENT,Central,NG,Net generation,50446,megawatthours
2026-09-08T00,CHPD,Public Utility District No. 1 of Chelan County,D,Demand,195,megawatthours
2026-09-08T00,CHPD,Public Utility District No. 1 of Chelan County,DF,Day-ahead demand forecast,187,megawatthours
2026-09-08T00,CHPD,Public Utility District No. 1 of Chelan County,NG,Net generation,507,megawatthours
2026-09-08T00,CHPD,Public Utility District No. 1 of Chelan County,TI,Total interchange,312,megawatthours
2026-09-08T00,CISO,California Independent System Operator,D,Demand,34559,megawatthours
2026-09-08T00,CISO,California Independent System Operator,DF,Day-ahead demand forecast,32991,megawatthours
2026-09-08T00,CISO,California Independent System Operator,NG,Net generation,26469,megawatthours
2026-09-08T00,CISO,California Independent System Operator,TI,Total interchange,-5635,megawatthours
2026-09-08T00,CPLE,Duke Energy Progress East,D,Demand,8925,megawatthours
2026-09-08T00,CPLE,Duke Energy Progress East,DF,Day-ahead demand forecast,8895,megawatthours
2026-09-08T00,CPLE,Duke Energy Progress East,NG,Net generation,8665,megawatthours
2026-09-08T00,CPLE,Duke Energy Progress East,TI,Total interchange,-260,megawatthours
2026-09-08T00,CPLW,Duke Energy Progress West,D,Demand,596,megawatthours
2026-09-08T00,CPLW,Duke Energy Progress West,DF,Day-ahead demand forecast,580,megawatthours
2026-09-08T00,CPLW,Duke Energy Progress West,NG,Net generation,499,megawatthours
2026-09-08T00,CPLW,Duke Energy Progress West,TI,Total interchange,-97,megawatthours
2026-09-08T00,DEAA,"Arlington Valley, LLC",NG,Net generation,332,megawatthours
2026-09-08T00,DEAA,"Arlington Valley, LLC",TI,Total interchange,332,megawatthours
2026-09-08T00,DOPD,PUD No. 1 of Douglas County,D,Demand,278,megawatthours
2026-09-08T00,DOPD,PUD No. 1 of Douglas County,DF,Day-ahead demand forecast,278,megawatthours
2026-09-08T00,DOPD,PUD No. 1 of Douglas County,NG,Net generation,189,megawatthours
2026-09-08T00,DOPD,PUD No. 1 of Douglas County,TI,Total interchange,-89,megawatthours
2026-09-08T00,DUK,Duke Energy Carolinas,D,Demand,14893,megawatthours
2026-09-08T00,DUK,Duke Energy Carolinas,DF,Day-ahead demand forecast,14172,megawatthours
2026-09-08T00,DUK,Duke Energy Carolinas,NG,Net generation,15114,megawatthours
2026-09-08T00,DUK,Duke Energy Carolinas,TI,Total interchange,221,megawatthours
2026-09-08T00,EPE,El Paso Electric Company,D,Demand,2052,megawatthours
2026-09-08T00,EPE,El Paso Electric Company,DF,Day-ahead demand forecast,2024,megawatthours
2026-09-08T00,EPE,El Paso Electric Company,NG,Net generation,1493,megawatthours
2026-09-08T00,EPE,El Paso Electric Company,TI,Total interchange,-559,megawatthours
2026-09-08T00,ERCO,"Electric Reliability Council of Texas, Inc.",D,Demand,85686,megawatthours
2026-09-08T00,ERCO,"Electric Reliability Council of Texas, Inc.",DF,Day-ahead demand forecast,84861,megawatthours
2026-09-08T00,ERCO,"Electric Reliability Council of Texas, Inc.",NG,Net generation,85423,megawatthours
2026-09-08T00,ERCO,"Electric Reliability Council of Texas, Inc.",TI,Total interchange,-259,megawatthours
2026-09-08T00,FLA,Florida,D,Demand,39294,megawatthours
2026-09-08T00,FLA,Florida,DF,Day-ahead demand forecast,38741,megawatthours
2026-09-08T00,FLA,Florida,NG,Net generation,38619,megawatthours
2026-09-08T00,FLA,Florida,TI,Total interchange,-679,megawatthours
2026-09-08T00,FMPP,Florida Municipal Power Pool,D,Demand,2692,megawatthours
2026-09-08T00,FMPP,Florida Municipal Power Pool,DF,Day-ahead demand forecast,2888,megawatthours
2026-09-08T00,FMPP,Florida Municipal Power Pool,NG,Net generation,2699,megawatthours
2026-09-08T00,FMPP,Florida Municipal Power Pool,TI,Total interchange,7,megawatthours
2026-09-08T00,FPC,"Duke Energy Florida, Inc.",D,Demand,9020,megawatthours
2026-09-08T00,FPC,"Duke Energy Florida, Inc.",DF,Day-ahead demand forecast,6944,megawatthours
2026-09-08T00,FPC,"Duke Energy Florida, Inc.",NG,Net generation,7328,megawatthours
2026-09-08T00,FPC,"Duke Energy Florida, Inc.",TI,Total interchange,-1692,megawatthours
2026-09-08T00,FPL,Florida Power & Light Co.,D,Demand,20735,megawatthours
2026-09-08T00,FPL,Florida Power & Light Co.,DF,Day-ahead demand forecast,22338,megawatthours
2026-09-08T00,FPL,Florida Power & Light Co.,NG,Net generation,20705,megawatthours
2026-09-08T00,FPL,Florida Power & Light Co.,TI,Total interchange,-30,megawatthours
2026-09-08T00,GCPD,"Public Utility District No. 2 of Grant County, Washington",D,Demand,752,megawatthours
2026-09-08T00,GCPD,"Public Utility District No. 2 of Grant County, Washington",DF,Day-ahead demand forecast,702,megawatthours
2026-09-08T00,GCPD,"Public Utility District No. 2 of Grant County, Washington",NG,Net generation,616,megawatthours
2026-09-08T00,GCPD,"Public Utility District No. 2 of Grant County, Washington",TI,Total interchange,-129,megawatthours
2026-09-08T00,GRID,"Gridforce Energy Management, LLC",NG,Net generation,2259,megawatthours
2026-09-08T00,GRID,"Gridforce Energy Management, LLC",TI,Total interchange,2259,megawatthours
2026-09-08T00,GVL,Gainesville Regional Utilities,D,Demand,333,megawatthours
2026-09-08T00,GVL,Gainesville Regional Utilities,DF,Day-ahead demand forecast,320,megawatthours
2026-09-08T00,GVL,Gainesville Regional Utilities,NG,Net generation,285,megawatthours
2026-09-08T00,GVL,Gainesville Regional Utilities,TI,Total interchange,-40,megawatthours
2026-09-08T00,GWA,"NaturEner Power Watch, LLC",NG,Net generation,74,megawatthours
2026-09-08T00,GWA,"NaturEner Power Watch, LLC",TI,Total interchange,74,megawatthours
2026-09-08T00,HST,City of Homestead,D,Demand,102,megawatthours
2026-09-08T00,HST,City of Homestead,DF,Day-ahead demand forecast,113,megawatthours
2026-09-08T00,HST,City of Homestead,NG,Net generation,0,megawatthours
2026-09-08T00,HST,City of Homestead,TI,Total interchange,-102,megawatthours
2026-09-08T00,IID,Imperial Irrigation District,D,Demand,745,megawatthours
2026-09-08T00,IID,Imperial Irrigation District,DF,Day-ahead demand forecast,792,megawatthours
2026-09-08T00,IID,Imperial Irrigation District,NG,Net generation,607,megawatthours
2026-09-08T00,IID,Imperial Irrigation District,TI,Total interchange,-137,megawatthours
2026-09-08T00,IPCO,Idaho Power Company,D,Demand,2260,megawatthours
2026-09-08T00,IPCO,Idaho Power Company,DF,Day-ahead demand forecast,2880,megawatthours
2026-09-08T00,IPCO,Idaho Power Company,NG,Net generation,2189,megawatthours
2026-09-08T00,IPCO,Idaho Power Company,TI,Total interchange,-71,megawatthours
2026-09-08T00,ISNE,ISO New England,D,Demand,15231,megawatthours
2026-09-08T00,ISNE,ISO New England,DF,Day-ahead demand forecast,14650,megawatthours
2026-09-08T00,ISNE,ISO New England,NG,Net generation,13526,megawatthours
2026-09-08T00,JEA,JEA,D,Demand,2187,megawatthours
2026-09-08T00,JEA,JEA,DF,Day-ahead demand forecast,2028,megawatthours
2026-09-08T00,JEA,JEA,NG,Net generation,1688,megawatthours
2026-09-08T00,JEA,JEA,TI,Total interchange,-511,megawatthours
2026-09-08T00,LDWP,Los Angeles Department of Water and Power,D,Demand,4364,megawatthours
2026-09-08T00,LDWP,Los Angeles Department of Water and Power,DF,Day-ahead demand forecast,4427,megawatthours
2026-09-08T00,LDWP,Los Angeles Department of Water and Power,NG,Net generation,2664,megawatthours
2026-09-08T00,LDWP,Los Angeles Department of Water and Power,TI,Total interchange,-1700,megawatthours
2026-09-08T00,LGEE,LG&E and KU Services Company as agent for Louisville Gas and Electric Company and Kentucky Utilities Company,D,Demand,5607,megawatthours
2026-09-08T00,LGEE,LG&E and KU Services Company as agent for Louisville Gas and Electric Company and Kentucky Utilities Company,DF,Day-ahead demand forecast,5079,megawatthours
2026-09-08T00,LGEE,LG&E and KU Services Company as agent for Louisville Gas and Electric Company and Kentucky Utilities Company,NG,Net generation,4898,megawatthours
2026-09-08T00,LGEE,LG&E and KU Services Company as agent for Louisville Gas and Electric Company and Kentucky Utilities Company,TI,Total interchange,-709,megawatthours
2026-09-08T00,MIDA,Mid-Atlantic,D,Demand,112285,megawatthours
2026-09-08T00,MIDA,Mid-Atlantic,DF,Day-ahead demand forecast,105281,megawatthours
2026-09-08T00,MIDA,Mid-Atlantic,NG,Net generation,117049,megawatthours
2026-09-08T00,MIDA,Mid-Atlantic,TI,Total interchange,1472,megawatthours
2026-09-08T00,MIDW,Midwest,D,Demand,106863,megawatthours
2026-09-08T00,MIDW,Midwest,DF,Day-ahead demand forecast,107447,megawatthours
2026-09-08T00,MIDW,Midwest,NG,Net generation,103707,megawatthours
2026-09-08T00,MIDW,Midwest,TI,Total interchange,-5282,megawatthours
2026-09-08T00,MISO,"Midcontinent Independent System Operator, Inc.",D,Demand,97005,megawatthours
2026-09-08T00,MISO,"Midcontinent Independent System Operator, Inc.",DF,Day-ahead demand forecast,98012,megawatthours
2026-09-08T00,MISO,"Midcontinent Independent System Operator, Inc.",NG,Net generation,95871,megawatthours
2026-09-08T00,MISO,"Midcontinent Independent System Operator, Inc.",TI,Total interchange,-3260,megawatthours
2026-09-08T00,NE,New England,D,Demand,15231,megawatthours
2026-09-08T00,NE,New England,DF,Day-ahead demand forecast,14650,megawatthours
2026-09-08T00,NE,New England,NG,Net generation,13526,megawatthours
2026-09-08T00,NEVP,Nevada Power Company,D,Demand,6499,megawatthours
2026-09-08T00,NEVP,Nevada Power Company,DF,Day-ahead demand forecast,5993,megawatthours
2026-09-08T00,NEVP,Nevada Power Company,NG,Net generation,5967,megawatthours
2026-09-08T00,NEVP,Nevada Power Company,TI,Total interchange,-904,megawatthours
2026-09-08T00,NW,Northwest,D,Demand,48791,megawatthours
2026-09-08T00,NW,Northwest,DF,Day-ahead demand forecast,46508,megawatthours
2026-09-08T00,NW,Northwest,NG,Net generation,51187,megawatthours
2026-09-08T00,NW,Northwest,TI,Total interchange,2223,megawatthours
2026-09-08T00,NWMT,NorthWestern Corporation,D,Demand,1442,megawatthours
2026-09-08T00,NWMT,NorthWestern Corporation,DF,Day-ahead demand forecast,1398,megawatthours
2026-09-08T00,NWMT,NorthWestern Corporation,NG,Net generation,3021,megawatthours
2026-09-08T00,NWMT,NorthWestern Corporation,TI,Total interchange,1579,megawatthours
2026-09-08T00,NY,New York,D,Demand,19619,megawatthours
2026-09-08T00,NY,New York,DF,Day-ahead demand forecast,19077,megawatthours
2026-09-08T00,NY,New York,NG,Net generation,17364,megawatthours
2026-09-08T00,NY,New York,TI,Total interchange,-2255,megawatthours
2026-09-08T00,NYIS,New York Independent System Operator,D,Demand,19619,megawatthours
2026-09-08T00,NYIS,New York Independent System Operator,DF,Day-ahead demand forecast,19077,megawatthours
2026-09-08T00,NYIS,New York Independent System Operator,NG,Net generation,17364,megawatthours
2026-09-08T00,NYIS,New York Independent System Operator,TI,Total interchange,-2255,megawatthours
2026-09-08T00,PACE,PacifiCorp East,D,Demand,7353,megawatthours
2026-09-08T00,PACE,PacifiCorp East,DF,Day-ahead demand forecast,7271,megawatthours
2026-09-08T00,PACE,PacifiCorp East,NG,Net generation,10584,megawatthours
2026-09-08T00,PACE,PacifiCorp East,TI,Total interchange,3231,megawatthours
2026-09-08T00,PACW,PacifiCorp West,D,Demand,2253,megawatthours
2026-09-08T00,PACW,PacifiCorp West,DF,Day-ahead demand forecast,2426,megawatthours
2026-09-08T00,PACW,PacifiCorp West,NG,Net generation,1572,megawatthours
2026-09-08T00,PACW,PacifiCorp West,TI,Total interchange,-681,megawatthours
2026-09-08T00,PGE,Portland General Electric Company,D,Demand,2568,megawatthours
2026-09-08T00,PGE,Portland General Electric Company,DF,Day-ahead demand forecast,2639,megawatthours
2026-09-08T00,PGE,Portland General Electric Company,NG,Net generation,1020,megawatthours
2026-09-08T00,PGE,Portland General Electric Company,TI,Total interchange,-1548,megawatthours
2026-09-08T00,PJM,"PJM Interconnection, LLC",D,Demand,112285,megawatthours
2026-09-08T00,PJM,"PJM Interconnection, LLC",DF,Day-ahead demand forecast,105281,megawatthours
2026-09-08T00,PJM,"PJM Interconnection, LLC",NG,Net generation,117049,megawatthours
2026-09-08T00,PJM,"PJM Interconnection, LLC",TI,Total interchange,1472,megawatthours
2026-09-08T00,PNM,Public Service Company of New Mexico,D,Demand,2645,megawatthours
2026-09-08T00,PNM,Public Service Company of New Mexico,DF,Day-ahead demand forecast,2423,megawatthours
2026-09-08T00,PNM,Public Service Company of New Mexico,NG,Net generation,2422,megawatthours
2026-09-08T00,PNM,Public Service Company of New Mexico,TI,Total interchange,-213,megawatthours
2026-09-08T00,PSCO,Public Service Company of Colorado,D,Demand,7527,megawatthours
2026-09-08T00,PSCO,Public Service Company of Colorado,DF,Day-ahead demand forecast,5707,megawatthours
2026-09-08T00,PSCO,Public Service Company of Colorado,NG,Net generation,7916,megawatthours
2026-09-08T00,PSCO,Public Service Company of Colorado,TI,Total interchange,389,megawatthours
2026-09-08T00,PSEI,"Puget Sound Energy, Inc.",D,Demand,2649,megawatthours
2026-09-08T00,PSEI,"Puget Sound Energy, Inc.",DF,Day-ahead demand forecast,2256,megawatthours
2026-09-08T00,PSEI,"Puget Sound Energy, Inc.",NG,Net generation,751,megawatthours
2026-09-08T00,PSEI,"Puget Sound Energy, Inc.",TI,Total interchange,-1898,megawatthours
2026-09-08T00,SC,South Carolina Public Service Authority,D,Demand,4052,megawatthours
2026-09-08T00,SC,South Carolina Public Service Authority,DF,Day-ahead demand forecast,4037,megawatthours
2026-09-08T00,SC,South Carolina Public Service Authority,NG,Net generation,2954,megawatthours
2026-09-08T00,SC,South Carolina Public Service Authority,TI,Total interchange,-1146,megawatthours
2026-09-08T00,SCEG,"Dominion Energy South Carolina, Inc.",D,Demand,3669,megawatthours
2026-09-08T00,SCEG,"Dominion Energy South Carolina, Inc.",DF,Day-ahead demand forecast,3155,megawatthours
2026-09-08T00,SCEG,"Dominion Energy South Carolina, Inc.",NG,Net generation,3674,megawatthours
2026-09-08T00,SCEG,"Dominion Energy South Carolina, Inc.",TI,Total interchange,5,megawatthours
2026-09-08T00,SCL,Seattle City Light,D,Demand,1019,megawatthours
2026-09-08T00,SCL,Seattle City Light,DF,Day-ahead demand forecast,1010,megawatthours
2026-09-08T00,SCL,Seattle City Light,NG,Net generation,426,megawatthours
2026-09-08T00,SCL,Seattle City Light,TI,Total interchange,-593,megawatthours
2026-09-08T00,SE,Southeast,D,Demand,35233,megawatthours
2026-09-08T00,SE,Southeast,DF,Day-ahead demand forecast,37046,megawatthours
2026-09-08T00,SE,Southeast,NG,Net generation,37144,megawatthours
2026-09-08T00,SE,Southeast,TI,Total interchange,1909,megawatthours
2026-09-08T00,SEC,Seminole Electric Cooperative,D,Demand,264,megawatthours
2026-09-08T00,SEC,Seminole Electric Cooperative,DF,Day-ahead demand forecast,298,megawatthours
2026-09-08T00,SEC,Seminole Electric Cooperative,NG,Net generation,2197,megawatthours
2026-09-08T00,SEC,Seminole Electric Cooperative,TI,Total interchange,1933,megawatthours
2026-09-08T00,SEPA,Southeastern Power Administration,NG,Net generation,140,megawatthours
2026-09-08T00,SEPA,Southeastern Power Administration,TI,Total interchange,138,megawatthours
2026-09-08T00,SIKE,Sikeston Board of Municipal Utilities,NG,Net generation,32,megawatthours
2026-09-08T00,SIKE,Sikeston Board of Municipal Utilities,TI,Total interchange,32,megawatthours
2026-09-08T00,SOCO,"Southern Company Services, Inc. - Trans",D,Demand,35233,megawatthours
2026-09-08T00,SOCO,"Southern Company Services, Inc. - Trans",DF,Day-ahead demand forecast,37046,megawatthours
2026-09-08T00,SOCO,"Southern Company Services, Inc. - Trans",NG,Net generation,37004,megawatthours
2026-09-08T00,SOCO,"Southern Company Services, Inc. - Trans",TI,Total interchange,1771,megawatthours
2026-09-08T00,SPA,Southwestern Power Administration,D,Demand,26,megawatthours
2026-09-08T00,SRP,Salt River Project Agricultural Improvement and Power District,D,Demand,6213,megawatthours
2026-09-08T00,SRP,Salt River Project Agricultural Improvement and Power District,DF,Day-ahead demand forecast,7440,megawatthours
2026-09-08T00,SRP,Salt River Project Agricultural Improvement and Power District,NG,Net generation,9583,megawatthours
2026-09-08T00,SRP,Salt River Project Agricultural Improvement and Power District,TI,Total interchange,3638,megawatthours
2026-09-08T00,SW,Southwest,D,Demand,22129,megawatthours
2026-09-08T00,SW,Southwest,DF,Day-ahead demand forecast,23504,megawatthours
2026-09-08T00,SW,Southwest,NG,Net generation,23126,megawatthours
2026-09-08T00,SW,Southwest,TI,Total interchange,1275,megawatthours
2026-09-08T00,SWPP,Southwest Power Pool,D,Demand,52308,megawatthours
2026-09-08T00,SWPP,Southwest Power Pool,DF,Day-ahead demand forecast,52945,megawatthours
2026-09-08T00,SWPP,Southwest Power Pool,NG,Net generation,50446,megawatthours
2026-09-08T00,SWPW,Southwest Power Pool West Balancing Authority Area,D,Demand,4138,megawatthours
2026-09-08T00,SWPW,Southwest Power Pool West Balancing Authority Area,DF,Day-ahead demand forecast,3990,megawatthours
2026-09-08T00,SWPW,Southwest Power Pool West Balancing Authority Area,NG,Net generation,3291,megawatthours
2026-09-08T00,SWPW,Southwest Power Pool West Balancing Authority Area,TI,Total interchange,-847,megawatthours
2026-09-08T00,TAL,City of Tallahassee,D,Demand,506,megawatthours
2026-09-08T00,TAL,City of Tallahassee,DF,Day-ahead demand forecast,488,megawatthours
2026-09-08T00,TAL,City of Tallahassee,NG,Net generation,508,megawatthours
2026-09-08T00,TAL,City of Tallahassee,TI,Total interchange,2,megawatthours
2026-09-08T00,TEC,Tampa Electric Company,D,Demand,3455,megawatthours
2026-09-08T00,TEC,Tampa Electric Company,DF,Day-ahead demand forecast,3324,megawatthours
2026-09-08T00,TEC,Tampa Electric Company,NG,Net generation,3209,megawatthours
2026-09-08T00,TEC,Tampa Electric Company,TI,Total interchange,-246,megawatthours
2026-09-08T00,TEN,Tennessee,D,Demand,26803,megawatthours
2026-09-08T00,TEN,Tennessee,DF,Day-ahead demand forecast,26819,megawatthours
2026-09-08T00,TEN,Tennessee,NG,Net generation,25406,megawatthours
2026-09-08T00,TEN,Tennessee,TI,Total interchange,-1321,megawatthours
2026-09-08T00,TEPC,Tucson Electric Power,D,Demand,2395,megawatthours
2026-09-08T00,TEPC,Tucson Electric Power,DF,Day-ahead demand forecast,2639,megawatthours
2026-09-08T00,TEPC,Tucson Electric Power,NG,Net generation,2535,megawatthours
2026-09-08T00,TEPC,Tucson Electric Power,TI,Total interchange,140,megawatthours
2026-09-08T00,TEX,Texas,D,Demand,85686,megawatthours
2026-09-08T00,TEX,Texas,DF,Day-ahead demand forecast,84861,megawatthours
2026-09-08T00,TEX,Texas,NG,Net generation,85423,megawatthours
2026-09-08T00,TEX,Texas,TI,Total interchange,-259,megawatthours
2026-09-08T00,TIDC,Turlock Irrigation District,D,Demand,469,megawatthours
2026-09-08T00,TIDC,Turlock Irrigation District,DF,Day-ahead demand forecast,469,megawatthours
2026-09-08T00,TIDC,Turlock Irrigation District,NG,Net generation,318,megawatthours
2026-09-08T00,TIDC,Turlock Irrigation District,TI,Total interchange,-145,megawatthours
2026-09-08T00,TPWR,"City of Tacoma, Department of Public Utilities, Light Division",D,Demand,474,megawatthours
2026-09-08T00,TPWR,"City of Tacoma, Department of Public Utilities, Light Division",DF,Day-ahead demand forecast,457,megawatthours
2026-09-08T00,TPWR,"City of Tacoma, Department of Public Utilities, Light Division",NG,Net generation,102,megawatthours
2026-09-08T00,TPWR,"City of Tacoma, Department of Public Utilities, Light Division",TI,Total interchange,-372,megawatthours
2026-09-08T00,TVA,Tennessee Valley Authority,D,Demand,26803,megawatthours
2026-09-08T00,TVA,Tennessee Valley Authority,DF,Day-ahead demand forecast,26819,megawatthours
2026-09-08T00,TVA,Tennessee Valley Authority,NG,Net generation,25406,megawatthours
2026-09-08T00,TVA,Tennessee Valley Authority,TI,Total interchange,-1321,megawatthours
2026-09-08T00,US48,United States Lower 48,D,Demand,639289,megawatthours
2026-09-08T00,US48,United States Lower 48,DF,Day-ahead demand forecast,629092,megawatthours
2026-09-08T00,US48,United States Lower 48,NG,Net generation,626152,megawatthours
2026-09-08T00,US48,United States Lower 48,TI,Total interchange,-12373,megawatthours
2026-09-08T00,WALC,Western Area Power Administration - Desert Southwest Region,D,Demand,939,megawatthours
2026-09-08T00,WALC,Western Area Power Administration - Desert Southwest Region,DF,Day-ahead demand forecast,1147,megawatthours
2026-09-08T00,WALC,Western Area Power Administration - Desert Southwest Region,NG,Net generation,1464,megawatthours
2026-09-08T00,WALC,Western Area Power Administration - Desert Southwest Region,TI,Total interchange,525,megawatthours
2026-09-08T00,YAD,"Alcoa Power Generating, Inc. - Yadkin Division",NG,Net generation,119,megawatthours
2026-09-08T00,YAD,"Alcoa Power Generating, Inc. - Yadkin Division",TI,Total interchange,115,megawatthours
2026-09-07T23,AECI,"Associated Electric Cooperative, Inc.",D,Demand,4375,megawatthours
2026-09-07T23,AECI,"Associated Electric Cooperative, Inc.",DF,Day-ahead demand forecast,4382,megawatthours
2026-09-07T23,AECI,"Associated Electric Cooperative, Inc.",NG,Net generation,2865,megawatthours
2026-09-07T23,AECI,"Associated Electric Cooperative, Inc.",TI,Total interchange,-1510,megawatthours
2026-09-07T23,AVA,Avista Corporation,D,Demand,1295,megawatthours
2026-09-07T23,AVA,Avista Corporation,DF,Day-ahead demand forecast,1260,megawatthours
2026-09-07T23,AVA,Avista Corporation,NG,Net generation,798,megawatthours
2026-09-07T23,AVA,Avista Corporation,TI,Total interchange,-497,megawatthours
2026-09-07T23,AVRN,"Avangrid Renewables, LLC",NG,Net generation,1467,megawatthours
2026-09-07T23,AVRN,"Avangrid Renewables, LLC",TI,Total interchange,1467,megawatthours
2026-09-07T23,AZPS,Arizona Public Service Company,D,Demand,7446,megawatthours
2026-09-07T23,AZPS,Arizona Public Service Company,DF,Day-ahead demand forecast,7649,megawatthours
2026-09-07T23,AZPS,Arizona Public Service Company,NG,Net generation,4610,megawatthours
2026-09-07T23,AZPS,Arizona Public Service Company,TI,Total interchange,-2836,megawatthours
2026-09-07T23,BANC,Balancing Authority of Northern California,D,Demand,2560,megawatthours
2026-09-07T23,BANC,Balancing Authority of Northern California,DF,Day-ahead demand forecast,2521,megawatthours
2026-09-07T23,BANC,Balancing Authority of Northern California,NG,Net generation,1670,megawatthours
2026-09-07T23,BANC,Balancing Authority of Northern California,TI,Total interchange,-890,megawatthours
2026-09-07T23,BHBA,Black Hills Energy,D,Demand,1098,megawatthours
2026-09-07T23,BHBA,Black Hills Energy,DF,Day-ahead demand forecast,1026,megawatthours
2026-09-07T23,BHBA,Black Hills Energy,NG,Net generation,835,megawatthours
2026-09-07T23,BHBA,Black Hills Energy,TI,Total interchange,-66,megawatthours
2026-09-07T23,BPAT,Bonneville Power Administration,D,Demand,6874,megawatthours
2026-09-07T23,BPAT,Bonneville Power Administration,DF,Day-ahead demand forecast,6872,megawatthours
2026-09-07T23,BPAT,Bonneville Power Administration,NG,Net generation,7167,megawatthours
2026-09-07T23,BPAT,Bonneville Power Administration,TI,Total interchange,293,megawatthours
2026-09-07T23,CAL,California,D,Demand,40238,megawatthours
2026-09-07T23,CAL,California,DF,Day-ahead demand forecast,38878,megawatthours
2026-09-07T23,CAL,California,NG,Net generation,30157,megawatthours
2026-09-07T23,CAL,California,TI,Total interchange,-6520,megawatthours
2026-09-07T23,CAR,Carolinas,D,Demand,33391,megawatthours
2026-09-07T23,CAR,Carolinas,DF,Day-ahead demand forecast,31620,megawatthours
2026-09-07T23,CAR,Carolinas,NG,Net generation,32210,megawatthours
2026-09-07T23,CAR,Carolinas,TI,Total interchange,-1235,megawatthours
2026-09-07T23,CENT,Central,D,Demand,53242,megawatthours
2026-09-07T23,CENT,Central,DF,Day-ahead demand forecast,53502,megawatthours
2026-09-07T23,CENT,Central,NG,Net generation,50562,megawatthours
2026-09-07T23,CHPD,Public Utility District No. 1 of Chelan County,D,Demand,195,megawatthours
2026-09-07T23,CHPD,Public Utility District No. 1 of Chelan County,DF,Day-ahead demand forecast,184,megawatthours
2026-09-07T23,CHPD,Public Utility District No. 1 of Chelan County,NG,Net generation,501,megawatthours
2026-09-07T23,CHPD,Public Utility District No. 1 of Chelan County,TI,Total interchange,306,megawatthours
2026-09-07T23,CISO,California Independent System Operator,D,Demand,32357,megawatthours
2026-09-07T23,CISO,California Independent System Operator,DF,Day-ahead demand forecast,30789,megawatthours
2026-09-07T23,CISO,California Independent System Operator,NG,Net generation,24700,megawatthours
2026-09-07T23,CISO,California Independent System Operator,TI,Total interchange,-4101,megawatthours
2026-09-07T23,CPLE,Duke Energy Progress East,D,Demand,9384,megawatthours
2026-09-07T23,CPLE,Duke Energy Progress East,DF,Day-ahead demand forecast,9204,megawatthours
2026-09-07T23,CPLE,Duke Energy Progress East,NG,Net generation,9309,megawatthours
2026-09-07T23,CPLE,Duke Energy Progress East,TI,Total interchange,-75,megawatthours
2026-09-07T23,CPLW,Duke Energy Progress West,D,Demand,604,megawatthours
2026-09-07T23,CPLW,Duke Energy Progress West,DF,Day-ahead demand forecast,589,megawatthours
2026-09-07T23,CPLW,Duke Energy Progress West,NG,Net generation,497,megawatthours
2026-09-07T23,CPLW,Duke Energy Progress West,TI,Total interchange,-107,megawatthours
2026-09-07T23,DEAA,"Arlington Valley, LLC",NG,Net generation,331,megawatthours
2026-09-07T23,DEAA,"Arlington Valley, LLC",TI,Total interchange,331,megawatthours
2026-09-07T23,DOPD,PUD No. 1 of Douglas County,D,Demand,273,megawatthours
2026-09-07T23,DOPD,PUD No. 1 of Douglas County,DF,Day-ahead demand forecast,275,megawatthours
2026-09-07T23,DOPD,PUD No. 1 of Douglas County,NG,Net generation,194,megawatthours
2026-09-07T23,DOPD,PUD No. 1 of Douglas County,TI,Total interchange,-79,megawatthours
2026-09-07T23,DUK,Duke Energy Carolinas,D,Demand,15379,megawatthours
2026-09-07T23,DUK,Duke Energy Carolinas,DF,Day-ahead demand forecast,14491,megawatthours
2026-09-07T23,DUK,Duke Energy Carolinas,NG,Net generation,15334,megawatthours
2026-09-07T23,DUK,Duke Energy Carolinas,TI,Total interchange,-45,megawatthours
2026-09-07T23,EPE,El Paso Electric Company,D,Demand,2033,megawatthours
2026-09-07T23,EPE,El Paso Electric Company,DF,Day-ahead demand forecast,1983,megawatthours
2026-09-07T23,EPE,El Paso Electric Company,NG,Net generation,1676,megawatthours
2026-09-07T23,EPE,El Paso Electric Company,TI,Total interchange,-357,megawatthours
2026-09-07T23,ERCO,"Electric Reliability Council of Texas, Inc.",D,Demand,86405,megawatthours
2026-09-07T23,ERCO,"Electric Reliability Council of Texas, Inc.",DF,Day-ahead demand forecast,86411,megawatthours
2026-09-07T23,ERCO,"Electric Reliability Council of Texas, Inc.",NG,Net generation,86535,megawatthours
2026-09-07T23,ERCO,"Electric Reliability Council of Texas, Inc.",TI,Total interchange,131,megawatthours
2026-09-07T23,FLA,Florida,D,Demand,41001,megawatthours
2026-09-07T23,FLA,Florida,DF,Day-ahead demand forecast,40220,megawatthours
2026-09-07T23,FLA,Florida,NG,Net generation,40038,megawatthours
2026-09-07T23,FLA,Florida,TI,Total interchange,-956,megawatthours
2026-09-07T23,FMPP,Florida Municipal Power Pool,D,Demand,2770,megawatthours
2026-09-07T23,FMPP,Florida Municipal Power Pool,DF,Day-ahead demand forecast,2970,megawatthours
2026-09-07T23,FMPP,Florida Municipal Power Pool,NG,Net generation,2766,megawatthours
2026-09-07T23,FMPP,Florida Municipal Power Pool,TI,Total interchange,-4,megawatthours
2026-09-07T23,FPC,"Duke Energy Florida, Inc.",D,Demand,9417,megawatthours
2026-09-07T23,FPC,"Duke Energy Florida, Inc.",DF,Day-ahead demand forecast,7165,megawatthours
2026-09-07T23,FPC,"Duke Energy Florida, Inc.",NG,Net generation,7840,megawatthours
2026-09-07T23,FPC,"Duke Energy Florida, Inc.",TI,Total interchange,-1577,megawatthours
2026-09-07T23,FPL,Florida Power & Light Co.,D,Demand,21651,megawatthours
2026-09-07T23,FPL,Florida Power & Light Co.,DF,Day-ahead demand forecast,23331,megawatthours
2026-09-07T23,FPL,Florida Power & Light Co.,NG,Net generation,21449,megawatthours
2026-09-07T23,FPL,Florida Power & Light Co.,TI,Total interchange,-202,megawatthours
2026-09-07T23,GCPD,"Public Utility District No. 2 of Grant County, Washington",D,Demand,749,megawatthours
2026-09-07T23,GCPD,"Public Utility District No. 2 of Grant County, Washington",DF,Day-ahead demand forecast,694,megawatthours
2026-09-07T23,GCPD,"Public Utility District No. 2 of Grant County, Washington",NG,Net generation,448,megawatthours
2026-09-07T23,GCPD,"Public Utility District No. 2 of Grant County, Washington",TI,Total interchange,-296,megawatthours
2026-09-07T23,GRID,"Gridforce Energy Management, LLC",NG,Net generation,2208,megawatthours
2026-09-07T23,GRID,"Gridforce Energy Management, LLC",TI,Total interchange,2208,megawatthours
2026-09-07T23,GVL,Gainesville Regional Utilities,D,Demand,337,megawatthours
2026-09-07T23,GVL,Gainesville Regional Utilities,DF,Day-ahead demand forecast,329,megawatthours
2026-09-07T23,GVL,Gainesville Regional Utilities,NG,Net generation,246,megawatthours
2026-09-07T23,GVL,Gainesville Regional Utilities,TI,Total interchange,-83,megawatthours
2026-09-07T23,GWA,"NaturEner Power Watch, LLC",NG,Net generation,337,megawatthours
2026-09-07T23,GWA,"NaturEner Power Watch, LLC",TI,Total interchange,337,megawatthours
2026-09-07T23,HST,City of Homestead,D,Demand,104,megawatthours
2026-09-07T23,HST,City of Homestead,DF,Day-ahead demand forecast,116,megawatthours
2026-09-07T23,HST,City of Homestead,NG,Net generation,0,megawatthours
2026-09-07T23,HST,City of Homestead,TI,Total interchange,-104,megawatthours
2026-09-07T23,IID,Imperial Irrigation District,D,Demand,733,megawatthours
2026-09-07T23,IID,Imperial Irrigation District,DF,Day-ahead demand forecast,782,megawatthours
2026-09-07T23,IID,Imperial Irrigation District,NG,Net generation,746,megawatthours
2026-09-07T23,IID,Imperial Irrigation District,TI,Total interchange,15,megawatthours
2026-09-07T23,IPCO,Idaho Power Company,D,Demand,2166,megawatthours
2026-09-07T23,IPCO,Idaho Power Company,DF,Day-ahead demand forecast,2804,megawatthours
2026-09-07T23,IPCO,Idaho Power Company,NG,Net generation,2023,megawatthours
2026-09-07T23,IPCO,Idaho Power Company,TI,Total interchange,-143,megawatthours
2026-09-07T23,ISNE,ISO New England,D,Demand,15207,megawatthours
2026-09-07T23,ISNE,ISO New England,DF,Day-ahead demand forecast,14480,megawatthours
2026-09-07T23,ISNE,ISO New England,NG,Net generation,13521,megawatthours
2026-09-07T23,JEA,JEA,D,Demand,2269,megawatthours
2026-09-07T23,JEA,JEA,DF,Day-ahead demand forecast,2062,megawatthours
2026-09-07T23,JEA,JEA,NG,Net generation,1673,megawatthours
2026-09-07T23,JEA,JEA,TI,Total interchange,-597,megawatthours
2026-09-07T23,LDWP,Los Angeles Department of Water and Power,D,Demand,4147,megawatthours
2026-09-07T23,LDWP,Los Angeles Department of Water and Power,DF,Day-ahead demand forecast,4337,megawatthours
2026-09-07T23,LDWP,Los Angeles Department of Water and Power,NG,Net generation,2760,megawatthours
2026-09-07T23,LDWP,Los Angeles Department of Water and Power,TI,Total interchange,-1387,megawatthours
2026-09-07T23,LGEE,LG&E and KU Services Company as agent for Louisville Gas and Electric Company and Kentucky Utilities Company,D,Demand,5865,megawatthours
2026-09-07T23,LGEE,LG&E and KU Services Company as agent for Louisville Gas and Electric Company and Kentucky Utilities Company,DF,Day-ahead demand forecast,5267,megawatthours
2026-09-07T23,LGEE,LG&E and KU Services Company as agent for Louisville Gas and Electric Company and Kentucky Utilities Company,NG,Net generation,5075,megawatthours
2026-09-07T23,LGEE,LG&E and KU Services Company as agent for Louisville Gas and Electric Company and Kentucky Utilities Company,TI,Total interchange,-790,megawatthours
2026-09-07T23,MIDA,Mid-Atlantic,D,Demand,115747,megawatthours
2026-09-07T23,MIDA,Mid-Atlantic,DF,Day-ahead demand forecast,107898,megawatthours
2026-09-07T23,MIDA,Mid-Atlantic,NG,Net generation,120226,megawatthours
2026-09-07T23,MIDA,Mid-Atlantic,TI,Total interchange,1253,megawatthours
2026-09-07T23,MIDW,Midwest,D,Demand,109318,megawatthours
2026-09-07T23,MIDW,Midwest,DF,Day-ahead demand forecast,109471,megawatthours
2026-09-07T23,MIDW,Midwest,NG,Net generation,107457,megawatthours
2026-09-07T23,MIDW,Midwest,TI,Total interchange,-4064,megawatthours
2026-09-07T23,MISO,"Midcontinent Independent System Operator, Inc.",D,Demand,99078,megawatthours
2026-09-07T23,MISO,"Midcontinent Independent System Operator, Inc.",DF,Day-ahead demand forecast,99822,megawatthours
2026-09-07T23,MISO,"Midcontinent Independent System Operator, Inc.",NG,Net generation,99485,megawatthours
2026-09-07T23,MISO,"Midcontinent Independent System Operator, Inc.",TI,Total interchange,-1796,megawatthours
2026-09-07T23,NE,New England,D,Demand,15207,megawatthours
2026-09-07T23,NE,New England,DF,Day-ahead demand forecast,14480,megawatthours
2026-09-07T23,NE,New England,NG,Net generation,13521,megawatthours
2026-09-07T23,NEVP,Nevada Power Company,D,Demand,6442,megawatthours
2026-09-07T23,NEVP,Nevada Power Company,DF,Day-ahead demand forecast,5697,megawatthours
2026-09-07T23,NEVP,Nevada Power Company,NG,Net generation,6111,megawatthours
2026-09-07T23,NEVP,Nevada Power Company,TI,Total interchange,-586,megawatthours
2026-09-07T23,NW,Northwest,D,Demand,48537,megawatthours
2026-09-07T23,NW,Northwest,DF,Day-ahead demand forecast,45774,megawatthours
2026-09-07T23,NW,Northwest,NG,Net generation,51018,megawatthours
2026-09-07T23,NW,Northwest,TI,Total interchange,2428,megawatthours
2026-09-07T23,NWMT,NorthWestern Corporation,D,Demand,1394,megawatthours
2026-09-07T23,NWMT,NorthWestern Corporation,DF,Day-ahead demand forecast,1396,megawatthours
2026-09-07T23,NWMT,NorthWestern Corporation,NG,Net generation,2940,megawatthours
2026-09-07T23,NWMT,NorthWestern Corporation,TI,Total interchange,1546,megawatthours
2026-09-07T23,NY,New York,D,Demand,19575,megawatthours
2026-09-07T23,NY,New York,DF,Day-ahead demand forecast,18508,megawatthours
2026-09-07T23,NY,New York,NG,Net generation,16947,megawatthours
2026-09-07T23,NY,New York,TI,Total interchange,-2628,megawatthours
2026-09-07T23,NYIS,New York Independent System Operator,D,Demand,19575,megawatthours
2026-09-07T23,NYIS,New York Independent System Operator,DF,Day-ahead demand forecast,18508,megawatthours
2026-09-07T23,NYIS,New York Independent System Operator,NG,Net generation,16947,megawatthours
2026-09-07T23,NYIS,New York Independent System Operator,TI,Total interchange,-2628,megawatthours
2026-09-07T23,PACE,PacifiCorp East,D,Demand,7193,megawatthours
2026-09-07T23,PACE,PacifiCorp East,DF,Day-ahead demand forecast,7180,megawatthours
2026-09-07T23,PACE,PacifiCorp East,NG,Net generation,10448,megawatthours
2026-09-07T23,PACE,PacifiCorp East,TI,Total interchange,3255,megawatthours
2026-09-07T23,PACW,PacifiCorp West,D,Demand,2147,megawatthours
2026-09-07T23,PACW,PacifiCorp West,DF,Day-ahead demand forecast,2322,megawatthours
2026-09-07T23,PACW,PacifiCorp West,NG,Net generation,1648,megawatthours
2026-09-07T23,PACW,PacifiCorp West,TI,Total interchange,-499,megawatthours
2026-09-07T23,PGE,Portland General Electric Company,D,Demand,2482,megawatthours
2026-09-07T23,PGE,Portland General Electric Company,DF,Day-ahead demand forecast,2606,megawatthours
2026-09-07T23,PGE,Portland General Electric Company,NG,Net generation,862,megawatthours
2026-09-07T23,PGE,Portland General Electric Company,TI,Total interchange,-1620,megawatthours
2026-09-07T23,PJM,"PJM Interconnection, LLC",D,Demand,115747,megawatthours
2026-09-07T23,PJM,"PJM Interconnection, LLC",DF,Day-ahead demand forecast,107898,megawatthours
2026-09-07T23,PJM,"PJM Interconnection, LLC",NG,Net generation,120226,megawatthours
2026-09-07T23,PJM,"PJM Interconnection, LLC",TI,Total interchange,1253,megawatthours
2026-09-07T23,PNM,Public Service Company of New Mexico,D,Demand,2594,megawatthours
2026-09-07T23,PNM,Public Service Company of New Mexico,DF,Day-ahead demand forecast,2396,megawatthours
2026-09-07T23,PNM,Public Service Company of New Mexico,NG,Net generation,2258,megawatthours
2026-09-07T23,PNM,Public Service Company of New Mexico,TI,Total interchange,-318,megawatthours
2026-09-07T23,PSCO,Public Service Company of Colorado,D,Demand,8021,megawatthours
2026-09-07T23,PSCO,Public Service Company of Colorado,DF,Day-ahead demand forecast,5903,megawatthours
2026-09-07T23,PSCO,Public Service Company of Colorado,NG,Net generation,8415,megawatthours
2026-09-07T23,PSCO,Public Service Company of Colorado,TI,Total interchange,394,megawatthours
2026-09-07T23,PSEI,"Puget Sound Energy, Inc.",D,Demand,2556,megawatthours
2026-09-07T23,PSEI,"Puget Sound Energy, Inc.",DF,Day-ahead demand forecast,2123,megawatthours
2026-09-07T23,PSEI,"Puget Sound Energy, Inc.",NG,Net generation,677,megawatthours
2026-09-07T23,PSEI,"Puget Sound Energy, Inc.",TI,Total interchange,-1879,megawatthours
2026-09-07T23,SC,South Carolina Public Service Authority,D,Demand,4224,megawatthours
2026-09-07T23,SC,South Carolina Public Service Authority,DF,Day-ahead demand forecast,4057,megawatthours
2026-09-07T23,SC,South Carolina Public Service Authority,NG,Net generation,3197,megawatthours
2026-09-07T23,SC,South Carolina Public Service Authority,TI,Total interchange,-1076,megawatthours
2026-09-07T23,SCEG,"Dominion Energy South Carolina, Inc.",D,Demand,3800,megawatthours
2026-09-07T23,SCEG,"Dominion Energy South Carolina, Inc.",DF,Day-ahead demand forecast,3279,megawatthours
2026-09-07T23,SCEG,"Dominion Energy South Carolina, Inc.",NG,Net generation,3754,megawatthours
2026-09-07T23,SCEG,"Dominion Energy South Carolina, Inc.",TI,Total interchange,-46,megawatthours
2026-09-07T23,SCL,Seattle City Light,D,Demand,998,megawatthours
2026-09-07T23,SCL,Seattle City Light,DF,Day-ahead demand forecast,993,megawatthours
2026-09-07T23,SCL,Seattle City Light,NG,Net generation,411,megawatthours
2026-09-07T23,SCL,Seattle City Light,TI,Total interchange,-587,megawatthours
2026-09-07T23,SE,Southeast,D,Demand,35469,megawatthours
2026-09-07T23,SE,Southeast,DF,Day-ahead demand forecast,38586,megawatthours
2026-09-07T23,SE,Southeast,NG,Net generation,37532,megawatthours
2026-09-07T23,SE,Southeast,TI,Total interchange,2063,megawatthours
2026-09-07T23,SEC,Seminole Electric Cooperative,D,Demand,279,megawatthours
2026-09-07T23,SEC,Seminole Electric Cooperative,DF,Day-ahead demand forecast,308,megawatthours
2026-09-07T23,SEC,Seminole Electric Cooperative,NG,Net generation,2138,megawatthours
2026-09-07T23,SEC,Seminole Electric Cooperative,TI,Total interchange,1858,megawatthours
2026-09-07T23,SEPA,Southeastern Power Administration,NG,Net generation,105,megawatthours
2026-09-07T23,SEPA,Southeastern Power Administration,TI,Total interchange,105,megawatthours
2026-09-07T23,SIKE,Sikeston Board of Municipal Utilities,NG,Net generation,32,megawatthours
2026-09-07T23,SIKE,Sikeston Board of Municipal Utilities,TI,Total interchange,32,megawatthours
2026-09-07T23,SOCO,"Southern Company Services, Inc. - Trans",D,Demand,35469,megawatthours
2026-09-07T23,SOCO,"Southern Company Services, Inc. - Trans",DF,Day-ahead demand forecast,38586,megawatthours
2026-09-07T23,SOCO,"Southern Company Services, Inc. - Trans",NG,Net generation,37427,megawatthours
2026-09-07T23,SOCO,"Southern Company Services, Inc. - Trans",TI,Total interchange,1958,megawatthours
2026-09-07T23,SPA,Southwestern Power Administration,D,Demand,26,megawatthours
2026-09-07T23,SRP,Salt River Project Agricultural Improvement and Power District,D,Demand,6797,megawatthours
2026-09-07T23,SRP,Salt River Project Agricultural Improvement and Power District,DF,Day-ahead demand forecast,7385,megawatthours
2026-09-07T23,SRP,Salt River Project Agricultural Improvement and Power District,NG,Net generation,9553,megawatthours
2026-09-07T23,SRP,Salt River Project Agricultural Improvement and Power District,TI,Total interchange,2993,megawatthours
2026-09-07T23,SW,Southwest,D,Demand,22458,megawatthours
2026-09-07T23,SW,Southwest,DF,Day-ahead demand forecast,23241,megawatthours
2026-09-07T23,SW,Southwest,NG,Net generation,22381,megawatthours
2026-09-07T23,SW,Southwest,TI,Total interchange,178,megawatthours
2026-09-07T23,SWPP,Southwest Power Pool,D,Demand,53216,megawatthours
2026-09-07T23,SWPP,Southwest Power Pool,DF,Day-ahead demand forecast,53502,megawatthours
2026-09-07T23,SWPP,Southwest Power Pool,NG,Net generation,50562,megawatthours
2026-09-07T23,SWPW,Southwest Power Pool West Balancing Authority Area,D,Demand,4195,megawatthours
2026-09-07T23,SWPW,Southwest Power Pool West Balancing Authority Area,DF,Day-ahead demand forecast,3986,megawatthours
2026-09-07T23,SWPW,Southwest Power Pool West Balancing Authority Area,NG,Net generation,3425,megawatthours
2026-09-07T23,SWPW,Southwest Power Pool West Balancing Authority Area,TI,Total interchange,-770,megawatthours
2026-09-07T23,TAL,City of Tallahassee,D,Demand,531,megawatthours
2026-09-07T23,TAL,City of Tallahassee,DF,Day-ahead demand forecast,510,megawatthours
2026-09-07T23,TAL,City of Tallahassee,NG,Net generation,531,megawatthours
2026-09-07T23,TAL,City of Tallahassee,TI,Total interchange,1,megawatthours
2026-09-07T23,TEC,Tampa Electric Company,D,Demand,3643,megawatthours
2026-09-07T23,TEC,Tampa Electric Company,DF,Day-ahead demand forecast,3429,megawatthours
2026-09-07T23,TEC,Tampa Electric Company,NG,Net generation,3395,megawatthours
2026-09-07T23,TEC,Tampa Electric Company,TI,Total interchange,-248,megawatthours
2026-09-07T23,TEN,Tennessee,D,Demand,27990,megawatthours
2026-09-07T23,TEN,Tennessee,DF,Day-ahead demand forecast,28160,megawatthours
2026-09-07T23,TEN,Tennessee,NG,Net generation,26270,megawatthours
2026-09-07T23,TEN,Tennessee,TI,Total interchange,-1474,megawatthours
2026-09-07T23,TEPC,Tucson Electric Power,D,Demand,2525,megawatthours
2026-09-07T23,TEPC,Tucson Electric Power,DF,Day-ahead demand forecast,2519,megawatthours
2026-09-07T23,TEPC,Tucson Electric Power,NG,Net generation,2469,megawatthours
2026-09-07T23,TEPC,Tucson Electric Power,TI,Total interchange,-56,megawatthours
2026-09-07T23,TEX,Texas,D,Demand,86405,megawatthours
2026-09-07T23,TEX,Texas,DF,Day-ahead demand forecast,86411,megawatthours
2026-09-07T23,TEX,Texas,NG,Net generation,86535,megawatthours
2026-09-07T23,TEX,Texas,TI,Total interchange,131,megawatthours
2026-09-07T23,TIDC,Turlock Irrigation District,D,Demand,441,megawatthours
2026-09-07T23,TIDC,Turlock Irrigation District,DF,Day-ahead demand forecast,449,megawatthours
2026-09-07T23,TIDC,Turlock Irrigation District,NG,Net generation,281,megawatthours
2026-09-07T23,TIDC,Turlock Irrigation District,TI,Total interchange,-157,megawatthours
2026-09-07T23,TPWR,"City of Tacoma, Department of Public Utilities, Light Division",D,Demand,459,megawatthours
2026-09-07T23,TPWR,"City of Tacoma, Department of Public Utilities, Light Division",DF,Day-ahead demand forecast,453,megawatthours
2026-09-07T23,TPWR,"City of Tacoma, Department of Public Utilities, Light Division",NG,Net generation,103,megawatthours
2026-09-07T23,TPWR,"City of Tacoma, Department of Public Utilities, Light Division",TI,Total interchange,-356,megawatthours
2026-09-07T23,TVA,Tennessee Valley Authority,D,Demand,27990,megawatthours
2026-09-07T23,TVA,Tennessee Valley Authority,DF,Day-ahead demand forecast,28160,megawatthours
2026-09-07T23,TVA,Tennessee Valley Authority,NG,Net generation,26270,megawatthours
2026-09-07T23,TVA,Tennessee Valley Authority,TI,Total interchange,-1474,megawatthours
2026-09-07T23,US48,United States Lower 48,D,Demand,648578,megawatthours
2026-09-07T23,US48,United States Lower 48,DF,Day-ahead demand forecast,636749,megawatthours
2026-09-07T23,US48,United States Lower 48,NG,Net generation,634854,megawatthours
2026-09-07T23,US48,United States Lower 48,TI,Total interchange,-10824,megawatthours
2026-09-07T23,WALC,Western Area Power Administration - Desert Southwest Region,D,Demand,1063,megawatthours
2026-09-07T23,WALC,Western Area Power Administration - Desert Southwest Region,DF,Day-ahead demand forecast,1309,megawatthours
2026-09-07T23,WALC,Western Area Power Administration - Desert Southwest Region,NG,Net generation,1484,megawatthours
2026-09-07T23,WALC,Western Area Power Administration - Desert Southwest Region,TI,Total interchange,421,megawatthours
2026-09-07T23,YAD,"Alcoa Power Generating, Inc. - Yadkin Division",NG,Net generation,119,megawatthours
2026-09-07T23,YAD,"Alcoa Power Generating, Inc. - Yadkin Division",TI,Total interchange,114,megawatthours
2026-09-07T22,AECI,"Associated Electric Cooperative, Inc.",D,Demand,4398,megawatthours
2026-09-07T22,AECI,"Associated Electric Cooperative, Inc.",DF,Day-ahead demand forecast,4302,megawatthours
2026-09-07T22,AECI,"Associated Electric Cooperative, Inc.",NG,Net generation,2790,megawatthours
2026-09-07T22,AECI,"Associated Electric Cooperative, Inc.",TI,Total interchange,-1608,megawatthours
2026-09-07T22,AVA,Avista Corporation,D,Demand,1296,megawatthours
2026-09-07T22,AVA,Avista Corporation,DF,Day-ahead demand forecast,1243,megawatthours
2026-09-07T22,AVA,Avista Corporation,NG,Net generation,766,megawatthours
2026-09-07T22,AVA,Avista Corporation,TI,Total interchange,-530,megawatthours
2026-09-07T22,AVRN,"Avangrid Renewables, LLC",NG,Net generation,1461,megawatthours
2026-09-07T22,AVRN,"Avangrid Renewables, LLC",TI,Total interchange,1461,megawatthours
2026-09-07T22,AZPS,Arizona Public Service Company,D,Demand,7220,megawatthours
2026-09-07T22,AZPS,Arizona Public Service Company,DF,Day-ahead demand forecast,7322,megawatthours
2026-09-07T22,AZPS,Arizona Public Service Company,NG,Net generation,4319,megawatthours
2026-09-07T22,AZPS,Arizona Public Service Company,TI,Total interchange,-2901,megawatthours
2026-09-07T22,BANC,Balancing Authority of Northern California,D,Demand,2318,megawatthours
2026-09-07T22,BANC,Balancing Authority of Northern California,DF,Day-ahead demand forecast,2318,megawatthours
2026-09-07T22,BANC,Balancing Authority of Northern California,NG,Net generation,1552,megawatthours
2026-09-07T22,BANC,Balancing Authority of Northern California,TI,Total interchange,-766,megawatthours
2026-09-07T22,BHBA,Black Hills Energy,D,Demand,1083,megawatthours
2026-09-07T22,BHBA,Black Hills Energy,DF,Day-ahead demand forecast,1027,megawatthours
2026-09-07T22,BHBA,Black Hills Energy,NG,Net generation,849,megawatthours
2026-09-07T22,BHBA,Black Hills Energy,TI,Total interchange,-157,megawatthours
2026-09-07T22,BPAT,Bonneville Power Administration,D,Demand,6706,megawatthours
2026-09-07T22,BPAT,Bonneville Power Administration,DF,Day-ahead demand forecast,6814,megawatthours
2026-09-07T22,BPAT,Bonneville Power Administration,NG,Net generation,7056,megawatthours
2026-09-07T22,BPAT,Bonneville Power Administration,TI,Total interchange,350,megawatthours
2026-09-07T22,CAL,California,D,Demand,39708,megawatthours
2026-09-07T22,CAL,California,DF,Day-ahead demand forecast,35729,megawatthours
2026-09-07T22,CAL,California,NG,Net generation,27565,megawatthours
2026-09-07T22,CAL,California,TI,Total interchange,-5990,megawatthours
2026-09-07T22,CAR,Carolinas,D,Demand,34067,megawatthours
2026-09-07T22,CAR,Carolinas,DF,Day-ahead demand forecast,32039,megawatthours
2026-09-07T22,CAR,Carolinas,NG,Net generation,32652,megawatthours
2026-09-07T22,CAR,Carolinas,TI,Total interchange,-1468,megawatthours
2026-09-07T22,CENT,Central,D,Demand,53215,megawatthours
2026-09-07T22,CENT,Central,DF,Day-ahead demand forecast,53109,megawatthours
2026-09-07T22,CENT,Central,NG,Net generation,50090,megawatthours
2026-09-07T22,CHPD,Public Utility District No. 1 of Chelan County,D,Demand,192,megawatthours
2026-09-07T22,CHPD,Public Utility District No. 1 of Chelan County,DF,Day-ahead demand forecast,182,megawatthours
2026-09-07T22,CHPD,Public Utility District No. 1 of Chelan County,NG,Net generation,507,megawatthours
2026-09-07T22,CHPD,Public Utility District No. 1 of Chelan County,TI,Total interchange,315,megawatthours
2026-09-07T22,CISO,California Independent System Operator,D,Demand,32506,megawatthours
2026-09-07T22,CISO,California Independent System Operator,DF,Day-ahead demand forecast,28057,megawatthours
2026-09-07T22,CISO,California Independent System Operator,NG,Net generation,21900,megawatthours
2026-09-07T22,CISO,California Independent System Operator,TI,Total interchange,-4482,megawatthours
2026-09-07T22,CPLE,Duke Energy Progress East,D,Demand,9633,megawatthours
2026-09-07T22,CPLE,Duke Energy Progress East,DF,Day-ahead demand forecast,9309,megawatthours
2026-09-07T22,CPLE,Duke Energy Progress East,NG,Net generation,9861,megawatthours
2026-09-07T22,CPLE,Duke Energy Progress East,TI,Total interchange,228,megawatthours
2026-09-07T22,CPLW,Duke Energy Progress West,D,Demand,608,megawatthours
2026-09-07T22,CPLW,Duke Energy Progress West,DF,Day-ahead demand forecast,583,megawatthours
2026-09-07T22,CPLW,Duke Energy Progress West,NG,Net generation,496,megawatthours
2026-09-07T22,CPLW,Duke Energy Progress West,TI,Total interchange,-112,megawatthours
2026-09-07T22,DEAA,"Arlington Valley, LLC",NG,Net generation,333,megawatthours
2026-09-07T22,DEAA,"Arlington Valley, LLC",TI,Total interchange,333,megawatthours
2026-09-07T22,DOPD,PUD No. 1 of Douglas County,D,Demand,274,megawatthours
2026-09-07T22,DOPD,PUD No. 1 of Douglas County,DF,Day-ahead demand forecast,271,megawatthours
2026-09-07T22,DOPD,PUD No. 1 of Douglas County,NG,Net generation,191,megawatthours
2026-09-07T22,DOPD,PUD No. 1 of Douglas County,TI,Total interchange,-83,megawatthours
2026-09-07T22,DUK,Duke Energy Carolinas,D,Demand,15679,megawatthours
2026-09-07T22,DUK,Duke Energy Carolinas,DF,Day-ahead demand forecast,14619,megawatthours
2026-09-07T22,DUK,Duke Energy Carolinas,NG,Net generation,15093,megawatthours
2026-09-07T22,DUK,Duke Energy Carolinas,TI,Total interchange,-586,megawatthours
2026-09-07T22,EPE,El Paso Electric Company,D,Demand,1981,megawatthours
2026-09-07T22,EPE,El Paso Electric Company,DF,Day-ahead demand forecast,1918,megawatthours
2026-09-07T22,EPE,El Paso Electric Company,NG,Net generation,1566,megawatthours
2026-09-07T22,EPE,El Paso Electric Company,TI,Total interchange,-416,megawatthours
2026-09-07T22,ERCO,"Electric Reliability Council of Texas, Inc.",D,Demand,86393,megawatthours
2026-09-07T22,ERCO,"Electric Reliability Council of Texas, Inc.",DF,Day-ahead demand forecast,86625,megawatthours
2026-09-07T22,ERCO,"Electric Reliability Council of Texas, Inc.",NG,Net generation,86496,megawatthours
2026-09-07T22,ERCO,"Electric Reliability Council of Texas, Inc.",TI,Total interchange,104,megawatthours
2026-09-07T22,FLA,Florida,D,Demand,42489,megawatthours
2026-09-07T22,FLA,Florida,DF,Day-ahead demand forecast,41914,megawatthours
2026-09-07T22,FLA,Florida,NG,Net generation,41534,megawatthours
2026-09-07T22,FLA,Florida,TI,Total interchange,-948,megawatthours
2026-09-07T22,FMPP,Florida Municipal Power Pool,D,Demand,2912,megawatthours
2026-09-07T22,FMPP,Florida Municipal Power Pool,DF,Day-ahead demand forecast,3088,megawatthours
2026-09-07T22,FMPP,Florida Municipal Power Pool,NG,Net generation,2914,megawatthours
2026-09-07T22,FMPP,Florida Municipal Power Pool,TI,Total interchange,2,megawatthours
2026-09-07T22,FPC,"Duke Energy Florida, Inc.",D,Demand,9862,megawatthours
2026-09-07T22,FPC,"Duke Energy Florida, Inc.",DF,Day-ahead demand forecast,7462,megawatthours
2026-09-07T22,FPC,"Duke Energy Florida, Inc.",NG,Net generation,8290,megawatthours
2026-09-07T22,FPC,"Duke Energy Florida, Inc.",TI,Total interchange,-1572,megawatthours
2026-09-07T22,FPL,Florida Power & Light Co.,D,Demand,22338,megawatthours
2026-09-07T22,FPL,Florida Power & Light Co.,DF,Day-ahead demand forecast,24406,megawatthours
2026-09-07T22,FPL,Florida Power & Light Co.,NG,Net generation,22157,megawatthours
2026-09-07T22,FPL,Florida Power & Light Co.,TI,Total interchange,-181,megawatthours
2026-09-07T22,GCPD,"Public Utility District No. 2 of Grant County, Washington",D,Demand,744,megawatthours
2026-09-07T22,GCPD,"Public Utility District No. 2 of Grant County, Washington",DF,Day-ahead demand forecast,693,megawatthours
2026-09-07T22,GCPD,"Public Utility District No. 2 of Grant County, Washington",NG,Net generation,416,megawatthours
2026-09-07T22,GCPD,"Public Utility District No. 2 of Grant County, Washington",TI,Total interchange,-329,megawatthours
2026-09-07T22,GRID,"Gridforce Energy Management, LLC",NG,Net generation,2159,megawatthours
2026-09-07T22,GRID,"Gridforce Energy Management, LLC",TI,Total interchange,2159,megawatthours
2026-09-07T22,GVL,Gainesville Regional Utilities,D,Demand,337,megawatthours
2026-09-07T22,GVL,Gainesville Regional Utilities,DF,Day-ahead demand forecast,333,megawatthours
2026-09-07T22,GVL,Gainesville Regional Utilities,NG,Net generation,260,megawatthours
2026-09-07T22,GVL,Gainesville Regional Utilities,TI,Total interchange,-69,megawatthours
2026-09-07T22,GWA,"NaturEner Power Watch, LLC",NG,Net generation,189,megawatthours
2026-09-07T22,GWA,"NaturEner Power Watch, LLC",TI,Total interchange,189,megawatthours
2026-09-07T22,HST,City of Homestead,D,Demand,110,megawatthours
2026-09-07T22,HST,City of Homestead,DF,Day-ahead demand forecast,116,megawatthours
2026-09-07T22,HST,City of Homestead,NG,Net generation,0,megawatthours
2026-09-07T22,HST,City of Homestead,TI,Total interchange,-110,megawatthours
2026-09-07T22,IID,Imperial Irrigation District,D,Demand,722,megawatthours
2026-09-07T22,IID,Imperial Irrigation District,DF,Day-ahead demand forecast,742,megawatthours
2026-09-07T22,IID,Imperial Irrigation District,NG,Net generation,887,megawatthours
2026-09-07T22,IID,Imperial Irrigation District,TI,Total interchange,192,megawatthours
2026-09-07T22,IPCO,Idaho Power Company,D,Demand,2105,megawatthours
2026-09-07T22,IPCO,Idaho Power Company,DF,Day-ahead demand forecast,2708,megawatthours
2026-09-07T22,IPCO,Idaho Power Company,NG,Net generation,1853,megawatthours
2026-09-07T22,IPCO,Idaho Power Company,TI,Total interchange,-252,megawatthours
2026-09-07T22,ISNE,ISO New England,D,Demand,14228,megawatthours
2026-09-07T22,ISNE,ISO New England,DF,Day-ahead demand forecast,13600,megawatthours
2026-09-07T22,ISNE,ISO New England,NG,Net generation,12843,megawatthours
2026-09-07T22,JEA,JEA,D,Demand,2323,megawatthours
2026-09-07T22,JEA,JEA,DF,Day-ahead demand forecast,2102,megawatthours
2026-09-07T22,JEA,JEA,NG,Net generation,1672,megawatthours
2026-09-07T22,JEA,JEA,TI,Total interchange,-652,megawatthours
2026-09-07T22,LDWP,Los Angeles Department of Water and Power,D,Demand,3757,megawatthours
2026-09-07T22,LDWP,Los Angeles Department of Water and Power,DF,Day-ahead demand forecast,4192,megawatthours
2026-09-07T22,LDWP,Los Angeles Department of Water and Power,NG,Net generation,2985,megawatthours
2026-09-07T22,LDWP,Los Angeles Department of Water and Power,TI,Total interchange,-772,megawatthours
2026-09-07T22,LGEE,LG&E and KU Services Company as agent for Louisville Gas and Electric Company and Kentucky Utilities Company,D,Demand,5894,megawatthours
2026-09-07T22,LGEE,LG&E and KU Services Company as agent for Louisville Gas and Electric Company and Kentucky Utilities Company,DF,Day-ahead demand forecast,5319,megawatthours
2026-09-07T22,LGEE,LG&E and KU Services Company as agent for Louisville Gas and Electric Company and Kentucky Utilities Company,NG,Net generation,5128,megawatthours
2026-09-07T22,LGEE,LG&E and KU Services Company as agent for Louisville Gas and Electric Company and Kentucky Utilities Company,TI,Total interchange,-766,megawatthours
2026-09-07T22,MIDA,Mid-Atlantic,D,Demand,116532,megawatthours
2026-09-07T22,MIDA,Mid-Atlantic,DF,Day-ahead demand forecast,110091,megawatthours
2026-09-07T22,MIDA,Mid-Atlantic,NG,Net generation,121934,megawatthours
2026-09-07T22,MIDA,Mid-Atlantic,TI,Total interchange,1204,megawatthours
2026-09-07T22,MIDW,Midwest,D,Demand,109045,megawatthours
2026-09-07T22,MIDW,Midwest,DF,Day-ahead demand forecast,109419,megawatthours
2026-09-07T22,MIDW,Midwest,NG,Net generation,107945,megawatthours
2026-09-07T22,MIDW,Midwest,TI,Total interchange,-3309,megawatthours
2026-09-07T22,MISO,"Midcontinent Independent System Operator, Inc.",D,Demand,98753,megawatthours
2026-09-07T22,MISO,"Midcontinent Independent System Operator, Inc.",DF,Day-ahead demand forecast,99798,megawatthours
2026-09-07T22,MISO,"Midcontinent Independent System Operator, Inc.",NG,Net generation,99995,megawatthours
2026-09-07T22,MISO,"Midcontinent Independent System Operator, Inc.",TI,Total interchange,-967,megawatthours
2026-09-07T22,NE,New England,D,Demand,14228,megawatthours
2026-09-07T22,NE,New England,DF,Day-ahead demand forecast,13600,megawatthours
2026-09-07T22,NE,New England,NG,Net generation,12843,megawatthours
2026-09-07T22,NEVP,Nevada Power Company,D,Demand,6240,megawatthours
2026-09-07T22,NEVP,Nevada Power Company,DF,Day-ahead demand forecast,5458,megawatthours
2026-09-07T22,NEVP,Nevada Power Company,NG,Net generation,6289,megawatthours
2026-09-07T22,NEVP,Nevada Power Company,TI,Total interchange,-134,megawatthours
2026-09-07T22,NW,Northwest,D,Demand,47267,megawatthours
2026-09-07T22,NW,Northwest,DF,Day-ahead demand forecast,44844,megawatthours
2026-09-07T22,NW,Northwest,NG,Net generation,49836,megawatthours
2026-09-07T22,NW,Northwest,TI,Total interchange,2463,megawatthours
2026-09-07T22,NWMT,NorthWestern Corporation,D,Demand,1369,megawatthours
2026-09-07T22,NWMT,NorthWestern Corporation,DF,Day-ahead demand forecast,1359,megawatthours
2026-09-07T22,NWMT,NorthWestern Corporation,NG,Net generation,2961,megawatthours
2026-09-07T22,NWMT,NorthWestern Corporation,TI,Total interchange,1592,megawatthours
2026-09-07T22,NY,New York,D,Demand,18949,megawatthours
2026-09-07T22,NY,New York,DF,Day-ahead demand forecast,17713,megawatthours
2026-09-07T22,NY,New York,NG,Net generation,16257,megawatthours
2026-09-07T22,NY,New York,TI,Total interchange,-2692,megawatthours
2026-09-07T22,NYIS,New York Independent System Operator,D,Demand,18949,megawatthours
2026-09-07T22,NYIS,New York Independent System Operator,DF,Day-ahead demand forecast,17713,megawatthours
2026-09-07T22,NYIS,New York Independent System Operator,NG,Net generation,16257,megawatthours
2026-09-07T22,NYIS,New York Independent System Operator,TI,Total interchange,-2692,megawatthours
2026-09-07T22,PACE,PacifiCorp East,D,Demand,7065,megawatthours
2026-09-07T22,PACE,PacifiCorp East,DF,Day-ahead demand forecast,7023,megawatthours
2026-09-07T22,PACE,PacifiCorp East,NG,Net generation,10381,megawatthours
2026-09-07T22,PACE,PacifiCorp East,TI,Total interchange,3316,megawatthours
2026-09-07T22,PACW,PacifiCorp West,D,Demand,2091,megawatthours
2026-09-07T22,PACW,PacifiCorp West,DF,Day-ahead demand forecast,2236,megawatthours
2026-09-07T22,PACW,PacifiCorp West,NG,Net generation,1544,megawatthours
2026-09-07T22,PACW,PacifiCorp West,TI,Total interchange,-547,megawatthours
2026-09-07T22,PGE,Portland General Electric Company,D,Demand,2414,megawatthours
2026-09-07T22,PGE,Portland General Electric Company,DF,Day-ahead demand forecast,2511,megawatthours
2026-09-07T22,PGE,Portland General Electric Company,NG,Net generation,846,megawatthours
2026-09-07T22,PGE,Portland General Electric Company,TI,Total interchange,-1568,megawatthours
2026-09-07T22,PJM,"PJM Interconnection, LLC",D,Demand,116532,megawatthours
2026-09-07T22,PJM,"PJM Interconnection, LLC",DF,Day-ahead demand forecast,110091,megawatthours
2026-09-07T22,PJM,"PJM Interconnection, LLC",NG,Net generation,121934,megawatthours
2026-09-07T22,PJM,"PJM Interconnection, LLC",TI,Total interchange,1204,megawatthours
2026-09-07T22,PNM,Public Service Company of New Mexico,D,Demand,2493,megawatthours
2026-09-07T22,PNM,Public Service Company of New Mexico,DF,Day-ahead demand forecast,2315,megawatthours
2026-09-07T22,PNM,Public Service Company of New Mexico,NG,Net generation,1904,megawatthours
2026-09-07T22,PNM,Public Service Company of New Mexico,TI,Total interchange,-533,megawatthours
2026-09-07T22,PSCO,Public Service Company of Colorado,D,Demand,7595,megawatthours
2026-09-07T22,PSCO,Public Service Company of Colorado,DF,Day-ahead demand forecast,5902,megawatthours
2026-09-07T22,PSCO,Public Service Company of Colorado,NG,Net generation,7994,megawatthours
2026-09-07T22,PSCO,Public Service Company of Colorado,TI,Total interchange,399,megawatthours
2026-09-07T22,PSEI,"Puget Sound Energy, Inc.",D,Demand,2522,megawatthours
2026-09-07T22,PSEI,"Puget Sound Energy, Inc.",DF,Day-ahead demand forecast,2063,megawatthours
2026-09-07T22,PSEI,"Puget Sound Energy, Inc.",NG,Net generation,588,megawatthours
2026-09-07T22,PSEI,"Puget Sound Energy, Inc.",TI,Total interchange,-1934,megawatthours
2026-09-07T22,SC,South Carolina Public Service Authority,D,Demand,4279,megawatthours
2026-09-07T22,SC,South Carolina Public Service Authority,DF,Day-ahead demand forecast,4130,megawatthours
2026-09-07T22,SC,South Carolina Public Service Authority,NG,Net generation,3341,megawatthours
2026-09-07T22,SC,South Carolina Public Service Authority,TI,Total interchange,-989,megawatthours
2026-09-07T22,SCEG,"Dominion Energy South Carolina, Inc.",D,Demand,3868,megawatthours
2026-09-07T22,SCEG,"Dominion Energy South Carolina, Inc.",DF,Day-ahead demand forecast,3398,megawatthours
2026-09-07T22,SCEG,"Dominion Energy South Carolina, Inc.",NG,Net generation,3852,megawatthours
2026-09-07T22,SCEG,"Dominion Energy South Carolina, Inc.",TI,Total interchange,-16,megawatthours
2026-09-07T22,SCL,Seattle City Light,D,Demand,996,megawatthours
2026-09-07T22,SCL,Seattle City Light,DF,Day-ahead demand forecast,983,megawatthours
2026-09-07T22,SCL,Seattle City Light,NG,Net generation,374,megawatthours
2026-09-07T22,SCL,Seattle City Light,TI,Total interchange,-622,megawatthours
2026-09-07T22,SE,Southeast,D,Demand,35639,megawatthours
2026-09-07T22,SE,Southeast,DF,Day-ahead demand forecast,39381,megawatthours
2026-09-07T22,SE,Southeast,NG,Net generation,37642,megawatthours
2026-09-07T22,SE,Southeast,TI,Total interchange,2001,megawatthours
2026-09-07T22,SEC,Seminole Electric Cooperative,D,Demand,297,megawatthours
2026-09-07T22,SEC,Seminole Electric Cooperative,DF,Day-ahead demand forecast,317,megawatthours
2026-09-07T22,SEC,Seminole Electric Cooperative,NG,Net generation,2147,megawatthours
2026-09-07T22,SEC,Seminole Electric Cooperative,TI,Total interchange,1850,megawatthours
2026-09-07T22,SEPA,Southeastern Power Administration,NG,Net generation,105,megawatthours
2026-09-07T22,SEPA,Southeastern Power Administration,TI,Total interchange,103,megawatthours
2026-09-07T22,SIKE,Sikeston Board of Municipal Utilities,NG,Net generation,32,megawatthours
2026-09-07T22,SIKE,Sikeston Board of Municipal Utilities,TI,Total interchange,32,megawatthours
2026-09-07T22,SOCO,"Southern Company Services, Inc. - Trans",D,Demand,35639,megawatthours
2026-09-07T22,SOCO,"Southern Company Services, Inc. - Trans",DF,Day-ahead demand forecast,39381,megawatthours
2026-09-07T22,SOCO,"Southern Company Services, Inc. - Trans",NG,Net generation,37537,megawatthours
2026-09-07T22,SOCO,"Southern Company Services, Inc. - Trans",TI,Total interchange,1898,megawatthours
2026-09-07T22,SPA,Southwestern Power Administration,D,Demand,20,megawatthours
2026-09-07T22,SRP,Salt River Project Agricultural Improvement and Power District,D,Demand,6918,megawatthours
2026-09-07T22,SRP,Salt River Project Agricultural Improvement and Power District,DF,Day-ahead demand forecast,7269,megawatthours
2026-09-07T22,SRP,Salt River Project Agricultural Improvement and Power District,NG,Net generation,9608,megawatthours
2026-09-07T22,SRP,Salt River Project Agricultural Improvement and Power District,TI,Total interchange,2824,megawatthours
2026-09-07T22,SW,Southwest,D,Demand,22113,megawatthours
2026-09-07T22,SW,Southwest,DF,Day-ahead demand forecast,22421,megawatthours
2026-09-07T22,SW,Southwest,NG,Net generation,21509,megawatthours
2026-09-07T22,SW,Southwest,TI,Total interchange,-415,megawatthours
2026-09-07T22,SWPP,Southwest Power Pool,D,Demand,53195,megawatthours
2026-09-07T22,SWPP,Southwest Power Pool,DF,Day-ahead demand forecast,53109,megawatthours
2026-09-07T22,SWPP,Southwest Power Pool,NG,Net generation,50090,megawatthours
2026-09-07T22,SWPW,Southwest Power Pool West Balancing Authority Area,D,Demand,4122,megawatthours
2026-09-07T22,SWPW,Southwest Power Pool West Balancing Authority Area,DF,Day-ahead demand forecast,3916,megawatthours
2026-09-07T22,SWPW,Southwest Power Pool West Balancing Authority Area,NG,Net generation,3311,megawatthours
2026-09-07T22,SWPW,Southwest Power Pool West Balancing Authority Area,TI,Total interchange,-810,megawatthours
2026-09-07T22,TAL,City of Tallahassee,D,Demand,543,megawatthours
2026-09-07T22,TAL,City of Tallahassee,DF,Day-ahead demand forecast,523,megawatthours
2026-09-07T22,TAL,City of Tallahassee,NG,Net generation,543,megawatthours
2026-09-07T22,TAL,City of Tallahassee,TI,Total interchange,0,megawatthours
2026-09-07T22,TEC,Tampa Electric Company,D,Demand,3767,megawatthours
2026-09-07T22,TEC,Tampa Electric Company,DF,Day-ahead demand forecast,3567,megawatthours
2026-09-07T22,TEC,Tampa Electric Company,NG,Net generation,3551,megawatthours
2026-09-07T22,TEC,Tampa Electric Company,TI,Total interchange,-216,megawatthours
2026-09-07T22,TEN,Tennessee,D,Demand,28268,megawatthours
2026-09-07T22,TEN,Tennessee,DF,Day-ahead demand forecast,29007,megawatthours
2026-09-07T22,TEN,Tennessee,NG,Net generation,26461,megawatthours
2026-09-07T22,TEN,Tennessee,TI,Total interchange,-1504,megawatthours
2026-09-07T22,TEPC,Tucson Electric Power,D,Demand,2457,megawatthours
2026-09-07T22,TEPC,Tucson Electric Power,DF,Day-ahead demand forecast,2478,megawatthours
2026-09-07T22,TEPC,Tucson Electric Power,NG,Net generation,2289,megawatthours
2026-09-07T22,TEPC,Tucson Electric Power,TI,Total interchange,-168,megawatthours
2026-09-07T22,TEX,Texas,D,Demand,86393,megawatthours
2026-09-07T22,TEX,Texas,DF,Day-ahead demand forecast,86625,megawatthours
2026-09-07T22,TEX,Texas,NG,Net generation,86496,megawatthours
2026-09-07T22,TEX,Texas,TI,Total interchange,104,megawatthours
2026-09-07T22,TIDC,Turlock Irrigation District,D,Demand,405,megawatthours
2026-09-07T22,TIDC,Turlock Irrigation District,DF,Day-ahead demand forecast,420,megawatthours
2026-09-07T22,TIDC,Turlock Irrigation District,NG,Net generation,241,megawatthours
2026-09-07T22,TIDC,Turlock Irrigation District,TI,Total interchange,-162,megawatthours
2026-09-07T22,TPWR,"City of Tacoma, Department of Public Utilities, Light Division",D,Demand,453,megawatthours
2026-09-07T22,TPWR,"City of Tacoma, Department of Public Utilities, Light Division",DF,Day-ahead demand forecast,455,megawatthours
2026-09-07T22,TPWR,"City of Tacoma, Department of Public Utilities, Light Division",NG,Net generation,101,megawatthours
2026-09-07T22,TPWR,"City of Tacoma, Department of Public Utilities, Light Division",TI,Total interchange,-352,megawatthours
2026-09-07T22,TVA,Tennessee Valley Authority,D,Demand,28268,megawatthours
2026-09-07T22,TVA,Tennessee Valley Authority,DF,Day-ahead demand forecast,29007,megawatthours
2026-09-07T22,TVA,Tennessee Valley Authority,NG,Net generation,26461,megawatthours
2026-09-07T22,TVA,Tennessee Valley Authority,TI,Total interchange,-1504,megawatthours
2026-09-07T22,US48,United States Lower 48,D,Demand,647913,megawatthours
2026-09-07T22,US48,United States Lower 48,DF,Day-ahead demand forecast,635892,megawatthours
2026-09-07T22,US48,United States Lower 48,NG,Net generation,632764,megawatthours
2026-09-07T22,US48,United States Lower 48,TI,Total interchange,-10554,megawatthours
2026-09-07T22,WALC,Western Area Power Administration - Desert Southwest Region,D,Demand,1044,megawatthours
2026-09-07T22,WALC,Western Area Power Administration - Desert Southwest Region,DF,Day-ahead demand forecast,1119,megawatthours
2026-09-07T22,WALC,Western Area Power Administration - Desert Southwest Region,NG,Net generation,1490,megawatthours
2026-09-07T22,WALC,Western Area Power Administration - Desert Southwest Region,TI,Total interchange,446,megawatthours
2026-09-07T22,YAD,"Alcoa Power Generating, Inc. - Yadkin Division",NG,Net generation,9,megawatthours
2026-09-07T22,YAD,"Alcoa Power Generating, Inc. - Yadkin Division",TI,Total interchange,7,megawatthours
2026-09-07T21,AECI,"Associated Electric Cooperative, Inc.",D,Demand,4306,megawatthours
2026-09-07T21,AECI,"Associated Electric Cooperative, Inc.",DF,Day-ahead demand forecast,4188,megawatthours
2026-09-07T21,AECI,"Associated Electric Cooperative, Inc.",NG,Net generation,2809,megawatthours
2026-09-07T21,AECI,"Associated Electric Cooperative, Inc.",TI,Total interchange,-1497,megawatthours
2026-09-07T21,AVA,Avista Corporation,D,Demand,1293,megawatthours
2026-09-07T21,AVA,Avista Corporation,DF,Day-ahead demand forecast,1243,megawatthours
2026-09-07T21,AVA,Avista Corporation,NG,Net generation,777,megawatthours
2026-09-07T21,AVA,Avista Corporation,TI,Total interchange,-516,megawatthours
2026-09-07T21,AVRN,"Avangrid Renewables, LLC",NG,Net generation,1609,megawatthours
2026-09-07T21,AVRN,"Avangrid Renewables, LLC",TI,Total interchange,1609,megawatthours
2026-09-07T21,AZPS,Arizona Public Service Company,D,Demand,6914,megawatthours
2026-09-07T21,AZPS,Arizona Public Service Company,DF,Day-ahead demand forecast,7033,megawatthours
2026-09-07T21,AZPS,Arizona Public Service Company,NG,Net generation,4041,megawatthours
2026-09-07T21,AZPS,Arizona Public Service Company,TI,Total interchange,-2873,megawatthours
2026-09-07T21,BANC,Balancing Authority of Northern California,D,Demand,2135,megawatthours
2026-09-07T21,BANC,Balancing Authority of Northern California,DF,Day-ahead demand forecast,2160,megawatthours
2026-09-07T21,BANC,Balancing Authority of Northern California,NG,Net generation,1445,megawatthours
2026-09-07T21,BANC,Balancing Authority of Northern California,TI,Total interchange,-690,megawatthours
2026-09-07T21,BHBA,Black Hills Energy,D,Demand,1066,megawatthours
2026-09-07T21,BHBA,Black Hills Energy,DF,Day-ahead demand forecast,1010,megawatthours
2026-09-07T21,BHBA,Black Hills Energy,NG,Net generation,924,megawatthours
2026-09-07T21,BHBA,Black Hills Energy,TI,Total interchange,54,megawatthours
2026-09-07T21,BPAT,Bonneville Power Administration,D,Demand,6697,megawatthours
2026-09-07T21,BPAT,Bonneville Power Administration,DF,Day-ahead demand forecast,6792,megawatthours
2026-09-07T21,BPAT,Bonneville Power Administration,NG,Net generation,7298,megawatthours
2026-09-07T21,BPAT,Bonneville Power Administration,TI,Total interchange,601,megawatthours
2026-09-07T21,CAL,California,D,Demand,38933,megawatthours
2026-09-07T21,CAL,California,DF,Day-ahead demand forecast,33294,megawatthours
2026-09-07T21,CAL,California,NG,Net generation,24599,megawatthours
2026-09-07T21,CAL,California,TI,Total interchange,-6245,megawatthours
2026-09-07T21,CAR,Carolinas,D,Demand,33957,megawatthours
2026-09-07T21,CAR,Carolinas,DF,Day-ahead demand forecast,31721,megawatthours
2026-09-07T21,CAR,Carolinas,NG,Net generation,32526,megawatthours
2026-09-07T21,CAR,Carolinas,TI,Total interchange,-1481,megawatthours
2026-09-07T21,CENT,Central,D,Demand,52538,megawatthours
2026-09-07T21,CENT,Central,DF,Day-ahead demand forecast,52260,megawatthours
2026-09-07T21,CENT,Central,NG,Net generation,49998,megawatthours
2026-09-07T21,CHPD,Public Utility District No. 1 of Chelan County,D,Demand,189,megawatthours
2026-09-07T21,CHPD,Public Utility District No. 1 of Chelan County,DF,Day-ahead demand forecast,180,megawatthours
2026-09-07T21,CHPD,Public Utility District No. 1 of Chelan County,NG,Net generation,473,megawatthours
2026-09-07T21,CHPD,Public Utility District No. 1 of Chelan County,TI,Total interchange,284,megawatthours
2026-09-07T21,CISO,California Independent System Operator,D,Demand,32354,megawatthours
2026-09-07T21,CISO,California Independent System Operator,DF,Day-ahead demand forecast,26024,megawatthours
2026-09-07T21,CISO,California Independent System Operator,NG,Net generation,19608,megawatthours
2026-09-07T21,CISO,California Independent System Operator,TI,Total interchange,-4677,megawatthours
2026-09-07T21,CPLE,Duke Energy Progress East,D,Demand,9535,megawatthours
2026-09-07T21,CPLE,Duke Energy Progress East,DF,Day-ahead demand forecast,9254,megawatthours
2026-09-07T21,CPLE,Duke Energy Progress East,NG,Net generation,10091,megawatthours
2026-09-07T21,CPLE,Duke Energy Progress East,TI,Total interchange,556,megawatthours
2026-09-07T21,CPLW,Duke Energy Progress West,D,Demand,600,megawatthours
2026-09-07T21,CPLW,Duke Energy Progress West,DF,Day-ahead demand forecast,569,megawatthours
2026-09-07T21,CPLW,Duke Energy Progress West,NG,Net generation,494,megawatthours
2026-09-07T21,CPLW,Duke Energy Progress West,TI,Total interchange,-106,megawatthours
2026-09-07T21,DEAA,"Arlington Valley, LLC",NG,Net generation,350,megawatthours
2026-09-07T21,DEAA,"Arlington Valley, LLC",TI,Total interchange,350,megawatthours
2026-09-07T21,DOPD,PUD No. 1 of Douglas County,D,Demand,275,megawatthours
2026-09-07T21,DOPD,PUD No. 1 of Douglas County,DF,Day-ahead demand forecast,265,megawatthours
2026-09-07T21,DOPD,PUD No. 1 of Douglas County,NG,Net generation,194,megawatthours
2026-09-07T21,DOPD,PUD No. 1 of Douglas County,TI,Total interchange,-81,megawatthours
2026-09-07T21,DUK,Duke Energy Carolinas,D,Demand,15660,megawatthours
2026-09-07T21,DUK,Duke Energy Carolinas,DF,Day-ahead demand forecast,14368,megawatthours
2026-09-07T21,DUK,Duke Energy Carolinas,NG,Net generation,14725,megawatthours
2026-09-07T21,DUK,Duke Energy Carolinas,TI,Total interchange,-935,megawatthours
2026-09-07T21,EPE,El Paso Electric Company,D,Demand,1923,megawatthours
2026-09-07T21,EPE,El Paso Electric Company,DF,Day-ahead demand forecast,1840,megawatthours
2026-09-07T21,EPE,El Paso Electric Company,NG,Net generation,1457,megawatthours
2026-09-07T21,EPE,El Paso Electric Company,TI,Total interchange,-467,megawatthours
2026-09-07T21,ERCO,"Electric Reliability Council of Texas, Inc.",D,Demand,85927,megawatthours
2026-09-07T21,ERCO,"Electric Reliability Council of Texas, Inc.",DF,Day-ahead demand forecast,86240,megawatthours
2026-09-07T21,ERCO,"Electric Reliability Council of Texas, Inc.",NG,Net generation,85893,megawatthours
2026-09-07T21,ERCO,"Electric Reliability Council of Texas, Inc.",TI,Total interchange,-33,megawatthours
2026-09-07T21,FLA,Florida,D,Demand,43861,megawatthours
2026-09-07T21,FLA,Florida,DF,Day-ahead demand forecast,42557,megawatthours
2026-09-07T21,FLA,Florida,NG,Net generation,43098,megawatthours
2026-09-07T21,FLA,Florida,TI,Total interchange,-757,megawatthours
2026-09-07T21,FMPP,Florida Municipal Power Pool,D,Demand,3013,megawatthours
2026-09-07T21,FMPP,Florida Municipal Power Pool,DF,Day-ahead demand forecast,3150,megawatthours
2026-09-07T21,FMPP,Florida Municipal Power Pool,NG,Net generation,3028,megawatthours
2026-09-07T21,FMPP,Florida Municipal Power Pool,TI,Total interchange,15,megawatthours
2026-09-07T21,FPC,"Duke Energy Florida, Inc.",D,Demand,10063,megawatthours
2026-09-07T21,FPC,"Duke Energy Florida, Inc.",DF,Day-ahead demand forecast,7596,megawatthours
2026-09-07T21,FPC,"Duke Energy Florida, Inc.",NG,Net generation,8554,megawatthours
2026-09-07T21,FPC,"Duke Energy Florida, Inc.",TI,Total interchange,-1509,megawatthours
2026-09-07T21,FPL,Florida Power & Light Co.,D,Demand,23387,megawatthours
2026-09-07T21,FPL,Florida Power & Light Co.,DF,Day-ahead demand forecast,24754,megawatthours
2026-09-07T21,FPL,Florida Power & Light Co.,NG,Net generation,23278,megawatthours
2026-09-07T21,FPL,Florida Power & Light Co.,TI,Total interchange,-109,megawatthours
2026-09-07T21,GCPD,"Public Utility District No. 2 of Grant County, Washington",D,Demand,737,megawatthours
2026-09-07T21,GCPD,"Public Utility District No. 2 of Grant County, Washington",DF,Day-ahead demand forecast,686,megawatthours
2026-09-07T21,GCPD,"Public Utility District No. 2 of Grant County, Washington",NG,Net generation,415,megawatthours
2026-09-07T21,GCPD,"Public Utility District No. 2 of Grant County, Washington",TI,Total interchange,-324,megawatthours
2026-09-07T21,GRID,"Gridforce Energy Management, LLC",NG,Net generation,2069,megawatthours
2026-09-07T21,GRID,"Gridforce Energy Management, LLC",TI,Total interchange,2069,megawatthours
2026-09-07T21,GVL,Gainesville Regional Utilities,D,Demand,345,megawatthours
2026-09-07T21,GVL,Gainesville Regional Utilities,DF,Day-ahead demand forecast,330,megawatthours
2026-09-07T21,GVL,Gainesville Regional Utilities,NG,Net generation,276,megawatthours
2026-09-07T21,GVL,Gainesville Regional Utilities,TI,Total interchange,-61,megawatthours
2026-09-07T21,GWA,"NaturEner Power Watch, LLC",NG,Net generation,241,megawatthours
2026-09-07T21,GWA,"NaturEner Power Watch, LLC",TI,Total interchange,241,megawatthours
2026-09-07T21,HST,City of Homestead,D,Demand,110,megawatthours
2026-09-07T21,HST,City of Homestead,DF,Day-ahead demand forecast,116,megawatthours
2026-09-07T21,HST,City of Homestead,NG,Net generation,0,megawatthours
2026-09-07T21,HST,City of Homestead,TI,Total interchange,-110,megawatthours
2026-09-07T21,IID,Imperial Irrigation District,D,Demand,677,megawatthours
2026-09-07T21,IID,Imperial Irrigation District,DF,Day-ahead demand forecast,702,megawatthours
2026-09-07T21,IID,Imperial Irrigation District,NG,Net generation,824,megawatthours
2026-09-07T21,IID,Imperial Irrigation District,TI,Total interchange,163,megawatthours
2026-09-07T21,IPCO,Idaho Power Company,D,Demand,2069,megawatthours
2026-09-07T21,IPCO,Idaho Power Company,DF,Day-ahead demand forecast,2600,megawatthours
2026-09-07T21,IPCO,Idaho Power Company,NG,Net generation,1779,megawatthours
2026-09-07T21,IPCO,Idaho Power Company,TI,Total interchange,-290,megawatthours
2026-09-07T21,ISNE,ISO New England,D,Demand,12338,megawatthours
2026-09-07T21,ISNE,ISO New England,DF,Day-ahead demand forecast,11880,megawatthours
2026-09-07T21,ISNE,ISO New England,NG,Net generation,11900,megawatthours
2026-09-07T21,JEA,JEA,D,Demand,2364,megawatthours
2026-09-07T21,JEA,JEA,DF,Day-ahead demand forecast,2117,megawatthours
2026-09-07T21,JEA,JEA,NG,Net generation,1701,megawatthours
2026-09-07T21,JEA,JEA,TI,Total interchange,-665,megawatthours
2026-09-07T21,LDWP,Los Angeles Department of Water and Power,D,Demand,3398,megawatthours
2026-09-07T21,LDWP,Los Angeles Department of Water and Power,DF,Day-ahead demand forecast,4018,megawatthours
2026-09-07T21,LDWP,Los Angeles Department of Water and Power,NG,Net generation,2503,megawatthours
2026-09-07T21,LDWP,Los Angeles Department of Water and Power,TI,Total interchange,-895,megawatthours
2026-09-07T21,LGEE,LG&E and KU Services Company as agent for Louisville Gas and Electric Company and Kentucky Utilities Company,D,Demand,5731,megawatthours
2026-09-07T21,LGEE,LG&E and KU Services Company as agent for Louisville Gas and Electric Company and Kentucky Utilities Company,DF,Day-ahead demand forecast,5248,megawatthours
2026-09-07T21,LGEE,LG&E and KU Services Company as agent for Louisville Gas and Electric Company and Kentucky Utilities Company,NG,Net generation,4993,megawatthours
2026-09-07T21,LGEE,LG&E and KU Services Company as agent for Louisville Gas and Electric Company and Kentucky Utilities Company,TI,Total interchange,-738,megawatthours
2026-09-07T21,MIDA,Mid-Atlantic,D,Demand,113557,megawatthours
2026-09-07T21,MIDA,Mid-Atlantic,DF,Day-ahead demand forecast,110826,megawatthours
2026-09-07T21,MIDA,Mid-Atlantic,NG,Net generation,119339,megawatthours
2026-09-07T21,MIDA,Mid-Atlantic,TI,Total interchange,1432,megawatthours
2026-09-07T21,MIDW,Midwest,D,Demand,107155,megawatthours
2026-09-07T21,MIDW,Midwest,DF,Day-ahead demand forecast,107787,megawatthours
2026-09-07T21,MIDW,Midwest,NG,Net generation,106180,megawatthours
2026-09-07T21,MIDW,Midwest,TI,Total interchange,-3214,megawatthours
2026-09-07T21,MISO,"Midcontinent Independent System Operator, Inc.",D,Demand,97118,megawatthours
2026-09-07T21,MISO,"Midcontinent Independent System Operator, Inc.",DF,Day-ahead demand forecast,98351,megawatthours
2026-09-07T21,MISO,"Midcontinent Independent System Operator, Inc.",NG,Net generation,98346,megawatthours
2026-09-07T21,MISO,"Midcontinent Independent System Operator, Inc.",TI,Total interchange,-1011,megawatthours
2026-09-07T21,NE,New England,D,Demand,12338,megawatthours
2026-09-07T21,NE,New England,DF,Day-ahead demand forecast,11880,megawatthours
2026-09-07T21,NE,New England,NG,Net generation,11900,megawatthours
2026-09-07T21,NEVP,Nevada Power Company,D,Demand,5756,megawatthours
2026-09-07T21,NEVP,Nevada Power Company,DF,Day-ahead demand forecast,5217,megawatthours
2026-09-07T21,NEVP,Nevada Power Company,NG,Net generation,6065,megawatthours
2026-09-07T21,NEVP,Nevada Power Company,TI,Total interchange,119,megawatthours
2026-09-07T21,NW,Northwest,D,Demand,46495,megawatthours
2026-09-07T21,NW,Northwest,DF,Day-ahead demand forecast,43857,megawatthours
2026-09-07T21,NW,Northwest,NG,Net generation,49445,megawatthours
2026-09-07T21,NW,Northwest,TI,Total interchange,2954,megawatthours
2026-09-07T21,NWMT,NorthWestern Corporation,D,Demand,1326,megawatthours
2026-09-07T21,NWMT,NorthWestern Corporation,DF,Day-ahead demand forecast,1340,megawatthours
2026-09-07T21,NWMT,NorthWestern Corporation,NG,Net generation,2707,megawatthours
2026-09-07T21,NWMT,NorthWestern Corporation,TI,Total interchange,1381,megawatthours
2026-09-07T21,NY,New York,D,Demand,17622,megawatthours
2026-09-07T21,NY,New York,DF,Day-ahead demand forecast,16484,megawatthours
2026-09-07T21,NY,New York,NG,Net generation,15486,megawatthours
2026-09-07T21,NY,New York,TI,Total interchange,-2136,megawatthours
2026-09-07T21,NYIS,New York Independent System Operator,D,Demand,17622,megawatthours
2026-09-07T21,NYIS,New York Independent System Operator,DF,Day-ahead demand forecast,16484,megawatthours
2026-09-07T21,NYIS,New York Independent System Operator,NG,Net generation,15486,megawatthours
2026-09-07T21,NYIS,New York Independent System Operator,TI,Total interchange,-2136,megawatthours
2026-09-07T21,PACE,PacifiCorp East,D,Demand,6961,megawatthours
2026-09-07T21,PACE,PacifiCorp East,DF,Day-ahead demand forecast,6842,megawatthours
2026-09-07T21,PACE,PacifiCorp East,NG,Net generation,10298,megawatthours
2026-09-07T21,PACE,PacifiCorp East,TI,Total interchange,3337,megawatthours
2026-09-07T21,PACW,PacifiCorp West,D,Demand,2043,megawatthours
2026-09-07T21,PACW,PacifiCorp West,DF,Day-ahead demand forecast,2184,megawatthours
2026-09-07T21,PACW,PacifiCorp West,NG,Net generation,1517,megawatthours
2026-09-07T21,PACW,PacifiCorp West,TI,Total interchange,-526,megawatthours
2026-09-07T21,PGE,Portland General Electric Company,D,Demand,2396,megawatthours
2026-09-07T21,PGE,Portland General Electric Company,DF,Day-ahead demand forecast,2463,megawatthours
2026-09-07T21,PGE,Portland General Electric Company,NG,Net generation,839,megawatthours
2026-09-07T21,PGE,Portland General Electric Company,TI,Total interchange,-1557,megawatthours
2026-09-07T21,PJM,"PJM Interconnection, LLC",D,Demand,113557,megawatthours
2026-09-07T21,PJM,"PJM Interconnection, LLC",DF,Day-ahead demand forecast,110826,megawatthours
2026-09-07T21,PJM,"PJM Interconnection, LLC",NG,Net generation,119339,megawatthours
2026-09-07T21,PJM,"PJM Interconnection, LLC",TI,Total interchange,1432,megawatthours
2026-09-07T21,PNM,Public Service Company of New Mexico,D,Demand,2356,megawatthours
2026-09-07T21,PNM,Public Service Company of New Mexico,DF,Day-ahead demand forecast,2226,megawatthours
2026-09-07T21,PNM,Public Service Company of New Mexico,NG,Net generation,2060,megawatthours
2026-09-07T21,PNM,Public Service Company of New Mexico,TI,Total interchange,-239,megawatthours
2026-09-07T21,PSCO,Public Service Company of Colorado,D,Demand,7729,megawatthours
2026-09-07T21,PSCO,Public Service Company of Colorado,DF,Day-ahead demand forecast,5674,megawatthours
2026-09-07T21,PSCO,Public Service Company of Colorado,NG,Net generation,8213,megawatthours
2026-09-07T21,PSCO,Public Service Company of Colorado,TI,Total interchange,484,megawatthours
2026-09-07T21,PSEI,"Puget Sound Energy, Inc.",D,Demand,2528,megawatthours
2026-09-07T21,PSEI,"Puget Sound Energy, Inc.",DF,Day-ahead demand forecast,2056,megawatthours
2026-09-07T21,PSEI,"Puget Sound Energy, Inc.",NG,Net generation,545,megawatthours
2026-09-07T21,PSEI,"Puget Sound Energy, Inc.",TI,Total interchange,-1983,megawatthours
2026-09-07T21,SC,South Carolina Public Service Authority,D,Demand,4294,megawatthours
2026-09-07T21,SC,South Carolina Public Service Authority,DF,Day-ahead demand forecast,4139,megawatthours
2026-09-07T21,SC,South Carolina Public Service Authority,NG,Net generation,3375,megawatthours
2026-09-07T21,SC,South Carolina Public Service Authority,TI,Total interchange,-969,megawatthours
2026-09-07T21,SCEG,"Dominion Energy South Carolina, Inc.",D,Demand,3868,megawatthours
2026-09-07T21,SCEG,"Dominion Energy South Carolina, Inc.",DF,Day-ahead demand forecast,3391,megawatthours
2026-09-07T21,SCEG,"Dominion Energy South Carolina, Inc.",NG,Net generation,3840,megawatthours
2026-09-07T21,SCEG,"Dominion Energy South Carolina, Inc.",TI,Total interchange,-28,megawatthours
2026-09-07T21,SCL,Seattle City Light,D,Demand,975,megawatthours
2026-09-07T21,SCL,Seattle City Light,DF,Day-ahead demand forecast,978,megawatthours
2026-09-07T21,SCL,Seattle City Light,NG,Net generation,215,megawatthours
2026-09-07T21,SCL,Seattle City Light,TI,Total interchange,-760,megawatthours
2026-09-07T21,SE,Southeast,D,Demand,35137,megawatthours
2026-09-07T21,SE,Southeast,DF,Day-ahead demand forecast,39729,megawatthours
2026-09-07T21,SE,Southeast,NG,Net generation,37072,megawatthours
2026-09-07T21,SE,Southeast,TI,Total interchange,1940,megawatthours
2026-09-07T21,SEC,Seminole Electric Cooperative,D,Demand,306,megawatthours
2026-09-07T21,SEC,Seminole Electric Cooperative,DF,Day-ahead demand forecast,319,megawatthours
2026-09-07T21,SEC,Seminole Electric Cooperative,NG,Net generation,2214,megawatthours
2026-09-07T21,SEC,Seminole Electric Cooperative,TI,Total interchange,1907,megawatthours
2026-09-07T21,SEPA,Southeastern Power Administration,NG,Net generation,119,megawatthours
2026-09-07T21,SEPA,Southeastern Power Administration,TI,Total interchange,124,megawatthours
2026-09-07T21,SIKE,Sikeston Board of Municipal Utilities,NG,Net generation,32,megawatthours
2026-09-07T21,SIKE,Sikeston Board of Municipal Utilities,TI,Total interchange,32,megawatthours
2026-09-07T21,SOCO,"Southern Company Services, Inc. - Trans",D,Demand,35137,megawatthours
2026-09-07T21,SOCO,"Southern Company Services, Inc. - Trans",DF,Day-ahead demand forecast,39729,megawatthours
2026-09-07T21,SOCO,"Southern Company Services, Inc. - Trans",NG,Net generation,36953,megawatthours
2026-09-07T21,SOCO,"Southern Company Services, Inc. - Trans",TI,Total interchange,1816,megawatthours
2026-09-07T21,SPA,Southwestern Power Administration,D,Demand,24,megawatthours
2026-09-07T21,SRP,Salt River Project Agricultural Improvement and Power District,D,Demand,6783,megawatthours
2026-09-07T21,SRP,Salt River Project Agricultural Improvement and Power District,DF,Day-ahead demand forecast,6995,megawatthours
2026-09-07T21,SRP,Salt River Project Agricultural Improvement and Power District,NG,Net generation,9090,megawatthours
2026-09-07T21,SRP,Salt River Project Agricultural Improvement and Power District,TI,Total interchange,2507,megawatthours
2026-09-07T21,SW,Southwest,D,Demand,21294,megawatthours
2026-09-07T21,SW,Southwest,DF,Day-ahead demand forecast,21489,megawatthours
2026-09-07T21,SW,Southwest,NG,Net generation,20443,megawatthours
2026-09-07T21,SW,Southwest,TI,Total interchange,-595,megawatthours
2026-09-07T21,SWPP,Southwest Power Pool,D,Demand,52514,megawatthours
2026-09-07T21,SWPP,Southwest Power Pool,DF,Day-ahead demand forecast,52260,megawatthours
2026-09-07T21,SWPP,Southwest Power Pool,NG,Net generation,49998,megawatthours
2026-09-07T21,SWPW,Southwest Power Pool West Balancing Authority Area,D,Demand,4007,megawatthours
2026-09-07T21,SWPW,Southwest Power Pool West Balancing Authority Area,DF,Day-ahead demand forecast,3874,megawatthours
2026-09-07T21,SWPW,Southwest Power Pool West Balancing Authority Area,NG,Net generation,3166,megawatthours
2026-09-07T21,SWPW,Southwest Power Pool West Balancing Authority Area,TI,Total interchange,-841,megawatthours
2026-09-07T21,TAL,City of Tallahassee,D,Demand,541,megawatthours
2026-09-07T21,TAL,City of Tallahassee,DF,Day-ahead demand forecast,534,megawatthours
2026-09-07T21,TAL,City of Tallahassee,NG,Net generation,541,megawatthours
2026-09-07T21,TAL,City of Tallahassee,TI,Total interchange,0,megawatthours
2026-09-07T21,TEC,Tampa Electric Company,D,Demand,3732,megawatthours
2026-09-07T21,TEC,Tampa Electric Company,DF,Day-ahead demand forecast,3641,megawatthours
2026-09-07T21,TEC,Tampa Electric Company,NG,Net generation,3506,megawatthours
2026-09-07T21,TEC,Tampa Electric Company,TI,Total interchange,-225,megawatthours
2026-09-07T21,TEN,Tennessee,D,Demand,28093,megawatthours
2026-09-07T21,TEN,Tennessee,DF,Day-ahead demand forecast,28821,megawatthours
2026-09-07T21,TEN,Tennessee,NG,Net generation,26210,megawatthours
2026-09-07T21,TEN,Tennessee,TI,Total interchange,-1579,megawatthours
2026-09-07T21,TEPC,Tucson Electric Power,D,Demand,2340,megawatthours
2026-09-07T21,TEPC,Tucson Electric Power,DF,Day-ahead demand forecast,2344,megawatthours
2026-09-07T21,TEPC,Tucson Electric Power,NG,Net generation,2184,megawatthours
2026-09-07T21,TEPC,Tucson Electric Power,TI,Total interchange,-156,megawatthours
2026-09-07T21,TEX,Texas,D,Demand,85927,megawatthours
2026-09-07T21,TEX,Texas,DF,Day-ahead demand forecast,86240,megawatthours
2026-09-07T21,TEX,Texas,NG,Net generation,85893,megawatthours
2026-09-07T21,TEX,Texas,TI,Total interchange,-33,megawatthours
2026-09-07T21,TIDC,Turlock Irrigation District,D,Demand,369,megawatthours
2026-09-07T21,TIDC,Turlock Irrigation District,DF,Day-ahead demand forecast,390,megawatthours
2026-09-07T21,TIDC,Turlock Irrigation District,NG,Net generation,219,megawatthours
2026-09-07T21,TIDC,Turlock Irrigation District,TI,Total interchange,-146,megawatthours
2026-09-07T21,TPWR,"City of Tacoma, Department of Public Utilities, Light Division",D,Demand,448,megawatthours
2026-09-07T21,TPWR,"City of Tacoma, Department of Public Utilities, Light Division",DF,Day-ahead demand forecast,453,megawatthours
2026-09-07T21,TPWR,"City of Tacoma, Department of Public Utilities, Light Division",NG,Net generation,101,megawatthours
2026-09-07T21,TPWR,"City of Tacoma, Department of Public Utilities, Light Division",TI,Total interchange,-347,megawatthours
2026-09-07T21,TVA,Tennessee Valley Authority,D,Demand,28093,megawatthours
2026-09-07T21,TVA,Tennessee Valley Authority,DF,Day-ahead demand forecast,28821,megawatthours
2026-09-07T21,TVA,Tennessee Valley Authority,NG,Net generation,26210,megawatthours
2026-09-07T21,TVA,Tennessee Valley Authority,TI,Total interchange,-1579,megawatthours
2026-09-07T21,US48,United States Lower 48,D,Demand,636907,megawatthours
2026-09-07T21,US48,United States Lower 48,DF,Day-ahead demand forecast,626945,megawatthours
2026-09-07T21,US48,United States Lower 48,NG,Net generation,622189,megawatthours
2026-09-07T21,US48,United States Lower 48,TI,Total interchange,-9714,megawatthours
2026-09-07T21,WALC,Western Area Power Administration - Desert Southwest Region,D,Demand,978,megawatthours
2026-09-07T21,WALC,Western Area Power Administration - Desert Southwest Region,DF,Day-ahead demand forecast,1051,megawatthours
2026-09-07T21,WALC,Western Area Power Administration - Desert Southwest Region,NG,Net generation,1261,megawatthours
2026-09-07T21,WALC,Western Area Power Administration - Desert Southwest Region,TI,Total interchange,283,megawatthours
2026-09-07T21,YAD,"Alcoa Power Generating, Inc. - Yadkin Division",NG,Net generation,1,megawatthours
2026-09-07T21,YAD,"Alcoa Power Generating, Inc. - Yadkin Division",TI,Total interchange,1,megawatthours
2026-09-07T20,AECI,"Associated Electric Cooperative, Inc.",D,Demand,4177,megawatthours
2026-09-07T20,AECI,"Associated Electric Cooperative, Inc.",DF,Day-ahead demand forecast,4039,megawatthours
2026-09-07T20,AECI,"Associated Electric Cooperative, Inc.",NG,Net generation,2745,megawatthours
2026-09-07T20,AECI,"Associated Electric Cooperative, Inc.",TI,Total interchange,-1432,megawatthours
2026-09-07T20,AVA,Avista Corporation,D,Demand,1303,megawatthours
2026-09-07T20,AVA,Avista Corporation,DF,Day-ahead demand forecast,1238,megawatthours
2026-09-07T20,AVA,Avista Corporation,NG,Net generation,736,megawatthours
2026-09-07T20,AVA,Avista Corporation,TI,Total interchange,-567,megawatthours
2026-09-07T20,AVRN,"Avangrid Renewables, LLC",NG,Net generation,1785,megawatthours
2026-09-07T20,AVRN,"Avangrid Renewables, LLC",TI,Total interchange,1785,megawatthours
2026-09-07T20,AZPS,Arizona Public Service Company,D,Demand,6480,megawatthours
2026-09-07T20,AZPS,Arizona Public Service Company,DF,Day-ahead demand forecast,6710,megawatthours
2026-09-07T20,AZPS,Arizona Public Service Company,NG,Net generation,3409,megawatthours
2026-09-07T20,AZPS,Arizona Public Service Company,TI,Total interchange,-3071,megawatthours
2026-09-07T20,BANC,Balancing Authority of Northern California,D,Demand,1972,megawatthours
2026-09-07T20,BANC,Balancing Authority of Northern California,DF,Day-ahead demand forecast,2009,megawatthours
2026-09-07T20,BANC,Balancing Authority of Northern California,NG,Net generation,1555,megawatthours
2026-09-07T20,BANC,Balancing Authority of Northern California,TI,Total interchange,-417,megawatthours
2026-09-07T20,BHBA,Black Hills Energy,D,Demand,1041,megawatthours
2026-09-07T20,BHBA,Black Hills Energy,DF,Day-ahead demand forecast,995,megawatthours
2026-09-07T20,BHBA,Black Hills Energy,NG,Net generation,905,megawatthours
2026-09-07T20,BHBA,Black Hills Energy,TI,Total interchange,-62,megawatthours
2026-09-07T20,BPAT,Bonneville Power Administration,D,Demand,6676,megawatthours
2026-09-07T20,BPAT,Bonneville Power Administration,DF,Day-ahead demand forecast,6767,megawatthours
2026-09-07T20,BPAT,Bonneville Power Administration,NG,Net generation,7595,megawatthours
2026-09-07T20,BPAT,Bonneville Power Administration,TI,Total interchange,919,megawatthours
2026-09-07T20,CAL,California,D,Demand,38938,megawatthours
2026-09-07T20,CAL,California,DF,Day-ahead demand forecast,31360,megawatthours
2026-09-07T20,CAL,California,NG,Net generation,22328,megawatthours
2026-09-07T20,CAL,California,TI,Total interchange,-6222,megawatthours
2026-09-07T20,CAR,Carolinas,D,Demand,33272,megawatthours
2026-09-07T20,CAR,Carolinas,DF,Day-ahead demand forecast,30978,megawatthours
2026-09-07T20,CAR,Carolinas,NG,Net generation,31779,megawatthours
2026-09-07T20,CAR,Carolinas,TI,Total interchange,-1546,megawatthours
2026-09-07T20,CENT,Central,D,Demand,51411,megawatthours
2026-09-07T20,CENT,Central,DF,Day-ahead demand forecast,51057,megawatthours
2026-09-07T20,CENT,Central,NG,Net generation,49584,megawatthours
2026-09-07T20,CHPD,Public Utility District No. 1 of Chelan County,D,Demand,186,megawatthours
2026-09-07T20,CHPD,Public Utility District No. 1 of Chelan County,DF,Day-ahead demand forecast,180,megawatthours
2026-09-07T20,CHPD,Public Utility District No. 1 of Chelan County,NG,Net generation,517,megawatthours
2026-09-07T20,CHPD,Public Utility District No. 1 of Chelan County,TI,Total interchange,331,megawatthours
2026-09-07T20,CISO,California Independent System Operator,D,Demand,32954,megawatthours
2026-09-07T20,CISO,California Independent System Operator,DF,Day-ahead demand forecast,24557,megawatthours
2026-09-07T20,CISO,California Independent System Operator,NG,Net generation,17326,megawatthours
2026-09-07T20,CISO,California Independent System Operator,TI,Total interchange,-5243,megawatthours
2026-09-07T20,CPLE,Duke Energy Progress East,D,Demand,9332,megawatthours
2026-09-07T20,CPLE,Duke Energy Progress East,DF,Day-ahead demand forecast,9044,megawatthours
2026-09-07T20,CPLE,Duke Energy Progress East,NG,Net generation,10244,megawatthours
2026-09-07T20,CPLE,Duke Energy Progress East,TI,Total interchange,912,megawatthours
2026-09-07T20,CPLW,Duke Energy Progress West,D,Demand,577,megawatthours
2026-09-07T20,CPLW,Duke Energy Progress West,DF,Day-ahead demand forecast,542,megawatthours
2026-09-07T20,CPLW,Duke Energy Progress West,NG,Net generation,498,megawatthours
2026-09-07T20,CPLW,Duke Energy Progress West,TI,Total interchange,-79,megawatthours
2026-09-07T20,DEAA,"Arlington Valley, LLC",NG,Net generation,361,megawatthours
2026-09-07T20,DEAA,"Arlington Valley, LLC",TI,Total interchange,361,megawatthours
2026-09-07T20,DOPD,PUD No. 1 of Douglas County,D,Demand,272,megawatthours
2026-09-07T20,DOPD,PUD No. 1 of Douglas County,DF,Day-ahead demand forecast,261,megawatthours
2026-09-07T20,DOPD,PUD No. 1 of Douglas County,NG,Net generation,175,megawatthours
2026-09-07T20,DOPD,PUD No. 1 of Douglas County,TI,Total interchange,-97,megawatthours
2026-09-07T20,DUK,Duke Energy Carolinas,D,Demand,15300,megawatthours
2026-09-07T20,DUK,Duke Energy Carolinas,DF,Day-ahead demand forecast,13929,megawatthours
2026-09-07T20,DUK,Duke Energy Carolinas,NG,Net generation,14015,megawatthours
2026-09-07T20,DUK,Duke Energy Carolinas,TI,Total interchange,-1285,megawatthours
2026-09-07T20,EPE,El Paso Electric Company,D,Demand,1833,megawatthours
2026-09-07T20,EPE,El Paso Electric Company,DF,Day-ahead demand forecast,1758,megawatthours
2026-09-07T20,EPE,El Paso Electric Company,NG,Net generation,1332,megawatthours
2026-09-07T20,EPE,El Paso Electric Company,TI,Total interchange,-502,megawatthours
2026-09-07T20,ERCO,"Electric Reliability Council of Texas, Inc.",D,Demand,85416,megawatthours
2026-09-07T20,ERCO,"Electric Reliability Council of Texas, Inc.",DF,Day-ahead demand forecast,85182,megawatthours
2026-09-07T20,ERCO,"Electric Reliability Council of Texas, Inc.",NG,Net generation,85413,megawatthours
2026-09-07T20,ERCO,"Electric Reliability Council of Texas, Inc.",TI,Total interchange,-2,megawatthours
2026-09-07T20,FLA,Florida,D,Demand,44504,megawatthours
2026-09-07T20,FLA,Florida,DF,Day-ahead demand forecast,42656,megawatthours
2026-09-07T20,FLA,Florida,NG,Net generation,43830,megawatthours
2026-09-07T20,FLA,Florida,TI,Total interchange,-668,megawatthours
2026-09-07T20,FMPP,Florida Municipal Power Pool,D,Demand,3004,megawatthours
2026-09-07T20,FMPP,Florida Municipal Power Pool,DF,Day-ahead demand forecast,3205,megawatthours
2026-09-07T20,FMPP,Florida Municipal Power Pool,NG,Net generation,3006,megawatthours
2026-09-07T20,FMPP,Florida Municipal Power Pool,TI,Total interchange,2,megawatthours
2026-09-07T20,FPC,"Duke Energy Florida, Inc.",D,Demand,9787,megawatthours
2026-09-07T20,FPC,"Duke Energy Florida, Inc.",DF,Day-ahead demand forecast,7545,megawatthours
2026-09-07T20,FPC,"Duke Energy Florida, Inc.",NG,Net generation,8339,megawatthours
2026-09-07T20,FPC,"Duke Energy Florida, Inc.",TI,Total interchange,-1448,megawatthours
2026-09-07T20,FPL,Florida Power & Light Co.,D,Demand,24476,megawatthours
2026-09-07T20,FPL,Florida Power & Light Co.,DF,Day-ahead demand forecast,24853,megawatthours
2026-09-07T20,FPL,Florida Power & Light Co.,NG,Net generation,24387,megawatthours
2026-09-07T20,FPL,Florida Power & Light Co.,TI,Total interchange,-89,megawatthours
2026-09-07T20,GCPD,"Public Utility District No. 2 of Grant County, Washington",D,Demand,729,megawatthours
2026-09-07T20,GCPD,"Public Utility District No. 2 of Grant County, Washington",DF,Day-ahead demand forecast,682,megawatthours
2026-09-07T20,GCPD,"Public Utility District No. 2 of Grant County, Washington",NG,Net generation,375,megawatthours
2026-09-07T20,GCPD,"Public Utility District No. 2 of Grant County, Washington",TI,Total interchange,-357,megawatthours
2026-09-07T20,GRID,"Gridforce Energy Management, LLC",NG,Net generation,2065,megawatthours
2026-09-07T20,GRID,"Gridforce Energy Management, LLC",TI,Total interchange,2065,megawatthours
2026-09-07T20,GVL,Gainesville Regional Utilities,D,Demand,371,megawatthours
2026-09-07T20,GVL,Gainesville Regional Utilities,DF,Day-ahead demand forecast,331,megawatthours
2026-09-07T20,GVL,Gainesville Regional Utilities,NG,Net generation,296,megawatthours
2026-09-07T20,GVL,Gainesville Regional Utilities,TI,Total interchange,-67,megawatthours
2026-09-07T20,GWA,"NaturEner Power Watch, LLC",NG,Net generation,251,megawatthours
2026-09-07T20,GWA,"NaturEner Power Watch, LLC",TI,Total interchange,251,megawatthours
2026-09-07T20,HST,City of Homestead,D,Demand,107,megawatthours
2026-09-07T20,HST,City of Homestead,DF,Day-ahead demand forecast,116,megawatthours
2026-09-07T20,HST,City of Homestead,NG,Net generation,0,megawatthours
2026-09-07T20,HST,City of Homestead,TI,Total interchange,-107,megawatthours
2026-09-07T20,IID,Imperial Irrigation District,D,Demand,622,megawatthours
2026-09-07T20,IID,Imperial Irrigation District,DF,Day-ahead demand forecast,645,megawatthours
2026-09-07T20,IID,Imperial Irrigation District,NG,Net generation,840,megawatthours
2026-09-07T20,IID,Imperial Irrigation District,TI,Total interchange,219,megawatthours
2026-09-07T20,IPCO,Idaho Power Company,D,Demand,2042,megawatthours
2026-09-07T20,IPCO,Idaho Power Company,DF,Day-ahead demand forecast,2487,megawatthours
2026-09-07T20,IPCO,Idaho Power Company,NG,Net generation,1844,megawatthours
2026-09-07T20,IPCO,Idaho Power Company,TI,Total interchange,-198,megawatthours
2026-09-07T20,ISNE,ISO New England,D,Demand,11176,megawatthours
2026-09-07T20,ISNE,ISO New England,DF,Day-ahead demand forecast,10220,megawatthours
2026-09-07T20,ISNE,ISO New England,NG,Net generation,11710,megawatthours
2026-09-07T20,JEA,JEA,D,Demand,2362,megawatthours
2026-09-07T20,JEA,JEA,DF,Day-ahead demand forecast,2124,megawatthours
2026-09-07T20,JEA,JEA,NG,Net generation,1722,megawatthours
2026-09-07T20,JEA,JEA,TI,Total interchange,-642,megawatthours
2026-09-07T20,LDWP,Los Angeles Department of Water and Power,D,Demand,3051,megawatthours
2026-09-07T20,LDWP,Los Angeles Department of Water and Power,DF,Day-ahead demand forecast,3788,megawatthours
2026-09-07T20,LDWP,Los Angeles Department of Water and Power,NG,Net generation,2378,megawatthours
2026-09-07T20,LDWP,Los Angeles Department of Water and Power,TI,Total interchange,-673,megawatthours
2026-09-07T20,LGEE,LG&E and KU Services Company as agent for Louisville Gas and Electric Company and Kentucky Utilities Company,D,Demand,5540,megawatthours
2026-09-07T20,LGEE,LG&E and KU Services Company as agent for Louisville Gas and Electric Company and Kentucky Utilities Company,DF,Day-ahead demand forecast,5108,megawatthours
2026-09-07T20,LGEE,LG&E and KU Services Company as agent for Louisville Gas and Electric Company and Kentucky Utilities Company,NG,Net generation,4769,megawatthours
2026-09-07T20,LGEE,LG&E and KU Services Company as agent for Louisville Gas and Electric Company and Kentucky Utilities Company,TI,Total interchange,-771,megawatthours
2026-09-07T20,MIDA,Mid-Atlantic,D,Demand,109222,megawatthours
2026-09-07T20,MIDA,Mid-Atlantic,DF,Day-ahead demand forecast,108879,megawatthours
2026-09-07T20,MIDA,Mid-Atlantic,NG,Net generation,115177,megawatthours
2026-09-07T20,MIDA,Mid-Atlantic,TI,Total interchange,1122,megawatthours
2026-09-07T20,MIDW,Midwest,D,Demand,104830,megawatthours
2026-09-07T20,MIDW,Midwest,DF,Day-ahead demand forecast,105295,megawatthours
2026-09-07T20,MIDW,Midwest,NG,Net generation,104247,megawatthours
2026-09-07T20,MIDW,Midwest,TI,Total interchange,-2657,megawatthours
2026-09-07T20,MISO,"Midcontinent Independent System Operator, Inc.",D,Demand,95113,megawatthours
2026-09-07T20,MISO,"Midcontinent Independent System Operator, Inc.",DF,Day-ahead demand forecast,96148,megawatthours
2026-09-07T20,MISO,"Midcontinent Independent System Operator, Inc.",NG,Net generation,96701,megawatthours
2026-09-07T20,MISO,"Midcontinent Independent System Operator, Inc.",TI,Total interchange,-486,megawatthours
2026-09-07T20,NE,New England,D,Demand,11176,megawatthours
2026-09-07T20,NE,New England,DF,Day-ahead demand forecast,10220,megawatthours
2026-09-07T20,NE,New England,NG,Net generation,11710,megawatthours
2026-09-07T20,NEVP,Nevada Power Company,D,Demand,5811,megawatthours
2026-09-07T20,NEVP,Nevada Power Company,DF,Day-ahead demand forecast,4888,megawatthours
2026-09-07T20,NEVP,Nevada Power Company,NG,Net generation,5943,megawatthours
2026-09-07T20,NEVP,Nevada Power Company,TI,Total interchange,-90,megawatthours
2026-09-07T20,NW,Northwest,D,Demand,45517,megawatthours
2026-09-07T20,NW,Northwest,DF,Day-ahead demand forecast,42580,megawatthours
2026-09-07T20,NW,Northwest,NG,Net generation,48452,megawatthours
2026-09-07T20,NW,Northwest,TI,Total interchange,2785,megawatthours
2026-09-07T20,NWMT,NorthWestern Corporation,D,Demand,1312,megawatthours
2026-09-07T20,NWMT,NorthWestern Corporation,DF,Day-ahead demand forecast,1319,megawatthours
2026-09-07T20,NWMT,NorthWestern Corporation,NG,Net generation,2288,megawatthours
2026-09-07T20,NWMT,NorthWestern Corporation,TI,Total interchange,976,megawatthours
2026-09-07T20,NY,New York,D,Demand,16385,megawatthours
2026-09-07T20,NY,New York,DF,Day-ahead demand forecast,15363,megawatthours
2026-09-07T20,NY,New York,NG,Net generation,14507,megawatthours
2026-09-07T20,NY,New York,TI,Total interchange,-1878,megawatthours
2026-09-07T20,NYIS,New York Independent System Operator,D,Demand,16385,megawatthours
2026-09-07T20,NYIS,New York Independent System Operator,DF,Day-ahead demand forecast,15363,megawatthours
2026-09-07T20,NYIS,New York Independent System Operator,NG,Net generation,14507,megawatthours
2026-09-07T20,NYIS,New York Independent System Operator,TI,Total interchange,-1878,megawatthours
2026-09-07T20,PACE,PacifiCorp East,D,Demand,6704,megawatthours
2026-09-07T20,PACE,PacifiCorp East,DF,Day-ahead demand forecast,6616,megawatthours
2026-09-07T20,PACE,PacifiCorp East,NG,Net generation,10075,megawatthours
2026-09-07T20,PACE,PacifiCorp East,TI,Total interchange,3371,megawatthours
2026-09-07T20,PACW,PacifiCorp West,D,Demand,2042,megawatthours
2026-09-07T20,PACW,PacifiCorp West,DF,Day-ahead demand forecast,2144,megawatthours
2026-09-07T20,PACW,PacifiCorp West,NG,Net generation,1540,megawatthours
2026-09-07T20,PACW,PacifiCorp West,TI,Total interchange,-502,megawatthours
2026-09-07T20,PGE,Portland General Electric Company,D,Demand,2390,megawatthours
2026-09-07T20,PGE,Portland General Electric Company,DF,Day-ahead demand forecast,2465,megawatthours
2026-09-07T20,PGE,Portland General Electric Company,NG,Net generation,875,megawatthours
2026-09-07T20,PGE,Portland General Electric Company,TI,Total interchange,-1515,megawatthours
2026-09-07T20,PJM,"PJM Interconnection, LLC",D,Demand,109222,megawatthours
2026-09-07T20,PJM,"PJM Interconnection, LLC",DF,Day-ahead demand forecast,108879,megawatthours
2026-09-07T20,PJM,"PJM Interconnection, LLC",NG,Net generation,115177,megawatthours
2026-09-07T20,PJM,"PJM Interconnection, LLC",TI,Total interchange,1122,megawatthours
2026-09-07T20,PNM,Public Service Company of New Mexico,D,Demand,2248,megawatthours
2026-09-07T20,PNM,Public Service Company of New Mexico,DF,Day-ahead demand forecast,2110,megawatthours
2026-09-07T20,PNM,Public Service Company of New Mexico,NG,Net generation,1974,megawatthours
2026-09-07T20,PNM,Public Service Company of New Mexico,TI,Total interchange,-157,megawatthours
2026-09-07T20,PSCO,Public Service Company of Colorado,D,Demand,7216,megawatthours
2026-09-07T20,PSCO,Public Service Company of Colorado,DF,Day-ahead demand forecast,5333,megawatthours
2026-09-07T20,PSCO,Public Service Company of Colorado,NG,Net generation,7602,megawatthours
2026-09-07T20,PSCO,Public Service Company of Colorado,TI,Total interchange,386,megawatthours
2026-09-07T20,PSEI,"Puget Sound Energy, Inc.",D,Demand,2534,megawatthours
2026-09-07T20,PSEI,"Puget Sound Energy, Inc.",DF,Day-ahead demand forecast,2011,megawatthours
2026-09-07T20,PSEI,"Puget Sound Energy, Inc.",NG,Net generation,608,megawatthours
2026-09-07T20,PSEI,"Puget Sound Energy, Inc.",TI,Total interchange,-1926,megawatthours
2026-09-07T20,SC,South Carolina Public Service Authority,D,Demand,4302,megawatthours
2026-09-07T20,SC,South Carolina Public Service Authority,DF,Day-ahead demand forecast,4124,megawatthours
2026-09-07T20,SC,South Carolina Public Service Authority,NG,Net generation,3305,megawatthours
2026-09-07T20,SC,South Carolina Public Service Authority,TI,Total interchange,-1048,megawatthours
2026-09-07T20,SCEG,"Dominion Energy South Carolina, Inc.",D,Demand,3761,megawatthours
2026-09-07T20,SCEG,"Dominion Energy South Carolina, Inc.",DF,Day-ahead demand forecast,3339,megawatthours
2026-09-07T20,SCEG,"Dominion Energy South Carolina, Inc.",NG,Net generation,3716,megawatthours
2026-09-07T20,SCEG,"Dominion Energy South Carolina, Inc.",TI,Total interchange,-45,megawatthours
2026-09-07T20,SCL,Seattle City Light,D,Demand,989,megawatthours
2026-09-07T20,SCL,Seattle City Light,DF,Day-ahead demand forecast,973,megawatthours
2026-09-07T20,SCL,Seattle City Light,NG,Net generation,120,megawatthours
2026-09-07T20,SCL,Seattle City Light,TI,Total interchange,-869,megawatthours
2026-09-07T20,SE,Southeast,D,Demand,34793,megawatthours
2026-09-07T20,SE,Southeast,DF,Day-ahead demand forecast,39431,megawatthours
2026-09-07T20,SE,Southeast,NG,Net generation,36509,megawatthours
2026-09-07T20,SE,Southeast,TI,Total interchange,1714,megawatthours
2026-09-07T20,SEC,Seminole Electric Cooperative,D,Demand,305,megawatthours
2026-09-07T20,SEC,Seminole Electric Cooperative,DF,Day-ahead demand forecast,319,megawatthours
2026-09-07T20,SEC,Seminole Electric Cooperative,NG,Net generation,2202,megawatthours
2026-09-07T20,SEC,Seminole Electric Cooperative,TI,Total interchange,1897,megawatthours
2026-09-07T20,SEPA,Southeastern Power Administration,NG,Net generation,285,megawatthours
2026-09-07T20,SEPA,Southeastern Power Administration,TI,Total interchange,283,megawatthours
2026-09-07T20,SIKE,Sikeston Board of Municipal Utilities,NG,Net generation,32,megawatthours
2026-09-07T20,SIKE,Sikeston Board of Municipal Utilities,TI,Total interchange,32,megawatthours
2026-09-07T20,SOCO,"Southern Company Services, Inc. - Trans",D,Demand,34793,megawatthours
2026-09-07T20,SOCO,"Southern Company Services, Inc. - Trans",DF,Day-ahead demand forecast,39431,megawatthours
2026-09-07T20,SOCO,"Southern Company Services, Inc. - Trans",NG,Net generation,36224,megawatthours
2026-09-07T20,SOCO,"Southern Company Services, Inc. - Trans",TI,Total interchange,1431,megawatthours
2026-09-07T20,SPA,Southwestern Power Administration,D,Demand,14,megawatthours
2026-09-07T20,SRP,Salt River Project Agricultural Improvement and Power District,D,Demand,6507,megawatthours
2026-09-07T20,SRP,Salt River Project Agricultural Improvement and Power District,DF,Day-ahead demand forecast,6601,megawatthours
2026-09-07T20,SRP,Salt River Project Agricultural Improvement and Power District,NG,Net generation,8648,megawatthours
2026-09-07T20,SRP,Salt River Project Agricultural Improvement and Power District,TI,Total interchange,2430,megawatthours
2026-09-07T20,SW,Southwest,D,Demand,19966,megawatthours
2026-09-07T20,SW,Southwest,DF,Day-ahead demand forecast,20287,megawatthours
2026-09-07T20,SW,Southwest,NG,Net generation,19056,megawatthours
2026-09-07T20,SW,Southwest,TI,Total interchange,-505,megawatthours
2026-09-07T20,SWPP,Southwest Power Pool,D,Demand,51397,megawatthours
2026-09-07T20,SWPP,Southwest Power Pool,DF,Day-ahead demand forecast,51057,megawatthours
2026-09-07T20,SWPP,Southwest Power Pool,NG,Net generation,49584,megawatthours
2026-09-07T20,SWPW,Southwest Power Pool West Balancing Authority Area,D,Demand,3827,megawatthours
2026-09-07T20,SWPW,Southwest Power Pool West Balancing Authority Area,DF,Day-ahead demand forecast,3770,megawatthours
2026-09-07T20,SWPW,Southwest Power Pool West Balancing Authority Area,NG,Net generation,3052,megawatthours
2026-09-07T20,SWPW,Southwest Power Pool West Balancing Authority Area,TI,Total interchange,-774,megawatthours
2026-09-07T20,TAL,City of Tallahassee,D,Demand,532,megawatthours
2026-09-07T20,TAL,City of Tallahassee,DF,Day-ahead demand forecast,530,megawatthours
2026-09-07T20,TAL,City of Tallahassee,NG,Net generation,532,megawatthours
2026-09-07T20,TAL,City of Tallahassee,TI,Total interchange,0,megawatthours
2026-09-07T20,TEC,Tampa Electric Company,D,Demand,3560,megawatthours
2026-09-07T20,TEC,Tampa Electric Company,DF,Day-ahead demand forecast,3633,megawatthours
2026-09-07T20,TEC,Tampa Electric Company,NG,Net generation,3346,megawatthours
2026-09-07T20,TEC,Tampa Electric Company,TI,Total interchange,-214,megawatthours
2026-09-07T20,TEN,Tennessee,D,Demand,27484,megawatthours
2026-09-07T20,TEN,Tennessee,DF,Day-ahead demand forecast,28276,megawatthours
2026-09-07T20,TEN,Tennessee,NG,Net generation,25639,megawatthours
2026-09-07T20,TEN,Tennessee,TI,Total interchange,-1565,megawatthours
2026-09-07T20,TEPC,Tucson Electric Power,D,Demand,1928,megawatthours
2026-09-07T20,TEPC,Tucson Electric Power,DF,Day-ahead demand forecast,2183,megawatthours
2026-09-07T20,TEPC,Tucson Electric Power,NG,Net generation,1967,megawatthours
2026-09-07T20,TEPC,Tucson Electric Power,TI,Total interchange,39,megawatthours
2026-09-07T20,TEX,Texas,D,Demand,85416,megawatthours
2026-09-07T20,TEX,Texas,DF,Day-ahead demand forecast,85182,megawatthours
2026-09-07T20,TEX,Texas,NG,Net generation,85413,megawatthours
2026-09-07T20,TEX,Texas,TI,Total interchange,-2,megawatthours
2026-09-07T20,TIDC,Turlock Irrigation District,D,Demand,339,megawatthours
2026-09-07T20,TIDC,Turlock Irrigation District,DF,Day-ahead demand forecast,361,megawatthours
2026-09-07T20,TIDC,Turlock Irrigation District,NG,Net generation,229,megawatthours
2026-09-07T20,TIDC,Turlock Irrigation District,TI,Total interchange,-108,megawatthours
2026-09-07T20,TPWR,"City of Tacoma, Department of Public Utilities, Light Division",D,Demand,443,megawatthours
2026-09-07T20,TPWR,"City of Tacoma, Department of Public Utilities, Light Division",DF,Day-ahead demand forecast,451,megawatthours
2026-09-07T20,TPWR,"City of Tacoma, Department of Public Utilities, Light Division",NG,Net generation,101,megawatthours
2026-09-07T20,TPWR,"City of Tacoma, Department of Public Utilities, Light Division",TI,Total interchange,-342,megawatthours
2026-09-07T20,TVA,Tennessee Valley Authority,D,Demand,27484,megawatthours
2026-09-07T20,TVA,Tennessee Valley Authority,DF,Day-ahead demand forecast,28276,megawatthours
2026-09-07T20,TVA,Tennessee Valley Authority,NG,Net generation,25639,megawatthours
2026-09-07T20,TVA,Tennessee Valley Authority,TI,Total interchange,-1565,megawatthours
2026-09-07T20,US48,United States Lower 48,D,Demand,622914,megawatthours
2026-09-07T20,US48,United States Lower 48,DF,Day-ahead demand forecast,611564,megawatthours
2026-09-07T20,US48,United States Lower 48,NG,Net generation,608231,megawatthours
2026-09-07T20,US48,United States Lower 48,TI,Total interchange,-9422,megawatthours
2026-09-07T20,WALC,Western Area Power Administration - Desert Southwest Region,D,Demand,970,megawatthours
2026-09-07T20,WALC,Western Area Power Administration - Desert Southwest Region,DF,Day-ahead demand forecast,925,megawatthours
2026-09-07T20,WALC,Western Area Power Administration - Desert Southwest Region,NG,Net generation,1365,megawatthours
2026-09-07T20,WALC,Western Area Power Administration - Desert Southwest Region,TI,Total interchange,395,megawatthours
2026-09-07T20,YAD,"Alcoa Power Generating, Inc. - Yadkin Division",NG,Net generation,1,megawatthours
2026-09-07T20,YAD,"Alcoa Power Generating, Inc. - Yadkin Division",TI,Total interchange,-1,megawatthours
2026-09-07T19,AECI,"Associated Electric Cooperative, Inc.",D,Demand,4023,megawatthours
2026-09-07T19,AECI,"Associated Electric Cooperative, Inc.",DF,Day-ahead demand forecast,3826,megawatthours
2026-09-07T19,AECI,"Associated Electric Cooperative, Inc.",NG,Net generation,2680,megawatthours
2026-09-07T19,AECI,"Associated Electric Cooperative, Inc.",TI,Total interchange,-1343,megawatthours
2026-09-07T19,AVA,Avista Corporation,D,Demand,1300,megawatthours
2026-09-07T19,AVA,Avista Corporation,DF,Day-ahead demand forecast,1227,megawatthours
2026-09-07T19,AVA,Avista Corporation,NG,Net generation,688,megawatthours
2026-09-07T19,AVA,Avista Corporation,TI,Total interchange,-612,megawatthours
2026-09-07T19,AVRN,"Avangrid Renewables, LLC",NG,Net generation,1945,megawatthours
2026-09-07T19,AVRN,"Avangrid Renewables, LLC",TI,Total interchange,1945,megawatthours
2026-09-07T19,AZPS,Arizona Public Service Company,D,Demand,6049,megawatthours
2026-09-07T19,AZPS,Arizona Public Service Company,DF,Day-ahead demand forecast,6248,megawatthours
2026-09-07T19,AZPS,Arizona Public Service Company,NG,Net generation,2760,megawatthours
2026-09-07T19,AZPS,Arizona Public Service Company,TI,Total interchange,-3289,megawatthours
2026-09-07T19,BANC,Balancing Authority of Northern California,D,Demand,1863,megawatthours
2026-09-07T19,BANC,Balancing Authority of Northern California,DF,Day-ahead demand forecast,1901,megawatthours
2026-09-07T19,BANC,Balancing Authority of Northern California,NG,Net generation,1398,megawatthours
2026-09-07T19,BANC,Balancing Authority of Northern California,TI,Total interchange,-465,megawatthours
2026-09-07T19,BHBA,Black Hills Energy,D,Demand,1018,megawatthours
2026-09-07T19,BHBA,Black Hills Energy,DF,Day-ahead demand forecast,975,megawatthours
2026-09-07T19,BHBA,Black Hills Energy,NG,Net generation,847,megawatthours
2026-09-07T19,BHBA,Black Hills Energy,TI,Total interchange,-99,megawatthours
2026-09-07T19,BPAT,Bonneville Power Administration,D,Demand,6647,megawatthours
2026-09-07T19,BPAT,Bonneville Power Administration,DF,Day-ahead demand forecast,6734,megawatthours
2026-09-07T19,BPAT,Bonneville Power Administration,NG,Net generation,7611,megawatthours
2026-09-07T19,BPAT,Bonneville Power Administration,TI,Total interchange,964,megawatthours
2026-09-07T19,CAL,California,D,Demand,38426,megawatthours
2026-09-07T19,CAL,California,DF,Day-ahead demand forecast,29751,megawatthours
2026-09-07T19,CAL,California,NG,Net generation,21204,megawatthours
2026-09-07T19,CAL,California,TI,Total interchange,-7164,megawatthours
2026-09-07T19,CAR,Carolinas,D,Demand,32529,megawatthours
2026-09-07T19,CAR,Carolinas,DF,Day-ahead demand forecast,30113,megawatthours
2026-09-07T19,CAR,Carolinas,NG,Net generation,31024,megawatthours
2026-09-07T19,CAR,Carolinas,TI,Total interchange,-1555,megawatthours
2026-09-07T19,CENT,Central,D,Demand,49810,megawatthours
2026-09-07T19,CENT,Central,DF,Day-ahead demand forecast,49454,megawatthours
2026-09-07T19,CENT,Central,NG,Net generation,48448,megawatthours
2026-09-07T19,CHPD,Public Utility District No. 1 of Chelan County,D,Demand,186,megawatthours
2026-09-07T19,CHPD,Public Utility District No. 1 of Chelan County,DF,Day-ahead demand forecast,181,megawatthours
2026-09-07T19,CHPD,Public Utility District No. 1 of Chelan County,NG,Net generation,471,megawatthours
2026-09-07T19,CHPD,Public Utility District No. 1 of Chelan County,TI,Total interchange,285,megawatthours
2026-09-07T19,CISO,California Independent System Operator,D,Demand,32472,megawatthours
2026-09-07T19,CISO,California Independent System Operator,DF,Day-ahead demand forecast,23417,megawatthours
2026-09-07T19,CISO,California Independent System Operator,NG,Net generation,16353,megawatthours
2026-09-07T19,CISO,California Independent System Operator,TI,Total interchange,-6081,megawatthours
2026-09-07T19,CPLE,Duke Energy Progress East,D,Demand,9119,megawatthours
2026-09-07T19,CPLE,Duke Energy Progress East,DF,Day-ahead demand forecast,8752,megawatthours
2026-09-07T19,CPLE,Duke Energy Progress East,NG,Net generation,9917,megawatthours
2026-09-07T19,CPLE,Duke Energy Progress East,TI,Total interchange,798,megawatthours
2026-09-07T19,CPLW,Duke Energy Progress West,D,Demand,567,megawatthours
2026-09-07T19,CPLW,Duke Energy Progress West,DF,Day-ahead demand forecast,526,megawatthours
2026-09-07T19,CPLW,Duke Energy Progress West,NG,Net generation,494,megawatthours
2026-09-07T19,CPLW,Duke Energy Progress West,TI,Total interchange,-73,megawatthours
2026-09-07T19,DEAA,"Arlington Valley, LLC",NG,Net generation,336,megawatthours
2026-09-07T19,DEAA,"Arlington Valley, LLC",TI,Total interchange,336,megawatthours
2026-09-07T19,DOPD,PUD No. 1 of Douglas County,D,Demand,270,megawatthours
2026-09-07T19,DOPD,PUD No. 1 of Douglas County,DF,Day-ahead demand forecast,258,megawatthours
2026-09-07T19,DOPD,PUD No. 1 of Douglas County,NG,Net generation,177,megawatthours
2026-09-07T19,DOPD,PUD No. 1 of Douglas County,TI,Total interchange,-93,megawatthours
2026-09-07T19,DUK,Duke Energy Carolinas,D,Demand,14825,megawatthours
2026-09-07T19,DUK,Duke Energy Carolinas,DF,Day-ahead demand forecast,13469,megawatthours
2026-09-07T19,DUK,Duke Energy Carolinas,NG,Net generation,13650,megawatthours
2026-09-07T19,DUK,Duke Energy Carolinas,TI,Total interchange,-1175,megawatthours
2026-09-07T19,EPE,El Paso Electric Company,D,Demand,1688,megawatthours
2026-09-07T19,EPE,El Paso Electric Company,DF,Day-ahead demand forecast,1609,megawatthours
2026-09-07T19,EPE,El Paso Electric Company,NG,Net generation,1339,megawatthours
2026-09-07T19,EPE,El Paso Electric Company,TI,Total interchange,-350,megawatthours
2026-09-07T19,ERCO,"Electric Reliability Council of Texas, Inc.",D,Demand,83079,megawatthours
2026-09-07T19,ERCO,"Electric Reliability Council of Texas, Inc.",DF,Day-ahead demand forecast,82650,megawatthours
2026-09-07T19,ERCO,"Electric Reliability Council of Texas, Inc.",NG,Net generation,83183,megawatthours
2026-09-07T19,ERCO,"Electric Reliability Council of Texas, Inc.",TI,Total interchange,105,megawatthours
2026-09-07T19,FLA,Florida,D,Demand,44163,megawatthours
2026-09-07T19,FLA,Florida,DF,Day-ahead demand forecast,42765,megawatthours
2026-09-07T19,FLA,Florida,NG,Net generation,43481,megawatthours
2026-09-07T19,FLA,Florida,TI,Total interchange,-674,megawatthours
2026-09-07T19,FMPP,Florida Municipal Power Pool,D,Demand,2917,megawatthours
2026-09-07T19,FMPP,Florida Municipal Power Pool,DF,Day-ahead demand forecast,3280,megawatthours
2026-09-07T19,FMPP,Florida Municipal Power Pool,NG,Net generation,2867,megawatthours
2026-09-07T19,FMPP,Florida Municipal Power Pool,TI,Total interchange,-50,megawatthours
2026-09-07T19,FPC,"Duke Energy Florida, Inc.",D,Demand,9356,megawatthours
2026-09-07T19,FPC,"Duke Energy Florida, Inc.",DF,Day-ahead demand forecast,7378,megawatthours
2026-09-07T19,FPC,"Duke Energy Florida, Inc.",NG,Net generation,7628,megawatthours
2026-09-07T19,FPC,"Duke Energy Florida, Inc.",TI,Total interchange,-1728,megawatthours
2026-09-07T19,FPL,Florida Power & Light Co.,D,Demand,24997,megawatthours
2026-09-07T19,FPL,Florida Power & Light Co.,DF,Day-ahead demand forecast,25105,megawatthours
2026-09-07T19,FPL,Florida Power & Light Co.,NG,Net generation,24967,megawatthours
2026-09-07T19,FPL,Florida Power & Light Co.,TI,Total interchange,-30,megawatthours
2026-09-07T19,GCPD,"Public Utility District No. 2 of Grant County, Washington",D,Demand,723,megawatthours
2026-09-07T19,GCPD,"Public Utility District No. 2 of Grant County, Washington",DF,Day-ahead demand forecast,680,megawatthours
2026-09-07T19,GCPD,"Public Utility District No. 2 of Grant County, Washington",NG,Net generation,405,megawatthours
2026-09-07T19,GCPD,"Public Utility District No. 2 of Grant County, Washington",TI,Total interchange,-320,megawatthours
2026-09-07T19,GRID,"Gridforce Energy Management, LLC",NG,Net generation,2136,megawatthours
2026-09-07T19,GRID,"Gridforce Energy Management, LLC",TI,Total interchange,2136,megawatthours
2026-09-07T19,GVL,Gainesville Regional Utilities,D,Demand,368,megawatthours
2026-09-07T19,GVL,Gainesville Regional Utilities,DF,Day-ahead demand forecast,334,megawatthours
2026-09-07T19,GVL,Gainesville Regional Utilities,NG,Net generation,288,megawatthours
2026-09-07T19,GVL,Gainesville Regional Utilities,TI,Total interchange,-72,megawatthours
2026-09-07T19,GWA,"NaturEner Power Watch, LLC",NG,Net generation,247,megawatthours
2026-09-07T19,GWA,"NaturEner Power Watch, LLC",TI,Total interchange,247,megawatthours
2026-09-07T19,HST,City of Homestead,D,Demand,100,megawatthours
2026-09-07T19,HST,City of Homestead,DF,Day-ahead demand forecast,114,megawatthours
2026-09-07T19,HST,City of Homestead,NG,Net generation,0,megawatthours
2026-09-07T19,HST,City of Homestead,TI,Total interchange,-100,megawatthours
2026-09-07T19,IID,Imperial Irrigation District,D,Demand,575,megawatthours
2026-09-07T19,IID,Imperial Irrigation District,DF,Day-ahead demand forecast,588,megawatthours
2026-09-07T19,IID,Imperial Irrigation District,NG,Net generation,886,megawatthours
2026-09-07T19,IID,Imperial Irrigation District,TI,Total interchange,327,megawatthours
2026-09-07T19,IPCO,Idaho Power Company,D,Demand,2031,megawatthours
2026-09-07T19,IPCO,Idaho Power Company,DF,Day-ahead demand forecast,2372,megawatthours
2026-09-07T19,IPCO,Idaho Power Company,NG,Net generation,1922,megawatthours
2026-09-07T19,IPCO,Idaho Power Company,TI,Total interchange,-109,megawatthours
2026-09-07T19,ISNE,ISO New England,D,Demand,9952,megawatthours
2026-09-07T19,ISNE,ISO New England,DF,Day-ahead demand forecast,9060,megawatthours
2026-09-07T19,ISNE,ISO New England,NG,Net generation,11272,megawatthours
2026-09-07T19,JEA,JEA,D,Demand,2274,megawatthours
2026-09-07T19,JEA,JEA,DF,Day-ahead demand forecast,2134,megawatthours
2026-09-07T19,JEA,JEA,NG,Net generation,1653,megawatthours
2026-09-07T19,JEA,JEA,TI,Total interchange,-621,megawatthours
2026-09-07T19,LDWP,Los Angeles Department of Water and Power,D,Demand,3202,megawatthours
2026-09-07T19,LDWP,Los Angeles Department of Water and Power,DF,Day-ahead demand forecast,3510,megawatthours
2026-09-07T19,LDWP,Los Angeles Department of Water and Power,NG,Net generation,2358,megawatthours
2026-09-07T19,LDWP,Los Angeles Department of Water and Power,TI,Total interchange,-844,megawatthours
2026-09-07T19,LGEE,LG&E and KU Services Company as agent for Louisville Gas and Electric Company and Kentucky Utilities Company,D,Demand,5278,megawatthours
2026-09-07T19,LGEE,LG&E and KU Services Company as agent for Louisville Gas and Electric Company and Kentucky Utilities Company,DF,Day-ahead demand forecast,4932,megawatthours
2026-09-07T19,LGEE,LG&E and KU Services Company as agent for Louisville Gas and Electric Company and Kentucky Utilities Company,NG,Net generation,4515,megawatthours
2026-09-07T19,LGEE,LG&E and KU Services Company as agent for Louisville Gas and Electric Company and Kentucky Utilities Company,TI,Total interchange,-763,megawatthours
2026-09-07T19,MIDA,Mid-Atlantic,D,Demand,105168,megawatthours
2026-09-07T19,MIDA,Mid-Atlantic,DF,Day-ahead demand forecast,105960,megawatthours
2026-09-07T19,MIDA,Mid-Atlantic,NG,Net generation,111449,megawatthours
2026-09-07T19,MIDA,Mid-Atlantic,TI,Total interchange,1238,megawatthours
2026-09-07T19,MIDW,Midwest,D,Demand,101799,megawatthours
2026-09-07T19,MIDW,Midwest,DF,Day-ahead demand forecast,102310,megawatthours
2026-09-07T19,MIDW,Midwest,NG,Net generation,100692,megawatthours
2026-09-07T19,MIDW,Midwest,TI,Total interchange,-3039,megawatthours
2026-09-07T19,MISO,"Midcontinent Independent System Operator, Inc.",D,Demand,92498,megawatthours
2026-09-07T19,MISO,"Midcontinent Independent System Operator, Inc.",DF,Day-ahead demand forecast,93552,megawatthours
2026-09-07T19,MISO,"Midcontinent Independent System Operator, Inc.",NG,Net generation,93465,megawatthours
2026-09-07T19,MISO,"Midcontinent Independent System Operator, Inc.",TI,Total interchange,-965,megawatthours
2026-09-07T19,NE,New England,D,Demand,9952,megawatthours
2026-09-07T19,NE,New England,DF,Day-ahead demand forecast,9060,megawatthours
2026-09-07T19,NE,New England,NG,Net generation,11272,megawatthours
2026-09-07T19,NEVP,Nevada Power Company,D,Demand,5740,megawatthours
2026-09-07T19,NEVP,Nevada Power Company,DF,Day-ahead demand forecast,4692,megawatthours
2026-09-07T19,NEVP,Nevada Power Company,NG,Net generation,6173,megawatthours
2026-09-07T19,NEVP,Nevada Power Company,TI,Total interchange,247,megawatthours
2026-09-07T19,NW,Northwest,D,Demand,44743,megawatthours
2026-09-07T19,NW,Northwest,DF,Day-ahead demand forecast,41251,megawatthours
2026-09-07T19,NW,Northwest,NG,Net generation,48325,megawatthours
2026-09-07T19,NW,Northwest,TI,Total interchange,3466,megawatthours
2026-09-07T19,NWMT,NorthWestern Corporation,D,Demand,1318,megawatthours
2026-09-07T19,NWMT,NorthWestern Corporation,DF,Day-ahead demand forecast,1302,megawatthours
2026-09-07T19,NWMT,NorthWestern Corporation,NG,Net generation,2257,megawatthours
2026-09-07T19,NWMT,NorthWestern Corporation,TI,Total interchange,939,megawatthours
2026-09-07T19,NY,New York,D,Demand,15597,megawatthours
2026-09-07T19,NY,New York,DF,Day-ahead demand forecast,14645,megawatthours
2026-09-07T19,NY,New York,NG,Net generation,13617,megawatthours
2026-09-07T19,NY,New York,TI,Total interchange,-1980,megawatthours
2026-09-07T19,NYIS,New York Independent System Operator,D,Demand,15597,megawatthours
2026-09-07T19,NYIS,New York Independent System Operator,DF,Day-ahead demand forecast,14645,megawatthours
2026-09-07T19,NYIS,New York Independent System Operator,NG,Net generation,13617,megawatthours
2026-09-07T19,NYIS,New York Independent System Operator,TI,Total interchange,-1980,megawatthours
2026-09-07T19,PACE,PacifiCorp East,D,Demand,6787,megawatthours
2026-09-07T19,PACE,PacifiCorp East,DF,Day-ahead demand forecast,6357,megawatthours
2026-09-07T19,PACE,PacifiCorp East,NG,Net generation,10149,megawatthours
2026-09-07T19,PACE,PacifiCorp East,TI,Total interchange,3362,megawatthours
2026-09-07T19,PACW,PacifiCorp West,D,Demand,2050,megawatthours
2026-09-07T19,PACW,PacifiCorp West,DF,Day-ahead demand forecast,2124,megawatthours
2026-09-07T19,PACW,PacifiCorp West,NG,Net generation,1663,megawatthours
2026-09-07T19,PACW,PacifiCorp West,TI,Total interchange,-387,megawatthours
2026-09-07T19,PGE,Portland General Electric Company,D,Demand,2362,megawatthours
2026-09-07T19,PGE,Portland General Electric Company,DF,Day-ahead demand forecast,2479,megawatthours
2026-09-07T19,PGE,Portland General Electric Company,NG,Net generation,785,megawatthours
2026-09-07T19,PGE,Portland General Electric Company,TI,Total interchange,-1577,megawatthours
2026-09-07T19,PJM,"PJM Interconnection, LLC",D,Demand,105168,megawatthours
2026-09-07T19,PJM,"PJM Interconnection, LLC",DF,Day-ahead demand forecast,105960,megawatthours
2026-09-07T19,PJM,"PJM Interconnection, LLC",NG,Net generation,111449,megawatthours
2026-09-07T19,PJM,"PJM Interconnection, LLC",TI,Total interchange,1238,megawatthours
2026-09-07T19,PNM,Public Service Company of New Mexico,D,Demand,2106,megawatthours
2026-09-07T19,PNM,Public Service Company of New Mexico,DF,Day-ahead demand forecast,1964,megawatthours
2026-09-07T19,PNM,Public Service Company of New Mexico,NG,Net generation,1960,megawatthours
2026-09-07T19,PNM,Public Service Company of New Mexico,TI,Total interchange,-36,megawatthours
2026-09-07T19,PSCO,Public Service Company of Colorado,D,Demand,6775,megawatthours
2026-09-07T19,PSCO,Public Service Company of Colorado,DF,Day-ahead demand forecast,4989,megawatthours
2026-09-07T19,PSCO,Public Service Company of Colorado,NG,Net generation,7221,megawatthours
2026-09-07T19,PSCO,Public Service Company of Colorado,TI,Total interchange,446,megawatthours
2026-09-07T19,PSEI,"Puget Sound Energy, Inc.",D,Demand,2531,megawatthours
2026-09-07T19,PSEI,"Puget Sound Energy, Inc.",DF,Day-ahead demand forecast,1889,megawatthours
2026-09-07T19,PSEI,"Puget Sound Energy, Inc.",NG,Net generation,561,megawatthours
2026-09-07T19,PSEI,"Puget Sound Energy, Inc.",TI,Total interchange,-1970,megawatthours
2026-09-07T19,SC,South Carolina Public Service Authority,D,Demand,4260,megawatthours
2026-09-07T19,SC,South Carolina Public Service Authority,DF,Day-ahead demand forecast,4101,megawatthours
2026-09-07T19,SC,South Carolina Public Service Authority,NG,Net generation,3253,megawatthours
2026-09-07T19,SC,South Carolina Public Service Authority,TI,Total interchange,-1056,megawatthours
2026-09-07T19,SCEG,"Dominion Energy South Carolina, Inc.",D,Demand,3758,megawatthours
2026-09-07T19,SCEG,"Dominion Energy South Carolina, Inc.",DF,Day-ahead demand forecast,3265,megawatthours
2026-09-07T19,SCEG,"Dominion Energy South Carolina, Inc.",NG,Net generation,3708,megawatthours
2026-09-07T19,SCEG,"Dominion Energy South Carolina, Inc.",TI,Total interchange,-50,megawatthours
2026-09-07T19,SCL,Seattle City Light,D,Demand,970,megawatthours
2026-09-07T19,SCL,Seattle City Light,DF,Day-ahead demand forecast,960,megawatthours
2026-09-07T19,SCL,Seattle City Light,NG,Net generation,117,megawatthours
2026-09-07T19,SCL,Seattle City Light,TI,Total interchange,-853,megawatthours
2026-09-07T19,SE,Southeast,D,Demand,34237,megawatthours
2026-09-07T19,SE,Southeast,DF,Day-ahead demand forecast,38686,megawatthours
2026-09-07T19,SE,Southeast,NG,Net generation,35375,megawatthours
2026-09-07T19,SE,Southeast,TI,Total interchange,1137,megawatthours
2026-09-07T19,SEC,Seminole Electric Cooperative,D,Demand,303,megawatthours
2026-09-07T19,SEC,Seminole Electric Cooperative,DF,Day-ahead demand forecast,321,megawatthours
2026-09-07T19,SEC,Seminole Electric Cooperative,NG,Net generation,2295,megawatthours
2026-09-07T19,SEC,Seminole Electric Cooperative,TI,Total interchange,1992,megawatthours
2026-09-07T19,SEPA,Southeastern Power Administration,NG,Net generation,200,megawatthours
2026-09-07T19,SEPA,Southeastern Power Administration,TI,Total interchange,199,megawatthours
2026-09-07T19,SIKE,Sikeston Board of Municipal Utilities,NG,Net generation,32,megawatthours
2026-09-07T19,SIKE,Sikeston Board of Municipal Utilities,TI,Total interchange,32,megawatthours
2026-09-07T19,SOCO,"Southern Company Services, Inc. - Trans",D,Demand,34237,megawatthours
2026-09-07T19,SOCO,"Southern Company Services, Inc. - Trans",DF,Day-ahead demand forecast,38686,megawatthours
2026-09-07T19,SOCO,"Southern Company Services, Inc. - Trans",NG,Net generation,35175,megawatthours
2026-09-07T19,SOCO,"Southern Company Services, Inc. - Trans",TI,Total interchange,938,megawatthours
2026-09-07T19,SPA,Southwestern Power Administration,D,Demand,26,megawatthours
2026-09-07T19,SRP,Salt River Project Agricultural Improvement and Power District,D,Demand,6121,megawatthours
2026-09-07T19,SRP,Salt River Project Agricultural Improvement and Power District,DF,Day-ahead demand forecast,6141,megawatthours
2026-09-07T19,SRP,Salt River Project Agricultural Improvement and Power District,NG,Net generation,8662,megawatthours
2026-09-07T19,SRP,Salt River Project Agricultural Improvement and Power District,TI,Total interchange,2739,megawatthours
2026-09-07T19,SW,Southwest,D,Demand,18904,megawatthours
2026-09-07T19,SW,Southwest,DF,Day-ahead demand forecast,19014,megawatthours
2026-09-07T19,SW,Southwest,NG,Net generation,18312,megawatthours
2026-09-07T19,SW,Southwest,TI,Total interchange,-285,megawatthours
2026-09-07T19,SWPP,Southwest Power Pool,D,Demand,49784,megawatthours
2026-09-07T19,SWPP,Southwest Power Pool,DF,Day-ahead demand forecast,49454,megawatthours
2026-09-07T19,SWPP,Southwest Power Pool,NG,Net generation,48448,megawatthours
2026-09-07T19,SWPW,Southwest Power Pool West Balancing Authority Area,D,Demand,3596,megawatthours
2026-09-07T19,SWPW,Southwest Power Pool West Balancing Authority Area,DF,Day-ahead demand forecast,3589,megawatthours
2026-09-07T19,SWPW,Southwest Power Pool West Balancing Authority Area,NG,Net generation,2845,megawatthours
2026-09-07T19,SWPW,Southwest Power Pool West Balancing Authority Area,TI,Total interchange,-751,megawatthours
2026-09-07T19,TAL,City of Tallahassee,D,Demand,515,megawatthours
2026-09-07T19,TAL,City of Tallahassee,DF,Day-ahead demand forecast,516,megawatthours
2026-09-07T19,TAL,City of Tallahassee,NG,Net generation,516,megawatthours
2026-09-07T19,TAL,City of Tallahassee,TI,Total interchange,1,megawatthours
2026-09-07T19,TEC,Tampa Electric Company,D,Demand,3333,megawatthours
2026-09-07T19,TEC,Tampa Electric Company,DF,Day-ahead demand forecast,3583,megawatthours
2026-09-07T19,TEC,Tampa Electric Company,NG,Net generation,3267,megawatthours
2026-09-07T19,TEC,Tampa Electric Company,TI,Total interchange,-66,megawatthours
2026-09-07T19,TEN,Tennessee,D,Demand,26678,megawatthours
2026-09-07T19,TEN,Tennessee,DF,Day-ahead demand forecast,26970,megawatthours
2026-09-07T19,TEN,Tennessee,NG,Net generation,25186,megawatthours
2026-09-07T19,TEN,Tennessee,TI,Total interchange,-1192,megawatthours
2026-09-07T19,TEPC,Tucson Electric Power,D,Demand,1967,megawatthours
2026-09-07T19,TEPC,Tucson Electric Power,DF,Day-ahead demand forecast,2065,megawatthours
2026-09-07T19,TEPC,Tucson Electric Power,NG,Net generation,1907,megawatthours
2026-09-07T19,TEPC,Tucson Electric Power,TI,Total interchange,-60,megawatthours
2026-09-07T19,TEX,Texas,D,Demand,83079,megawatthours
2026-09-07T19,TEX,Texas,DF,Day-ahead demand forecast,82650,megawatthours
2026-09-07T19,TEX,Texas,NG,Net generation,83183,megawatthours
2026-09-07T19,TEX,Texas,TI,Total interchange,105,megawatthours
2026-09-07T19,TIDC,Turlock Irrigation District,D,Demand,314,megawatthours
2026-09-07T19,TIDC,Turlock Irrigation District,DF,Day-ahead demand forecast,335,megawatthours
2026-09-07T19,TIDC,Turlock Irrigation District,NG,Net generation,209,megawatthours
2026-09-07T19,TIDC,Turlock Irrigation District,TI,Total interchange,-101,megawatthours
2026-09-07T19,TPWR,"City of Tacoma, Department of Public Utilities, Light Division",D,Demand,439,megawatthours
2026-09-07T19,TPWR,"City of Tacoma, Department of Public Utilities, Light Division",DF,Day-ahead demand forecast,443,megawatthours
2026-09-07T19,TPWR,"City of Tacoma, Department of Public Utilities, Light Division",NG,Net generation,105,megawatthours
2026-09-07T19,TPWR,"City of Tacoma, Department of Public Utilities, Light Division",TI,Total interchange,-334,megawatthours
2026-09-07T19,TVA,Tennessee Valley Authority,D,Demand,26678,megawatthours
2026-09-07T19,TVA,Tennessee Valley Authority,DF,Day-ahead demand forecast,26970,megawatthours
2026-09-07T19,TVA,Tennessee Valley Authority,NG,Net generation,25186,megawatthours
2026-09-07T19,TVA,Tennessee Valley Authority,TI,Total interchange,-1192,megawatthours
2026-09-07T19,US48,United States Lower 48,D,Demand,605085,megawatthours
2026-09-07T19,US48,United States Lower 48,DF,Day-ahead demand forecast,592629,megawatthours
2026-09-07T19,US48,United States Lower 48,NG,Net generation,591568,megawatthours
2026-09-07T19,US48,United States Lower 48,TI,Total interchange,-9943,megawatthours
2026-09-07T19,WALC,Western Area Power Administration - Desert Southwest Region,D,Demand,973,megawatthours
2026-09-07T19,WALC,Western Area Power Administration - Desert Southwest Region,DF,Day-ahead demand forecast,987,megawatthours
2026-09-07T19,WALC,Western Area Power Administration - Desert Southwest Region,NG,Net generation,1348,megawatthours
2026-09-07T19,WALC,Western Area Power Administration - Desert Southwest Region,TI,Total interchange,375,megawatthours
2026-09-07T19,YAD,"Alcoa Power Generating, Inc. - Yadkin Division",NG,Net generation,2,megawatthours
2026-09-07T19,YAD,"Alcoa Power Generating, Inc. - Yadkin Division",TI,Total interchange,1,megawatthours
2026-09-07T18,AECI,"Associated Electric Cooperative, Inc.",D,Demand,3761,megawatthours
2026-09-07T18,AECI,"Associated Electric Cooperative, Inc.",DF,Day-ahead demand forecast,3552,megawatthours
2026-09-07T18,AECI,"Associated Electric Cooperative, Inc.",NG,Net generation,2444,megawatthours
2026-09-07T18,AECI,"Associated Electric Cooperative, Inc.",TI,Total interchange,-1317,megawatthours
2026-09-07T18,AVA,Avista Corporation,D,Demand,1280,megawatthours
2026-09-07T18,AVA,Avista Corporation,DF,Day-ahead demand forecast,1215,megawatthours
2026-09-07T18,AVA,Avista Corporation,NG,Net generation,632,megawatthours
2026-09-07T18,AVA,Avista Corporation,TI,Total interchange,-648,megawatthours
2026-09-07T18,AVRN,"Avangrid Renewables, LLC",NG,Net generation,1969,megawatthours
2026-09-07T18,AVRN,"Avangrid Renewables, LLC",TI,Total interchange,1969,megawatthours
2026-09-07T18,AZPS,Arizona Public Service Company,D,Demand,5613,megawatthours
2026-09-07T18,AZPS,Arizona Public Service Company,DF,Day-ahead demand forecast,5723,megawatthours
2026-09-07T18,AZPS,Arizona Public Service Company,NG,Net generation,2703,megawatthours
2026-09-07T18,AZPS,Arizona Public Service Company,TI,Total interchange,-2910,megawatthours
2026-09-07T18,BANC,Balancing Authority of Northern California,D,Demand,1768,megawatthours
2026-09-07T18,BANC,Balancing Authority of Northern California,DF,Day-ahead demand forecast,1803,megawatthours
2026-09-07T18,BANC,Balancing Authority of Northern California,NG,Net generation,1206,megawatthours
2026-09-07T18,BANC,Balancing Authority of Northern California,TI,Total interchange,-562,megawatthours
2026-09-07T18,BHBA,Black Hills Energy,D,Demand,990,megawatthours
2026-09-07T18,BHBA,Black Hills Energy,DF,Day-ahead demand forecast,950,megawatthours
2026-09-07T18,BHBA,Black Hills Energy,NG,Net generation,865,megawatthours
2026-09-07T18,BHBA,Black Hills Energy,TI,Total interchange,-52,megawatthours
2026-09-07T18,BPAT,Bonneville Power Administration,D,Demand,6621,megawatthours
2026-09-07T18,BPAT,Bonneville Power Administration,DF,Day-ahead demand forecast,6689,megawatthours
2026-09-07T18,BPAT,Bonneville Power Administration,NG,Net generation,7696,megawatthours
2026-09-07T18,BPAT,Bonneville Power Administration,TI,Total interchange,1075,megawatthours
2026-09-07T18,CAL,California,D,Demand,37054,megawatthours
2026-09-07T18,CAL,California,DF,Day-ahead demand forecast,28626,megawatthours
2026-09-07T18,CAL,California,NG,Net generation,20406,megawatthours
2026-09-07T18,CAL,California,TI,Total interchange,-7373,megawatthours
2026-09-07T18,CAR,Carolinas,D,Demand,31404,megawatthours
2026-09-07T18,CAR,Carolinas,DF,Day-ahead demand forecast,29178,megawatthours
2026-09-07T18,CAR,Carolinas,NG,Net generation,29870,megawatthours
2026-09-07T18,CAR,Carolinas,TI,Total interchange,-1584,megawatthours
2026-09-07T18,CENT,Central,D,Demand,47598,megawatthours
2026-09-07T18,CENT,Central,DF,Day-ahead demand forecast,47332,megawatthours
2026-09-07T18,CENT,Central,NG,Net generation,46876,megawatthours
2026-09-07T18,CHPD,Public Utility District No. 1 of Chelan County,D,Demand,182,megawatthours
2026-09-07T18,CHPD,Public Utility District No. 1 of Chelan County,DF,Day-ahead demand forecast,181,megawatthours
2026-09-07T18,CHPD,Public Utility District No. 1 of Chelan County,NG,Net generation,467,megawatthours
2026-09-07T18,CHPD,Public Utility District No. 1 of Chelan County,TI,Total interchange,285,megawatthours
2026-09-07T18,CISO,California Independent System Operator,D,Demand,31409,megawatthours
2026-09-07T18,CISO,California Independent System Operator,DF,Day-ahead demand forecast,22752,megawatthours
2026-09-07T18,CISO,California Independent System Operator,NG,Net generation,16151,megawatthours
2026-09-07T18,CISO,California Independent System Operator,TI,Total interchange,-5992,megawatthours
2026-09-07T18,CPLE,Duke Energy Progress East,D,Demand,8804,megawatthours
2026-09-07T18,CPLE,Duke Energy Progress East,DF,Day-ahead demand forecast,8344,megawatthours
